Image Dimensions: 256x256
Number of Channels: 4
Image Matrix:
(76,112,71) (0,76,112) (71,0,76) (112,71,0) (76,112,71) (0,76,112) (71,0,76) (112,71,0) (76,112,71) (0,76,112) (71,0,76) (112,71,0) (76,112,71) (0,76,112) (71,0,76) (112,71,0) (76,112,71) (0,76,112) (71,0,76) (112,71,0) (76,112,71) (0,76,112) (71,0,76) (112,71,0) (76,112,71) (0,76,112) (71,0,76) (112,71,0) (76,112,71) (0,76,112) (71,0,76) (112,71,0) (76,112,71) (0,76,112) (71,0,76) (112,71,0) (76,112,71) (0,76,112) (71,0,76) (112,71,0) (76,112,71) (0,76,112) (71,0,76) (112,71,0) (76,112,71) (0,76,112) (71,0,76) (112,71,0) (76,112,71) (0,76,112) (71,0,76) (112,71,0) (76,112,71) (0,76,112) (71,0,76) (112,71,0) (76,112,71) (0,76,112) (71,0,76) (112,71,0) (76,112,71) (0,76,112) (71,0,76) (112,71,0) (76,112,71) (0,76,112) (71,0,76) (112,71,0) (76,112,71) (0,76,112) (71,0,76) (112,71,0) (76,112,71) (0,76,112) (71,0,76) (112,71,0) (76,112,71) (0,76,112) (71,0,76) (112,71,0) (76,112,71) (0,76,112) (71,0,76) (112,71,0) (76,112,71) (0,76,112) (71,0,76) (112,71,0) (76,112,71) (0,76,112) (71,0,76) (112,71,0) (76,112,71) (0,76,112) (71,0,76) (112,71,0) (76,112,71) (0,76,112) (71,0,76) (112,71,0) (76,112,71) (0,76,112) (71,0,76) (112,71,0) (76,112,71) (0,76,112) (71,0,76) (112,71,0) (76,112,71) (0,76,112) (71,0,76) (112,71,0) (76,112,71) (0,76,112) (71,0,76) (112,71,0) (76,112,71) (0,76,112) (71,0,76) (112,71,0) (76,112,71) (0,76,112) (71,0,76) (112,71,0) (76,112,71) (0,76,112) (71,0,76) (112,71,0) (76,112,71) (0,76,112) (71,0,76) (112,71,0) (76,112,71) (0,76,112) (71,0,76) (112,71,0) (76,112,71) (0,76,112) (71,0,76) (112,71,0) (76,112,71) (0,76,112) (71,0,76) (112,71,0) (76,112,71) (0,76,112) (71,0,76) (112,71,0) (76,112,71) (0,76,112) (71,0,76) (112,71,0) (76,112,71) (0,76,112) (71,0,76) (112,71,0) (76,112,71) (0,76,112) (71,0,76) (112,71,0) (76,112,71) (0,76,112) (71,0,76) (112,71,0) (76,112,71) (0,76,112) (71,0,76) (112,71,0) (76,112,71) (0,76,112) (71,0,76) (112,71,0) (76,112,71) (0,76,112) (71,0,76) (112,71,0) (76,112,71) (0,76,112) (71,0,76) (112,71,0) (76,112,71) (0,76,112) (71,0,76) (112,71,0) (76,112,71) (0,76,112) (71,0,76) (112,71,0) (76,112,71) (0,76,112) (71,0,76) (112,71,0) (76,112,71) (0,76,112) (71,0,76) (112,71,0) (76,112,71) (0,76,112) (71,0,76) (112,71,0) (76,112,71) (0,76,112) (71,0,76) (112,71,0) (76,112,71) (0,76,112) (71,0,76) (112,71,0) (76,112,71) (0,76,112) (71,0,76) (112,71,0) (76,112,71) (0,76,112) (71,0,76) (112,71,0) (76,112,71) (0,76,112) (71,0,76) (112,71,0) (76,112,71) (0,76,112) (71,0,76) (112,71,0) (76,112,71) (0,76,112) (71,0,76) (112,71,0) (76,112,71) (0,76,112) (71,0,76) (112,71,0) (76,112,71) (0,76,112) (71,0,76) (112,71,0) (76,112,71) (0,76,112) (71,0,76) (112,71,0) (76,112,71) (0,76,112) (71,0,76) (112,71,0) (76,112,71) (0,76,112) (71,0,76) (112,71,0) (76,112,71) (0,76,112) (71,0,76) (112,71,0) (76,112,71) (0,76,112) (71,0,76) (112,71,0) 
(76,112,71) (0,76,112) (71,0,76) (112,71,0) (76,112,71) (0,76,112) (71,0,76) (112,71,0) (76,112,71) (0,76,112) (71,0,76) (112,71,0) (76,112,71) (0,76,112) (71,0,76) (112,71,0) (76,112,71) (0,76,112) (71,0,76) (112,71,0) (76,112,71) (0,76,112) (71,0,76) (112,71,0) (76,112,71) (0,76,112) (71,0,76) (112,71,0) (76,112,71) (0,76,112) (71,0,76) (112,71,0) (76,112,71) (0,76,112) (71,0,76) (112,71,0) (76,112,71) (0,76,112) (71,0,76) (112,71,0) (76,112,71) (0,76,112) (71,0,76) (112,71,0) (76,112,71) (0,76,112) (71,0,76) (112,71,0) (76,112,71) (0,76,112) (71,0,76) (112,71,0) (76,112,71) (0,76,112) (71,0,76) (112,71,0) (76,112,71) (0,76,112) (71,0,76) (112,71,0) (76,112,71) (0,76,112) (71,0,76) (112,71,0) (76,112,71) (0,76,112) (71,0,76) (112,71,0) (76,112,71) (0,76,112) (71,0,76) (112,71,0) (76,112,71) (0,76,112) (71,0,76) (112,71,0) (76,112,71) (0,76,112) (71,0,76) (112,71,0) (76,112,71) (0,76,112) (71,0,76) (112,71,0) (76,112,71) (0,76,112) (71,0,76) (112,71,0) (76,112,71) (0,76,112) (71,0,76) (112,71,0) (76,112,71) (0,76,112) (71,0,76) (112,71,0) (76,112,71) (0,76,112) (71,0,76) (112,71,0) (76,112,71) (0,76,112) (71,0,76) (112,71,0) (76,112,71) (0,76,112) (71,0,76) (112,71,0) (76,112,71) (0,76,112) (71,0,76) (112,71,0) (76,112,71) (0,76,112) (71,0,76) (112,71,0) (76,112,71) (0,76,112) (71,0,76) (112,71,0) (76,112,71) (0,76,112) (71,0,76) (112,71,0) (76,112,71) (0,76,112) (71,0,76) (112,71,0) (76,112,71) (0,76,112) (71,0,76) (112,71,0) (76,112,71) (0,76,112) (71,0,76) (112,71,0) (76,112,71) (0,76,112) (71,0,76) (112,71,0) (76,112,71) (0,76,112) (71,0,76) (112,71,0) (76,112,71) (0,76,112) (71,0,76) (112,71,0) (76,112,71) (0,76,112) (71,0,76) (112,71,0) (76,112,71) (0,76,112) (71,0,76) (112,71,0) (76,112,71) (0,76,112) (71,0,76) (112,71,0) (76,112,71) (0,76,112) (71,0,76) (112,71,0) (76,112,71) (0,76,112) (71,0,76) (112,71,0) (76,112,71) (0,76,112) (71,0,76) (112,71,0) (76,112,71) (0,76,112) (71,0,76) (112,71,0) (76,112,71) (0,76,112) (71,0,76) (112,71,0) (76,112,71) (0,76,112) (71,0,76) (112,71,0) (76,112,71) (0,76,112) (71,0,76) (112,71,0) (76,112,71) (0,76,112) (71,0,76) (112,71,0) (76,112,71) (0,76,112) (71,0,76) (112,71,0) (76,112,71) (0,76,112) (71,0,76) (112,71,0) (76,112,71) (0,76,112) (71,0,76) (112,71,0) (76,112,71) (0,76,112) (71,0,76) (112,71,0) (76,112,71) (0,76,112) (71,0,76) (112,71,0) (76,112,71) (0,76,112) (71,0,76) (112,71,0) (76,112,71) (0,76,112) (71,0,76) (112,71,0) (76,112,71) (0,76,112) (71,0,76) (112,71,0) (76,112,71) (0,76,112) (71,0,76) (112,71,0) (76,112,71) (0,76,112) (71,0,76) (112,71,0) (76,112,71) (0,76,112) (71,0,76) (112,71,0) (76,112,71) (0,76,112) (71,0,76) (112,71,0) (76,112,71) (0,76,112) (71,0,76) (112,71,0) (76,112,71) (0,76,112) (71,0,76) (112,71,0) (76,112,71) (0,76,112) (71,0,76) (112,71,0) (76,112,71) (0,76,112) (71,0,76) (112,71,0) 
(76,112,71) (0,76,112) (71,0,76) (112,71,0) (76,112,71) (0,76,112) (71,0,76) (112,71,0) (76,112,71) (0,76,112) (71,0,76) (112,71,0) (76,112,71) (0,76,112) (71,0,76) (112,71,0) (76,112,71) (0,76,112) (71,0,76) (112,71,0) (76,112,71) (0,76,112) (71,0,76) (112,71,0) (76,112,71) (0,76,112) (71,0,76) (112,71,0) (76,112,71) (0,76,112) (71,0,76) (112,71,0) (76,112,71) (0,76,112) (71,0,76) (112,71,0) (76,112,71) (0,76,112) (71,0,76) (112,71,0) (76,112,71) (0,76,112) (71,0,76) (112,71,0) (76,112,71) (0,76,112) (71,0,76) (112,71,0) (76,112,71) (0,76,112) (71,0,76) (112,71,0) (76,112,71) (0,76,112) (71,0,76) (112,71,0) (76,112,71) (0,76,112) (71,0,76) (112,71,0) (76,112,71) (0,76,112) (71,0,76) (112,71,0) (76,112,71) (0,76,112) (71,0,76) (112,71,0) (76,112,71) (0,76,112) (71,0,76) (112,71,0) (76,112,71) (0,76,112) (71,0,76) (112,71,0) (76,112,71) (0,76,112) (71,0,76) (112,71,0) (76,112,71) (0,76,112) (71,0,76) (112,71,0) (76,112,71) (0,76,112) (71,0,76) (112,71,0) (76,112,71) (0,76,112) (71,0,76) (112,71,0) (76,112,71) (0,76,112) (71,0,76) (112,71,0) (76,112,71) (0,76,112) (71,0,76) (112,71,0) (76,112,71) (0,76,112) (71,0,76) (112,71,0) (76,112,71) (0,76,112) (71,0,76) (112,71,0) (76,112,71) (0,76,112) (71,0,76) (112,71,0) (76,112,71) (0,76,112) (71,0,76) (112,71,0) (76,112,71) (0,76,112) (71,0,76) (112,71,0) (76,112,71) (0,76,112) (71,0,76) (112,71,0) (76,112,71) (0,76,112) (71,0,76) (112,71,0) (76,112,71) (0,76,112) (71,0,76) (112,71,0) (76,112,71) (0,76,112) (71,0,76) (112,71,0) (76,112,71) (0,76,112) (71,0,76) (112,71,0) (76,112,71) (0,76,112) (71,0,76) (112,71,0) (76,112,71) (0,76,112) (71,0,76) (112,71,0) (76,112,71) (0,76,112) (71,0,76) (112,71,0) (76,112,71) (0,76,112) (71,0,76) (112,71,0) (76,112,71) (0,76,112) (71,0,76) (112,71,0) (76,112,71) (0,76,112) (71,0,76) (112,71,0) (76,112,71) (0,76,112) (71,0,76) (112,71,0) (76,112,71) (0,76,112) (71,0,76) (112,71,0) (76,112,71) (0,76,112) (71,0,76) (112,71,0) (76,112,71) (0,76,112) (71,0,76) (112,71,0) (76,112,71) (0,76,112) (71,0,76) (112,71,0) (76,112,71) (0,76,112) (71,0,76) (112,71,0) (76,112,71) (0,76,112) (71,0,76) (112,71,0) (76,112,71) (0,76,112) (71,0,76) (112,71,0) (76,112,71) (0,76,112) (71,0,76) (112,71,0) (76,112,71) (0,76,112) (71,0,76) (112,71,0) (76,112,71) (0,76,112) (71,0,76) (112,71,0) (76,112,71) (0,76,112) (71,0,76) (112,71,0) (76,112,71) (0,76,112) (71,0,76) (112,71,0) (76,112,71) (0,76,112) (71,0,76) (112,71,0) (76,112,71) (0,76,112) (71,0,76) (112,71,0) (76,112,71) (0,76,112) (71,0,76) (112,71,0) (76,112,71) (0,76,112) (71,0,76) (112,71,0) (76,112,71) (0,76,112) (71,0,76) (112,71,0) (76,112,71) (0,76,112) (71,0,76) (112,71,0) (76,112,71) (0,76,112) (71,0,76) (112,71,0) (76,112,71) (0,76,112) (71,0,76) (112,71,0) (76,112,71) (0,76,112) (71,0,76) (112,71,0) (76,112,71) (0,76,112) (71,0,76) (112,71,0) 
(76,112,71) (0,76,112) (71,0,76) (112,71,0) (76,112,71) (0,76,112) (71,0,76) (112,71,0) (76,112,71) (0,76,112) (71,0,76) (112,71,0) (76,112,71) (0,76,112) (71,0,76) (112,71,0) (76,112,71) (0,76,112) (71,0,76) (112,71,0) (76,112,71) (0,76,112) (71,0,76) (112,71,0) (76,112,71) (0,76,112) (71,0,76) (112,71,0) (76,112,71) (0,76,112) (71,0,76) (112,71,0) (76,112,71) (0,76,112) (71,0,76) (112,71,0) (76,112,71) (0,76,112) (71,0,76) (112,71,0) (76,112,71) (0,76,112) (71,0,76) (112,71,0) (76,112,71) (0,76,112) (71,0,76) (112,71,0) (76,112,71) (0,76,112) (71,0,76) (112,71,0) (76,112,71) (0,76,112) (71,0,76) (112,71,0) (76,112,71) (0,76,112) (71,0,76) (112,71,0) (76,112,71) (0,76,112) (71,0,76) (112,71,0) (76,112,71) (0,76,112) (71,0,76) (112,71,0) (76,112,71) (0,76,112) (71,0,76) (112,71,0) (76,112,71) (0,76,112) (71,0,76) (112,71,0) (76,112,71) (0,76,112) (71,0,76) (112,71,0) (76,112,71) (0,76,112) (71,0,76) (112,71,0) (76,112,71) (0,76,112) (71,0,76) (112,71,0) (76,112,71) (0,76,112) (71,0,76) (112,71,0) (76,112,71) (0,76,112) (71,0,76) (112,71,0) (76,112,71) (0,76,112) (71,0,76) (112,71,0) (76,112,71) (0,76,112) (71,0,76) (112,71,0) (76,112,71) (0,76,112) (71,0,76) (112,71,0) (76,112,71) (0,76,112) (71,0,76) (112,71,0) (76,112,71) (0,76,112) (71,0,76) (112,71,0) (76,112,71) (0,76,112) (71,0,76) (112,71,0) (76,112,71) (0,76,112) (71,0,76) (112,71,0) (76,112,71) (0,76,112) (71,0,76) (112,71,0) (76,112,71) (0,76,112) (71,0,76) (112,71,0) (76,112,71) (0,76,112) (71,0,76) (112,71,0) (76,112,71) (0,76,112) (71,0,76) (112,71,0) (76,112,71) (0,76,112) (71,0,76) (112,71,0) (76,112,71) (0,76,112) (71,0,76) (112,71,0) (76,112,71) (0,76,112) (71,0,76) (112,71,0) (76,112,71) (0,76,112) (71,0,76) (112,71,0) (76,112,71) (0,76,112) (71,0,76) (112,71,0) (76,112,71) (0,76,112) (71,0,76) (112,71,0) (76,112,71) (0,76,112) (71,0,76) (112,71,0) (76,112,71) (0,76,112) (71,0,76) (112,71,0) (76,112,71) (0,76,112) (71,0,76) (112,71,0) (76,112,71) (0,76,112) (71,0,76) (112,71,0) (76,112,71) (0,76,112) (71,0,76) (112,71,0) (76,112,71) (0,76,112) (71,0,76) (112,71,0) (76,112,71) (0,76,112) (71,0,76) (112,71,0) (76,112,71) (0,76,112) (71,0,76) (112,71,0) (76,112,71) (0,76,112) (71,0,76) (112,71,0) (76,112,71) (0,76,112) (71,0,76) (112,71,0) (76,112,71) (0,76,112) (71,0,76) (112,71,0) (76,112,71) (0,76,112) (71,0,76) (112,71,0) (76,112,71) (0,76,112) (71,0,76) (112,71,0) (76,112,71) (0,76,112) (71,0,76) (112,71,0) (76,112,71) (0,76,112) (71,0,76) (112,71,0) (76,112,71) (0,76,112) (71,0,76) (112,71,0) (76,112,71) (0,76,112) (71,0,76) (112,71,0) (76,112,71) (0,76,112) (71,0,76) (112,71,0) (76,112,71) (0,76,112) (71,0,76) (112,71,0) (76,112,71) (0,76,112) (71,0,76) (112,71,0) (76,112,71) (0,76,112) (71,0,76) (112,71,0) (76,112,71) (0,76,112) (71,0,76) (112,71,0) (76,112,71) (0,76,112) (71,0,76) (112,71,0) 
(76,112,71) (0,76,112) (71,0,76) (112,71,0) (76,112,71) (0,76,112) (71,0,76) (112,71,0) (76,112,71) (0,76,112) (71,0,76) (112,71,0) (76,112,71) (0,76,112) (71,0,76) (112,71,0) (76,112,71) (0,76,112) (71,0,76) (112,71,0) (76,112,71) (0,76,112) (71,0,76) (112,71,0) (76,112,71) (0,76,112) (71,0,76) (112,71,0) (76,112,71) (0,76,112) (71,0,76) (112,71,0) (76,112,71) (0,76,112) (71,0,76) (112,71,0) (76,112,71) (0,76,112) (71,0,76) (112,71,0) (76,112,71) (0,76,112) (71,0,76) (112,71,0) (76,112,71) (0,76,112) (71,0,76) (112,71,0) (76,112,71) (0,76,112) (71,0,76) (112,71,0) (76,112,71) (0,76,112) (71,0,76) (112,71,0) (76,112,71) (0,76,112) (71,0,76) (112,71,0) (76,112,71) (0,76,112) (71,0,76) (112,71,0) (76,112,71) (0,76,112) (71,0,76) (112,71,0) (76,112,71) (0,76,112) (71,0,76) (112,71,0) (76,112,71) (0,76,112) (71,0,76) (112,71,0) (76,112,71) (0,76,112) (71,0,76) (112,71,0) (76,112,71) (0,76,112) (71,0,76) (112,71,0) (76,112,71) (0,76,112) (71,0,76) (112,71,0) (76,112,71) (0,76,112) (71,0,76) (112,71,0) (76,112,71) (0,76,112) (71,0,76) (112,71,0) (76,112,71) (0,76,112) (71,0,76) (112,71,0) (76,112,71) (0,76,112) (71,0,76) (112,71,0) (76,112,71) (0,76,112) (71,0,76) (112,71,0) (76,112,71) (0,76,112) (71,0,76) (112,71,0) (76,112,71) (0,76,112) (71,0,76) (112,71,0) (76,112,71) (0,76,112) (71,0,76) (112,71,0) (76,112,71) (0,76,112) (71,0,76) (112,71,0) (76,112,71) (0,76,112) (71,0,76) (112,71,0) (76,112,71) (0,76,112) (71,0,76) (112,71,0) (76,112,71) (0,76,112) (71,0,76) (112,71,0) (76,112,71) (0,76,112) (71,0,76) (112,71,0) (76,112,71) (0,76,112) (71,0,76) (112,71,0) (76,112,71) (0,76,112) (71,0,76) (112,71,0) (76,112,71) (0,76,112) (71,0,76) (112,71,0) (76,112,71) (0,76,112) (71,0,76) (112,71,0) (76,112,71) (0,76,112) (71,0,76) (112,71,0) (76,112,71) (0,76,112) (71,0,76) (112,71,0) (76,112,71) (0,76,112) (71,0,76) (112,71,0) (76,112,71) (0,76,112) (71,0,76) (112,71,0) (76,112,71) (0,76,112) (71,0,76) (112,71,0) (76,112,71) (0,76,112) (71,0,76) (112,71,0) (76,112,71) (0,76,112) (71,0,76) (112,71,0) (76,112,71) (0,76,112) (71,0,76) (112,71,0) (76,112,71) (0,76,112) (71,0,76) (112,71,0) (76,112,71) (0,76,112) (71,0,76) (112,71,0) (76,112,71) (0,76,112) (71,0,76) (112,71,0) (76,112,71) (0,76,112) (71,0,76) (112,71,0) (76,112,71) (0,76,112) (71,0,76) (112,71,0) (76,112,71) (0,76,112) (71,0,76) (112,71,0) (76,112,71) (0,76,112) (71,0,76) (112,71,0) (76,112,71) (0,76,112) (71,0,76) (112,71,0) (76,112,71) (0,76,112) (71,0,76) (112,71,0) (76,112,71) (0,76,112) (71,0,76) (112,71,0) (76,112,71) (0,76,112) (71,0,76) (112,71,0) (76,112,71) (0,76,112) (71,0,76) (112,71,0) (76,112,71) (0,76,112) (71,0,76) (112,71,0) (76,112,71) (0,76,112) (71,0,76) (112,71,0) (76,112,71) (0,76,112) (71,0,76) (112,71,0) (76,112,71) (0,76,112) (71,0,76) (112,71,0) (76,112,71) (0,76,112) (71,0,76) (112,71,0) 
(76,112,71) (0,76,112) (71,0,76) (112,71,0) (76,112,71) (0,76,112) (71,0,76) (112,71,0) (76,112,71) (0,76,112) (71,0,76) (112,71,0) (76,112,71) (0,76,112) (71,0,76) (112,71,0) (76,112,71) (0,76,112) (71,0,76) (112,71,0) (76,112,71) (0,76,112) (71,0,76) (112,71,0) (76,112,71) (0,76,112) (71,0,76) (112,71,0) (76,112,71) (0,76,112) (71,0,76) (112,71,0) (76,112,71) (0,76,112) (71,0,76) (112,71,0) (76,112,71) (0,76,112) (71,0,76) (112,71,0) (76,112,71) (0,76,112) (71,0,76) (112,71,0) (76,112,71) (0,76,112) (71,0,76) (112,71,0) (76,112,71) (0,76,112) (71,0,76) (112,71,0) (76,112,71) (0,76,112) (71,0,76) (112,71,0) (76,112,71) (0,76,112) (71,0,76) (112,71,0) (76,112,71) (0,76,112) (71,0,76) (112,71,0) (76,112,71) (0,76,112) (71,0,76) (112,71,0) (76,112,71) (0,76,112) (71,0,76) (112,71,0) (76,112,71) (0,76,112) (71,0,76) (112,71,0) (76,112,71) (0,76,112) (71,0,76) (112,71,0) (76,112,71) (0,76,112) (71,0,76) (112,71,0) (76,112,71) (0,76,112) (71,0,76) (112,71,0) (76,112,71) (0,76,112) (71,0,76) (112,71,0) (76,112,71) (0,76,112) (71,0,76) (112,71,0) (76,112,71) (0,76,112) (71,0,76) (112,71,0) (76,112,71) (0,76,112) (71,0,76) (112,71,0) (76,112,71) (0,76,112) (71,0,76) (112,71,0) (76,112,71) (0,76,112) (71,0,76) (112,71,0) (76,112,71) (0,76,112) (71,0,76) (112,71,0) (76,112,71) (0,76,112) (71,0,76) (112,71,0) (76,112,71) (0,76,112) (71,0,76) (112,71,0) (76,112,71) (0,76,112) (71,0,76) (112,71,0) (76,112,71) (0,76,112) (71,0,76) (112,71,0) (76,112,71) (0,76,112) (71,0,76) (112,71,0) (76,112,71) (0,76,112) (71,0,76) (112,71,0) (76,112,71) (0,76,112) (71,0,76) (112,71,0) (76,112,71) (0,76,112) (71,0,76) (112,71,0) (76,112,71) (0,76,112) (71,0,76) (112,71,0) (76,112,71) (0,76,112) (71,0,76) (112,71,0) (76,112,71) (0,76,112) (71,0,76) (112,71,0) (76,112,71) (0,76,112) (71,0,76) (112,71,0) (76,112,71) (0,76,112) (71,0,76) (112,71,0) (76,112,71) (0,76,112) (71,0,76) (112,71,0) (76,112,71) (0,76,112) (71,0,76) (112,71,0) (76,112,71) (0,76,112) (71,0,76) (112,71,0) (76,112,71) (0,76,112) (71,0,76) (112,71,0) (76,112,71) (0,76,112) (71,0,76) (112,71,0) (76,112,71) (0,76,112) (71,0,76) (112,71,0) (76,112,71) (0,76,112) (71,0,76) (112,71,0) (76,112,71) (0,76,112) (71,0,76) (112,71,0) (76,112,71) (0,76,112) (71,0,76) (112,71,0) (76,112,71) (0,76,112) (71,0,76) (112,71,0) (76,112,71) (0,76,112) (71,0,76) (112,71,0) (76,112,71) (0,76,112) (71,0,76) (112,71,0) (76,112,71) (0,76,112) (71,0,76) (112,71,0) (76,112,71) (0,76,112) (71,0,76) (112,71,0) (76,112,71) (0,76,112) (71,0,76) (112,71,0) (76,112,71) (0,76,112) (71,0,76) (112,71,0) (76,112,71) (0,76,112) (71,0,76) (112,71,0) (76,112,71) (0,76,112) (71,0,76) (112,71,0) (76,112,71) (0,76,112) (71,0,76) (112,71,0) (76,112,71) (0,76,112) (71,0,76) (112,71,0) (76,112,71) (0,76,112) (71,0,76) (112,71,0) (76,112,71) (0,76,112) (71,0,76) (112,71,0) 
(76,112,71) (0,76,112) (71,0,76) (112,71,0) (76,112,71) (0,76,112) (71,0,76) (112,71,0) (76,112,71) (0,76,112) (71,0,76) (112,71,0) (76,112,71) (0,76,112) (71,0,76) (112,71,0) (76,112,71) (0,76,112) (71,0,76) (112,71,0) (76,112,71) (0,76,112) (71,0,76) (112,71,0) (76,112,71) (0,76,112) (71,0,76) (112,71,0) (76,112,71) (0,76,112) (71,0,76) (112,71,0) (76,112,71) (0,76,112) (71,0,76) (112,71,0) (76,112,71) (0,76,112) (71,0,76) (112,71,0) (76,112,71) (0,76,112) (71,0,76) (112,71,0) (76,112,71) (0,76,112) (71,0,76) (112,71,0) (76,112,71) (0,76,112) (71,0,76) (112,71,0) (76,112,71) (0,76,112) (71,0,76) (112,71,0) (76,112,71) (0,76,112) (71,0,76) (112,71,0) (76,112,71) (0,76,112) (71,0,76) (112,71,0) (76,112,71) (0,76,112) (71,0,76) (112,71,0) (76,112,71) (0,76,112) (71,0,76) (112,71,0) (76,112,71) (0,76,112) (71,0,76) (112,71,0) (76,112,71) (0,76,112) (71,0,76) (112,71,0) (76,112,71) (0,76,112) (71,0,76) (112,71,0) (76,112,71) (0,76,112) (71,0,76) (112,71,0) (76,112,71) (0,76,112) (71,0,76) (112,71,0) (76,112,71) (0,76,112) (71,0,76) (112,71,0) (76,112,71) (0,76,112) (71,0,76) (112,71,0) (76,112,71) (0,76,112) (71,0,76) (112,71,0) (76,112,71) (0,76,112) (71,0,76) (112,71,0) (76,112,71) (0,76,112) (71,0,76) (112,71,0) (76,112,71) (0,76,112) (71,0,76) (112,71,0) (76,112,71) (0,76,112) (71,0,76) (112,71,0) (76,112,71) (0,76,112) (71,0,76) (112,71,0) (76,112,71) (0,76,112) (71,0,76) (112,71,0) (76,112,71) (0,76,112) (71,0,76) (112,71,0) (76,112,71) (0,76,112) (71,0,76) (112,71,0) (76,112,71) (0,76,112) (71,0,76) (112,71,0) (76,112,71) (0,76,112) (71,0,76) (112,71,0) (76,112,71) (0,76,112) (71,0,76) (112,71,0) (76,112,71) (0,76,112) (71,0,76) (112,71,0) (76,112,71) (0,76,112) (71,0,76) (112,71,0) (76,112,71) (0,76,112) (71,0,76) (112,71,0) (76,112,71) (0,76,112) (71,0,76) (112,71,0) (76,112,71) (0,76,112) (71,0,76) (112,71,0) (76,112,71) (0,76,112) (71,0,76) (112,71,0) (76,112,71) (0,76,112) (71,0,76) (112,71,0) (76,112,71) (0,76,112) (71,0,76) (112,71,0) (76,112,71) (0,76,112) (71,0,76) (112,71,0) (76,112,71) (0,76,112) (71,0,76) (112,71,0) (76,112,71) (0,76,112) (71,0,76) (112,71,0) (76,112,71) (0,76,112) (71,0,76) (112,71,0) (76,112,71) (0,76,112) (71,0,76) (112,71,0) (76,112,71) (0,76,112) (71,0,76) (112,71,0) (76,112,71) (0,76,112) (71,0,76) (112,71,0) (76,112,71) (0,76,112) (71,0,76) (112,71,0) (76,112,71) (0,76,112) (71,0,76) (112,71,0) (76,112,71) (0,76,112) (71,0,76) (112,71,0) (76,112,71) (0,76,112) (71,0,76) (112,71,0) (76,112,71) (0,76,112) (71,0,76) (112,71,0) (76,112,71) (0,76,112) (71,0,76) (112,71,0) (76,112,71) (0,76,112) (71,0,76) (112,71,0) (76,112,71) (0,76,112) (71,0,76) (112,71,0) (76,112,71) (0,76,112) (71,0,76) (112,71,0) (76,112,71) (0,76,112) (71,0,76) (112,71,0) (76,112,71) (0,76,112) (71,0,76) (112,71,0) (76,112,71) (0,76,112) (71,0,76) (112,71,0) 
(76,112,71) (0,76,112) (71,0,76) (112,71,0) (76,112,71) (0,76,112) (71,0,76) (112,71,0) (76,112,71) (0,76,112) (71,0,76) (112,71,0) (76,112,71) (0,76,112) (71,0,76) (112,71,0) (76,112,71) (0,76,112) (71,0,76) (112,71,0) (76,112,71) (0,76,112) (71,0,76) (112,71,0) (76,112,71) (0,76,112) (71,0,76) (112,71,0) (76,112,71) (0,76,112) (71,0,76) (112,71,0) (76,112,71) (0,76,112) (71,0,76) (112,71,0) (76,112,71) (0,76,112) (71,0,76) (112,71,0) (76,112,71) (0,76,112) (71,0,76) (112,71,0) (76,112,71) (0,76,112) (71,0,76) (112,71,0) (76,112,71) (0,76,112) (71,0,76) (112,71,0) (76,112,71) (0,76,112) (71,0,76) (112,71,0) (76,112,71) (0,76,112) (71,0,76) (112,71,0) (76,112,71) (0,76,112) (71,0,76) (112,71,0) (76,112,71) (0,76,112) (71,0,76) (112,71,0) (76,112,71) (0,76,112) (71,0,76) (112,71,0) (76,112,71) (0,76,112) (71,0,76) (112,71,0) (76,112,71) (0,76,112) (71,0,76) (112,71,0) (76,112,71) (0,76,112) (71,0,76) (112,71,0) (76,112,71) (0,76,112) (71,0,76) (112,71,0) (76,112,71) (0,76,112) (71,0,76) (112,71,0) (76,112,71) (0,76,112) (71,0,76) (112,71,0) (76,112,71) (0,76,112) (71,0,76) (112,71,0) (76,112,71) (0,76,112) (71,0,76) (112,71,0) (76,112,71) (0,76,112) (71,0,76) (112,71,0) (76,112,71) (0,76,112) (71,0,76) (112,71,0) (76,112,71) (0,76,112) (71,0,76) (112,71,0) (76,112,71) (0,76,112) (71,0,76) (112,71,0) (76,112,71) (0,76,112) (71,0,76) (112,71,0) (76,112,71) (0,76,112) (71,0,76) (112,71,0) (76,112,71) (0,76,112) (71,0,76) (112,71,0) (76,112,71) (0,76,112) (71,0,76) (112,71,0) (76,112,71) (0,76,112) (71,0,76) (112,71,0) (76,112,71) (0,76,112) (71,0,76) (112,71,0) (76,112,71) (0,76,112) (71,0,76) (112,71,0) (76,112,71) (0,76,112) (71,0,76) (112,71,0) (76,112,71) (0,76,112) (71,0,76) (112,71,0) (76,112,71) (0,76,112) (71,0,76) (112,71,0) (76,112,71) (0,76,112) (71,0,76) (112,71,0) (76,112,71) (0,76,112) (71,0,76) (112,71,0) (76,112,71) (0,76,112) (71,0,76) (112,71,0) (76,112,71) (0,76,112) (71,0,76) (112,71,0) (76,112,71) (0,76,112) (71,0,76) (112,71,0) (76,112,71) (0,76,112) (71,0,76) (112,71,0) (76,112,71) (0,76,112) (71,0,76) (112,71,0) (76,112,71) (0,76,112) (71,0,76) (112,71,0) (76,112,71) (0,76,112) (71,0,76) (112,71,0) (76,112,71) (0,76,112) (71,0,76) (112,71,0) (76,112,71) (0,76,112) (71,0,76) (112,71,0) (76,112,71) (0,76,112) (71,0,76) (112,71,0) (76,112,71) (0,76,112) (71,0,76) (112,71,0) (76,112,71) (0,76,112) (71,0,76) (112,71,0) (76,112,71) (0,76,112) (71,0,76) (112,71,0) (76,112,71) (0,76,112) (71,0,76) (112,71,0) (76,112,71) (0,76,112) (71,0,76) (112,71,0) (76,112,71) (0,76,112) (71,0,76) (112,71,0) (76,112,71) (0,76,112) (71,0,76) (112,71,0) (76,112,71) (0,76,112) (71,0,76) (112,71,0) (76,112,71) (0,76,112) (71,0,76) (112,71,0) (76,112,71) (0,76,112) (71,0,76) (112,71,0) (76,112,71) (0,76,112) (71,0,76) (112,71,0) (76,112,71) (0,76,112) (71,0,76) (112,71,0) 
(76,112,71) (0,76,112) (71,0,76) (112,71,0) (76,112,71) (0,76,112) (71,0,76) (112,71,0) (76,112,71) (0,76,112) (71,0,76) (112,71,0) (76,112,71) (0,76,112) (71,0,76) (112,71,0) (76,112,71) (0,76,112) (71,0,76) (112,71,0) (76,112,71) (0,76,112) (71,0,76) (112,71,0) (76,112,71) (0,76,112) (71,0,76) (112,71,0) (76,112,71) (0,76,112) (71,0,76) (112,71,0) (76,112,71) (0,76,112) (71,0,76) (112,71,0) (76,112,71) (0,76,112) (71,0,76) (112,71,0) (76,112,71) (0,76,112) (71,0,76) (112,71,0) (76,112,71) (0,76,112) (71,0,76) (112,71,0) (76,112,71) (0,76,112) (71,0,76) (112,71,0) (76,112,71) (0,76,112) (71,0,76) (112,71,0) (76,112,71) (0,76,112) (71,0,76) (112,71,0) (76,112,71) (0,76,112) (71,0,76) (112,71,0) (76,112,71) (0,76,112) (71,0,76) (112,71,0) (76,112,71) (0,76,112) (71,0,76) (112,71,0) (76,112,71) (0,76,112) (71,0,76) (112,71,0) (76,112,71) (0,76,112) (71,0,76) (112,71,0) (76,112,71) (0,76,112) (71,0,76) (112,71,0) (76,112,71) (0,76,112) (71,0,76) (112,71,0) (76,112,71) (0,76,112) (71,0,76) (112,71,0) (76,112,71) (0,76,112) (71,0,76) (112,71,0) (76,112,71) (0,76,112) (71,0,76) (112,71,0) (76,112,71) (0,76,112) (71,0,76) (112,71,0) (76,112,71) (0,76,112) (71,0,76) (112,71,0) (76,112,71) (0,76,112) (71,0,76) (112,71,0) (76,112,71) (0,76,112) (71,0,76) (112,71,0) (76,112,71) (0,76,112) (71,0,76) (112,71,0) (76,112,71) (0,76,112) (71,0,76) (112,71,0) (76,112,71) (0,76,112) (71,0,76) (112,71,0) (76,112,71) (0,76,112) (71,0,76) (112,71,0) (76,112,71) (0,76,112) (71,0,76) (112,71,0) (76,112,71) (0,76,112) (71,0,76) (112,71,0) (76,112,71) (0,76,112) (71,0,76) (112,71,0) (76,112,71) (0,76,112) (71,0,76) (112,71,0) (76,112,71) (0,76,112) (71,0,76) (112,71,0) (76,112,71) (0,76,112) (71,0,76) (112,71,0) (76,112,71) (0,76,112) (71,0,76) (112,71,0) (76,112,71) (0,76,112) (71,0,76) (112,71,0) (76,112,71) (0,76,112) (71,0,76) (112,71,0) (76,112,71) (0,76,112) (71,0,76) (112,71,0) (76,112,71) (0,76,112) (71,0,76) (112,71,0) (76,112,71) (0,76,112) (71,0,76) (112,71,0) (76,112,71) (0,76,112) (71,0,76) (112,71,0) (76,112,71) (0,76,112) (71,0,76) (112,71,0) (76,112,71) (0,76,112) (71,0,76) (112,71,0) (76,112,71) (0,76,112) (71,0,76) (112,71,0) (76,112,71) (0,76,112) (71,0,76) (112,71,0) (76,112,71) (0,76,112) (71,0,76) (112,71,0) (76,112,71) (0,76,112) (71,0,76) (112,71,0) (76,112,71) (0,76,112) (71,0,76) (112,71,0) (76,112,71) (0,76,112) (71,0,76) (112,71,0) (76,112,71) (0,76,112) (71,0,76) (112,71,0) (76,112,71) (0,76,112) (71,0,76) (112,71,0) (76,112,71) (0,76,112) (71,0,76) (112,71,0) (76,112,71) (0,76,112) (71,0,76) (112,71,0) (76,112,71) (0,76,112) (71,0,76) (112,71,0) (76,112,71) (0,76,112) (71,0,76) (112,71,0) (76,112,71) (0,76,112) (71,0,76) (112,71,0) (76,112,71) (0,76,112) (71,0,76) (112,71,0) (76,112,71) (0,76,112) (71,0,76) (112,71,0) (76,112,71) (0,76,112) (71,0,76) (112,71,0) 
(76,112,71) (0,76,112) (71,0,76) (112,71,0) (76,112,71) (0,76,112) (71,0,76) (112,71,0) (76,112,71) (0,76,112) (71,0,76) (112,71,0) (76,112,71) (0,76,112) (71,0,76) (112,71,0) (76,112,71) (0,76,112) (71,0,76) (112,71,0) (76,112,71) (0,76,112) (71,0,76) (112,71,0) (76,112,71) (0,76,112) (71,0,76) (112,71,0) (76,112,71) (0,76,112) (71,0,76) (112,71,0) (76,112,71) (0,76,112) (71,0,76) (112,71,0) (76,112,71) (0,76,112) (71,0,76) (112,71,0) (76,112,71) (0,76,112) (71,0,76) (112,71,0) (76,112,71) (0,76,112) (71,0,76) (112,71,0) (76,112,71) (0,76,112) (71,0,76) (112,71,0) (76,112,71) (0,76,112) (71,0,76) (112,71,0) (76,112,71) (0,76,112) (71,0,76) (112,71,0) (76,112,71) (0,76,112) (71,0,76) (112,71,0) (76,112,71) (0,76,112) (71,0,76) (112,71,0) (76,112,71) (0,76,112) (71,0,76) (112,71,0) (76,112,71) (0,76,112) (71,0,76) (112,71,0) (76,112,71) (0,76,112) (71,0,76) (112,71,0) (76,112,71) (0,76,112) (71,0,76) (112,71,0) (76,112,71) (0,76,112) (71,0,76) (112,71,0) (76,112,71) (0,76,112) (71,0,76) (112,71,0) (76,112,71) (0,76,112) (71,0,76) (112,71,0) (76,112,71) (0,76,112) (71,0,76) (112,71,0) (76,112,71) (0,76,112) (71,0,76) (112,71,0) (76,112,71) (0,76,112) (71,0,76) (112,71,0) (76,112,71) (0,76,112) (71,0,76) (112,71,0) (76,112,71) (0,76,112) (71,0,76) (112,71,0) (76,112,71) (0,76,112) (71,0,76) (112,71,0) (76,112,71) (0,76,112) (71,0,76) (112,71,0) (76,112,71) (0,76,112) (71,0,76) (112,71,0) (76,112,71) (0,76,112) (71,0,76) (112,71,0) (76,112,71) (0,76,112) (71,0,76) (112,71,0) (76,112,71) (0,76,112) (71,0,76) (112,71,0) (76,112,71) (0,76,112) (71,0,76) (112,71,0) (76,112,71) (0,76,112) (71,0,76) (112,71,0) (76,112,71) (0,76,112) (71,0,76) (112,71,0) (76,112,71) (0,76,112) (71,0,76) (112,71,0) (76,112,71) (0,76,112) (71,0,76) (112,71,0) (76,112,71) (0,76,112) (71,0,76) (112,71,0) (76,112,71) (0,76,112) (71,0,76) (112,71,0) (76,112,71) (0,76,112) (71,0,76) (112,71,0) (76,112,71) (0,76,112) (71,0,76) (112,71,0) (76,112,71) (0,76,112) (71,0,76) (112,71,0) (76,112,71) (0,76,112) (71,0,76) (112,71,0) (76,112,71) (0,76,112) (71,0,76) (112,71,0) (76,112,71) (0,76,112) (71,0,76) (112,71,0) (76,112,71) (0,76,112) (71,0,76) (112,71,0) (76,112,71) (0,76,112) (71,0,76) (112,71,0) (76,112,71) (0,76,112) (71,0,76) (112,71,0) (76,112,71) (0,76,112) (71,0,76) (112,71,0) (76,112,71) (0,76,112) (71,0,76) (112,71,0) (76,112,71) (0,76,112) (71,0,76) (112,71,0) (76,112,71) (0,76,112) (71,0,76) (112,71,0) (76,112,71) (0,76,112) (71,0,76) (112,71,0) (76,112,71) (0,76,112) (71,0,76) (112,71,0) (76,112,71) (0,76,112) (71,0,76) (112,71,0) (76,112,71) (0,76,112) (71,0,76) (112,71,0) (76,112,71) (0,76,112) (71,0,76) (112,71,0) (76,112,71) (0,76,112) (71,0,76) (112,71,0) (76,112,71) (0,76,112) (71,0,76) (112,71,0) (76,112,71) (0,76,112) (71,0,76) (112,71,0) (76,112,71) (0,76,112) (71,0,76) (112,71,0) 
(76,112,71) (0,76,112) (71,0,76) (112,71,0) (76,112,71) (0,76,112) (71,0,76) (112,71,0) (76,112,71) (0,76,112) (71,0,76) (112,71,0) (76,112,71) (0,76,112) (71,0,76) (112,71,0) (76,112,71) (0,76,112) (71,0,76) (112,71,0) (76,112,71) (0,76,112) (71,0,76) (112,71,0) (76,112,71) (0,76,112) (71,0,76) (112,71,0) (76,112,71) (0,76,112) (71,0,76) (112,71,0) (76,112,71) (0,76,112) (71,0,76) (112,71,0) (76,112,71) (0,76,112) (71,0,76) (112,71,0) (76,112,71) (0,76,112) (71,0,76) (112,71,0) (76,112,71) (0,76,112) (71,0,76) (112,71,0) (76,112,71) (0,76,112) (71,0,76) (112,71,0) (76,112,71) (0,76,112) (71,0,76) (112,71,0) (76,112,71) (0,76,112) (71,0,76) (112,71,0) (76,112,71) (0,76,112) (71,0,76) (112,71,0) (76,112,71) (0,76,112) (71,0,76) (112,71,0) (76,112,71) (0,76,112) (71,0,76) (112,71,0) (76,112,71) (0,76,112) (71,0,76) (112,71,0) (76,112,71) (0,76,112) (71,0,76) (112,71,0) (76,112,71) (0,76,112) (71,0,76) (112,71,0) (76,112,71) (0,76,112) (71,0,76) (112,71,0) (76,112,71) (0,76,112) (71,0,76) (112,71,0) (76,112,71) (0,76,112) (71,0,76) (112,71,0) (76,112,71) (0,76,112) (71,0,76) (112,71,0) (76,112,71) (0,76,112) (71,0,76) (112,71,0) (76,112,71) (0,76,112) (71,0,76) (112,71,0) (76,112,71) (0,76,112) (71,0,76) (112,71,0) (76,112,71) (0,76,112) (71,0,76) (112,71,0) (76,112,71) (0,76,112) (71,0,76) (112,71,0) (76,112,71) (0,76,112) (71,0,76) (112,71,0) (76,112,71) (0,76,112) (71,0,76) (112,71,0) (76,112,71) (0,76,112) (71,0,76) (112,71,0) (76,112,71) (0,76,112) (71,0,76) (112,71,0) (76,112,71) (0,76,112) (71,0,76) (112,71,0) (76,112,71) (0,76,112) (71,0,76) (112,71,0) (76,112,71) (0,76,112) (71,0,76) (112,71,0) (76,112,71) (0,76,112) (71,0,76) (112,71,0) (76,112,71) (0,76,112) (71,0,76) (112,71,0) (76,112,71) (0,76,112) (71,0,76) (112,71,0) (76,112,71) (0,76,112) (71,0,76) (112,71,0) (76,112,71) (0,76,112) (71,0,76) (112,71,0) (76,112,71) (0,76,112) (71,0,76) (112,71,0) (76,112,71) (0,76,112) (71,0,76) (112,71,0) (76,112,71) (0,76,112) (71,0,76) (112,71,0) (76,112,71) (0,76,112) (71,0,76) (112,71,0) (76,112,71) (0,76,112) (71,0,76) (112,71,0) (76,112,71) (0,76,112) (71,0,76) (112,71,0) (76,112,71) (0,76,112) (71,0,76) (112,71,0) (76,112,71) (0,76,112) (71,0,76) (112,71,0) (76,112,71) (0,76,112) (71,0,76) (112,71,0) (76,112,71) (0,76,112) (71,0,76) (112,71,0) (76,112,71) (0,76,112) (71,0,76) (112,71,0) (76,112,71) (0,76,112) (71,0,76) (112,71,0) (76,112,71) (0,76,112) (71,0,76) (112,71,0) (76,112,71) (0,76,112) (71,0,76) (112,71,0) (76,112,71) (0,76,112) (71,0,76) (112,71,0) (76,112,71) (0,76,112) (71,0,76) (112,71,0) (76,112,71) (0,76,112) (71,0,76) (112,71,0) (76,112,71) (0,76,112) (71,0,76) (112,71,0) (76,112,71) (0,76,112) (71,0,76) (112,71,0) (76,112,71) (0,76,112) (71,0,76) (112,71,0) (76,112,71) (0,76,112) (71,0,76) (112,71,0) (76,112,71) (0,76,112) (71,0,76) (112,71,0) 
(76,112,71) (0,76,112) (71,0,76) (112,71,0) (76,112,71) (0,76,112) (71,0,76) (112,71,0) (76,112,71) (0,76,112) (71,0,76) (112,71,0) (76,112,71) (0,76,112) (71,0,76) (112,71,0) (76,112,71) (0,76,112) (71,0,76) (112,71,0) (76,112,71) (0,76,112) (71,0,76) (112,71,0) (76,112,71) (0,76,112) (71,0,76) (112,71,0) (76,112,71) (0,76,112) (71,0,76) (112,71,0) (76,112,71) (0,76,112) (71,0,76) (112,71,0) (76,112,71) (0,76,112) (71,0,76) (112,71,0) (76,112,71) (0,76,112) (71,0,76) (112,71,0) (76,112,71) (0,76,112) (71,0,76) (112,71,0) (76,112,71) (0,76,112) (71,0,76) (112,71,0) (76,112,71) (0,76,112) (71,0,76) (112,71,0) (76,112,71) (0,76,112) (71,0,76) (112,71,0) (76,112,71) (0,76,112) (71,0,76) (112,71,0) (76,112,71) (0,76,112) (71,0,76) (112,71,0) (76,112,71) (0,76,112) (71,0,76) (112,71,0) (76,112,71) (0,76,112) (71,0,76) (112,71,0) (76,112,71) (0,76,112) (71,0,76) (112,71,0) (76,112,71) (0,76,112) (71,0,76) (112,71,0) (76,112,71) (0,76,112) (71,0,76) (112,71,0) (76,112,71) (0,76,112) (71,0,76) (112,71,0) (76,112,71) (0,76,112) (71,0,76) (112,71,0) (76,112,71) (0,76,112) (71,0,76) (112,71,0) (76,112,71) (0,76,112) (71,0,76) (112,71,0) (76,112,71) (0,76,112) (71,0,76) (112,71,0) (76,112,71) (0,76,112) (71,0,76) (112,71,0) (76,112,71) (0,76,112) (71,0,76) (112,71,0) (76,112,71) (0,76,112) (71,0,76) (112,71,0) (76,112,71) (0,76,112) (71,0,76) (112,71,0) (76,112,71) (0,76,112) (71,0,76) (112,71,0) (76,112,71) (0,76,112) (71,0,76) (112,71,0) (76,112,71) (0,76,112) (71,0,76) (112,71,0) (76,112,71) (0,76,112) (71,0,76) (112,71,0) (76,112,71) (0,76,112) (71,0,76) (112,71,0) (76,112,71) (0,76,112) (71,0,76) (112,71,0) (76,112,71) (0,76,112) (71,0,76) (112,71,0) (76,112,71) (0,76,112) (71,0,76) (112,71,0) (76,112,71) (0,76,112) (71,0,76) (112,71,0) (76,112,71) (0,76,112) (71,0,76) (112,71,0) (76,112,71) (0,76,112) (71,0,76) (112,71,0) (76,112,71) (0,76,112) (71,0,76) (112,71,0) (76,112,71) (0,76,112) (71,0,76) (112,71,0) (76,112,71) (0,76,112) (71,0,76) (112,71,0) (76,112,71) (0,76,112) (71,0,76) (112,71,0) (76,112,71) (0,76,112) (71,0,76) (112,71,0) (76,112,71) (0,76,112) (71,0,76) (112,71,0) (76,112,71) (0,76,112) (71,0,76) (112,71,0) (76,112,71) (0,76,112) (71,0,76) (112,71,0) (76,112,71) (0,76,112) (71,0,76) (112,71,0) (76,112,71) (0,76,112) (71,0,76) (112,71,0) (76,112,71) (0,76,112) (71,0,76) (112,71,0) (76,112,71) (0,76,112) (71,0,76) (112,71,0) (76,112,71) (0,76,112) (71,0,76) (112,71,0) (76,112,71) (0,76,112) (71,0,76) (112,71,0) (76,112,71) (0,76,112) (71,0,76) (112,71,0) (76,112,71) (0,76,112) (71,0,76) (112,71,0) (76,112,71) (0,76,112) (71,0,76) (112,71,0) (76,112,71) (0,76,112) (71,0,76) (112,71,0) (76,112,71) (0,76,112) (71,0,76) (112,71,0) (76,112,71) (0,76,112) (71,0,76) (112,71,0) (76,112,71) (0,76,112) (71,0,76) (112,71,0) (76,112,71) (0,76,112) (71,0,76) (112,71,0) 
(76,112,71) (0,76,112) (71,0,76) (112,71,0) (76,112,71) (0,76,112) (71,0,76) (112,71,0) (76,112,71) (0,76,112) (71,0,76) (112,71,0) (76,112,71) (0,76,112) (71,0,76) (112,71,0) (76,112,71) (0,76,112) (71,0,76) (112,71,0) (76,112,71) (0,76,112) (71,0,76) (112,71,0) (76,112,71) (0,76,112) (71,0,76) (112,71,0) (76,112,71) (0,76,112) (71,0,76) (112,71,0) (76,112,71) (0,76,112) (71,0,76) (112,71,0) (76,112,71) (0,76,112) (71,0,76) (112,71,0) (76,112,71) (0,76,112) (71,0,76) (112,71,0) (76,112,71) (0,76,112) (71,0,76) (112,71,0) (76,112,71) (0,76,112) (71,0,76) (112,71,0) (76,112,71) (0,76,112) (71,0,76) (112,71,0) (76,112,71) (0,76,112) (71,0,76) (112,71,0) (76,112,71) (0,76,112) (71,0,76) (112,71,0) (76,112,71) (0,76,112) (71,0,76) (112,71,0) (76,112,71) (0,76,112) (71,0,76) (112,71,0) (76,112,71) (0,76,112) (71,0,76) (112,71,0) (76,112,71) (0,76,112) (71,0,76) (112,71,0) (76,112,71) (0,76,112) (71,0,76) (112,71,0) (76,112,71) (0,76,112) (71,0,76) (112,71,0) (76,112,71) (0,76,112) (71,0,76) (112,71,0) (76,112,71) (0,76,112) (71,0,76) (112,71,0) (76,112,71) (0,76,112) (71,0,76) (112,71,0) (76,112,71) (0,76,112) (71,0,76) (112,71,0) (76,112,71) (0,76,112) (71,0,76) (112,71,0) (76,112,71) (0,76,112) (71,0,76) (112,71,0) (76,112,71) (0,76,112) (71,0,76) (112,71,0) (76,112,71) (0,76,112) (71,0,76) (112,71,0) (76,112,71) (0,76,112) (71,0,76) (112,71,0) (76,112,71) (0,76,112) (71,0,76) (112,71,0) (76,112,71) (0,76,112) (71,0,76) (112,71,0) (76,112,71) (0,76,112) (71,0,76) (112,71,0) (76,112,71) (0,76,112) (71,0,76) (112,71,0) (76,112,71) (0,76,112) (71,0,76) (112,71,0) (76,112,71) (0,76,112) (71,0,76) (112,71,0) (76,112,71) (0,76,112) (71,0,76) (112,71,0) (76,112,71) (0,76,112) (71,0,76) (112,71,0) (76,112,71) (0,76,112) (71,0,76) (112,71,0) (76,112,71) (0,76,112) (71,0,76) (112,71,0) (76,112,71) (0,76,112) (71,0,76) (112,71,0) (76,112,71) (0,76,112) (71,0,76) (112,71,0) (76,112,71) (0,76,112) (71,0,76) (112,71,0) (76,112,71) (0,76,112) (71,0,76) (112,71,0) (76,112,71) (0,76,112) (71,0,76) (112,71,0) (76,112,71) (0,76,112) (71,0,76) (112,71,0) (76,112,71) (0,76,112) (71,0,76) (112,71,0) (76,112,71) (0,76,112) (71,0,76) (112,71,0) (76,112,71) (0,76,112) (71,0,76) (112,71,0) (76,112,71) (0,76,112) (71,0,76) (112,71,0) (76,112,71) (0,76,112) (71,0,76) (112,71,0) (76,112,71) (0,76,112) (71,0,76) (112,71,0) (76,112,71) (0,76,112) (71,0,76) (112,71,0) (76,112,71) (0,76,112) (71,0,76) (112,71,0) (76,112,71) (0,76,112) (71,0,76) (112,71,0) (76,112,71) (0,76,112) (71,0,76) (112,71,0) (76,112,71) (0,76,112) (71,0,76) (112,71,0) (76,112,71) (0,76,112) (71,0,76) (112,71,0) (76,112,71) (0,76,112) (71,0,76) (112,71,0) (76,112,71) (0,76,112) (71,0,76) (112,71,0) (76,112,71) (0,76,112) (71,0,76) (112,71,0) (76,112,71) (0,76,112) (71,0,76) (112,71,0) (76,112,71) (0,76,112) (71,0,76) (112,71,0) 
(76,112,71) (0,76,112) (71,0,76) (112,71,0) (76,112,71) (0,76,112) (71,0,76) (112,71,0) (76,112,71) (0,76,112) (71,0,76) (112,71,0) (76,112,71) (0,76,112) (71,0,76) (112,71,0) (76,112,71) (0,76,112) (71,0,76) (112,71,0) (76,112,71) (0,76,112) (71,0,76) (112,71,0) (76,112,71) (0,76,112) (71,0,76) (112,71,0) (76,112,71) (0,76,112) (71,0,76) (112,71,0) (76,112,71) (0,76,112) (71,0,76) (112,71,0) (76,112,71) (0,76,112) (71,0,76) (112,71,0) (76,112,71) (0,76,112) (71,0,76) (112,71,0) (76,112,71) (0,76,112) (71,0,76) (112,71,0) (76,112,71) (0,76,112) (71,0,76) (112,71,0) (76,112,71) (0,76,112) (71,0,76) (112,71,0) (76,112,71) (0,76,112) (71,0,76) (112,71,0) (76,112,71) (0,76,112) (71,0,76) (112,71,0) (76,112,71) (0,76,112) (71,0,76) (112,71,0) (76,112,71) (0,76,112) (71,0,76) (112,71,0) (76,112,71) (0,76,112) (71,0,76) (112,71,0) (76,112,71) (0,76,112) (71,0,76) (112,71,0) (76,112,71) (0,76,112) (71,0,76) (112,71,0) (76,112,71) (0,76,112) (71,0,76) (112,71,0) (76,112,71) (0,76,112) (71,0,76) (112,71,0) (76,112,71) (0,76,112) (71,0,76) (112,71,0) (76,112,71) (0,76,112) (71,0,76) (112,71,0) (76,112,71) (0,76,112) (71,0,76) (112,71,0) (76,112,71) (0,76,112) (71,0,76) (112,71,0) (76,112,71) (0,76,112) (71,0,76) (112,71,0) (76,112,71) (0,76,112) (71,0,76) (112,71,0) (76,112,71) (0,76,112) (71,0,76) (112,71,0) (76,112,71) (0,76,112) (71,0,76) (112,71,0) (76,112,71) (0,76,112) (71,0,76) (112,71,0) (76,112,71) (0,76,112) (71,0,76) (112,71,0) (76,112,71) (0,76,112) (71,0,76) (112,71,0) (76,112,71) (0,76,112) (71,0,76) (112,71,0) (76,112,71) (0,76,112) (71,0,76) (112,71,0) (76,112,71) (0,76,112) (71,0,76) (112,71,0) (76,112,71) (0,76,112) (71,0,76) (112,71,0) (76,112,71) (0,76,112) (71,0,76) (112,71,0) (76,112,71) (0,76,112) (71,0,76) (112,71,0) (76,112,71) (0,76,112) (71,0,76) (112,71,0) (76,112,71) (0,76,112) (71,0,76) (112,71,0) (76,112,71) (0,76,112) (71,0,76) (112,71,0) (76,112,71) (0,76,112) (71,0,76) (112,71,0) (76,112,71) (0,76,112) (71,0,76) (112,71,0) (76,112,71) (0,76,112) (71,0,76) (112,71,0) (76,112,71) (0,76,112) (71,0,76) (112,71,0) (76,112,71) (0,76,112) (71,0,76) (112,71,0) (76,112,71) (0,76,112) (71,0,76) (112,71,0) (76,112,71) (0,76,112) (71,0,76) (112,71,0) (76,112,71) (0,76,112) (71,0,76) (112,71,0) (76,112,71) (0,76,112) (71,0,76) (112,71,0) (76,112,71) (0,76,112) (71,0,76) (112,71,0) (76,112,71) (0,76,112) (71,0,76) (112,71,0) (76,112,71) (0,76,112) (71,0,76) (112,71,0) (76,112,71) (0,76,112) (71,0,76) (112,71,0) (76,112,71) (0,76,112) (71,0,76) (112,71,0) (76,112,71) (0,76,112) (71,0,76) (112,71,0) (76,112,71) (0,76,112) (71,0,76) (112,71,0) (76,112,71) (0,76,112) (71,0,76) (112,71,0) (76,112,71) (0,76,112) (71,0,76) (112,71,0) (76,112,71) (0,76,112) (71,0,76) (112,71,0) (76,112,71) (0,76,112) (71,0,76) (112,71,0) (76,112,71) (0,76,112) (71,0,76) (112,71,0) 
(76,112,71) (0,76,112) (71,0,76) (112,71,0) (76,112,71) (0,76,112) (71,0,76) (112,71,0) (76,112,71) (0,76,112) (71,0,76) (112,71,0) (76,112,71) (0,76,112) (71,0,76) (112,71,0) (76,112,71) (0,76,112) (71,0,76) (112,71,0) (76,112,71) (0,76,112) (71,0,76) (112,71,0) (76,112,71) (0,76,112) (71,0,76) (112,71,0) (76,112,71) (0,76,112) (71,0,76) (112,71,0) (76,112,71) (0,76,112) (71,0,76) (112,71,0) (76,112,71) (0,76,112) (71,0,76) (112,71,0) (76,112,71) (0,76,112) (71,0,76) (112,71,0) (76,112,71) (0,76,112) (71,0,76) (112,71,0) (76,112,71) (0,76,112) (71,0,76) (112,71,0) (76,112,71) (0,76,112) (71,0,76) (112,71,0) (76,112,71) (0,76,112) (71,0,76) (112,71,0) (76,112,71) (0,76,112) (71,0,76) (112,71,0) (76,112,71) (0,76,112) (71,0,76) (112,71,0) (76,112,71) (0,76,112) (71,0,76) (112,71,0) (76,112,71) (0,76,112) (71,0,76) (112,71,0) (76,112,71) (0,76,112) (71,0,76) (112,71,0) (76,112,71) (0,76,112) (71,0,76) (112,71,0) (76,112,71) (0,76,112) (71,0,76) (112,71,0) (76,112,71) (0,76,112) (71,0,76) (112,71,0) (76,112,71) (0,76,112) (71,0,76) (112,71,0) (76,112,71) (0,76,112) (71,0,76) (112,71,0) (76,112,71) (0,76,112) (71,0,76) (112,71,0) (76,112,71) (0,76,112) (71,0,76) (112,71,0) (76,112,71) (0,76,112) (71,0,76) (112,71,0) (76,112,71) (0,76,112) (71,0,76) (112,71,0) (76,112,71) (0,76,112) (71,0,76) (112,71,0) (76,112,71) (0,76,112) (71,0,76) (112,71,0) (76,112,71) (0,76,112) (71,0,76) (112,71,0) (76,112,71) (0,76,112) (71,0,76) (112,71,0) (76,112,71) (0,76,112) (71,0,76) (112,71,0) (76,112,71) (0,76,112) (71,0,76) (112,71,0) (76,112,71) (0,76,112) (71,0,76) (112,71,0) (76,112,71) (0,76,112) (71,0,76) (112,71,0) (76,112,71) (0,76,112) (71,0,76) (112,71,0) (76,112,71) (0,76,112) (71,0,76) (112,71,0) (76,112,71) (0,76,112) (71,0,76) (112,71,0) (76,112,71) (0,76,112) (71,0,76) (112,71,0) (76,112,71) (0,76,112) (71,0,76) (112,71,0) (76,112,71) (0,76,112) (71,0,76) (112,71,0) (76,112,71) (0,76,112) (71,0,76) (112,71,0) (76,112,71) (0,76,112) (71,0,76) (112,71,0) (76,112,71) (0,76,112) (71,0,76) (112,71,0) (76,112,71) (0,76,112) (71,0,76) (112,71,0) (76,112,71) (0,76,112) (71,0,76) (112,71,0) (76,112,71) (0,76,112) (71,0,76) (112,71,0) (76,112,71) (0,76,112) (71,0,76) (112,71,0) (76,112,71) (0,76,112) (71,0,76) (112,71,0) (76,112,71) (0,76,112) (71,0,76) (112,71,0) (76,112,71) (0,76,112) (71,0,76) (112,71,0) (76,112,71) (0,76,112) (71,0,76) (112,71,0) (76,112,71) (0,76,112) (71,0,76) (112,71,0) (76,112,71) (0,76,112) (71,0,76) (112,71,0) (76,112,71) (0,76,112) (71,0,76) (112,71,0) (76,112,71) (0,76,112) (71,0,76) (112,71,0) (76,112,71) (0,76,112) (71,0,76) (112,71,0) (76,112,71) (0,76,112) (71,0,76) (112,71,0) (76,112,71) (0,76,112) (71,0,76) (112,71,0) (76,112,71) (0,76,112) (71,0,76) (112,71,0) (76,112,71) (0,76,112) (71,0,76) (112,71,0) (76,112,71) (0,76,112) (71,0,76) (112,71,0) 
(76,112,71) (0,76,112) (71,0,76) (112,71,0) (76,112,71) (0,76,112) (71,0,76) (112,71,0) (76,112,71) (0,76,112) (71,0,76) (112,71,0) (76,112,71) (0,76,112) (71,0,76) (112,71,0) (76,112,71) (0,76,112) (71,0,76) (112,71,0) (76,112,71) (0,76,112) (71,0,76) (112,71,0) (76,112,71) (0,76,112) (71,0,76) (112,71,0) (76,112,71) (0,76,112) (71,0,76) (112,71,0) (76,112,71) (0,76,112) (71,0,76) (112,71,0) (76,112,71) (0,76,112) (71,0,76) (112,71,0) (76,112,71) (0,76,112) (71,0,76) (112,71,0) (76,112,71) (0,76,112) (71,0,76) (112,71,0) (76,112,71) (0,76,112) (71,0,76) (112,71,0) (76,112,71) (0,76,112) (71,0,76) (112,71,0) (76,112,71) (0,76,112) (71,0,76) (112,71,0) (76,112,71) (0,76,112) (71,0,76) (112,71,0) (76,112,71) (0,76,112) (71,0,76) (112,71,0) (76,112,71) (0,76,112) (71,0,76) (112,71,0) (76,112,71) (0,76,112) (71,0,76) (112,71,0) (76,112,71) (0,76,112) (71,0,76) (112,71,0) (76,112,71) (0,76,112) (71,0,76) (112,71,0) (76,112,71) (0,76,112) (71,0,76) (112,71,0) (76,112,71) (0,76,112) (71,0,76) (112,71,0) (76,112,71) (0,76,112) (71,0,76) (112,71,0) (76,112,71) (0,76,112) (71,0,76) (112,71,0) (76,112,71) (0,76,112) (71,0,76) (112,71,0) (76,112,71) (0,76,112) (71,0,76) (112,71,0) (76,112,71) (0,76,112) (71,0,76) (112,71,0) (76,112,71) (0,76,112) (71,0,76) (112,71,0) (76,112,71) (0,76,112) (71,0,76) (112,71,0) (76,112,71) (0,76,112) (71,0,76) (112,71,0) (76,112,71) (0,76,112) (71,0,76) (112,71,0) (76,112,71) (0,76,112) (71,0,76) (112,71,0) (76,112,71) (0,76,112) (71,0,76) (112,71,0) (76,112,71) (0,76,112) (71,0,76) (112,71,0) (76,112,71) (0,76,112) (71,0,76) (112,71,0) (76,112,71) (0,76,112) (71,0,76) (112,71,0) (76,112,71) (0,76,112) (71,0,76) (112,71,0) (76,112,71) (0,76,112) (71,0,76) (112,71,0) (76,112,71) (0,76,112) (71,0,76) (112,71,0) (76,112,71) (0,76,112) (71,0,76) (112,71,0) (76,112,71) (0,76,112) (71,0,76) (112,71,0) (76,112,71) (0,76,112) (71,0,76) (112,71,0) (76,112,71) (0,76,112) (71,0,76) (112,71,0) (76,112,71) (0,76,112) (71,0,76) (112,71,0) (76,112,71) (0,76,112) (71,0,76) (112,71,0) (76,112,71) (0,76,112) (71,0,76) (112,71,0) (76,112,71) (0,76,112) (71,0,76) (112,71,0) (76,112,71) (0,76,112) (71,0,76) (112,71,0) (76,112,71) (0,76,112) (71,0,76) (112,71,0) (76,112,71) (0,76,112) (71,0,76) (112,71,0) (76,112,71) (0,76,112) (71,0,76) (112,71,0) (76,112,71) (0,76,112) (71,0,76) (112,71,0) (76,112,71) (0,76,112) (71,0,76) (112,71,0) (76,112,71) (0,76,112) (71,0,76) (112,71,0) (76,112,71) (0,76,112) (71,0,76) (112,71,0) (76,112,71) (0,76,112) (71,0,76) (112,71,0) (76,112,71) (0,76,112) (71,0,76) (112,71,0) (76,112,71) (0,76,112) (71,0,76) (112,71,0) (76,112,71) (0,76,112) (71,0,76) (112,71,0) (76,112,71) (0,76,112) (71,0,76) (112,71,0) (76,112,71) (0,76,112) (71,0,76) (112,71,0) (76,112,71) (0,76,112) (71,0,76) (112,71,0) (76,112,71) (0,76,112) (71,0,76) (112,71,0) 
(76,112,71) (0,76,112) (71,0,76) (112,71,0) (76,112,71) (0,76,112) (71,0,76) (112,71,0) (76,112,71) (0,76,112) (71,0,76) (112,71,0) (76,112,71) (0,76,112) (71,0,76) (112,71,0) (76,112,71) (0,76,112) (71,0,76) (112,71,0) (76,112,71) (0,76,112) (71,0,76) (112,71,0) (76,112,71) (0,76,112) (71,0,76) (112,71,0) (76,112,71) (0,76,112) (71,0,76) (112,71,0) (76,112,71) (0,76,112) (71,0,76) (112,71,0) (76,112,71) (0,76,112) (71,0,76) (112,71,0) (76,112,71) (0,76,112) (71,0,76) (112,71,0) (76,112,71) (0,76,112) (71,0,76) (112,71,0) (76,112,71) (0,76,112) (71,0,76) (112,71,0) (76,112,71) (0,76,112) (71,0,76) (112,71,0) (76,112,71) (0,76,112) (71,0,76) (112,71,0) (76,112,71) (0,76,112) (71,0,76) (112,71,0) (76,112,71) (0,76,112) (71,0,76) (112,71,0) (76,112,71) (0,76,112) (71,0,76) (112,71,0) (76,112,71) (0,76,112) (71,0,76) (112,71,0) (76,112,71) (0,76,112) (71,0,76) (112,71,0) (76,112,71) (0,76,112) (71,0,76) (112,71,0) (76,112,71) (0,76,112) (71,0,76) (112,71,0) (76,112,71) (0,76,112) (71,0,76) (112,71,0) (76,112,71) (0,76,112) (71,0,76) (112,71,0) (76,112,71) (0,76,112) (71,0,76) (112,71,0) (76,112,71) (0,76,112) (71,0,76) (112,71,0) (76,112,71) (0,76,112) (71,0,76) (112,71,0) (76,112,71) (0,76,112) (71,0,76) (112,71,0) (76,112,71) (0,76,112) (71,0,76) (112,71,0) (76,112,71) (0,76,112) (71,0,76) (112,71,0) (76,112,71) (0,76,112) (71,0,76) (112,71,0) (76,112,71) (0,76,112) (71,0,76) (112,71,0) (76,112,71) (0,76,112) (71,0,76) (112,71,0) (76,112,71) (0,76,112) (71,0,76) (112,71,0) (76,112,71) (0,76,112) (71,0,76) (112,71,0) (76,112,71) (0,76,112) (71,0,76) (112,71,0) (76,112,71) (0,76,112) (71,0,76) (112,71,0) (76,112,71) (0,76,112) (71,0,76) (112,71,0) (76,112,71) (0,76,112) (71,0,76) (112,71,0) (76,112,71) (0,76,112) (71,0,76) (112,71,0) (76,112,71) (0,76,112) (71,0,76) (112,71,0) (76,112,71) (0,76,112) (71,0,76) (112,71,0) (76,112,71) (0,76,112) (71,0,76) (112,71,0) (76,112,71) (0,76,112) (71,0,76) (112,71,0) (76,112,71) (0,76,112) (71,0,76) (112,71,0) (76,112,71) (0,76,112) (71,0,76) (112,71,0) (76,112,71) (0,76,112) (71,0,76) (112,71,0) (76,112,71) (0,76,112) (71,0,76) (112,71,0) (76,112,71) (0,76,112) (71,0,76) (112,71,0) (76,112,71) (0,76,112) (71,0,76) (112,71,0) (76,112,71) (0,76,112) (71,0,76) (112,71,0) (76,112,71) (0,76,112) (71,0,76) (112,71,0) (76,112,71) (0,76,112) (71,0,76) (112,71,0) (76,112,71) (0,76,112) (71,0,76) (112,71,0) (76,112,71) (0,76,112) (71,0,76) (112,71,0) (76,112,71) (0,76,112) (71,0,76) (112,71,0) (76,112,71) (0,76,112) (71,0,76) (112,71,0) (76,112,71) (0,76,112) (71,0,76) (112,71,0) (76,112,71) (0,76,112) (71,0,76) (112,71,0) (76,112,71) (0,76,112) (71,0,76) (112,71,0) (76,112,71) (0,76,112) (71,0,76) (112,71,0) (76,112,71) (0,76,112) (71,0,76) (112,71,0) (76,112,71) (0,76,112) (71,0,76) (112,71,0) (76,112,71) (0,76,112) (71,0,76) (112,71,0) 
(76,112,71) (0,76,112) (71,0,76) (112,71,0) (76,112,71) (0,76,112) (71,0,76) (112,71,0) (76,112,71) (0,76,112) (71,0,76) (112,71,0) (76,112,71) (0,76,112) (71,0,76) (112,71,0) (76,112,71) (0,76,112) (71,0,76) (112,71,0) (76,112,71) (0,76,112) (71,0,76) (112,71,0) (76,112,71) (0,76,112) (71,0,76) (112,71,0) (76,112,71) (0,76,112) (71,0,76) (112,71,0) (76,112,71) (0,76,112) (71,0,76) (112,71,0) (76,112,71) (0,76,112) (71,0,76) (112,71,0) (76,112,71) (0,76,112) (71,0,76) (112,71,0) (76,112,71) (0,76,112) (71,0,76) (112,71,0) (76,112,71) (0,76,112) (71,0,76) (112,71,0) (76,112,71) (0,76,112) (71,0,76) (112,71,0) (76,112,71) (0,76,112) (71,0,76) (112,71,0) (76,112,71) (0,76,112) (71,0,76) (112,71,0) (76,112,71) (0,76,112) (71,0,76) (112,71,0) (76,112,71) (0,76,112) (71,0,76) (112,71,0) (76,112,71) (0,76,112) (71,0,76) (112,71,0) (76,112,71) (0,76,112) (71,0,76) (112,71,0) (76,112,71) (0,76,112) (71,0,76) (112,71,0) (76,112,71) (0,76,112) (71,0,76) (112,71,0) (76,112,71) (0,76,112) (71,0,76) (112,71,0) (76,112,71) (0,76,112) (71,0,76) (112,71,0) (76,112,71) (0,76,112) (71,0,76) (112,71,0) (76,112,71) (0,76,112) (71,0,76) (112,71,0) (76,112,71) (0,76,112) (71,0,76) (112,71,0) (76,112,71) (0,76,112) (71,0,76) (112,71,0) (76,112,71) (0,76,112) (71,0,76) (112,71,0) (76,112,71) (0,76,112) (71,0,76) (112,71,0) (76,112,71) (0,76,112) (71,0,76) (112,71,0) (76,112,71) (0,76,112) (71,0,76) (112,71,0) (76,112,71) (0,76,112) (71,0,76) (112,71,0) (76,112,71) (0,76,112) (71,0,76) (112,71,0) (76,112,71) (0,76,112) (71,0,76) (112,71,0) (76,112,71) (0,76,112) (71,0,76) (112,71,0) (76,112,71) (0,76,112) (71,0,76) (112,71,0) (76,112,71) (0,76,112) (71,0,76) (112,71,0) (76,112,71) (0,76,112) (71,0,76) (112,71,0) (76,112,71) (0,76,112) (71,0,76) (112,71,0) (76,112,71) (0,76,112) (71,0,76) (112,71,0) (76,112,71) (0,76,112) (71,0,76) (112,71,0) (76,112,71) (0,76,112) (71,0,76) (112,71,0) (76,112,71) (0,76,112) (71,0,76) (112,71,0) (76,112,71) (0,76,112) (71,0,76) (112,71,0) (76,112,71) (0,76,112) (71,0,76) (112,71,0) (76,112,71) (0,76,112) (71,0,76) (112,71,0) (76,112,71) (0,76,112) (71,0,76) (112,71,0) (76,112,71) (0,76,112) (71,0,76) (112,71,0) (76,112,71) (0,76,112) (71,0,76) (112,71,0) (76,112,71) (0,76,112) (71,0,76) (112,71,0) (76,112,71) (0,76,112) (71,0,76) (112,71,0) (76,112,71) (0,76,112) (71,0,76) (112,71,0) (76,112,71) (0,76,112) (71,0,76) (112,71,0) (76,112,71) (0,76,112) (71,0,76) (112,71,0) (76,112,71) (0,76,112) (71,0,76) (112,71,0) (76,112,71) (0,76,112) (71,0,76) (112,71,0) (76,112,71) (0,76,112) (71,0,76) (112,71,0) (76,112,71) (0,76,112) (71,0,76) (112,71,0) (76,112,71) (0,76,112) (71,0,76) (112,71,0) (76,112,71) (0,76,112) (71,0,76) (112,71,0) (76,112,71) (0,76,112) (71,0,76) (112,71,0) (76,112,71) (0,76,112) (71,0,76) (112,71,0) (76,112,71) (0,76,112) (71,0,76) (112,71,0) 
(76,112,71) (0,76,112) (71,0,76) (112,71,0) (76,112,71) (0,76,112) (71,0,76) (112,71,0) (76,112,71) (0,76,112) (71,0,76) (112,71,0) (76,112,71) (0,76,112) (71,0,76) (112,71,0) (76,112,71) (0,76,112) (71,0,76) (112,71,0) (76,112,71) (0,76,112) (71,0,76) (112,71,0) (76,112,71) (0,76,112) (71,0,76) (112,71,0) (76,112,71) (0,76,112) (71,0,76) (112,71,0) (76,112,71) (0,76,112) (71,0,76) (112,71,0) (76,112,71) (0,76,112) (71,0,76) (112,71,0) (76,112,71) (0,76,112) (71,0,76) (112,71,0) (76,112,71) (0,76,112) (71,0,76) (112,71,0) (76,112,71) (0,76,112) (71,0,76) (112,71,0) (76,112,71) (0,76,112) (71,0,76) (112,71,0) (76,112,71) (0,76,112) (71,0,76) (112,71,0) (76,112,71) (0,76,112) (71,0,76) (112,71,0) (76,112,71) (0,76,112) (71,0,76) (112,71,0) (76,112,71) (0,76,112) (71,0,76) (112,71,0) (76,112,71) (0,76,112) (71,0,76) (112,71,0) (76,112,71) (0,76,112) (71,0,76) (112,71,0) (76,112,71) (0,76,112) (71,0,76) (112,71,0) (76,112,71) (0,76,112) (71,0,76) (112,71,0) (76,112,71) (0,76,112) (71,0,76) (112,71,0) (76,112,71) (0,76,112) (71,0,76) (112,71,0) (76,112,71) (0,76,112) (71,0,76) (112,71,0) (76,112,71) (0,76,112) (71,0,76) (112,71,0) (76,112,71) (0,76,112) (71,0,76) (112,71,0) (76,112,71) (0,76,112) (71,0,76) (112,71,0) (76,112,71) (0,76,112) (71,0,76) (112,71,0) (76,112,71) (0,76,112) (71,0,76) (112,71,0) (76,112,71) (0,76,112) (71,0,76) (112,71,0) (76,112,71) (0,76,112) (71,0,76) (112,71,0) (76,112,71) (0,76,112) (71,0,76) (112,71,0) (76,112,71) (0,76,112) (71,0,76) (112,71,0) (76,112,71) (0,76,112) (71,0,76) (112,71,0) (76,112,71) (0,76,112) (71,0,76) (112,71,0) (76,112,71) (0,76,112) (71,0,76) (112,71,0) (76,112,71) (0,76,112) (71,0,76) (112,71,0) (76,112,71) (0,76,112) (71,0,76) (112,71,0) (76,112,71) (0,76,112) (71,0,76) (112,71,0) (76,112,71) (0,76,112) (71,0,76) (112,71,0) (76,112,71) (0,76,112) (71,0,76) (112,71,0) (76,112,71) (0,76,112) (71,0,76) (112,71,0) (76,112,71) (0,76,112) (71,0,76) (112,71,0) (76,112,71) (0,76,112) (71,0,76) (112,71,0) (76,112,71) (0,76,112) (71,0,76) (112,71,0) (76,112,71) (0,76,112) (71,0,76) (112,71,0) (76,112,71) (0,76,112) (71,0,76) (112,71,0) (76,112,71) (0,76,112) (71,0,76) (112,71,0) (76,112,71) (0,76,112) (71,0,76) (112,71,0) (76,112,71) (0,76,112) (71,0,76) (112,71,0) (76,112,71) (0,76,112) (71,0,76) (112,71,0) (76,112,71) (0,76,112) (71,0,76) (112,71,0) (76,112,71) (0,76,112) (71,0,76) (112,71,0) (76,112,71) (0,76,112) (71,0,76) (112,71,0) (76,112,71) (0,76,112) (71,0,76) (112,71,0) (76,112,71) (0,76,112) (71,0,76) (112,71,0) (76,112,71) (0,76,112) (71,0,76) (112,71,0) (76,112,71) (0,76,112) (71,0,76) (112,71,0) (76,112,71) (0,76,112) (71,0,76) (112,71,0) (76,112,71) (0,76,112) (71,0,76) (112,71,0) (76,112,71) (0,76,112) (71,0,76) (112,71,0) (76,112,71) (0,76,112) (71,0,76) (112,71,0) (76,112,71) (0,76,112) (71,0,76) (112,71,0) 
(76,112,71) (0,76,112) (71,0,76) (112,71,0) (76,112,71) (0,76,112) (71,0,76) (112,71,0) (76,112,71) (0,76,112) (71,0,76) (112,71,0) (76,112,71) (0,76,112) (71,0,76) (112,71,0) (76,112,71) (0,76,112) (71,0,76) (112,71,0) (76,112,71) (0,76,112) (71,0,76) (112,71,0) (76,112,71) (0,76,112) (71,0,76) (112,71,0) (76,112,71) (0,76,112) (71,0,76) (112,71,0) (76,112,71) (0,76,112) (71,0,76) (112,71,0) (76,112,71) (0,76,112) (71,0,76) (112,71,0) (76,112,71) (0,76,112) (71,0,76) (112,71,0) (76,112,71) (0,76,112) (71,0,76) (112,71,0) (76,112,71) (0,76,112) (71,0,76) (112,71,0) (76,112,71) (0,76,112) (71,0,76) (112,71,0) (76,112,71) (0,76,112) (71,0,76) (112,71,0) (76,112,71) (0,76,112) (71,0,76) (112,71,0) (76,112,71) (0,76,112) (71,0,76) (112,71,0) (76,112,71) (0,76,112) (71,0,76) (112,71,0) (76,112,71) (0,76,112) (71,0,76) (112,71,0) (76,112,71) (0,76,112) (71,0,76) (112,71,0) (76,112,71) (0,76,112) (71,0,76) (112,71,0) (76,112,71) (0,76,112) (71,0,76) (112,71,0) (76,112,71) (0,76,112) (71,0,76) (112,71,0) (76,112,71) (0,76,112) (71,0,76) (112,71,0) (76,112,71) (0,76,112) (71,0,76) (112,71,0) (76,112,71) (0,76,112) (71,0,76) (112,71,0) (76,112,71) (0,76,112) (71,0,76) (112,71,0) (76,112,71) (0,76,112) (71,0,76) (112,71,0) (76,112,71) (0,76,112) (71,0,76) (112,71,0) (76,112,71) (0,76,112) (71,0,76) (112,71,0) (76,112,71) (0,76,112) (71,0,76) (112,71,0) (76,112,71) (0,76,112) (71,0,76) (112,71,0) (76,112,71) (0,76,112) (71,0,76) (112,71,0) (76,112,71) (0,76,112) (71,0,76) (112,71,0) (76,112,71) (0,76,112) (71,0,76) (112,71,0) (76,112,71) (0,76,112) (71,0,76) (112,71,0) (76,112,71) (0,76,112) (71,0,76) (112,71,0) (76,112,71) (0,76,112) (71,0,76) (112,71,0) (76,112,71) (0,76,112) (71,0,76) (112,71,0) (76,112,71) (0,76,112) (71,0,76) (112,71,0) (76,112,71) (0,76,112) (71,0,76) (112,71,0) (76,112,71) (0,76,112) (71,0,76) (112,71,0) (76,112,71) (0,76,112) (71,0,76) (112,71,0) (76,112,71) (0,76,112) (71,0,76) (112,71,0) (76,112,71) (0,76,112) (71,0,76) (112,71,0) (76,112,71) (0,76,112) (71,0,76) (112,71,0) (76,112,71) (0,76,112) (71,0,76) (112,71,0) (76,112,71) (0,76,112) (71,0,76) (112,71,0) (76,112,71) (0,76,112) (71,0,76) (112,71,0) (76,112,71) (0,76,112) (71,0,76) (112,71,0) (76,112,71) (0,76,112) (71,0,76) (112,71,0) (76,112,71) (0,76,112) (71,0,76) (112,71,0) (76,112,71) (0,76,112) (71,0,76) (112,71,0) (76,112,71) (0,76,112) (71,0,76) (112,71,0) (76,112,71) (0,76,112) (71,0,76) (112,71,0) (76,112,71) (0,76,112) (71,0,76) (112,71,0) (76,112,71) (0,76,112) (71,0,76) (112,71,0) (76,112,71) (0,76,112) (71,0,76) (112,71,0) (76,112,71) (0,76,112) (71,0,76) (112,71,0) (76,112,71) (0,76,112) (71,0,76) (112,71,0) (76,112,71) (0,76,112) (71,0,76) (112,71,0) (76,112,71) (0,76,112) (71,0,76) (112,71,0) (76,112,71) (0,76,112) (71,0,76) (112,71,0) (76,112,71) (0,76,112) (71,0,76) (112,71,0) 
(76,112,71) (0,76,112) (71,0,76) (112,71,0) (76,112,71) (0,76,112) (71,0,76) (112,71,0) (76,112,71) (0,76,112) (71,0,76) (112,71,0) (76,112,71) (0,76,112) (71,0,76) (112,71,0) (76,112,71) (0,76,112) (71,0,76) (112,71,0) (76,112,71) (0,76,112) (71,0,76) (112,71,0) (76,112,71) (0,76,112) (71,0,76) (112,71,0) (76,112,71) (0,76,112) (71,0,76) (112,71,0) (76,112,71) (0,76,112) (71,0,76) (112,71,0) (76,112,71) (0,76,112) (71,0,76) (112,71,0) (76,112,71) (0,76,112) (71,0,76) (112,71,0) (76,112,71) (0,76,112) (71,0,76) (112,71,0) (76,112,71) (0,76,112) (71,0,76) (112,71,0) (76,112,71) (0,76,112) (71,0,76) (112,71,0) (76,112,71) (0,76,112) (71,0,76) (112,71,0) (76,112,71) (0,76,112) (71,0,76) (112,71,0) (76,112,71) (0,76,112) (71,0,76) (112,71,0) (76,112,71) (0,76,112) (71,0,76) (112,71,0) (76,112,71) (0,76,112) (71,0,76) (112,71,0) (76,112,71) (0,76,112) (71,0,76) (112,71,0) (76,112,71) (0,76,112) (71,0,76) (112,71,0) (76,112,71) (0,76,112) (71,0,76) (112,71,0) (76,112,71) (0,76,112) (71,0,76) (112,71,0) (76,112,71) (0,76,112) (71,0,76) (112,71,0) (76,112,71) (0,76,112) (71,0,76) (112,71,0) (76,112,71) (0,76,112) (71,0,76) (112,71,0) (76,112,71) (0,76,112) (71,0,76) (112,71,0) (76,112,71) (0,76,112) (71,0,76) (112,71,0) (76,112,71) (0,76,112) (71,0,76) (112,71,0) (76,112,71) (0,76,112) (71,0,76) (112,71,0) (76,112,71) (0,76,112) (71,0,76) (112,71,0) (76,112,71) (0,76,112) (71,0,76) (112,71,0) (76,112,71) (0,76,112) (71,0,76) (112,71,0) (76,112,71) (0,76,112) (71,0,76) (112,71,0) (76,112,71) (0,76,112) (71,0,76) (112,71,0) (76,112,71) (0,76,112) (71,0,76) (112,71,0) (76,112,71) (0,76,112) (71,0,76) (112,71,0) (76,112,71) (0,76,112) (71,0,76) (112,71,0) (76,112,71) (0,76,112) (71,0,76) (112,71,0) (76,112,71) (0,76,112) (71,0,76) (112,71,0) (76,112,71) (0,76,112) (71,0,76) (112,71,0) (76,112,71) (0,76,112) (71,0,76) (112,71,0) (76,112,71) (0,76,112) (71,0,76) (112,71,0) (76,112,71) (0,76,112) (71,0,76) (112,71,0) (76,112,71) (0,76,112) (71,0,76) (112,71,0) (76,112,71) (0,76,112) (71,0,76) (112,71,0) (76,112,71) (0,76,112) (71,0,76) (112,71,0) (76,112,71) (0,76,112) (71,0,76) (112,71,0) (76,112,71) (0,76,112) (71,0,76) (112,71,0) (76,112,71) (0,76,112) (71,0,76) (112,71,0) (76,112,71) (0,76,112) (71,0,76) (112,71,0) (76,112,71) (0,76,112) (71,0,76) (112,71,0) (76,112,71) (0,76,112) (71,0,76) (112,71,0) (76,112,71) (0,76,112) (71,0,76) (112,71,0) (76,112,71) (0,76,112) (71,0,76) (112,71,0) (76,112,71) (0,76,112) (71,0,76) (112,71,0) (76,112,71) (0,76,112) (71,0,76) (112,71,0) (76,112,71) (0,76,112) (71,0,76) (112,71,0) (76,112,71) (0,76,112) (71,0,76) (112,71,0) (76,112,71) (0,76,112) (71,0,76) (112,71,0) (76,112,71) (0,76,112) (71,0,76) (112,71,0) (76,112,71) (0,76,112) (71,0,76) (112,71,0) (76,112,71) (0,76,112) (71,0,76) (112,71,0) (76,112,71) (0,76,112) (71,0,76) (112,71,0) 
(76,112,71) (0,76,112) (71,0,76) (112,71,0) (76,112,71) (0,76,112) (71,0,76) (112,71,0) (76,112,71) (0,76,112) (71,0,76) (112,71,0) (76,112,71) (0,76,112) (71,0,76) (112,71,0) (76,112,71) (0,76,112) (71,0,76) (112,71,0) (76,112,71) (0,76,112) (71,0,76) (112,71,0) (76,112,71) (0,76,112) (71,0,76) (112,71,0) (76,112,71) (0,76,112) (71,0,76) (112,71,0) (76,112,71) (0,76,112) (71,0,76) (112,71,0) (76,112,71) (0,76,112) (71,0,76) (112,71,0) (76,112,71) (0,76,112) (71,0,76) (112,71,0) (76,112,71) (0,76,112) (71,0,76) (112,71,0) (76,112,71) (0,76,112) (71,0,76) (112,71,0) (76,112,71) (0,76,112) (71,0,76) (112,71,0) (76,112,71) (0,76,112) (71,0,76) (112,71,0) (76,112,71) (0,76,112) (71,0,76) (112,71,0) (76,112,71) (0,76,112) (71,0,76) (112,71,0) (76,112,71) (0,76,112) (71,0,76) (112,71,0) (76,112,71) (0,76,112) (71,0,76) (112,71,0) (76,112,71) (0,76,112) (71,0,76) (112,71,0) (76,112,71) (0,76,112) (71,0,76) (112,71,0) (76,112,71) (0,76,112) (71,0,76) (112,71,0) (76,112,71) (0,76,112) (71,0,76) (112,71,0) (76,112,71) (0,76,112) (71,0,76) (112,71,0) (76,112,71) (0,76,112) (71,0,76) (112,71,0) (76,112,71) (0,76,112) (71,0,76) (112,71,0) (76,112,71) (0,76,112) (71,0,76) (112,71,0) (76,112,71) (0,76,112) (71,0,76) (112,71,0) (76,112,71) (0,76,112) (71,0,76) (112,71,0) (76,112,71) (0,76,112) (71,0,76) (112,71,0) (76,112,71) (0,76,112) (71,0,76) (112,71,0) (76,112,71) (0,76,112) (71,0,76) (112,71,0) (76,112,71) (0,76,112) (71,0,76) (112,71,0) (76,112,71) (0,76,112) (71,0,76) (112,71,0) (76,112,71) (0,76,112) (71,0,76) (112,71,0) (76,112,71) (0,76,112) (71,0,76) (112,71,0) (76,112,71) (0,76,112) (71,0,76) (112,71,0) (76,112,71) (0,76,112) (71,0,76) (112,71,0) (76,112,71) (0,76,112) (71,0,76) (112,71,0) (76,112,71) (0,76,112) (71,0,76) (112,71,0) (76,112,71) (0,76,112) (71,0,76) (112,71,0) (76,112,71) (0,76,112) (71,0,76) (112,71,0) (76,112,71) (0,76,112) (71,0,76) (112,71,0) (76,112,71) (0,76,112) (71,0,76) (112,71,0) (76,112,71) (0,76,112) (71,0,76) (112,71,0) (76,112,71) (0,76,112) (71,0,76) (112,71,0) (76,112,71) (0,76,112) (71,0,76) (112,71,0) (76,112,71) (0,76,112) (71,0,76) (112,71,0) (76,112,71) (0,76,112) (71,0,76) (112,71,0) (76,112,71) (0,76,112) (71,0,76) (112,71,0) (76,112,71) (0,76,112) (71,0,76) (112,71,0) (76,112,71) (0,76,112) (71,0,76) (112,71,0) (76,112,71) (0,76,112) (71,0,76) (112,71,0) (76,112,71) (0,76,112) (71,0,76) (112,71,0) (76,112,71) (0,76,112) (71,0,76) (112,71,0) (76,112,71) (0,76,112) (71,0,76) (112,71,0) (76,112,71) (0,76,112) (71,0,76) (112,71,0) (76,112,71) (0,76,112) (71,0,76) (112,71,0) (76,112,71) (0,76,112) (71,0,76) (112,71,0) (76,112,71) (0,76,112) (71,0,76) (112,71,0) (76,112,71) (0,76,112) (71,0,76) (112,71,0) (76,112,71) (0,76,112) (71,0,76) (112,71,0) (76,112,71) (0,76,112) (71,0,76) (112,71,0) (76,112,71) (0,76,112) (71,0,76) (112,71,0) 
(76,112,71) (0,76,112) (71,0,76) (112,71,0) (76,112,71) (0,76,112) (71,0,76) (112,71,0) (76,112,71) (0,76,112) (71,0,76) (112,71,0) (76,112,71) (0,76,112) (71,0,76) (112,71,0) (76,112,71) (0,76,112) (71,0,76) (112,71,0) (76,112,71) (0,76,112) (71,0,76) (112,71,0) (76,112,71) (0,76,112) (71,0,76) (112,71,0) (76,112,71) (0,76,112) (71,0,76) (112,71,0) (76,112,71) (0,76,112) (71,0,76) (112,71,0) (76,112,71) (0,76,112) (71,0,76) (112,71,0) (76,112,71) (0,76,112) (71,0,76) (112,71,0) (76,112,71) (0,76,112) (71,0,76) (112,71,0) (76,112,71) (0,76,112) (71,0,76) (112,71,0) (76,112,71) (0,76,112) (71,0,76) (112,71,0) (76,112,71) (0,76,112) (71,0,76) (112,71,0) (76,112,71) (0,76,112) (71,0,76) (112,71,0) (76,112,71) (0,76,112) (71,0,76) (112,71,0) (76,112,71) (0,76,112) (71,0,76) (112,71,0) (76,112,71) (0,76,112) (71,0,76) (112,71,0) (76,112,71) (0,76,112) (71,0,76) (112,71,0) (76,112,71) (0,76,112) (71,0,76) (112,71,0) (76,112,71) (0,76,112) (71,0,76) (112,71,0) (76,112,71) (0,76,112) (71,0,76) (112,71,0) (76,112,71) (0,76,112) (71,0,76) (112,71,0) (76,112,71) (0,76,112) (71,0,76) (112,71,0) (76,112,71) (0,76,112) (71,0,76) (112,71,0) (76,112,71) (0,76,112) (71,0,76) (112,71,0) (76,112,71) (0,76,112) (71,0,76) (112,71,0) (76,112,71) (0,76,112) (71,0,76) (112,71,0) (76,112,71) (0,76,112) (71,0,76) (112,71,0) (76,112,71) (0,76,112) (71,0,76) (112,71,0) (76,112,71) (0,76,112) (71,0,76) (112,71,0) (76,112,71) (0,76,112) (71,0,76) (112,71,0) (76,112,71) (0,76,112) (71,0,76) (112,71,0) (76,112,71) (0,76,112) (71,0,76) (112,71,0) (76,112,71) (0,76,112) (71,0,76) (112,71,0) (76,112,71) (0,76,112) (71,0,76) (112,71,0) (76,112,71) (0,76,112) (71,0,76) (112,71,0) (76,112,71) (0,76,112) (71,0,76) (112,71,0) (76,112,71) (0,76,112) (71,0,76) (112,71,0) (76,112,71) (0,76,112) (71,0,76) (112,71,0) (76,112,71) (0,76,112) (71,0,76) (112,71,0) (76,112,71) (0,76,112) (71,0,76) (112,71,0) (76,112,71) (0,76,112) (71,0,76) (112,71,0) (76,112,71) (0,76,112) (71,0,76) (112,71,0) (76,112,71) (0,76,112) (71,0,76) (112,71,0) (76,112,71) (0,76,112) (71,0,76) (112,71,0) (76,112,71) (0,76,112) (71,0,76) (112,71,0) (76,112,71) (0,76,112) (71,0,76) (112,71,0) (76,112,71) (0,76,112) (71,0,76) (112,71,0) (76,112,71) (0,76,112) (71,0,76) (112,71,0) (76,112,71) (0,76,112) (71,0,76) (112,71,0) (76,112,71) (0,76,112) (71,0,76) (112,71,0) (76,112,71) (0,76,112) (71,0,76) (112,71,0) (76,112,71) (0,76,112) (71,0,76) (112,71,0) (76,112,71) (0,76,112) (71,0,76) (112,71,0) (76,112,71) (0,76,112) (71,0,76) (112,71,0) (76,112,71) (0,76,112) (71,0,76) (112,71,0) (76,112,71) (0,76,112) (71,0,76) (112,71,0) (76,112,71) (0,76,112) (71,0,76) (112,71,0) (76,112,71) (0,76,112) (71,0,76) (112,71,0) (76,112,71) (0,76,112) (71,0,76) (112,71,0) (76,112,71) (0,76,112) (71,0,76) (112,71,0) (76,112,71) (0,76,112) (71,0,76) (112,71,0) 
(76,112,71) (0,76,112) (71,0,76) (112,71,0) (76,112,71) (0,76,112) (71,0,76) (112,71,0) (76,112,71) (0,76,112) (71,0,76) (112,71,0) (76,112,71) (0,76,112) (71,0,76) (112,71,0) (76,112,71) (0,76,112) (71,0,76) (112,71,0) (76,112,71) (0,76,112) (71,0,76) (112,71,0) (76,112,71) (0,76,112) (71,0,76) (112,71,0) (76,112,71) (0,76,112) (71,0,76) (112,71,0) (76,112,71) (0,76,112) (71,0,76) (112,71,0) (76,112,71) (0,76,112) (71,0,76) (112,71,0) (76,112,71) (0,76,112) (71,0,76) (112,71,0) (76,112,71) (0,76,112) (71,0,76) (112,71,0) (76,112,71) (0,76,112) (71,0,76) (112,71,0) (76,112,71) (0,76,112) (71,0,76) (112,71,0) (76,112,71) (0,76,112) (71,0,76) (112,71,0) (76,112,71) (0,76,112) (71,0,76) (112,71,0) (76,112,71) (0,76,112) (71,0,76) (112,71,0) (76,112,71) (0,76,112) (71,0,76) (112,71,0) (76,112,71) (0,76,112) (71,0,76) (112,71,0) (76,112,71) (0,76,112) (71,0,76) (112,71,0) (76,112,71) (0,76,112) (71,0,76) (112,71,0) (76,112,71) (0,76,112) (71,0,76) (112,71,0) (76,112,71) (0,76,112) (71,0,76) (112,71,0) (76,112,71) (0,76,112) (71,0,76) (112,71,0) (76,112,71) (0,76,112) (71,0,76) (112,71,0) (76,112,71) (0,76,112) (71,0,76) (112,71,0) (76,112,71) (0,76,112) (71,0,76) (112,71,0) (76,112,71) (0,76,112) (71,0,76) (112,71,0) (76,112,71) (0,76,112) (71,0,76) (112,71,0) (76,112,71) (0,76,112) (71,0,76) (112,71,0) (76,112,71) (0,76,112) (71,0,76) (112,71,0) (76,112,71) (0,76,112) (71,0,76) (112,71,0) (76,112,71) (0,76,112) (71,0,76) (112,71,0) (76,112,71) (0,76,112) (71,0,76) (112,71,0) (76,112,71) (0,76,112) (71,0,76) (112,71,0) (76,112,71) (0,76,112) (71,0,76) (112,71,0) (76,112,71) (0,76,112) (71,0,76) (112,71,0) (76,112,71) (0,76,112) (71,0,76) (112,71,0) (76,112,71) (0,76,112) (71,0,76) (112,71,0) (76,112,71) (0,76,112) (71,0,76) (112,71,0) (76,112,71) (0,76,112) (71,0,76) (112,71,0) (76,112,71) (0,76,112) (71,0,76) (112,71,0) (76,112,71) (0,76,112) (71,0,76) (112,71,0) (76,112,71) (0,76,112) (71,0,76) (112,71,0) (76,112,71) (0,76,112) (71,0,76) (112,71,0) (76,112,71) (0,76,112) (71,0,76) (112,71,0) (76,112,71) (0,76,112) (71,0,76) (112,71,0) (76,112,71) (0,76,112) (71,0,76) (112,71,0) (76,112,71) (0,76,112) (71,0,76) (112,71,0) (76,112,71) (0,76,112) (71,0,76) (112,71,0) (76,112,71) (0,76,112) (71,0,76) (112,71,0) (76,112,71) (0,76,112) (71,0,76) (112,71,0) (76,112,71) (0,76,112) (71,0,76) (112,71,0) (76,112,71) (0,76,112) (71,0,76) (112,71,0) (76,112,71) (0,76,112) (71,0,76) (112,71,0) (76,112,71) (0,76,112) (71,0,76) (112,71,0) (76,112,71) (0,76,112) (71,0,76) (112,71,0) (76,112,71) (0,76,112) (71,0,76) (112,71,0) (76,112,71) (0,76,112) (71,0,76) (112,71,0) (76,112,71) (0,76,112) (71,0,76) (112,71,0) (76,112,71) (0,76,112) (71,0,76) (112,71,0) (76,112,71) (0,76,112) (71,0,76) (112,71,0) (76,112,71) (0,76,112) (71,0,76) (112,71,0) (76,112,71) (0,76,112) (71,0,76) (112,71,0) 
(76,112,71) (0,76,112) (71,0,76) (112,71,0) (76,112,71) (0,76,112) (71,0,76) (112,71,0) (76,112,71) (0,76,112) (71,0,76) (112,71,0) (76,112,71) (0,76,112) (71,0,76) (112,71,0) (76,112,71) (0,76,112) (71,0,76) (112,71,0) (76,112,71) (0,76,112) (71,0,76) (112,71,0) (76,112,71) (0,76,112) (71,0,76) (112,71,0) (76,112,71) (0,76,112) (71,0,76) (112,71,0) (76,112,71) (0,76,112) (71,0,76) (112,71,0) (76,112,71) (0,76,112) (71,0,76) (112,71,0) (76,112,71) (0,76,112) (71,0,76) (112,71,0) (76,112,71) (0,76,112) (71,0,76) (112,71,0) (76,112,71) (0,76,112) (71,0,76) (112,71,0) (76,112,71) (0,76,112) (71,0,76) (112,71,0) (76,112,71) (0,76,112) (71,0,76) (112,71,0) (76,112,71) (0,76,112) (71,0,76) (112,71,0) (76,112,71) (0,76,112) (71,0,76) (112,71,0) (76,112,71) (0,76,112) (71,0,76) (112,71,0) (76,112,71) (0,76,112) (71,0,76) (112,71,0) (76,112,71) (0,76,112) (71,0,76) (112,71,0) (76,112,71) (0,76,112) (71,0,76) (112,71,0) (76,112,71) (0,76,112) (71,0,76) (112,71,0) (76,112,71) (0,76,112) (71,0,76) (112,71,0) (76,112,71) (0,76,112) (71,0,76) (112,71,0) (76,112,71) (0,76,112) (71,0,76) (112,71,0) (76,112,71) (0,76,112) (71,0,76) (112,71,0) (76,112,71) (0,76,112) (71,0,76) (112,71,0) (76,112,71) (0,76,112) (71,0,76) (112,71,0) (76,112,71) (0,76,112) (71,0,76) (112,71,0) (76,112,71) (0,76,112) (71,0,76) (112,71,0) (76,112,71) (0,76,112) (71,0,76) (112,71,0) (76,112,71) (0,76,112) (71,0,76) (112,71,0) (76,112,71) (0,76,112) (71,0,76) (112,71,0) (76,112,71) (0,76,112) (71,0,76) (112,71,0) (76,112,71) (0,76,112) (71,0,76) (112,71,0) (76,112,71) (0,76,112) (71,0,76) (112,71,0) (76,112,71) (0,76,112) (71,0,76) (112,71,0) (76,112,71) (0,76,112) (71,0,76) (112,71,0) (76,112,71) (0,76,112) (71,0,76) (112,71,0) (76,112,71) (0,76,112) (71,0,76) (112,71,0) (76,112,71) (0,76,112) (71,0,76) (112,71,0) (76,112,71) (0,76,112) (71,0,76) (112,71,0) (76,112,71) (0,76,112) (71,0,76) (112,71,0) (76,112,71) (0,76,112) (71,0,76) (112,71,0) (76,112,71) (0,76,112) (71,0,76) (112,71,0) (76,112,71) (0,76,112) (71,0,76) (112,71,0) (76,112,71) (0,76,112) (71,0,76) (112,71,0) (76,112,71) (0,76,112) (71,0,76) (112,71,0) (76,112,71) (0,76,112) (71,0,76) (112,71,0) (76,112,71) (0,76,112) (71,0,76) (112,71,0) (76,112,71) (0,76,112) (71,0,76) (112,71,0) (76,112,71) (0,76,112) (71,0,76) (112,71,0) (76,112,71) (0,76,112) (71,0,76) (112,71,0) (76,112,71) (0,76,112) (71,0,76) (112,71,0) (76,112,71) (0,76,112) (71,0,76) (112,71,0) (76,112,71) (0,76,112) (71,0,76) (112,71,0) (76,112,71) (0,76,112) (71,0,76) (112,71,0) (76,112,71) (0,76,112) (71,0,76) (112,71,0) (76,112,71) (0,76,112) (71,0,76) (112,71,0) (76,112,71) (0,76,112) (71,0,76) (112,71,0) (76,112,71) (0,76,112) (71,0,76) (112,71,0) (76,112,71) (0,76,112) (71,0,76) (112,71,0) (76,112,71) (0,76,112) (71,0,76) (112,71,0) (1,1,1) (1,8,8) (8,24,2) (2,2,31) 
(76,112,71) (0,76,112) (71,0,76) (112,71,0) (76,112,71) (0,76,112) (71,0,76) (112,71,0) (76,112,71) (0,76,112) (71,0,76) (112,71,0) (76,112,71) (0,76,112) (71,0,76) (112,71,0) (76,112,71) (0,76,112) (71,0,76) (112,71,0) (76,112,71) (0,76,112) (71,0,76) (112,71,0) (76,112,71) (0,76,112) (71,0,76) (112,71,0) (76,112,71) (0,76,112) (71,0,76) (112,71,0) (76,112,71) (0,76,112) (71,0,76) (112,71,0) (76,112,71) (0,76,112) (71,0,76) (112,71,0) (76,112,71) (0,76,112) (71,0,76) (112,71,0) (76,112,71) (0,76,112) (71,0,76) (112,71,0) (76,112,71) (0,76,112) (71,0,76) (112,71,0) (76,112,71) (0,76,112) (71,0,76) (112,71,0) (76,112,71) (0,76,112) (71,0,76) (112,71,0) (76,112,71) (0,76,112) (71,0,76) (112,71,0) (76,112,71) (0,76,112) (71,0,76) (112,71,0) (76,112,71) (0,76,112) (71,0,76) (112,71,0) (76,112,71) (0,76,112) (71,0,76) (112,71,0) (76,112,71) (0,76,112) (71,0,76) (112,71,0) (76,112,71) (0,76,112) (71,0,76) (112,71,0) (76,112,71) (0,76,112) (71,0,76) (112,71,0) (76,112,71) (0,76,112) (71,0,76) (112,71,0) (76,112,71) (0,76,112) (71,0,76) (112,71,0) (76,112,71) (0,76,112) (71,0,76) (112,71,0) (76,112,71) (0,76,112) (71,0,76) (112,71,0) (76,112,71) (0,76,112) (71,0,76) (112,71,0) (76,112,71) (0,76,112) (71,0,76) (112,71,0) (76,112,71) (0,76,112) (71,0,76) (112,71,0) (76,112,71) (0,76,112) (71,0,76) (112,71,0) (76,112,71) (0,76,112) (71,0,76) (112,71,0) (76,112,71) (0,76,112) (71,0,76) (112,71,0) (76,112,71) (0,76,112) (71,0,76) (112,71,0) (76,112,71) (0,76,112) (71,0,76) (112,71,0) (76,112,71) (0,76,112) (71,0,76) (112,71,0) (76,112,71) (0,76,112) (71,0,76) (112,71,0) (76,112,71) (0,76,112) (71,0,76) (112,71,0) (76,112,71) (0,76,112) (71,0,76) (112,71,0) (76,112,71) (0,76,112) (71,0,76) (112,71,0) (76,112,71) (0,76,112) (71,0,76) (112,71,0) (76,112,71) (0,76,112) (71,0,76) (112,71,0) (76,112,71) (0,76,112) (71,0,76) (112,71,0) (76,112,71) (0,76,112) (71,0,76) (112,71,0) (76,112,71) (0,76,112) (71,0,76) (112,71,0) (76,112,71) (0,76,112) (71,0,76) (112,71,0) (76,112,71) (0,76,112) (71,0,76) (112,71,0) (76,112,71) (0,76,112) (71,0,76) (112,71,0) (76,112,71) (0,76,112) (71,0,76) (112,71,0) (76,112,71) (0,76,112) (71,0,76) (112,71,0) (76,112,71) (0,76,112) (71,0,76) (112,71,0) (76,112,71) (0,76,112) (71,0,76) (112,71,0) (76,112,71) (0,76,112) (71,0,76) (112,71,0) (76,112,71) (0,76,112) (71,0,76) (112,71,0) (76,112,71) (0,76,112) (71,0,76) (112,71,0) (76,112,71) (0,76,112) (71,0,76) (112,71,0) (76,112,71) (0,76,112) (71,0,76) (112,71,0) (76,112,71) (0,76,112) (71,0,76) (112,71,0) (76,112,71) (0,76,112) (71,0,76) (112,71,0) (76,112,71) (0,76,112) (71,0,76) (112,71,0) (76,112,71) (0,1,1) (1,1,76) (112,71,0) (76,112,71) (0,1,1) (1,1,2) (2,2,17) (8,8,8) (24,8,8) (8,42,8) (8,8,24) (8,8,8) (42,62,62) (62,102,67) (67,67,131) (55,55,55) (180,55,55) (55,180,55) (55,55,180) 
(76,112,71) (0,76,112) (71,0,76) (112,71,0) (76,112,71) (0,76,112) (71,0,76) (112,71,0) (76,112,71) (0,76,112) (71,0,76) (112,71,0) (76,112,71) (0,76,112) (71,0,76) (112,71,0) (76,112,71) (0,76,112) (71,0,76) (112,71,0) (76,112,71) (0,76,112) (71,0,76) (112,71,0) (76,112,71) (0,76,112) (71,0,76) (112,71,0) (76,112,71) (0,76,112) (71,0,76) (112,71,0) (76,112,71) (0,76,112) (71,0,76) (112,71,0) (76,112,71) (0,76,112) (71,0,76) (112,71,0) (76,112,71) (0,76,112) (71,0,76) (112,71,0) (76,112,71) (0,76,112) (71,0,76) (112,71,0) (76,112,71) (0,76,112) (71,0,76) (112,71,0) (76,112,71) (0,76,112) (71,0,76) (112,71,0) (76,112,71) (0,76,112) (71,0,76) (112,71,0) (76,112,71) (0,76,112) (71,0,76) (112,71,0) (76,112,71) (0,76,112) (71,0,76) (112,71,0) (76,112,71) (0,76,112) (71,0,76) (112,71,0) (76,112,71) (0,76,112) (71,0,76) (112,71,0) (76,112,71) (0,76,112) (71,0,76) (112,71,0) (76,112,71) (0,76,112) (71,0,76) (112,71,0) (76,112,71) (0,76,112) (71,0,76) (112,71,0) (76,112,71) (0,76,112) (71,0,76) (112,71,0) (76,112,71) (0,76,112) (71,0,76) (112,71,0) (76,112,71) (0,76,112) (71,0,76) (112,71,0) (76,112,71) (0,76,112) (71,0,76) (112,71,0) (76,112,71) (0,76,112) (71,0,76) (112,71,0) (76,112,71) (0,76,112) (71,0,76) (112,71,0) (76,112,71) (0,76,112) (71,0,76) (112,71,0) (76,112,71) (0,76,112) (71,0,76) (112,71,0) (76,112,71) (0,76,112) (71,0,76) (112,71,0) (76,112,71) (0,1,1) (1,1,1) (1,1,1) (1,1,1) (1,1,1) (1,1,1) (1,1,1) (1,1,1) (1,76,112) (71,0,76) (112,71,0) (76,112,71) (0,76,112) (71,0,76) (112,71,0) (76,112,71) (0,76,112) (71,0,76) (112,71,0) (76,112,71) (0,76,112) (71,0,76) (112,71,0) (76,112,71) (0,76,112) (71,0,76) (112,71,0) (76,112,71) (0,76,112) (71,0,76) (112,71,0) (76,112,71) (0,76,112) (71,0,76) (112,71,0) (76,112,71) (0,76,112) (71,0,76) (112,71,0) (76,112,71) (0,76,112) (71,0,76) (112,71,0) (76,112,71) (0,76,112) (71,0,76) (112,71,0) (76,112,71) (0,76,112) (71,0,76) (112,71,0) (76,112,71) (0,76,112) (71,0,76) (112,71,0) (76,112,71) (0,76,112) (71,0,76) (112,71,0) (76,112,71) (0,76,112) (71,0,76) (112,71,0) (76,112,71) (0,76,112) (71,0,76) (112,71,0) (76,112,71) (0,76,112) (71,0,76) (112,71,0) (76,112,71) (0,76,112) (71,0,76) (112,71,0) (76,112,71) (0,76,112) (71,0,76) (112,71,0) (76,112,71) (0,76,112) (71,0,76) (112,71,0) (76,112,71) (0,76,112) (71,0,76) (112,71,0) (76,112,71) (0,76,112) (71,0,76) (112,71,0) (76,112,71) (0,76,112) (71,0,76) (112,71,0) (76,112,71) (0,76,112) (71,0,76) (112,71,0) (76,112,71) (0,76,112) (71,0,76) (112,71,0) (76,112,71) (0,76,112) (71,0,76) (112,71,0) (1,1,1) (5,8,8) (8,24,8) (8,8,24) (8,8,8) (24,2,2) (2,31,68) (68,68,76) (67,67,67) (131,57,57) (57,155,57) (57,57,155) (55,55,55) (180,53,53) (53,200,50) (50,50,222) (50,50,50) (255,50,50) (50,255,50) (50,50,255) (50,50,50) (255,43,44) (43,254,43) (44,43,254) 
(76,112,71) (0,76,112) (71,0,76) (112,71,0) (76,112,71) (0,76,112) (71,0,76) (112,71,0) (76,112,71) (0,76,112) (71,0,76) (112,71,0) (76,112,71) (0,76,112) (71,0,76) (112,71,0) (76,112,71) (0,76,112) (71,0,76) (112,71,0) (76,112,71) (0,76,112) (71,0,76) (112,71,0) (76,112,71) (0,76,112) (71,0,76) (112,71,0) (76,112,71) (0,76,112) (71,0,76) (112,71,0) (76,112,71) (0,76,112) (71,0,76) (112,71,0) (76,112,71) (0,76,112) (71,0,76) (112,71,0) (76,112,71) (0,76,112) (71,0,76) (112,71,0) (76,112,71) (0,76,112) (71,0,76) (112,71,0) (76,112,71) (0,76,112) (71,0,76) (112,71,0) (76,112,71) (0,76,112) (71,0,76) (112,71,0) (76,112,71) (0,76,112) (71,0,76) (112,71,0) (76,112,71) (0,76,112) (71,0,76) (112,71,0) (76,112,71) (0,76,112) (71,0,76) (112,71,0) (76,112,71) (0,76,112) (71,0,76) (112,71,0) (76,112,71) (0,76,112) (71,0,76) (112,71,0) (76,112,71) (0,76,112) (71,0,76) (112,71,0) (76,112,71) (0,76,112) (71,0,76) (112,71,0) (76,112,71) (0,76,112) (71,0,76) (112,71,0) (76,112,71) (0,76,112) (71,0,76) (112,71,0) (76,112,71) (0,76,112) (71,0,76) (112,71,0) (76,112,71) (0,76,112) (71,0,76) (112,71,0) (76,112,71) (0,76,112) (71,0,76) (112,71,0) (76,112,71) (0,76,112) (71,0,76) (112,71,0) (76,112,71) (0,76,112) (71,0,76) (112,71,0) (76,112,71) (0,76,112) (71,0,76) (112,71,0) (76,112,71) (0,76,112) (71,0,76) (112,71,0) (1,1,1) (1,1,1) (1,1,1) (1,1,1) (1,1,1) (1,1,1) (1,1,1) (1,1,5) (1,1,1) (5,1,1) (1,5,1) (1,1,5) (1,1,1) (5,1,1) (1,5,1) (1,1,1) (1,1,1) (1,1,1) (1,1,1) (1,1,1) (1,1,1) (1,1,1) (1,1,1) (1,1,1) (76,112,71) (0,76,112) (71,0,76) (112,71,0) (76,112,71) (0,76,112) (71,0,76) (112,71,0) (76,112,71) (0,76,112) (71,0,76) (112,71,0) (76,112,71) (0,76,112) (71,0,76) (112,71,0) (76,112,71) (0,76,112) (71,0,76) (112,71,0) (76,112,71) (0,76,112) (71,0,76) (112,71,0) (76,112,71) (0,76,112) (71,0,76) (112,71,0) (76,112,71) (0,76,112) (71,0,76) (112,71,0) (76,112,71) (0,76,112) (71,0,76) (112,71,0) (76,112,71) (0,76,112) (71,0,76) (112,71,0) (76,112,71) (0,76,112) (71,0,76) (112,71,0) (76,112,71) (0,76,112) (71,0,76) (112,71,0) (76,112,71) (0,76,112) (71,0,76) (112,71,0) (76,112,71) (0,76,112) (71,0,76) (112,71,0) (76,112,71) (0,76,112) (71,0,76) (112,71,0) (76,112,71) (0,76,112) (71,0,76) (112,71,0) (76,112,71) (0,76,112) (71,0,76) (112,71,0) (76,112,71) (0,76,112) (71,0,76) (112,71,0) (76,112,71) (0,76,112) (71,0,76) (112,71,0) (76,112,71) (0,1,1) (1,1,2) (2,2,17) (8,8,8) (24,8,8) (8,24,8) (8,8,24) (8,8,8) (42,62,62) (62,102,67) (67,67,131) (57,57,57) (155,55,55) (55,180,55) (55,55,180) (50,50,50) (222,56,58) (55,255,50) (50,50,255) (50,50,50) (255,50,50) (50,255,50) (50,50,255) (43,44,43) (254,43,44) (43,254,43) (44,43,254) (39,39,39) (255,39,39) (39,255,39) (39,39,255) (39,39,39) (255,39,39) (39,255,39) (39,39,255) 
(76,112,71) (0,76,112) (71,0,76) (112,71,0) (76,112,71) (0,76,112) (71,0,76) (112,71,0) (76,112,71) (0,76,112) (71,0,76) (112,71,0) (76,112,71) (0,76,112) (71,0,76) (112,71,0) (76,112,71) (0,76,112) (71,0,76) (112,71,0) (76,112,71) (0,76,112) (71,0,76) (112,71,0) (76,112,71) (0,76,112) (71,0,76) (112,71,0) (76,112,71) (0,76,112) (71,0,76) (112,71,0) (76,112,71) (0,76,112) (71,0,76) (112,71,0) (76,112,71) (0,76,112) (71,0,76) (112,71,0) (76,112,71) (0,76,112) (71,0,76) (112,71,0) (76,112,71) (0,76,112) (71,0,76) (112,71,0) (76,112,71) (0,76,112) (71,0,76) (112,71,0) (76,112,71) (0,76,112) (71,0,76) (112,71,0) (76,112,71) (0,76,112) (71,0,76) (112,71,0) (76,112,71) (0,76,112) (71,0,76) (112,71,0) (76,112,71) (0,76,112) (71,0,76) (112,71,0) (76,112,71) (0,76,112) (71,0,76) (112,71,0) (76,112,71) (0,76,112) (71,0,76) (112,71,0) (76,112,71) (0,76,112) (71,0,76) (112,71,0) (76,112,71) (0,76,112) (71,0,76) (112,71,0) (76,112,71) (0,76,112) (71,0,76) (112,71,0) (76,112,71) (0,76,112) (71,0,76) (112,71,0) (76,112,71) (0,76,112) (71,0,76) (112,71,0) (76,112,71) (0,76,112) (71,0,76) (112,71,0) (76,112,71) (0,76,112) (71,0,76) (112,71,0) (76,112,71) (0,76,112) (71,0,76) (112,71,0) (76,112,71) (0,76,112) (71,0,76) (112,71,0) (76,112,71) (0,76,112) (71,0,76) (112,71,0) (76,112,71) (0,76,112) (71,0,1) (1,1,1) (1,1,1) (1,1,1) (1,1,1) (1,1,5) (1,1,1) (5,1,1) (1,5,2) (2,2,11) (1,1,1) (5,2,2) (2,11,2) (2,2,11) (2,2,2) (11,2,2) (2,11,2) (2,2,11) (1,1,1) (5,1,1) (1,5,1) (1,1,5) (1,1,1) (5,1,1) (1,5,1) (1,1,5) (1,1,1) (5,1,1) (1,1,1) (1,1,1) (1,1,1) (1,1,1) (1,1,1) (1,1,1) (1,1,1) (1,1,1) (1,1,76) (112,71,0) (76,112,71) (0,76,112) (71,0,76) (112,71,0) (76,112,71) (0,76,112) (71,0,76) (112,71,0) (76,112,71) (0,76,112) (71,0,76) (112,71,0) (76,112,71) (0,76,112) (71,0,76) (112,71,0) (76,112,71) (0,76,112) (71,0,76) (112,71,0) (76,112,71) (0,76,112) (71,0,76) (112,71,0) (76,112,71) (0,76,112) (71,0,76) (112,71,0) (76,112,71) (0,76,112) (71,0,76) (112,71,0) (76,112,71) (0,76,112) (71,0,76) (112,71,0) (76,112,71) (0,76,112) (71,0,76) (112,71,0) (76,112,71) (0,76,112) (71,0,76) (112,71,0) (76,112,71) (0,76,112) (71,0,76) (112,71,0) (76,112,71) (0,76,112) (71,0,76) (112,71,0) (76,112,71) (0,76,112) (71,0,76) (112,71,0) (1,1,1) (5,8,8) (8,24,8) (8,8,24) (2,2,2) (17,8,8) (8,24,68) (68,68,76) (67,67,67) (131,57,57) (57,155,57) (57,57,155) (55,55,55) (180,53,53) (53,200,46) (46,46,241) (50,50,50) (255,50,50) (50,255,50) (50,50,255) (43,44,43) (254,43,44) (43,254,43) (44,43,254) (43,44,43) (254,39,39) (39,255,39) (39,39,255) (39,39,39) (255,38,38) (38,255,38) (38,38,255) (39,39,39) (255,39,39) (39,255,39) (39,39,255) (39,39,39) (255,39,39) (39,255,39) (39,39,255) (39,39,39) (255,39,39) (39,255,39) (39,39,255) 
(76,112,71) (0,76,112) (71,0,76) (112,71,0) (76,112,71) (0,76,112) (71,0,76) (112,71,0) (76,112,71) (0,76,112) (71,0,76) (112,71,0) (76,112,71) (0,76,112) (71,0,76) (112,71,0) (76,112,71) (0,76,112) (71,0,76) (112,71,0) (76,112,71) (0,76,112) (71,0,76) (112,71,0) (76,112,71) (0,76,112) (71,0,76) (112,71,0) (76,112,71) (0,76,112) (71,0,76) (112,71,0) (76,112,71) (0,76,112) (71,0,76) (112,71,0) (76,112,71) (0,76,112) (71,0,76) (112,71,0) (76,112,71) (0,76,112) (71,0,76) (112,71,0) (76,112,71) (0,76,112) (71,0,76) (112,71,0) (76,112,71) (0,76,112) (71,0,76) (112,71,0) (76,112,71) (0,76,112) (71,0,76) (112,71,0) (76,112,71) (0,76,112) (71,0,76) (112,71,0) (76,112,71) (0,76,112) (71,0,76) (112,71,0) (76,112,71) (0,76,112) (71,0,76) (112,71,0) (76,112,71) (0,76,112) (71,0,76) (112,71,0) (76,112,71) (0,76,112) (71,0,76) (112,71,0) (76,112,71) (0,76,112) (71,0,76) (112,71,0) (76,112,71) (0,76,112) (71,0,76) (112,71,0) (76,112,71) (0,76,112) (71,0,76) (112,71,0) (76,112,71) (0,76,112) (71,0,76) (112,71,0) (76,112,71) (0,76,112) (71,0,76) (112,71,0) (76,112,71) (0,76,112) (71,0,76) (112,71,0) (76,112,71) (0,76,112) (71,0,76) (112,71,0) (76,112,71) (0,76,112) (71,0,76) (112,71,0) (76,112,71) (0,76,112) (71,0,76) (112,71,0) (76,112,71) (0,76,112) (71,0,76) (112,71,0) (76,112,71) (0,1,1) (1,1,1) (1,1,1) (1,1,1) (1,1,1) (1,5,1) (1,1,5) (2,2,2) (11,2,2) (2,11,2) (2,2,17) (2,2,2) (17,2,2) (2,17,2) (2,2,17) (2,2,2) (17,2,2) (2,17,2) (2,2,17) (2,2,2) (17,2,2) (2,17,2) (2,2,11) (2,2,2) (11,2,2) (2,11,2) (2,2,11) (2,2,2) (11,2,2) (2,11,1) (1,1,5) (1,1,1) (5,1,1) (1,5,1) (1,1,5) (1,1,1) (5,1,1) (1,5,1) (1,1,5) (1,1,1) (1,1,1) (1,1,1) (1,1,1) (1,1,1) (1,1,1) (1,1,1) (1,1,1) (1,1,1) (1,76,112) (71,0,76) (112,71,0) (76,112,71) (0,76,112) (71,0,76) (112,71,0) (76,112,71) (0,76,112) (71,0,76) (112,71,0) (76,112,71) (0,76,112) (71,0,76) (112,71,0) (76,112,71) (0,76,112) (71,0,76) (112,71,0) (76,112,71) (0,76,112) (71,0,76) (112,71,0) (76,112,71) (0,76,112) (71,0,76) (112,71,0) (76,112,71) (0,76,112) (71,0,76) (112,71,0) (76,112,71) (0,76,112) (71,0,76) (112,71,0) (76,112,71) (0,1,1) (1,1,2) (2,2,17) (8,8,8) (24,1,1) (1,5,2) (2,2,17) (68,68,68) (76,62,62) (62,102,67) (67,67,131) (57,57,57) (155,57,57) (57,155,55) (55,55,180) (50,50,50) (222,50,50) (50,255,50) (50,50,255) (50,50,50) (255,46,46) (46,241,43) (44,43,254) (43,44,43) (254,43,44) (43,254,43) (44,43,254) (39,39,39) (255,39,39) (39,255,39) (39,39,255) (39,39,39) (255,39,39) (39,255,39) (39,39,255) (39,39,39) (255,39,39) (39,255,39) (39,39,255) (39,39,39) (255,39,39) (39,255,39) (39,39,255) (39,39,39) (255,39,39) (39,255,39) (39,39,255) (39,39,39) (255,39,39) (39,255,39) (39,39,255) (39,39,39) (255,39,39) (39,255,39) (39,39,255) 
(76,112,71) (0,76,112) (71,0,76) (112,71,0) (76,112,71) (0,76,112) (71,0,76) (112,71,0) (76,112,71) (0,76,112) (71,0,76) (112,71,0) (76,112,71) (0,76,112) (71,0,76) (112,71,0) (76,112,71) (0,76,112) (71,0,76) (112,71,0) (76,112,71) (0,76,112) (71,0,76) (112,71,0) (76,112,71) (0,76,112) (71,0,76) (112,71,0) (76,112,71) (0,76,112) (71,0,76) (112,71,0) (76,112,71) (0,76,112) (71,0,76) (112,71,0) (76,112,71) (0,76,112) (71,0,76) (112,71,0) (76,112,71) (0,76,112) (71,0,76) (112,71,0) (76,112,71) (0,76,112) (71,0,76) (112,71,0) (76,112,71) (0,76,112) (71,0,76) (112,71,0) (76,112,71) (0,76,112) (71,0,76) (112,71,0) (76,112,71) (0,76,112) (71,0,76) (112,71,0) (76,112,71) (0,76,112) (71,0,76) (112,71,0) (76,112,71) (0,76,112) (71,0,76) (112,71,0) (76,112,71) (0,76,112) (71,0,76) (112,71,0) (76,112,71) (0,76,112) (71,0,76) (112,71,0) (76,112,71) (0,76,112) (71,0,76) (112,71,0) (76,112,71) (0,76,112) (71,0,76) (112,71,0) (76,112,71) (0,76,112) (71,0,76) (112,71,0) (76,112,71) (0,76,112) (71,0,76) (112,71,0) (76,112,71) (0,76,112) (71,0,76) (112,71,0) (76,112,71) (0,76,112) (71,0,76) (112,71,0) (76,112,71) (0,76,112) (71,0,76) (112,71,0) (76,112,71) (0,76,112) (71,0,76) (112,71,0) (76,112,71) (0,76,112) (71,0,76) (112,71,0) (76,112,71) (0,76,112) (71,0,76) (112,71,0) (76,112,71) (0,1,1) (1,1,1) (1,1,1) (1,1,1) (5,2,2) (2,11,2) (2,2,11) (2,2,2) (17,8,8) (8,24,209) (209,209,127) (228,228,228) (163,209,209) (209,127,186) (186,186,96) (2,2,2) (31,2,2) (2,31,2) (2,2,31) (8,8,8) (24,8,8) (8,24,8) (8,8,24) (8,8,8) (24,2,2) (2,17,2) (2,2,17) (2,2,2) (17,2,2) (2,17,2) (2,2,17) (2,2,2) (17,2,2) (2,11,2) (2,2,11) (2,2,2) (11,2,2) (2,11,2) (2,2,11) (2,2,2) (11,1,1) (1,5,1) (1,1,5) (1,1,1) (5,1,1) (1,5,1) (1,1,5) (1,1,1) (5,1,1) (1,5,1) (1,1,1) (1,1,1) (1,1,1) (1,1,1) (1,1,1) (1,1,1) (1,1,1) (1,1,1) (1,1,1) (76,112,71) (0,76,112) (71,0,76) (112,71,0) (76,112,71) (0,76,112) (71,0,76) (112,71,0) (76,112,71) (0,76,112) (71,0,76) (112,71,0) (76,112,71) (0,76,112) (71,0,1) (1,1,1) (2,2,2) (11,2,2) (2,17,1) (1,1,5) (1,1,1) (5,2,2) (2,31,68) (68,68,76) (67,67,67) (131,67,67) (67,131,57) (57,57,155) (55,55,55) (180,53,53) (53,200,56) (58,55,255) (50,50,50) (255,46,46) (46,241,46) (46,46,241) (50,50,50) (255,43,44) (43,254,43) (44,43,254) (43,44,43) (254,39,39) (39,255,39) (39,39,255) (39,39,39) (255,39,39) (39,255,39) (39,39,255) (39,39,39) (255,39,39) (39,255,39) (39,39,255) (39,39,39) (255,39,39) (39,255,39) (39,39,255) (39,39,39) (255,39,39) (39,255,39) (39,39,255) (39,39,39) (255,39,39) (39,255,39) (39,39,255) (39,39,39) (255,39,39) (39,255,39) (39,39,255) (39,39,39) (255,39,39) (39,255,39) (39,39,255) (39,39,39) (255,39,39) (39,255,39) (39,39,255) (39,39,39) (255,39,39) (39,255,39) (39,39,255) 
(76,112,71) (0,76,112) (71,0,76) (112,71,0) (76,112,71) (0,76,112) (71,0,76) (112,71,0) (76,112,71) (0,76,112) (71,0,76) (112,71,0) (76,112,71) (0,76,112) (71,0,76) (112,71,0) (76,112,71) (0,76,112) (71,0,76) (112,71,0) (76,112,71) (0,76,112) (71,0,76) (112,71,0) (76,112,71) (0,76,112) (71,0,76) (112,71,0) (76,112,71) (0,76,112) (71,0,76) (112,71,0) (76,112,71) (0,76,112) (71,0,76) (112,71,0) (76,112,71) (0,76,112) (71,0,76) (112,71,0) (76,112,71) (0,76,112) (71,0,76) (112,71,0) (76,112,71) (0,76,112) (71,0,76) (112,71,0) (76,112,71) (0,76,112) (71,0,76) (112,71,0) (76,112,71) (0,76,112) (71,0,76) (112,71,0) (76,112,71) (0,76,112) (71,0,76) (112,71,0) (76,112,71) (0,76,112) (71,0,76) (112,71,0) (76,112,71) (0,76,112) (71,0,76) (112,71,0) (76,112,71) (0,76,112) (71,0,76) (112,71,0) (76,112,71) (0,76,112) (71,0,76) (112,71,0) (76,112,71) (0,76,112) (71,0,76) (112,71,0) (76,112,71) (0,76,112) (71,0,76) (112,71,0) (76,112,71) (0,76,112) (71,0,76) (112,71,0) (76,112,71) (0,76,112) (71,0,76) (112,71,0) (76,112,71) (0,76,112) (71,0,76) (112,71,0) (76,112,71) (0,76,112) (71,0,76) (112,71,0) (76,112,71) (0,76,112) (71,0,76) (112,71,0) (76,112,71) (0,76,112) (71,0,76) (112,71,0) (76,112,71) (0,76,112) (71,0,76) (112,71,0) (76,112,71) (0,76,112) (71,0,76) (112,71,0) (1,1,1) (1,1,1) (1,1,1) (1,1,5) (1,1,1) (5,2,2) (2,11,2) (2,2,17) (8,8,8) (24,242,242) (242,213,253) (254,254,255) (252,252,252) (255,252,252) (252,255,252) (252,252,255) (253,254,254) (255,243,244) (243,255,246) (246,246,234) (240,240,240) (198,228,228) (228,163,228) (228,228,163) (186,186,186) (96,160,160) (160,70,2) (2,2,31) (2,2,2) (31,2,2) (2,31,8) (8,8,24) (8,8,8) (24,8,8) (8,24,8) (8,8,24) (2,2,2) (17,2,2) (2,17,2) (2,2,17) (2,2,2) (17,2,2) (2,17,2) (2,2,17) (2,2,2) (11,2,2) (2,11,2) (2,2,11) (2,2,2) (11,2,2) (2,11,1) (1,1,5) (1,1,1) (5,1,1) (1,5,1) (1,1,5) (1,1,1) (5,1,1) (1,5,1) (1,1,5) (1,1,1) (1,1,1) (1,1,1) (1,1,1) (1,1,1) (1,1,1) (1,5,2) (2,2,17) (2,2,2) (11,1,1) (1,5,2) (2,2,11) (68,68,68) (76,62,62) (62,102,67) (67,67,131) (57,57,57) (155,57,57) (57,155,55) (55,55,180) (50,50,50) (222,50,50) (50,255,50) (50,50,255) (46,46,46) (241,50,50) (50,255,43) (44,43,254) (43,44,43) (254,43,44) (43,254,39) (39,39,255) (39,39,39) (255,39,39) (39,255,39) (39,39,255) (39,39,39) (255,39,39) (39,255,39) (39,39,255) (39,39,39) (255,39,39) (39,255,39) (39,39,255) (39,39,39) (255,39,39) (39,255,39) (39,39,255) (39,39,39) (255,39,39) (39,255,39) (39,39,255) (39,39,39) (255,39,39) (39,255,39) (39,39,255) (39,39,39) (255,39,39) (39,255,39) (39,39,255) (39,39,39) (255,39,39) (39,255,39) (39,39,255) (39,39,39) (255,39,39) (39,255,39) (39,39,255) (39,39,39) (255,39,39) (39,255,39) (39,39,255) (39,39,39) (255,39,39) (39,255,39) (39,39,255) (39,39,39) (255,39,39) (39,255,39) (39,39,255) 
(76,112,71) (0,76,112) (71,0,76) (112,71,0) (76,112,71) (0,76,112) (71,0,76) (112,71,0) (76,112,71) (0,76,112) (71,0,76) (112,71,0) (76,112,71) (0,76,112) (71,0,76) (112,71,0) (76,112,71) (0,76,112) (71,0,76) (112,71,0) (76,112,71) (0,76,112) (71,0,76) (112,71,0) (76,112,71) (0,76,112) (71,0,76) (112,71,0) (76,112,71) (0,76,112) (71,0,76) (112,71,0) (76,112,71) (0,76,112) (71,0,76) (112,71,0) (76,112,71) (0,76,112) (71,0,76) (112,71,0) (76,112,71) (0,76,112) (71,0,76) (112,71,0) (76,112,71) (0,76,112) (71,0,76) (112,71,0) (76,112,71) (0,76,112) (71,0,76) (112,71,0) (76,112,71) (0,76,112) (71,0,76) (112,71,0) (76,112,71) (0,76,112) (71,0,76) (112,71,0) (76,112,71) (0,76,112) (71,0,76) (112,71,0) (76,112,71) (0,76,112) (71,0,76) (112,71,0) (76,112,71) (0,76,112) (71,0,76) (112,71,0) (76,112,71) (0,76,112) (71,0,76) (112,71,0) (76,112,71) (0,76,112) (71,0,76) (112,71,0) (76,112,71) (0,76,112) (71,0,76) (112,71,0) (76,112,71) (0,76,112) (71,0,76) (112,71,0) (76,112,71) (0,76,112) (71,0,76) (112,71,0) (76,112,71) (0,76,112) (71,0,76) (112,71,0) (76,112,71) (0,76,112) (71,0,76) (112,71,0) (76,112,71) (0,76,112) (71,0,76) (112,71,0) (76,112,71) (0,76,112) (71,0,76) (112,71,0) (76,112,71) (0,76,112) (71,0,76) (112,71,0) (76,112,71) (0,76,112) (71,0,76) (112,71,0) (1,1,1) (1,1,1) (1,1,1) (1,1,5) (2,2,2) (11,2,2) (2,17,8) (8,8,24) (186,186,186) (96,253,254) (254,255,252) (252,252,255) (252,252,252) (255,252,252) (252,255,252) (252,252,255) (252,252,252) (255,252,252) (252,255,252) (252,252,255) (252,252,252) (255,253,254) (254,255,253) (254,254,255) (253,254,254) (255,253,254) (254,255,253) (254,254,255) (246,246,246) (234,246,246) (246,234,240) (240,240,198) (228,228,228) (163,228,228) (228,163,186) (186,186,96) (160,160,160) (70,2,2) (2,31,2) (2,2,31) (2,2,2) (31,8,8) (8,24,8) (8,8,24) (8,8,8) (24,8,8) (8,24,2) (2,2,17) (2,2,2) (17,2,2) (2,17,2) (2,2,17) (2,2,2) (17,2,2) (2,11,2) (2,2,11) (2,2,2) (17,8,8) (8,24,2) (2,2,11) (2,2,2) (11,8,8) (8,42,62) (62,62,102) (67,67,67) (131,67,67) (67,131,57) (57,57,155) (55,55,55) (180,53,53) (53,200,56) (58,55,255) (50,50,50) (255,46,46) (46,241,46) (46,46,241) (43,44,43) (254,43,44) (43,254,43) (44,43,254) (43,44,43) (254,39,39) (39,255,39) (39,39,255) (39,39,39) (255,39,39) (39,255,39) (39,39,255) (39,39,39) (255,39,39) (39,255,39) (39,39,255) (39,39,39) (255,39,39) (39,255,39) (39,39,255) (39,39,39) (255,39,39) (39,255,39) (39,39,255) (39,39,39) (255,39,39) (39,255,39) (39,39,255) (39,39,39) (255,39,39) (39,255,39) (39,39,255) (39,39,39) (255,39,39) (39,255,39) (39,39,255) (39,39,39) (255,39,39) (39,255,39) (39,39,255) (39,39,39) (255,39,39) (39,255,39) (39,39,255) (39,39,39) (255,39,39) (39,255,39) (39,39,255) (39,39,39) (255,39,39) (39,255,39) (39,39,255) (39,39,39) (255,39,39) (39,255,39) (39,39,255) (39,39,39) (255,39,39) (39,255,39) (39,39,255) (39,39,39) (255,39,39) (39,255,39) (39,39,255) 
(76,112,71) (0,76,112) (71,0,76) (112,71,0) (76,112,71) (0,76,112) (71,0,76) (112,71,0) (76,112,71) (0,76,112) (71,0,76) (112,71,0) (76,112,71) (0,76,112) (71,0,76) (112,71,0) (76,112,71) (0,76,112) (71,0,76) (112,71,0) (76,112,71) (0,76,112) (71,0,76) (112,71,0) (76,112,71) (0,76,112) (71,0,76) (112,71,0) (76,112,71) (0,76,112) (71,0,76) (112,71,0) (76,112,71) (0,76,112) (71,0,76) (112,71,0) (76,112,71) (0,76,112) (71,0,76) (112,71,0) (76,112,71) (0,76,112) (71,0,76) (112,71,0) (76,112,71) (0,76,112) (71,0,76) (112,71,0) (76,112,71) (0,76,112) (71,0,76) (112,71,0) (76,112,71) (0,76,112) (71,0,76) (112,71,0) (76,112,71) (0,76,112) (71,0,76) (112,71,0) (76,112,71) (0,76,112) (71,0,76) (112,71,0) (76,112,71) (0,76,112) (71,0,76) (112,71,0) (76,112,71) (0,76,112) (71,0,76) (112,71,0) (76,112,71) (0,76,112) (71,0,76) (112,71,0) (76,112,71) (0,76,112) (71,0,76) (112,71,0) (76,112,71) (0,76,112) (71,0,76) (112,71,0) (76,112,71) (0,76,112) (71,0,76) (112,71,0) (76,112,71) (0,76,112) (71,0,76) (112,71,0) (76,112,71) (0,76,112) (71,0,76) (112,71,0) (76,112,71) (0,76,112) (71,0,76) (112,71,0) (76,112,71) (0,76,112) (71,0,76) (112,71,0) (76,112,71) (0,76,112) (71,0,76) (112,71,0) (76,112,71) (0,76,112) (71,0,76) (112,71,0) (76,112,71) (0,76,112) (71,0,76) (112,71,0) (1,1,1) (1,1,1) (1,5,2) (2,2,11) (2,2,2) (17,8,8) (8,24,2) (2,2,31) (218,218,218) (198,253,254) (254,255,252) (252,252,255) (250,250,250) (255,252,252) (252,255,250) (250,250,255) (252,252,252) (255,250,250) (250,255,252) (252,252,255) (250,250,250) (255,252,252) (252,255,252) (252,252,255) (252,252,252) (255,252,252) (252,255,252) (252,252,255) (252,252,252) (255,252,252) (252,255,253) (254,254,255) (252,252,252) (255,252,252) (252,255,252) (252,252,255) (252,252,252) (255,253,254) (254,255,246) (246,246,234) (242,242,242) (213,240,240) (240,198,228) (228,228,163) (209,209,209) (127,186,186) (186,96,8) (8,8,42) (2,2,2) (31,2,2) (2,31,8) (8,8,42) (62,62,62) (102,67,67) (67,131,57) (57,57,155) (67,67,67) (131,57,57) (57,155,53) (53,53,200) (46,46,46) (241,50,50) (50,255,46) (46,46,241) (46,46,46) (241,43,44) (43,254,43) (44,43,254) (43,44,43) (254,39,39) (39,255,39) (39,39,255) (38,38,38) (255,38,38) (38,255,39) (39,39,255) (38,38,38) (255,38,38) (38,255,38) (38,38,255) (39,39,39) (255,39,39) (39,255,39) (39,39,255) (39,39,39) (255,39,39) (39,255,39) (39,39,255) (39,39,39) (255,39,39) (39,255,39) (39,39,255) (39,39,39) (255,39,39) (39,255,39) (39,39,255) (39,39,39) (255,39,39) (39,255,39) (39,39,255) (39,39,39) (255,39,39) (39,255,39) (39,39,255) (39,39,39) (255,39,39) (39,255,39) (39,39,255) (39,39,39) (255,39,39) (39,255,39) (39,39,255) (39,39,39) (255,39,39) (39,255,39) (39,39,255) (39,39,39) (255,39,39) (39,255,39) (39,39,255) (39,39,39) (255,39,39) (39,255,39) (39,39,255) (39,39,39) (255,39,39) (39,255,39) (39,39,255) (39,39,39) (255,39,39) (39,255,39) (39,39,255) (39,39,39) (255,39,39) (39,255,39) (39,39,255) (39,39,39) (255,39,39) (39,255,39) (39,39,255) 
(76,112,71) (0,76,112) (71,0,76) (112,71,0) (76,112,71) (0,76,112) (71,0,76) (112,71,0) (76,112,71) (0,76,112) (71,0,76) (112,71,0) (76,112,71) (0,76,112) (71,0,76) (112,71,0) (76,112,71) (0,76,112) (71,0,76) (112,71,0) (76,112,71) (0,76,112) (71,0,76) (112,71,0) (76,112,71) (0,76,112) (71,0,76) (112,71,0) (76,112,71) (0,76,112) (71,0,76) (112,71,0) (76,112,71) (0,76,112) (71,0,76) (112,71,0) (76,112,71) (0,76,112) (71,0,76) (112,71,0) (76,112,71) (0,76,112) (71,0,76) (112,71,0) (76,112,71) (0,76,112) (71,0,76) (112,71,0) (76,112,71) (0,76,112) (71,0,76) (112,71,0) (76,112,71) (0,76,112) (71,0,76) (112,71,0) (76,112,71) (0,76,112) (71,0,76) (112,71,0) (76,112,71) (0,76,112) (71,0,76) (112,71,0) (76,112,71) (0,76,112) (71,0,76) (112,71,0) (76,112,71) (0,76,112) (71,0,76) (112,71,0) (76,112,71) (0,76,112) (71,0,76) (112,71,0) (76,112,71) (0,76,112) (71,0,76) (112,71,0) (76,112,71) (0,76,112) (71,0,76) (112,71,0) (76,112,71) (0,76,112) (71,0,76) (112,71,0) (76,112,71) (0,76,112) (71,0,76) (112,71,0) (76,112,71) (0,76,112) (71,0,76) (112,71,0) (76,112,71) (0,76,112) (71,0,76) (112,71,0) (76,112,71) (0,76,112) (71,0,76) (112,71,0) (76,112,71) (0,76,112) (71,0,76) (112,71,0) (76,112,71) (0,76,112) (71,0,76) (112,71,0) (76,112,71) (0,76,112) (71,0,1) (1,1,1) (1,1,1) (1,1,1) (1,5,2) (2,2,11) (2,2,2) (17,2,2) (2,31,8) (8,8,42) (246,246,246) (234,252,252) (252,255,250) (250,250,255) (250,250,250) (255,250,250) (250,255,250) (250,250,255) (250,250,250) (255,252,252) (252,255,250) (250,250,255) (250,250,250) (255,250,250) (250,255,250) (250,250,255) (250,250,250) (255,250,250) (250,255,252) (252,252,255) (252,252,252) (255,252,252) (252,255,252) (252,252,255) (252,252,252) (255,252,252) (252,255,252) (252,252,255) (252,252,252) (255,253,254) (254,255,253) (254,254,255) (253,254,254) (255,253,254) (254,255,253) (254,254,255) (253,254,254) (255,253,254) (254,255,253) (254,254,255) (250,250,250) (255,232,233) (232,255,210) (210,210,255) (196,196,197) (255,157,158) (158,255,120) (120,119,255) (87,88,88) (255,39,39) (39,255,38) (38,38,255) (35,35,35) (255,35,35) (35,255,35) (35,35,255) (35,35,35) (255,35,35) (35,255,35) (35,35,255) (35,35,35) (255,35,35) (35,255,35) (35,35,255) (37,37,37) (255,37,37) (37,255,37) (37,37,255) (37,37,37) (255,37,37) (37,255,37) (37,37,255) (38,38,38) (255,38,38) (38,255,38) (38,38,255) (38,38,38) (255,38,38) (38,255,38) (38,38,255) (38,38,38) (255,38,38) (38,255,39) (39,39,255) (39,39,39) (255,39,39) (39,255,39) (39,39,255) (39,39,39) (255,39,39) (39,255,39) (39,39,255) (39,39,39) (255,39,39) (39,255,39) (39,39,255) (39,39,39) (255,39,39) (39,255,39) (39,39,255) (39,39,39) (255,39,39) (39,255,39) (39,39,255) (39,39,39) (255,39,39) (39,255,39) (39,39,255) (39,39,39) (255,39,39) (39,255,39) (39,39,255) (39,39,39) (255,39,39) (39,255,39) (39,39,255) (39,39,39) (255,39,39) (39,255,39) (39,39,255) (39,39,39) (255,39,39) (39,255,39) (39,39,255) (39,39,39) (255,39,39) (39,255,39) (39,39,255) (39,39,39) (255,39,39) (39,255,39) (39,39,255) 
(76,112,71) (0,76,112) (71,0,76) (112,71,0) (76,112,71) (0,76,112) (71,0,76) (112,71,0) (76,112,71) (0,76,112) (71,0,76) (112,71,0) (76,112,71) (0,76,112) (71,0,76) (112,71,0) (76,112,71) (0,76,112) (71,0,76) (112,71,0) (76,112,71) (0,76,112) (71,0,76) (112,71,0) (76,112,71) (0,76,112) (71,0,76) (112,71,0) (76,112,71) (0,76,112) (71,0,76) (112,71,0) (76,112,71) (0,76,112) (71,0,76) (112,71,0) (76,112,71) (0,76,112) (71,0,76) (112,71,0) (76,112,71) (0,76,112) (71,0,76) (112,71,0) (76,112,71) (0,76,112) (71,0,76) (112,71,0) (76,112,71) (0,76,112) (71,0,76) (112,71,0) (76,112,71) (0,76,112) (71,0,76) (112,71,0) (76,112,71) (0,76,112) (71,0,76) (112,71,0) (76,112,71) (0,76,112) (71,0,76) (112,71,0) (76,112,71) (0,76,112) (71,0,76) (112,71,0) (76,112,71) (0,76,112) (71,0,76) (112,71,0) (76,112,71) (0,76,112) (71,0,76) (112,71,0) (76,112,71) (0,76,112) (71,0,76) (112,71,0) (76,112,71) (0,76,112) (71,0,76) (112,71,0) (76,112,71) (0,76,112) (71,0,76) (112,71,0) (76,112,71) (0,76,112) (71,0,76) (112,71,0) (76,112,71) (0,76,112) (71,0,76) (112,71,0) (76,112,71) (0,76,112) (71,0,76) (112,71,0) (76,112,71) (0,76,112) (71,0,76) (112,71,0) (76,112,71) (0,76,112) (71,0,76) (112,71,0) (76,112,71) (0,76,112) (71,0,76) (112,71,0) (76,112,71) (0,76,112) (71,0,1) (1,1,1) (1,1,1) (5,1,1) (1,5,2) (2,2,17) (8,8,8) (24,8,8) (8,42,186) (186,186,96) (253,254,254) (255,250,250) (250,255,250) (250,250,255) (250,250,250) (255,250,250) (250,255,250) (250,250,255) (250,250,250) (255,250,250) (250,255,250) (250,250,255) (250,250,250) (255,250,250) (250,255,252) (252,252,255) (250,250,250) (255,252,252) (252,255,250) (250,250,255) (250,250,250) (255,250,250) (250,255,250) (250,250,255) (250,250,250) (255,250,250) (250,255,252) (252,252,255) (252,252,252) (255,252,252) (252,255,252) (252,252,255) (252,252,252) (255,252,252) (252,255,252) (252,252,255) (252,252,252) (255,252,252) (252,255,253) (254,254,255) (253,254,254) (255,253,254) (254,255,253) (254,254,255) (253,254,254) (255,253,254) (254,255,253) (254,254,255) (253,254,254) (255,253,254) (254,255,243) (244,243,255) (230,230,230) (255,203,203) (203,255,179) (179,179,255) (148,148,148) (255,99,99) (99,255,75) (77,78,255) (33,34,33) (255,33,34) (33,255,35) (35,35,255) (35,35,35) (255,35,35) (35,255,35) (35,35,255) (35,35,35) (255,35,35) (35,255,35) (35,35,255) (35,35,35) (255,35,35) (35,255,37) (37,37,255) (37,37,37) (255,37,37) (37,255,37) (37,37,255) (37,37,37) (255,37,37) (37,255,38) (38,38,255) (38,38,38) (255,38,38) (38,255,38) (38,38,255) (38,38,38) (255,38,38) (38,255,38) (38,38,255) (39,39,39) (255,39,39) (39,255,39) (39,39,255) (39,39,39) (255,39,39) (39,255,39) (39,39,255) (39,39,39) (255,39,39) (39,255,39) (39,39,255) (39,39,39) (255,39,39) (39,255,39) (39,39,255) (39,39,39) (255,39,39) (39,255,39) (39,39,255) (39,39,39) (255,39,39) (39,255,39) (39,39,255) (39,39,39) (255,39,39) (39,255,39) (39,39,255) (39,39,39) (255,39,39) (39,255,39) (39,39,255) (39,39,39) (255,39,39) (39,255,39) (39,39,255) (39,39,39) (255,39,39) (39,255,39) (39,39,255) 
(76,112,71) (0,76,112) (71,0,76) (112,71,0) (76,112,71) (0,76,112) (71,0,76) (112,71,0) (76,112,71) (0,76,112) (71,0,76) (112,71,0) (76,112,71) (0,76,112) (71,0,76) (112,71,0) (76,112,71) (0,76,112) (71,0,76) (112,71,0) (76,112,71) (0,76,112) (71,0,76) (112,71,0) (76,112,71) (0,76,112) (71,0,76) (112,71,0) (76,112,71) (0,76,112) (71,0,76) (112,71,0) (76,112,71) (0,76,112) (71,0,76) (112,71,0) (76,112,71) (0,76,112) (71,0,76) (112,71,0) (76,112,71) (0,76,112) (71,0,76) (112,71,0) (76,112,71) (0,76,112) (71,0,76) (112,71,0) (76,112,71) (0,76,112) (71,0,76) (112,71,0) (76,112,71) (0,76,112) (71,0,76) (112,71,0) (76,112,71) (0,76,112) (71,0,76) (112,71,0) (76,112,71) (0,76,112) (71,0,76) (112,71,0) (76,112,71) (0,76,112) (71,0,76) (112,71,0) (76,112,71) (0,76,112) (71,0,76) (112,71,0) (76,112,71) (0,76,112) (71,0,76) (112,71,0) (76,112,71) (0,76,112) (71,0,76) (112,71,0) (76,112,71) (0,76,112) (71,0,76) (112,71,0) (76,112,71) (0,76,112) (71,0,76) (112,71,0) (76,112,71) (0,76,112) (71,0,76) (112,71,0) (76,112,71) (0,76,112) (71,0,76) (112,71,0) (76,112,71) (0,76,112) (71,0,76) (112,71,0) (76,112,71) (0,76,112) (71,0,76) (112,71,0) (76,112,71) (0,76,112) (71,0,76) (112,71,0) (76,112,71) (0,76,112) (71,0,76) (112,71,0) (76,112,71) (0,76,112) (71,0,1) (1,1,1) (1,1,1) (5,2,2) (2,11,2) (2,2,17) (2,2,2) (31,8,8) (8,42,218) (218,218,198) (252,252,252) (255,252,252) (252,255,250) (250,250,255) (250,250,250) (255,250,250) (250,255,250) (250,250,255) (250,250,250) (255,250,250) (250,255,250) (250,250,255) (250,250,250) (255,252,252) (252,255,250) (250,250,255) (250,250,250) (255,250,250) (250,255,252) (252,252,255) (250,250,250) (255,252,252) (252,255,250) (250,250,255) (252,252,252) (255,250,250) (250,255,250) (250,250,255) (250,250,250) (255,250,250) (250,255,252) (252,252,255) (252,252,252) (255,252,252) (252,255,252) (252,252,255) (252,252,252) (255,252,252) (252,255,252) (252,252,255) (252,252,252) (255,252,252) (252,255,252) (252,252,255) (252,252,252) (255,252,252) (252,255,252) (252,252,255) (252,252,252) (255,253,254) (254,255,253) (254,254,255) (253,254,254) (255,253,254) (254,255,253) (254,254,255) (253,254,254) (255,253,254) (254,255,253) (254,254,255) (253,254,254) (255,237,238) (237,255,226) (226,226,255) (196,196,197) (255,170,171) (170,255,148) (148,148,255) (87,88,88) (255,56,58) (55,255,33) (34,33,255) (33,34,33) (255,35,35) (35,255,35) (35,35,255) (35,35,35) (255,35,35) (35,255,35) (35,35,255) (35,35,35) (255,35,35) (35,255,35) (35,35,255) (35,35,35) (255,37,37) (37,255,37) (37,37,255) (37,37,37) (255,37,37) (37,255,37) (37,37,255) (38,38,38) (255,38,38) (38,255,38) (38,38,255) (38,38,38) (255,38,38) (38,255,38) (38,38,255) (38,38,38) (255,38,38) (38,255,39) (39,39,255) (39,39,39) (255,39,39) (39,255,39) (39,39,255) (39,39,39) (255,39,39) (39,255,39) (39,39,255) (39,39,39) (255,39,39) (39,255,39) (39,39,255) (39,39,39) (255,39,39) (39,255,39) (39,39,255) (39,39,39) (255,39,39) (39,255,39) (39,39,255) (39,39,39) (255,39,39) (39,255,39) (39,39,255) (39,39,39) (255,39,39) (39,255,39) (39,39,255) 
(76,112,71) (0,76,112) (71,0,76) (112,71,0) (76,112,71) (0,76,112) (71,0,76) (112,71,0) (76,112,71) (0,76,112) (71,0,76) (112,71,0) (76,112,71) (0,76,112) (71,0,76) (112,71,0) (76,112,71) (0,76,112) (71,0,76) (112,71,0) (76,112,71) (0,76,112) (71,0,76) (112,71,0) (76,112,71) (0,76,112) (71,0,76) (112,71,0) (76,112,71) (0,76,112) (71,0,76) (112,71,0) (76,112,71) (0,76,112) (71,0,76) (112,71,0) (76,112,71) (0,76,112) (71,0,76) (112,71,0) (76,112,71) (0,76,112) (71,0,76) (112,71,0) (76,112,71) (0,76,112) (71,0,76) (112,71,0) (76,112,71) (0,76,112) (71,0,76) (112,71,0) (76,112,71) (0,76,112) (71,0,76) (112,71,0) (76,112,71) (0,76,112) (71,0,76) (112,71,0) (76,112,71) (0,76,112) (71,0,76) (112,71,0) (76,112,71) (0,76,112) (71,0,76) (112,71,0) (76,112,71) (0,76,112) (71,0,76) (112,71,0) (76,112,71) (0,76,112) (71,0,76) (112,71,0) (76,112,71) (0,76,112) (71,0,76) (112,71,0) (76,112,71) (0,76,112) (71,0,76) (112,71,0) (76,112,71) (0,76,112) (71,0,76) (112,71,0) (76,112,71) (0,76,112) (71,0,76) (112,71,0) (76,112,71) (0,76,112) (71,0,76) (112,71,0) (76,112,71) (0,76,112) (71,0,76) (112,71,0) (76,112,71) (0,76,112) (71,0,76) (112,71,0) (76,112,71) (0,76,112) (71,0,76) (112,71,0) (76,112,71) (0,76,112) (71,0,76) (112,71,0) (76,112,71) (0,1,1) (1,1,1) (1,1,1) (1,1,1) (5,2,2) (2,11,8) (8,8,24) (2,2,2) (31,1,1) (1,51,246) (246,246,234) (252,252,252) (255,250,250) (250,255,250) (250,250,255) (250,250,250) (255,250,250) (250,255,250) (250,250,255) (250,250,250) (255,250,250) (250,255,250) (250,250,255) (250,250,250) (255,250,250) (250,255,250) (250,250,255) (250,250,250) (255,250,250) (250,255,250) (250,250,255) (250,250,250) (255,250,250) (250,255,250) (250,250,255) (250,250,250) (255,250,250) (250,255,252) (252,252,255) (250,250,250) (255,252,252) (252,255,250) (250,250,255) (250,250,250) (255,250,250) (250,255,250) (250,250,255) (250,250,250) (255,250,250) (250,255,250) (250,250,255) (250,250,250) (255,250,250) (250,255,250) (250,250,255) (250,250,250) (255,250,250) (250,255,252) (252,252,255) (252,252,252) (255,252,252) (252,255,252) (252,252,255) (252,252,252) (255,252,252) (252,255,252) (252,252,255) (252,252,252) (255,252,252) (252,255,252) (252,252,255) (252,252,252) (255,252,252) (252,255,253) (254,254,255) (252,252,252) (255,252,252) (252,255,253) (254,254,255) (253,254,254) (255,253,254) (254,255,253) (254,254,255) (232,233,232) (255,217,217) (217,255,193) (194,193,255) (161,162,161) (255,133,133) (133,255,87) (88,88,255) (50,50,50) (255,33,34) (33,255,33) (34,33,255) (35,35,35) (255,35,35) (35,255,35) (35,35,255) (35,35,35) (255,35,35) (35,255,35) (35,35,255) (35,35,35) (255,35,35) (35,255,35) (35,35,255) (37,37,37) (255,37,37) (37,255,37) (37,37,255) (37,37,37) (255,37,37) (37,255,38) (38,38,255) (38,38,38) (255,38,38) (38,255,38) (38,38,255) (38,38,38) (255,38,38) (38,255,38) (38,38,255) (38,38,38) (255,39,39) (39,255,39) (39,39,255) (39,39,39) (255,39,39) (39,255,39) (39,39,255) (39,39,39) (255,39,39) (39,255,39) (39,39,255) (39,39,39) (255,39,39) (39,255,39) (39,39,255) (39,39,39) (255,39,39) (39,255,39) (39,39,255) 
(76,112,71) (0,76,112) (71,0,76) (112,71,0) (76,112,71) (0,76,112) (71,0,76) (112,71,0) (76,112,71) (0,76,112) (71,0,76) (112,71,0) (76,112,71) (0,76,112) (71,0,76) (112,71,0) (76,112,71) (0,76,112) (71,0,76) (112,71,0) (76,112,71) (0,76,112) (71,0,76) (112,71,0) (76,112,71) (0,76,112) (71,0,76) (112,71,0) (76,112,71) (0,76,112) (71,0,76) (112,71,0) (76,112,71) (0,76,112) (71,0,76) (112,71,0) (76,112,71) (0,76,112) (71,0,76) (112,71,0) (76,112,71) (0,76,112) (71,0,76) (112,71,0) (76,112,71) (0,76,112) (71,0,76) (112,71,0) (76,112,71) (0,76,112) (71,0,76) (112,71,0) (76,112,71) (0,76,112) (71,0,76) (112,71,0) (76,112,71) (0,76,112) (71,0,76) (112,71,0) (76,112,71) (0,76,112) (71,0,76) (112,71,0) (76,112,71) (0,76,112) (71,0,76) (112,71,0) (76,112,71) (0,76,112) (71,0,76) (112,71,0) (76,112,71) (0,76,112) (71,0,76) (112,71,0) (76,112,71) (0,76,112) (71,0,76) (112,71,0) (76,112,71) (0,76,112) (71,0,76) (112,71,0) (76,112,71) (0,76,112) (71,0,76) (112,71,0) (76,112,71) (0,76,112) (71,0,76) (112,71,0) (76,112,71) (0,76,112) (71,0,76) (112,71,0) (76,112,71) (0,76,112) (71,0,76) (112,71,0) (76,112,71) (0,76,112) (71,0,76) (112,71,0) (76,112,71) (0,76,112) (71,0,76) (112,71,0) (76,112,71) (0,76,112) (71,0,1) (1,1,5) (1,1,1) (1,1,1) (1,1,1) (1,1,5) (8,8,8) (24,68,68) (68,76,62) (62,62,102) (9,9,9) (106,125,125) (125,164,253) (254,254,255) (252,252,252) (255,250,250) (250,255,250) (250,250,255) (250,250,250) (255,250,250) (250,255,250) (250,250,255) (250,250,250) (255,250,250) (250,255,250) (250,250,255) (250,250,250) (255,250,250) (250,255,250) (250,250,255) (250,250,250) (255,250,250) (250,255,250) (250,250,255) (252,252,252) (255,250,250) (250,255,252) (252,252,255) (250,250,250) (255,252,252) (252,255,250) (250,250,255) (250,250,250) (255,250,250) (250,255,252) (252,252,255) (250,250,250) (255,252,252) (252,255,250) (250,250,255) (252,252,252) (255,250,250) (250,255,252) (252,252,255) (250,250,250) (255,252,252) (252,255,250) (250,250,255) (252,252,252) (255,250,250) (250,255,250) (250,250,255) (250,250,250) (255,250,250) (250,255,250) (250,250,255) (250,250,250) (255,250,250) (250,255,250) (250,250,255) (250,250,250) (255,250,250) (250,255,250) (250,250,255) (250,250,250) (255,250,250) (250,255,252) (252,252,255) (252,252,252) (255,252,252) (252,255,252) (252,252,255) (252,252,252) (255,252,252) (252,255,252) (252,252,255) (252,252,252) (255,252,252) (252,255,252) (252,252,255) (252,252,252) (255,253,254) (254,255,253) (254,254,255) (253,254,254) (255,250,250) (250,255,226) (226,226,255) (207,207,207) (255,189,190) (190,255,140) (141,141,255) (108,110,109) (255,87,88) (88,255,39) (39,39,255) (33,34,33) (255,33,34) (33,255,33) (34,33,255) (33,34,33) (255,33,34) (33,255,35) (35,35,255) (35,35,35) (255,35,35) (35,255,35) (35,35,255) (35,35,35) (255,35,35) (35,255,35) (35,35,255) (35,35,35) (255,35,35) (35,255,35) (35,35,255) (35,35,35) (255,37,37) (37,255,37) (37,37,255) (37,37,37) (255,37,37) (37,255,37) (37,37,255) (37,37,37) (255,37,37) (37,255,37) (37,37,255) (38,38,38) (255,38,38) (38,255,38) (38,38,255) (38,38,38) (255,38,38) (38,255,38) (38,38,255) 
(76,112,71) (0,76,112) (71,0,76) (112,71,0) (76,112,71) (0,76,112) (71,0,76) (112,71,0) (76,112,71) (0,76,112) (71,0,76) (112,71,0) (76,112,71) (0,76,112) (71,0,76) (112,71,0) (76,112,71) (0,76,112) (71,0,76) (112,71,0) (76,112,71) (0,76,112) (71,0,76) (112,71,0) (76,112,71) (0,76,112) (71,0,76) (112,71,0) (76,112,71) (0,76,112) (71,0,76) (112,71,0) (76,112,71) (0,76,112) (71,0,76) (112,71,0) (76,112,71) (0,76,112) (71,0,76) (112,71,0) (76,112,71) (0,76,112) (71,0,76) (112,71,0) (76,112,71) (0,76,112) (71,0,76) (112,71,0) (76,112,71) (0,76,112) (71,0,76) (112,71,0) (76,112,71) (0,76,112) (71,0,76) (112,71,0) (76,112,71) (0,76,112) (71,0,76) (112,71,0) (76,112,71) (0,76,112) (71,0,76) (112,71,0) (76,112,71) (0,76,112) (71,0,76) (112,71,0) (76,112,71) (0,76,112) (71,0,76) (112,71,0) (76,112,71) (0,76,112) (71,0,76) (112,71,0) (76,112,71) (0,76,112) (71,0,76) (112,71,0) (76,112,71) (0,76,112) (71,0,76) (112,71,0) (76,112,71) (0,76,112) (71,0,76) (112,71,0) (76,112,71) (0,76,112) (71,0,76) (112,71,0) (76,112,71) (0,76,112) (71,0,76) (112,71,0) (76,112,71) (0,76,112) (71,0,76) (112,71,0) (76,112,71) (0,1,1) (1,1,76) (112,71,0) (1,1,1) (1,1,1) (1,1,8) (8,8,42) (68,68,68) (76,68,68) (68,76,62) (62,62,102) (62,62,62) (102,57,57) (57,155,53) (53,53,200) (50,50,50) (222,50,50) (50,222,46) (46,46,241) (46,46,46) (241,179,179) (179,255,252) (252,252,255) (250,250,250) (255,250,250) (250,255,250) (250,250,255) (250,250,250) (255,250,250) (250,255,250) (250,250,255) (250,250,250) (255,250,250) (250,255,250) (250,250,255) (250,250,250) (255,250,250) (250,255,250) (250,250,255) (250,250,250) (255,250,250) (250,255,252) (252,252,255) (250,250,250) (255,250,250) (250,255,250) (250,250,255) (250,250,250) (255,250,250) (250,255,252) (252,252,255) (250,250,250) (255,252,252) (252,255,250) (250,250,255) (250,250,250) (255,250,250) (250,255,250) (250,250,255) (250,250,250) (255,250,250) (250,255,250) (250,250,255) (252,252,252) (255,250,250) (250,255,252) (252,252,255) (250,250,250) (255,252,252) (252,255,250) (250,250,255) (252,252,252) (255,250,250) (250,255,252) (252,252,255) (250,250,250) (255,252,252) (252,255,250) (250,250,255) (252,252,252) (255,250,250) (250,255,252) (252,252,255) (250,250,250) (255,252,252) (252,255,250) (250,250,255) (250,250,250) (255,250,250) (250,255,250) (250,250,255) (250,250,250) (255,250,250) (250,255,250) (250,250,255) (250,250,250) (255,250,250) (250,255,250) (250,250,255) (250,250,250) (255,250,250) (250,255,252) (252,252,255) (252,252,252) (255,252,252) (252,255,252) (252,252,255) (252,252,252) (255,252,252) (252,255,253) (254,254,255) (252,252,252) (255,252,252) (252,255,253) (254,254,255) (243,244,243) (255,226,226) (226,255,196) (196,197,255) (179,179,179) (255,140,141) (141,255,99) (99,99,255) (75,77,78) (255,33,34) (33,255,33) (34,33,255) (33,34,33) (255,33,34) (33,255,33) (34,33,255) (33,34,33) (255,35,35) (35,255,35) (35,35,255) (35,35,35) (255,35,35) (35,255,35) (35,35,255) (35,35,35) (255,35,35) (35,255,35) (35,35,255) (35,35,35) (255,35,35) (35,255,35) (35,35,255) (37,37,37) (255,37,37) (37,255,37) (37,37,255) (37,37,37) (255,37,37) (37,255,37) (37,37,255) 
(76,112,71) (0,76,112) (71,0,76) (112,71,0) (76,112,71) (0,76,112) (71,0,76) (112,71,0) (76,112,71) (0,76,112) (71,0,76) (112,71,0) (76,112,71) (0,76,112) (71,0,76) (112,71,0) (76,112,71) (0,76,112) (71,0,76) (112,71,0) (76,112,71) (0,76,112) (71,0,76) (112,71,0) (76,112,71) (0,76,112) (71,0,76) (112,71,0) (76,112,71) (0,76,112) (71,0,76) (112,71,0) (76,112,71) (0,76,112) (71,0,76) (112,71,0) (76,112,71) (0,76,112) (71,0,76) (112,71,0) (76,112,71) (0,76,112) (71,0,76) (112,71,0) (76,112,71) (0,76,112) (71,0,76) (112,71,0) (76,112,71) (0,76,112) (71,0,76) (112,71,0) (76,112,71) (0,76,112) (71,0,76) (112,71,0) (76,112,71) (0,76,112) (71,0,76) (112,71,0) (76,112,71) (0,76,112) (71,0,76) (112,71,0) (76,112,71) (0,76,112) (71,0,76) (112,71,0) (76,112,71) (0,76,112) (71,0,76) (112,71,0) (76,112,71) (0,76,112) (71,0,76) (112,71,0) (76,112,71) (0,76,112) (71,0,76) (112,71,0) (76,112,71) (0,76,112) (71,0,76) (112,71,0) (76,112,71) (0,76,112) (71,0,76) (112,71,0) (76,112,71) (0,76,112) (71,0,1) (1,1,5) (76,112,71) (0,76,112) (71,0,1) (1,1,1) (8,8,8) (24,8,8) (8,42,68) (68,68,76) (68,68,68) (76,62,62) (62,102,67) (67,67,131) (55,55,55) (180,53,53) (53,200,50) (50,50,222) (50,50,50) (222,50,50) (50,222,50) (50,50,255) (43,44,43) (254,43,44) (43,254,39) (39,39,255) (38,38,38) (255,35,35) (35,255,33) (34,33,255) (31,31,31) (255,234,234) (234,255,252) (252,252,255) (250,250,250) (255,250,250) (250,255,250) (250,250,255) (250,250,250) (255,250,250) (250,255,250) (250,250,255) (250,250,250) (255,250,250) (250,255,250) (250,250,255) (250,250,250) (255,250,250) (250,255,250) (250,250,255) (252,252,252) (255,250,250) (250,255,250) (250,250,255) (252,252,252) (255,250,250) (250,255,252) (252,252,255) (250,250,250) (255,252,252) (252,255,250) (250,250,255) (250,250,250) (255,250,250) (250,255,252) (252,252,255) (250,250,250) (255,252,252) (252,255,250) (250,250,255) (252,252,252) (255,250,250) (250,255,252) (252,252,255) (250,250,250) (255,250,250) (250,255,250) (250,250,255) (250,250,250) (255,250,250) (250,255,250) (250,250,255) (250,250,250) (255,250,250) (250,255,250) (250,250,255) (250,250,250) (255,250,250) (250,255,252) (252,252,255) (250,250,250) (255,250,250) (250,255,250) (250,250,255) (250,250,250) (255,250,250) (250,255,252) (252,252,255) (250,250,250) (255,252,252) (252,255,250) (250,250,255) (250,250,250) (255,252,252) (252,255,250) (250,250,255) (252,252,252) (255,250,250) (250,255,252) (252,252,255) (250,250,250) (255,250,250) (250,255,250) (250,250,255) (250,250,250) (255,250,250) (250,255,250) (250,250,255) (250,250,250) (255,250,250) (250,255,250) (250,250,255) (250,250,250) (255,250,250) (250,255,250) (250,250,255) (250,250,250) (255,250,250) (250,255,252) (252,252,255) (252,252,252) (255,252,252) (252,255,252) (252,252,255) (252,252,252) (255,253,254) (254,255,238) (239,238,255) (221,221,221) (255,184,185) (184,255,167) (168,167,255) (140,141,141) (255,87,88) (88,255,64) (66,65,255) (33,34,33) (255,33,34) (33,255,33) (34,33,255) (33,34,33) (255,33,34) (33,255,33) (34,33,255) (35,35,35) (255,35,35) (35,255,35) (35,35,255) (35,35,35) (255,35,35) (35,255,35) (35,35,255) (35,35,35) (255,35,35) (35,255,35) (35,35,255) 
(76,112,71) (0,76,112) (71,0,76) (112,71,0) (76,112,71) (0,76,112) (71,0,76) (112,71,0) (76,112,71) (0,76,112) (71,0,76) (112,71,0) (76,112,71) (0,76,112) (71,0,76) (112,71,0) (76,112,71) (0,76,112) (71,0,76) (112,71,0) (76,112,71) (0,76,112) (71,0,76) (112,71,0) (76,112,71) (0,76,112) (71,0,76) (112,71,0) (76,112,71) (0,76,112) (71,0,76) (112,71,0) (76,112,71) (0,76,112) (71,0,76) (112,71,0) (76,112,71) (0,76,112) (71,0,76) (112,71,0) (76,112,71) (0,76,112) (71,0,76) (112,71,0) (76,112,71) (0,76,112) (71,0,76) (112,71,0) (76,112,71) (0,76,112) (71,0,76) (112,71,0) (76,112,71) (0,76,112) (71,0,76) (112,71,0) (76,112,71) (0,76,112) (71,0,76) (112,71,0) (76,112,71) (0,76,112) (71,0,76) (112,71,0) (76,112,71) (0,76,112) (71,0,76) (112,71,0) (76,112,71) (0,76,112) (71,0,76) (112,71,0) (76,112,71) (0,76,112) (71,0,76) (112,71,0) (76,112,71) (0,76,112) (71,0,76) (112,71,0) (76,112,71) (0,76,112) (71,0,76) (112,71,0) (76,112,71) (0,1,1) (1,1,1) (1,1,1) (8,8,8) (24,68,68) (68,76,68) (68,68,76) (62,62,62) (102,57,57) (57,155,53) (53,53,200) (50,50,50) (222,53,53) (53,200,50) (50,50,222) (46,46,46) (241,50,50) (50,255,43) (44,43,254) (43,44,43) (254,43,44) (43,254,39) (39,39,255) (39,39,39) (255,39,39) (39,255,38) (38,38,255) (38,38,38) (255,38,38) (38,255,37) (37,37,255) (35,35,35) (255,33,34) (33,255,31) (31,31,255) (75,77,78) (255,253,254) (254,255,252) (252,252,255) (250,250,250) (255,250,250) (250,255,250) (250,250,255) (250,250,250) (255,250,250) (250,255,250) (250,250,255) (250,250,250) (255,250,250) (250,255,250) (250,250,255) (250,250,250) (255,250,250) (250,255,250) (250,250,255) (250,250,250) (255,250,250) (250,255,252) (252,252,255) (250,250,250) (255,250,250) (250,255,250) (250,250,255) (250,250,250) (255,250,250) (250,255,252) (252,252,255) (250,250,250) (255,252,252) (252,255,250) (250,250,255) (250,250,250) (255,250,250) (250,255,250) (250,250,255) (250,250,250) (255,250,250) (250,255,250) (250,250,255) (252,252,252) (255,250,250) (250,255,252) (252,252,255) (250,250,250) (255,252,252) (252,255,250) (250,250,255) (252,252,252) (255,250,250) (250,255,252) (252,252,255) (250,250,250) (255,252,252) (252,255,250) (250,250,255) (252,252,252) (255,250,250) (250,255,252) (252,252,255) (250,250,250) (255,252,252) (252,255,250) (250,250,255) (250,250,250) (255,250,250) (250,255,250) (250,250,255) (250,250,250) (255,250,250) (250,255,250) (250,250,255) (250,250,250) (255,250,250) (250,255,250) (250,250,255) (250,250,250) (255,250,250) (250,255,250) (250,250,255) (250,250,250) (255,250,250) (250,255,250) (250,250,255) (250,250,250) (255,250,250) (250,255,250) (250,250,255) (250,250,250) (255,250,250) (250,255,250) (250,250,255) (250,250,250) (255,250,250) (250,255,250) (250,250,255) (250,250,250) (255,250,250) (250,255,250) (250,250,255) (250,250,250) (255,250,250) (250,255,250) (250,250,255) (250,250,250) (255,250,250) (250,255,250) (250,250,255) (252,252,252) (255,252,252) (252,255,252) (252,252,255) (252,252,252) (255,228,228) (228,255,212) (212,212,255) (184,185,184) (255,153,153) (153,255,126) (127,127,255) (87,88,88) (255,56,58) (55,255,33) (34,33,255) (33,34,33) (255,33,34) (33,255,33) (34,33,255) (33,34,33) (255,33,34) (33,255,35) (35,35,255) 
(76,112,71) (0,76,112) (71,0,76) (112,71,0) (76,112,71) (0,76,112) (71,0,76) (112,71,0) (76,112,71) (0,76,112) (71,0,76) (112,71,0) (76,112,71) (0,76,112) (71,0,76) (112,71,0) (76,112,71) (0,76,112) (71,0,76) (112,71,0) (76,112,71) (0,76,112) (71,0,76) (112,71,0) (76,112,71) (0,76,112) (71,0,76) (112,71,0) (76,112,71) (0,76,112) (71,0,76) (112,71,0) (76,112,71) (0,76,112) (71,0,76) (112,71,0) (76,112,71) (0,76,112) (71,0,76) (112,71,0) (76,112,71) (0,76,112) (71,0,76) (112,71,0) (76,112,71) (0,76,112) (71,0,76) (112,71,0) (76,112,71) (0,76,112) (71,0,76) (112,71,0) (76,112,71) (0,76,112) (71,0,76) (112,71,0) (76,112,71) (0,76,112) (71,0,76) (112,71,0) (76,112,71) (0,76,112) (71,0,76) (112,71,0) (76,112,71) (0,76,112) (71,0,76) (112,71,0) (76,112,71) (0,76,112) (71,0,76) (112,71,0) (76,112,71) (0,76,112) (71,0,76) (112,71,0) (76,112,71) (0,76,112) (71,0,76) (112,71,0) (76,112,71) (0,76,112) (71,0,76) (112,71,0) (1,1,1) (1,1,1) (1,1,8) (8,8,42) (55,55,55) (180,50,50) (50,222,50) (50,50,255) (43,44,43) (254,43,44) (43,254,43) (44,43,254) (43,44,43) (254,39,39) (39,255,39) (39,39,255) (39,39,39) (255,38,38) (38,255,38) (38,38,255) (38,38,38) (255,38,38) (38,255,38) (38,38,255) (38,38,38) (255,38,38) (38,255,38) (38,38,255) (38,38,38) (255,37,37) (37,255,35) (35,35,255) (35,35,35) (255,33,34) (33,255,31) (31,31,255) (174,175,175) (255,252,252) (252,255,250) (250,250,255) (250,250,250) (255,250,250) (250,255,250) (250,250,255) (250,250,250) (255,250,250) (250,255,250) (250,250,255) (250,250,250) (255,250,250) (250,255,250) (250,250,255) (250,250,250) (255,252,252) (252,255,250) (250,250,255) (252,252,252) (255,250,250) (250,255,250) (250,250,255) (252,252,252) (255,250,250) (250,255,252) (252,252,255) (250,250,250) (255,252,252) (252,255,250) (250,250,255) (250,250,250) (255,250,250) (250,255,252) (252,252,255) (250,250,250) (255,252,252) (252,255,250) (250,250,255) (252,252,252) (255,250,250) (250,255,252) (252,252,255) (250,250,250) (255,250,250) (250,255,250) (250,250,255) (250,250,250) (255,250,250) (250,255,250) (250,250,255) (250,250,250) (255,250,250) (250,255,250) (250,250,255) (250,250,250) (255,250,250) (250,255,250) (250,250,255) (250,250,250) (255,250,250) (250,255,250) (250,250,255) (250,250,250) (255,250,250) (250,255,252) (252,252,255) (250,250,250) (255,252,252) (252,255,250) (250,250,255) (250,250,250) (255,250,250) (250,255,250) (250,250,255) (250,250,250) (255,250,250) (250,255,250) (250,250,255) (250,250,250) (255,250,250) (250,255,250) (250,250,255) (250,250,250) (255,250,250) (250,255,250) (250,250,255) (250,250,250) (255,250,250) (250,255,249) (249,249,255) (249,249,249) (255,250,250) (250,255,250) (250,250,255) (250,250,250) (255,250,250) (250,255,249) (249,249,255) (249,249,249) (255,249,249) (249,255,250) (250,250,255) (250,250,250) (255,250,250) (250,255,250) (250,250,255) (249,249,249) (255,250,250) (250,255,250) (250,250,255) (250,250,250) (255,250,250) (250,255,250) (250,250,255) (250,250,250) (255,250,250) (250,255,250) (250,250,255) (250,250,250) (255,250,250) (250,255,250) (250,250,255) (250,250,250) (255,250,250) (250,255,252) (252,252,255) (217,217,217) (255,204,204) (204,255,179) (179,179,255) (140,141,141) (255,120,120) (119,255,75) (77,78,255) 
(76,112,71) (0,76,112) (71,0,76) (112,71,0) (76,112,71) (0,76,112) (71,0,76) (112,71,0) (76,112,71) (0,76,112) (71,0,76) (112,71,0) (76,112,71) (0,76,112) (71,0,76) (112,71,0) (76,112,71) (0,76,112) (71,0,76) (112,71,0) (76,112,71) (0,76,112) (71,0,76) (112,71,0) (76,112,71) (0,76,112) (71,0,76) (112,71,0) (76,112,71) (0,76,112) (71,0,76) (112,71,0) (76,112,71) (0,76,112) (71,0,76) (112,71,0) (76,112,71) (0,76,112) (71,0,76) (112,71,0) (76,112,71) (0,76,112) (71,0,76) (112,71,0) (76,112,71) (0,76,112) (71,0,76) (112,71,0) (76,112,71) (0,76,112) (71,0,76) (112,71,0) (76,112,71) (0,76,112) (71,0,76) (112,71,0) (76,112,71) (0,76,112) (71,0,76) (112,71,0) (76,112,71) (0,76,112) (71,0,76) (112,71,0) (76,112,71) (0,76,112) (71,0,76) (112,71,0) (76,112,71) (0,76,112) (71,0,76) (112,71,0) (76,112,71) (0,76,112) (71,0,76) (112,71,0) (76,112,71) (0,76,112) (71,0,76) (112,71,0) (76,112,71) (0,76,112) (71,0,76) (112,71,0) (1,1,1) (1,2,2) (2,11,57) (57,57,155) (50,50,50) (255,39,39) (39,255,38) (38,38,255) (39,39,39) (255,38,38) (38,255,38) (38,38,255) (38,38,38) (255,38,38) (38,255,38) (38,38,255) (38,38,38) (255,38,38) (38,255,38) (38,38,255) (38,38,38) (255,38,38) (38,255,38) (38,38,255) (38,38,38) (255,38,38) (38,255,38) (38,38,255) (38,38,38) (255,37,37) (37,255,35) (35,35,255) (33,34,33) (255,33,34) (33,255,31) (31,31,255) (237,238,237) (255,252,252) (252,255,250) (250,250,255) (250,250,250) (255,250,250) (250,255,250) (250,250,255) (250,250,250) (255,250,250) (250,255,250) (250,250,255) (250,250,250) (255,250,250) (250,255,250) (250,250,255) (250,250,250) (255,250,250) (250,255,250) (250,250,255) (250,250,250) (255,250,250) (250,255,252) (252,252,255) (250,250,250) (255,250,250) (250,255,250) (250,250,255) (250,250,250) (255,250,250) (250,255,252) (252,252,255) (250,250,250) (255,252,252) (252,255,250) (250,250,255) (250,250,250) (255,250,250) (250,255,252) (252,252,255) (250,250,250) (255,250,250) (250,255,250) (250,250,255) (252,252,252) (255,250,250) (250,255,252) (252,252,255) (250,250,250) (255,252,252) (252,255,250) (250,250,255) (252,252,252) (255,250,250) (250,255,252) (252,252,255) (250,250,250) (255,252,252) (252,255,250) (250,250,255) (252,252,252) (255,250,250) (250,255,252) (252,252,255) (250,250,250) (255,252,252) (252,255,250) (250,250,255) (250,250,250) (255,250,250) (250,255,250) (250,250,255) (252,252,252) (255,250,250) (250,255,250) (250,250,255) (250,250,250) (255,250,250) (250,255,250) (250,250,255) (250,250,250) (255,250,250) (250,255,250) (250,250,255) (250,250,250) (255,250,250) (250,255,250) (250,250,255) (250,250,250) (255,250,250) (250,255,250) (250,250,255) (249,249,249) (255,249,249) (249,255,249) (249,249,255) (249,249,249) (255,249,249) (249,255,249) (249,249,255) (249,249,249) (255,249,249) (249,255,249) (249,249,255) (249,249,249) (255,249,249) (249,255,249) (249,249,255) (249,249,249) (255,249,249) (249,255,249) (249,249,255) (249,249,249) (255,249,249) (249,255,249) (249,249,255) (249,249,249) (255,249,249) (249,255,250) (250,250,255) (249,249,249) (255,249,249) (249,255,249) (249,249,255) (250,250,250) (255,250,250) (250,255,250) (250,250,255) (250,250,250) (255,250,250) (250,255,250) (250,250,255) (250,250,250) (255,250,250) (250,255,250) (250,250,255) 
(76,112,71) (0,76,112) (71,0,76) (112,71,0) (76,112,71) (0,76,112) (71,0,76) (112,71,0) (76,112,71) (0,76,112) (71,0,76) (112,71,0) (76,112,71) (0,76,112) (71,0,76) (112,71,0) (76,112,71) (0,76,112) (71,0,76) (112,71,0) (76,112,71) (0,76,112) (71,0,76) (112,71,0) (76,112,71) (0,76,112) (71,0,76) (112,71,0) (76,112,71) (0,76,112) (71,0,76) (112,71,0) (76,112,71) (0,76,112) (71,0,76) (112,71,0) (76,112,71) (0,76,112) (71,0,76) (112,71,0) (76,112,71) (0,76,112) (71,0,76) (112,71,0) (76,112,71) (0,76,112) (71,0,76) (112,71,0) (76,112,71) (0,76,112) (71,0,76) (112,71,0) (76,112,71) (0,76,112) (71,0,76) (112,71,0) (76,112,71) (0,76,112) (71,0,76) (112,71,0) (76,112,71) (0,76,112) (71,0,76) (112,71,0) (76,112,71) (0,76,112) (71,0,76) (112,71,0) (76,112,71) (0,76,112) (71,0,76) (112,71,0) (76,112,71) (0,76,112) (71,0,76) (112,71,0) (76,112,71) (0,76,112) (71,0,76) (112,71,0) (76,112,71) (0,76,112) (71,0,76) (112,71,0) (1,1,1) (5,8,8) (8,24,55) (55,55,180) (43,44,43) (254,38,38) (38,255,38) (38,38,255) (38,38,38) (255,38,38) (38,255,38) (38,38,255) (38,38,38) (255,38,38) (38,255,38) (38,38,255) (38,38,38) (255,38,38) (38,255,38) (38,38,255) (38,38,38) (255,38,38) (38,255,38) (38,38,255) (38,38,38) (255,38,38) (38,255,38) (38,38,255) (38,38,38) (255,37,37) (37,255,35) (35,35,255) (33,34,33) (255,31,31) (31,255,75) (77,78,255) (253,254,254) (255,252,252) (252,255,250) (250,250,255) (250,250,250) (255,250,250) (250,255,250) (250,250,255) (250,250,250) (255,250,250) (250,255,250) (250,250,255) (250,250,250) (255,250,250) (250,255,250) (250,250,255) (252,252,252) (255,250,250) (250,255,252) (252,252,255) (250,250,250) (255,252,252) (252,255,250) (250,250,255) (252,252,252) (255,250,250) (250,255,252) (252,252,255) (250,250,250) (255,252,252) (252,255,250) (250,250,255) (250,250,250) (255,250,250) (250,255,252) (252,252,255) (250,250,250) (255,252,252) (252,255,250) (250,250,255) (252,252,252) (255,250,250) (250,255,252) (252,252,255) (250,250,250) (255,250,250) (250,255,250) (250,250,255) (252,252,252) (255,250,250) (250,255,252) (252,252,255) (250,250,250) (255,252,252) (252,255,250) (250,250,255) (252,252,252) (255,250,250) (250,255,252) (252,252,255) (250,250,250) (255,252,252) (252,255,250) (250,250,255) (250,250,250) (255,250,250) (250,255,252) (252,252,255) (250,250,250) (255,252,252) (252,255,250) (250,250,255) (250,250,250) (255,250,250) (250,255,250) (250,250,255) (250,250,250) (255,250,250) (250,255,250) (250,250,255) (250,250,250) (255,250,250) (250,255,250) (250,250,255) (250,250,250) (255,250,250) (250,255,250) (250,250,255) (250,250,250) (255,250,250) (250,255,250) (250,250,255) (249,249,249) (255,249,249) (249,255,249) (249,249,255) (249,249,249) (255,249,249) (249,255,249) (249,249,255) (249,249,249) (255,249,249) (249,255,249) (249,249,255) (249,249,249) (255,247,248) (247,255,247) (248,247,255) (247,248,247) (255,247,248) (247,255,247) (248,247,255) (247,248,247) (255,249,249) (249,255,247) (248,247,255) (247,248,247) (255,247,248) (247,255,247) (248,247,255) (247,248,247) (255,247,248) (247,255,249) (249,249,255) (249,249,249) (255,247,248) (247,255,247) (248,247,255) (247,248,247) (255,249,249) (249,255,249) (249,249,255) (249,249,249) (255,250,250) (250,255,250) (250,250,255) 
(76,112,71) (0,76,112) (71,0,76) (112,71,0) (76,112,71) (0,76,112) (71,0,76) (112,71,0) (76,112,71) (0,76,112) (71,0,76) (112,71,0) (76,112,71) (0,76,112) (71,0,76) (112,71,0) (76,112,71) (0,76,112) (71,0,76) (112,71,0) (76,112,71) (0,76,112) (71,0,76) (112,71,0) (76,112,71) (0,76,112) (71,0,76) (112,71,0) (76,112,71) (0,76,112) (71,0,76) (112,71,0) (76,112,71) (0,76,112) (71,0,76) (112,71,0) (76,112,71) (0,76,112) (71,0,76) (112,71,0) (76,112,71) (0,76,112) (71,0,76) (112,71,0) (76,112,71) (0,76,112) (71,0,76) (112,71,0) (76,112,71) (0,76,112) (71,0,76) (112,71,0) (76,112,71) (0,76,112) (71,0,76) (112,71,0) (76,112,71) (0,76,112) (71,0,76) (112,71,0) (76,112,71) (0,76,112) (71,0,76) (112,71,0) (76,112,71) (0,76,112) (71,0,76) (112,71,0) (76,112,71) (0,76,112) (71,0,76) (112,71,0) (76,112,71) (0,76,112) (71,0,76) (112,71,0) (76,112,71) (0,76,112) (71,0,76) (112,71,0) (76,112,71) (0,76,112) (71,0,76) (112,71,0) (2,2,2) (11,1,1) (1,51,53) (53,53,200) (39,39,39) (255,38,38) (38,255,38) (38,38,255) (38,38,38) (255,38,38) (38,255,38) (38,38,255) (38,38,38) (255,38,38) (38,255,38) (38,38,255) (38,38,38) (255,38,38) (38,255,38) (38,38,255) (38,38,38) (255,38,38) (38,255,38) (38,38,255) (38,38,38) (255,38,38) (38,255,38) (38,38,255) (37,37,37) (255,35,35) (35,255,35) (35,35,255) (33,34,33) (255,31,31) (31,255,174) (175,175,255) (252,252,252) (255,250,250) (250,255,250) (250,250,255) (250,250,250) (255,250,250) (250,255,250) (250,250,255) (250,250,250) (255,250,250) (250,255,250) (250,250,255) (250,250,250) (255,250,250) (250,255,252) (252,252,255) (250,250,250) (255,252,252) (252,255,250) (250,250,255) (250,250,250) (255,250,250) (250,255,250) (250,250,255) (250,250,250) (255,250,250) (250,255,250) (250,250,255) (250,250,250) (255,250,250) (250,255,252) (252,252,255) (250,250,250) (255,252,252) (252,255,250) (250,250,255) (250,250,250) (255,250,250) (250,255,250) (250,250,255) (250,250,250) (255,250,250) (250,255,250) (250,250,255) (252,252,252) (255,250,250) (250,255,252) (252,252,255) (250,250,250) (255,250,250) (250,255,250) (250,250,255) (250,250,250) (255,250,250) (250,255,250) (250,250,255) (250,250,250) (255,250,250) (250,255,250) (250,250,255) (250,250,250) (255,250,250) (250,255,252) (252,252,255) (250,250,250) (255,252,252) (252,255,250) (250,250,255) (250,250,250) (255,250,250) (250,255,250) (250,250,255) (252,252,252) (255,250,250) (250,255,252) (252,252,255) (250,250,250) (255,250,250) (250,255,250) (250,250,255) (250,250,250) (255,250,250) (250,255,250) (250,250,255) (250,250,250) (255,250,250) (250,255,250) (250,250,255) (250,250,250) (255,250,250) (250,255,250) (250,250,255) (249,249,249) (255,249,249) (249,255,249) (249,249,255) (249,249,249) (255,249,249) (249,255,249) (249,249,255) (249,249,249) (255,249,249) (249,255,249) (249,249,255) (249,249,249) (255,250,250) (250,255,247) (248,247,255) (249,249,249) (255,247,248) (247,255,249) (249,249,255) (247,248,247) (255,247,248) (247,255,249) (249,249,255) (247,248,247) (255,249,249) (249,255,247) (248,247,255) (249,249,249) (255,247,248) (247,255,247) (248,247,255) (247,248,247) (255,247,248) (247,255,249) (249,249,255) (247,248,247) (255,247,248) (247,255,247) (248,247,255) (247,248,247) (255,249,249) (249,255,249) (249,249,255) 
(76,112,71) (0,76,112) (71,0,76) (112,71,0) (76,112,71) (0,76,112) (71,0,76) (112,71,0) (76,112,71) (0,76,112) (71,0,76) (112,71,0) (76,112,71) (0,76,112) (71,0,76) (112,71,0) (76,112,71) (0,76,112) (71,0,76) (112,71,0) (76,112,71) (0,76,112) (71,0,76) (112,71,0) (76,112,71) (0,76,112) (71,0,76) (112,71,0) (76,112,71) (0,76,112) (71,0,76) (112,71,0) (76,112,71) (0,76,112) (71,0,76) (112,71,0) (76,112,71) (0,76,112) (71,0,76) (112,71,0) (76,112,71) (0,76,112) (71,0,76) (112,71,0) (76,112,71) (0,76,112) (71,0,76) (112,71,0) (76,112,71) (0,76,112) (71,0,76) (112,71,0) (76,112,71) (0,76,112) (71,0,76) (112,71,0) (76,112,71) (0,76,112) (71,0,76) (112,71,0) (76,112,71) (0,76,112) (71,0,76) (112,71,0) (76,112,71) (0,76,112) (71,0,76) (112,71,0) (76,112,71) (0,76,112) (71,0,76) (112,71,0) (76,112,71) (0,76,112) (71,0,76) (112,71,0) (76,112,71) (0,76,112) (71,0,76) (112,71,0) (76,112,71) (0,76,112) (71,0,1) (1,1,1) (2,2,2) (11,8,8) (8,42,50) (50,50,222) (39,39,39) (255,37,37) (37,255,37) (37,37,255) (37,37,37) (255,37,37) (37,255,37) (37,37,255) (37,37,37) (255,37,37) (37,255,37) (37,37,255) (37,37,37) (255,37,37) (37,255,37) (37,37,255) (37,37,37) (255,37,37) (37,255,37) (37,37,255) (37,37,37) (255,37,37) (37,255,37) (37,37,255) (35,35,35) (255,35,35) (35,255,33) (34,33,255) (31,31,31) (255,28,29) (28,255,237) (238,237,255) (252,252,252) (255,250,250) (250,255,250) (250,250,255) (250,250,250) (255,250,250) (250,255,250) (250,250,255) (250,250,250) (255,250,250) (250,255,250) (250,250,255) (250,250,250) (255,250,250) (250,255,250) (250,250,255) (250,250,250) (255,250,250) (250,255,252) (252,252,255) (250,250,250) (255,252,252) (252,255,250) (250,250,255) (252,252,252) (255,250,250) (250,255,252) (252,252,255) (250,250,250) (255,252,252) (252,255,250) (250,250,255) (250,250,250) (255,250,250) (250,255,252) (252,252,255) (250,250,250) (255,252,252) (252,255,250) (250,250,255) (252,252,252) (255,250,250) (250,255,252) (252,252,255) (250,250,250) (255,250,250) (250,255,250) (250,250,255) (252,252,252) (255,250,250) (250,255,252) (252,252,255) (250,250,250) (255,252,252) (252,255,250) (250,250,255) (252,252,252) (255,250,250) (250,255,252) (252,252,255) (250,250,250) (255,252,252) (252,255,250) (250,250,255) (250,250,250) (255,250,250) (250,255,252) (252,252,255) (250,250,250) (255,252,252) (252,255,250) (250,250,255) (250,250,250) (255,250,250) (250,255,250) (250,250,255) (250,250,250) (255,250,250) (250,255,250) (250,250,255) (250,250,250) (255,250,250) (250,255,250) (250,250,255) (250,250,250) (255,250,250) (250,255,250) (250,250,255) (250,250,250) (255,250,250) (250,255,250) (250,250,255) (250,250,250) (255,249,249) (249,255,249) (249,249,255) (249,249,249) (255,249,249) (249,255,249) (249,249,255) (249,249,249) (255,249,249) (249,255,249) (249,249,255) (249,249,249) (255,249,249) (249,255,247) (248,247,255) (247,248,247) (255,247,248) (247,255,247) (248,247,255) (247,248,247) (255,249,249) (249,255,247) (248,247,255) (247,248,247) (255,247,248) (247,255,247) (248,247,255) (247,248,247) (255,247,248) (247,255,249) (249,249,255) (247,248,247) (255,249,249) (249,255,247) (248,247,255) (247,248,247) (255,249,249) (249,255,247) (248,247,255) (249,249,249) (255,247,248) (247,255,247) (248,247,255) 
(76,112,71) (0,76,112) (71,0,76) (112,71,0) (76,112,71) (0,76,112) (71,0,76) (112,71,0) (76,112,71) (0,76,112) (71,0,76) (112,71,0) (76,112,71) (0,76,112) (71,0,76) (112,71,0) (76,112,71) (0,76,112) (71,0,76) (112,71,0) (76,112,71) (0,76,112) (71,0,76) (112,71,0) (76,112,71) (0,76,112) (71,0,76) (112,71,0) (76,112,71) (0,76,112) (71,0,76) (112,71,0) (76,112,71) (0,76,112) (71,0,76) (112,71,0) (76,112,71) (0,76,112) (71,0,76) (112,71,0) (76,112,71) (0,76,112) (71,0,76) (112,71,0) (76,112,71) (0,76,112) (71,0,76) (112,71,0) (76,112,71) (0,76,112) (71,0,76) (112,71,0) (76,112,71) (0,76,112) (71,0,76) (112,71,0) (76,112,71) (0,76,112) (71,0,76) (112,71,0) (76,112,71) (0,76,112) (71,0,76) (112,71,0) (76,112,71) (0,76,112) (71,0,76) (112,71,0) (76,112,71) (0,76,112) (71,0,76) (112,71,0) (76,112,71) (0,76,112) (71,0,76) (112,71,0) (76,112,71) (0,76,112) (71,0,76) (112,71,0) (76,112,71) (0,76,112) (71,0,1) (1,1,1) (2,2,2) (17,1,1) (1,51,50) (50,50,222) (39,39,39) (255,37,37) (37,255,37) (37,37,255) (37,37,37) (255,37,37) (37,255,37) (37,37,255) (37,37,37) (255,37,37) (37,255,37) (37,37,255) (37,37,37) (255,37,37) (37,255,37) (37,37,255) (37,37,37) (255,37,37) (37,255,37) (37,37,255) (37,37,37) (255,37,37) (37,255,37) (37,37,255) (35,35,35) (255,35,35) (35,255,33) (34,33,255) (31,31,31) (255,75,77) (78,255,253) (254,254,255) (250,250,250) (255,250,250) (250,255,250) (250,250,255) (250,250,250) (255,250,250) (250,255,250) (250,250,255) (250,250,250) (255,250,250) (250,255,250) (250,250,255) (250,250,250) (255,250,250) (250,255,250) (250,250,255) (250,250,250) (255,250,250) (250,255,250) (250,250,255) (250,250,250) (255,250,250) (250,255,252) (252,252,255) (250,250,250) (255,252,252) (252,255,250) (250,250,255) (250,250,250) (255,250,250) (250,255,252) (252,252,255) (250,250,250) (255,252,252) (252,255,250) (250,250,255) (250,250,250) (255,250,250) (250,255,252) (252,252,255) (250,250,250) (255,250,250) (250,255,250) (250,250,255) (252,252,252) (255,250,250) (250,255,252) (252,252,255) (250,250,250) (255,250,250) (250,255,250) (250,250,255) (252,252,252) (255,250,250) (250,255,252) (252,252,255) (250,250,250) (255,252,252) (252,255,250) (250,250,255) (250,250,250) (255,250,250) (250,255,252) (252,252,255) (250,250,250) (255,252,252) (252,255,250) (250,250,255) (250,250,250) (255,250,250) (250,255,250) (250,250,255) (250,250,250) (255,250,250) (250,255,250) (250,250,255) (250,250,250) (255,250,250) (250,255,250) (250,250,255) (250,250,250) (255,250,250) (250,255,250) (250,250,255) (250,250,250) (255,250,250) (250,255,249) (249,249,255) (249,249,249) (255,249,249) (249,255,249) (249,249,255) (249,249,249) (255,249,249) (249,255,249) (249,249,255) (249,249,249) (255,249,249) (249,255,249) (249,249,255) (247,248,247) (255,247,248) (247,255,247) (248,247,255) (247,248,247) (255,247,248) (247,255,249) (249,249,255) (247,248,247) (255,249,249) (249,255,247) (248,247,255) (247,248,247) (255,247,248) (247,255,247) (248,247,255) (247,248,247) (255,249,249) (249,255,247) (248,247,255) (249,249,249) (255,247,248) (247,255,247) (248,247,255) (247,248,247) (255,247,248) (247,255,247) (248,247,255) (247,248,247) (255,247,248) (247,255,247) (248,247,255) (247,248,247) (255,247,248) (247,255,247) (248,247,255) 
(76,112,71) (0,76,112) (71,0,76) (112,71,0) (76,112,71) (0,76,112) (71,0,76) (112,71,0) (76,112,71) (0,76,112) (71,0,76) (112,71,0) (76,112,71) (0,76,112) (71,0,76) (112,71,0) (76,112,71) (0,76,112) (71,0,76) (112,71,0) (76,112,71) (0,76,112) (71,0,76) (112,71,0) (76,112,71) (0,76,112) (71,0,76) (112,71,0) (76,112,71) (0,76,112) (71,0,76) (112,71,0) (76,112,71) (0,76,112) (71,0,76) (112,71,0) (76,112,71) (0,76,112) (71,0,76) (112,71,0) (76,112,71) (0,76,112) (71,0,76) (112,71,0) (76,112,71) (0,76,112) (71,0,76) (112,71,0) (76,112,71) (0,76,112) (71,0,76) (112,71,0) (76,112,71) (0,76,112) (71,0,76) (112,71,0) (76,112,71) (0,76,112) (71,0,76) (112,71,0) (76,112,71) (0,76,112) (71,0,76) (112,71,0) (76,112,71) (0,76,112) (71,0,76) (112,71,0) (76,112,71) (0,76,112) (71,0,76) (112,71,0) (76,112,71) (0,76,112) (71,0,76) (112,71,0) (76,112,71) (0,76,112) (71,0,76) (112,71,0) (76,112,71) (0,76,112) (71,0,1) (1,1,1) (2,2,2) (17,6,6) (6,74,50) (50,50,222) (39,39,39) (255,37,37) (37,255,37) (37,37,255) (37,37,37) (255,37,37) (37,255,37) (37,37,255) (37,37,37) (255,37,37) (37,255,37) (37,37,255) (37,37,37) (255,37,37) (37,255,37) (37,37,255) (37,37,37) (255,37,37) (37,255,37) (37,37,255) (37,37,37) (255,37,37) (37,255,35) (35,35,255) (35,35,35) (255,33,34) (33,255,31) (31,31,255) (31,31,31) (255,174,175) (175,255,252) (252,252,255) (250,250,250) (255,250,250) (250,255,250) (250,250,255) (250,250,250) (255,250,250) (250,255,250) (250,250,255) (250,250,250) (255,250,250) (250,255,250) (250,250,255) (250,250,250) (255,250,250) (250,255,250) (250,250,255) (250,250,250) (255,250,250) (250,255,250) (250,250,255) (252,252,252) (255,250,250) (250,255,250) (250,250,255) (250,250,250) (255,250,250) (250,255,252) (252,252,255) (250,250,250) (255,252,252) (252,255,250) (250,250,255) (250,250,250) (255,250,250) (250,255,252) (252,252,255) (250,250,250) (255,252,252) (252,255,250) (250,250,255) (252,252,252) (255,250,250) (250,255,252) (252,252,255) (250,250,250) (255,250,250) (250,255,250) (250,250,255) (252,252,252) (255,250,250) (250,255,252) (252,252,255) (250,250,250) (255,250,250) (250,255,250) (250,250,255) (250,250,250) (255,250,250) (250,255,252) (252,252,255) (250,250,250) (255,252,252) (252,255,250) (250,250,255) (250,250,250) (255,250,250) (250,255,252) (252,252,255) (250,250,250) (255,252,252) (252,255,250) (250,250,255) (250,250,250) (255,250,250) (250,255,250) (250,250,255) (250,250,250) (255,250,250) (250,255,250) (250,250,255) (250,250,250) (255,250,250) (250,255,250) (250,250,255) (250,250,250) (255,250,250) (250,255,249) (249,249,255) (249,249,249) (255,249,249) (249,255,249) (249,249,255) (249,249,249) (255,249,249) (249,255,249) (249,249,255) (249,249,249) (255,249,249) (249,255,249) (249,249,255) (247,248,247) (255,249,249) (249,255,247) (248,247,255) (249,249,249) (255,247,248) (247,255,247) (248,247,255) (247,248,247) (255,247,248) (247,255,247) (248,247,255) (247,248,247) (255,247,248) (247,255,247) (248,247,255) (247,248,247) (255,247,248) (247,255,247) (248,247,255) (247,248,247) (255,247,248) (247,255,247) (248,247,255) (247,248,247) (255,247,248) (247,255,247) (248,247,255) (247,248,247) (255,247,248) (247,255,247) (248,247,255) (247,248,247) (255,247,248) (247,255,247) (248,247,255) 
(76,112,71) (0,76,112) (71,0,76) (112,71,0) (76,112,71) (0,76,112) (71,0,76) (112,71,0) (76,112,71) (0,76,112) (71,0,76) (112,71,0) (76,112,71) (0,76,112) (71,0,76) (112,71,0) (76,112,71) (0,76,112) (71,0,76) (112,71,0) (76,112,71) (0,76,112) (71,0,76) (112,71,0) (76,112,71) (0,76,112) (71,0,76) (112,71,0) (76,112,71) (0,76,112) (71,0,76) (112,71,0) (76,112,71) (0,76,112) (71,0,76) (112,71,0) (76,112,71) (0,76,112) (71,0,76) (112,71,0) (76,112,71) (0,76,112) (71,0,76) (112,71,0) (76,112,71) (0,76,112) (71,0,76) (112,71,0) (76,112,71) (0,76,112) (71,0,76) (112,71,0) (76,112,71) (0,76,112) (71,0,76) (112,71,0) (76,112,71) (0,76,112) (71,0,76) (112,71,0) (76,112,71) (0,76,112) (71,0,76) (112,71,0) (76,112,71) (0,76,112) (71,0,76) (112,71,0) (76,112,71) (0,76,112) (71,0,76) (112,71,0) (76,112,71) (0,76,112) (71,0,76) (112,71,0) (76,112,71) (0,76,112) (71,0,76) (112,71,0) (76,112,71) (0,76,112) (71,0,1) (1,1,1) (2,2,2) (17,6,6) (6,74,50) (50,50,255) (38,38,38) (255,37,37) (37,255,37) (37,37,255) (37,37,37) (255,37,37) (37,255,37) (37,37,255) (37,37,37) (255,37,37) (37,255,37) (37,37,255) (37,37,37) (255,37,37) (37,255,37) (37,37,255) (37,37,37) (255,37,37) (37,255,37) (37,37,255) (37,37,37) (255,37,37) (37,255,35) (35,35,255) (35,35,35) (255,33,34) (33,255,31) (31,31,255) (28,29,28) (255,238,239) (238,255,252) (252,252,255) (250,250,250) (255,250,250) (250,255,250) (250,250,255) (250,250,250) (255,250,250) (250,255,250) (250,250,255) (250,250,250) (255,250,250) (250,255,250) (250,250,255) (250,250,250) (255,250,250) (250,255,250) (250,250,255) (250,250,250) (255,250,250) (250,255,252) (252,252,255) (250,250,250) (255,250,250) (250,255,252) (252,252,255) (250,250,250) (255,252,252) (252,255,250) (250,250,255) (250,250,250) (255,250,250) (250,255,252) (252,252,255) (250,250,250) (255,252,252) (252,255,250) (250,250,255) (250,250,250) (255,250,250) (250,255,250) (250,250,255) (250,250,250) (255,250,250) (250,255,250) (250,250,255) (252,252,252) (255,250,250) (250,255,252) (252,252,255) (250,250,250) (255,250,250) (250,255,250) (250,250,255) (252,252,252) (255,250,250) (250,255,252) (252,252,255) (250,250,250) (255,252,252) (252,255,250) (250,250,255) (250,250,250) (255,250,250) (250,255,252) (252,252,255) (250,250,250) (255,252,252) (252,255,250) (250,250,255) (250,250,250) (255,250,250) (250,255,250) (250,250,255) (250,250,250) (255,250,250) (250,255,250) (250,250,255) (250,250,250) (255,250,250) (250,255,250) (250,250,255) (250,250,250) (255,250,250) (250,255,250) (250,250,255) (250,250,250) (255,250,250) (250,255,250) (250,250,255) (249,249,249) (255,249,249) (249,255,249) (249,249,255) (249,249,249) (255,249,249) (249,255,249) (249,249,255) (249,249,249) (255,249,249) (249,255,249) (249,249,255) (247,248,247) (255,247,248) (247,255,247) (248,247,255) (247,248,247) (255,247,248) (247,255,249) (249,249,255) (247,248,247) (255,249,249) (249,255,247) (248,247,255) (247,248,247) (255,247,248) (247,255,247) (248,247,255) (249,249,249) (255,247,248) (247,255,249) (249,249,255) (247,248,247) (255,249,249) (249,255,247) (248,247,255) (247,248,247) (255,247,248) (247,255,247) (248,247,255) (247,248,247) (255,247,248) (247,255,247) (248,247,255) (247,248,247) (255,247,248) (247,255,247) (248,247,255) 
(76,112,71) (0,76,112) (71,0,76) (112,71,0) (76,112,71) (0,76,112) (71,0,76) (112,71,0) (76,112,71) (0,76,112) (71,0,76) (112,71,0) (76,112,71) (0,76,112) (71,0,76) (112,71,0) (76,112,71) (0,76,112) (71,0,76) (112,71,0) (76,112,71) (0,76,112) (71,0,76) (112,71,0) (76,112,71) (0,76,112) (71,0,76) (112,71,0) (76,112,71) (0,76,112) (71,0,76) (112,71,0) (76,112,71) (0,76,112) (71,0,76) (112,71,0) (76,112,71) (0,76,112) (71,0,76) (112,71,0) (76,112,71) (0,76,112) (71,0,76) (112,71,0) (76,112,71) (0,76,112) (71,0,76) (112,71,0) (76,112,71) (0,76,112) (71,0,76) (112,71,0) (76,112,71) (0,76,112) (71,0,76) (112,71,0) (76,112,71) (0,76,112) (71,0,76) (112,71,0) (76,112,71) (0,76,112) (71,0,76) (112,71,0) (76,112,71) (0,76,112) (71,0,76) (112,71,0) (76,112,71) (0,76,112) (71,0,76) (112,71,0) (76,112,71) (0,76,112) (71,0,76) (112,71,0) (76,112,71) (0,76,112) (71,0,76) (112,71,0) (76,112,71) (0,76,112) (71,0,1) (1,1,1) (2,2,2) (17,6,6) (6,74,50) (50,50,255) (38,38,38) (255,37,37) (37,255,37) (37,37,255) (37,37,37) (255,37,37) (37,255,37) (37,37,255) (37,37,37) (255,37,37) (37,255,37) (37,37,255) (37,37,37) (255,37,37) (37,255,37) (37,37,255) (37,37,37) (255,37,37) (37,255,37) (37,37,255) (37,37,37) (255,37,37) (37,255,35) (35,35,255) (35,35,35) (255,33,34) (33,255,31) (31,31,255) (87,88,88) (255,253,254) (254,255,250) (250,250,255) (250,250,250) (255,250,250) (250,255,250) (250,250,255) (250,250,250) (255,250,250) (250,255,250) (250,250,255) (250,250,250) (255,250,250) (250,255,250) (250,250,255) (250,250,250) (255,250,250) (250,255,250) (250,250,255) (250,250,250) (255,250,250) (250,255,250) (250,250,255) (252,252,252) (255,250,250) (250,255,250) (250,250,255) (250,250,250) (255,250,250) (250,255,252) (252,252,255) (250,250,250) (255,252,252) (252,255,250) (250,250,255) (250,250,250) (255,250,250) (250,255,252) (252,252,255) (250,250,250) (255,252,252) (252,255,250) (250,250,255) (252,252,252) (255,250,250) (250,255,252) (252,252,255) (250,250,250) (255,250,250) (250,255,250) (250,250,255) (252,252,252) (255,250,250) (250,255,252) (252,252,255) (250,250,250) (255,250,250) (250,255,250) (250,250,255) (250,250,250) (255,250,250) (250,255,252) (252,252,255) (250,250,250) (255,252,252) (252,255,250) (250,250,255) (250,250,250) (255,250,250) (250,255,252) (252,252,255) (250,250,250) (255,252,252) (252,255,250) (250,250,255) (250,250,250) (255,250,250) (250,255,250) (250,250,255) (250,250,250) (255,250,250) (250,255,250) (250,250,255) (250,250,250) (255,250,250) (250,255,250) (250,250,255) (250,250,250) (255,250,250) (250,255,250) (250,250,255) (249,249,249) (255,249,249) (249,255,249) (249,249,255) (249,249,249) (255,249,249) (249,255,249) (249,249,255) (249,249,249) (255,249,249) (249,255,249) (249,249,255) (249,249,249) (255,247,248) (247,255,249) (249,249,255) (247,248,247) (255,249,249) (249,255,247) (248,247,255) (247,248,247) (255,247,248) (247,255,247) (248,247,255) (247,248,247) (255,247,248) (247,255,249) (249,249,255) (247,248,247) (255,247,248) (247,255,247) (248,247,255) (247,248,247) (255,247,248) (247,255,247) (248,247,255) (247,248,247) (255,247,248) (247,255,247) (248,247,255) (247,248,247) (255,247,248) (247,255,247) (248,247,255) (247,248,247) (255,247,248) (247,255,247) (248,247,255) 
(76,112,71) (0,76,112) (71,0,76) (112,71,0) (76,112,71) (0,76,112) (71,0,76) (112,71,0) (76,112,71) (0,76,112) (71,0,76) (112,71,0) (76,112,71) (0,76,112) (71,0,76) (112,71,0) (76,112,71) (0,76,112) (71,0,76) (112,71,0) (76,112,71) (0,76,112) (71,0,76) (112,71,0) (76,112,71) (0,76,112) (71,0,76) (112,71,0) (76,112,71) (0,76,112) (71,0,76) (112,71,0) (76,112,71) (0,76,112) (71,0,76) (112,71,0) (76,112,71) (0,76,112) (71,0,76) (112,71,0) (76,112,71) (0,76,112) (71,0,76) (112,71,0) (76,112,71) (0,76,112) (71,0,76) (112,71,0) (76,112,71) (0,76,112) (71,0,76) (112,71,0) (76,112,71) (0,76,112) (71,0,76) (112,71,0) (76,112,71) (0,76,112) (71,0,76) (112,71,0) (76,112,71) (0,76,112) (71,0,76) (112,71,0) (76,112,71) (0,76,112) (71,0,76) (112,71,0) (76,112,71) (0,76,112) (71,0,76) (112,71,0) (76,112,71) (0,76,112) (71,0,76) (112,71,0) (76,112,71) (0,76,112) (71,0,76) (112,71,0) (76,112,71) (0,76,112) (71,0,1) (1,1,5) (2,2,2) (17,9,9) (9,106,46) (46,46,241) (38,38,38) (255,37,37) (37,255,37) (37,37,255) (37,37,37) (255,37,37) (37,255,37) (37,37,255) (37,37,37) (255,37,37) (37,255,37) (37,37,255) (37,37,37) (255,37,37) (37,255,37) (37,37,255) (37,37,37) (255,37,37) (37,255,37) (37,37,255) (37,37,37) (255,35,35) (35,255,35) (35,35,255) (33,34,33) (255,31,31) (31,255,31) (31,31,255) (174,175,175) (255,252,252) (252,255,250) (250,250,255) (250,250,250) (255,249,249) (249,255,250) (250,250,255) (250,250,250) (255,250,250) (250,255,250) (250,250,255) (250,250,250) (255,250,250) (250,255,250) (250,250,255) (250,250,250) (255,250,250) (250,255,250) (250,250,255) (250,250,250) (255,250,250) (250,255,252) (252,252,255) (250,250,250) (255,250,250) (250,255,252) (252,252,255) (250,250,250) (255,252,252) (252,255,250) (250,250,255) (250,250,250) (255,250,250) (250,255,252) (252,252,255) (250,250,250) (255,252,252) (252,255,250) (250,250,255) (250,250,250) (255,250,250) (250,255,250) (250,250,255) (250,250,250) (255,250,250) (250,255,250) (250,250,255) (252,252,252) (255,250,250) (250,255,252) (252,252,255) (250,250,250) (255,250,250) (250,255,250) (250,250,255) (252,252,252) (255,250,250) (250,255,252) (252,252,255) (250,250,250) (255,252,252) (252,255,250) (250,250,255) (250,250,250) (255,250,250) (250,255,252) (252,252,255) (250,250,250) (255,252,252) (252,255,250) (250,250,255) (250,250,250) (255,250,250) (250,255,252) (252,252,255) (250,250,250) (255,250,250) (250,255,250) (250,250,255) (250,250,250) (255,250,250) (250,255,250) (250,250,255) (250,250,250) (255,250,250) (250,255,250) (250,250,255) (250,250,250) (255,250,250) (250,255,250) (250,250,255) (249,249,249) (255,249,249) (249,255,249) (249,249,255) (249,249,249) (255,249,249) (249,255,249) (249,249,255) (249,249,249) (255,249,249) (249,255,249) (249,249,255) (249,249,249) (255,247,248) (247,255,247) (248,247,255) (247,248,247) (255,247,248) (247,255,249) (249,249,255) (247,248,247) (255,249,249) (249,255,247) (248,247,255) (249,249,249) (255,247,248) (247,255,247) (248,247,255) (249,249,249) (255,247,248) (247,255,249) (249,249,255) (247,248,247) (255,249,249) (249,255,247) (248,247,255) (247,248,247) (255,247,248) (247,255,247) (248,247,255) (247,248,247) (255,247,248) (247,255,247) (248,247,255) (247,248,247) (255,247,248) (247,255,247) (248,247,255) 
(76,112,71) (0,76,112) (71,0,76) (112,71,0) (76,112,71) (0,76,112) (71,0,76) (112,71,0) (76,112,71) (0,76,112) (71,0,76) (112,71,0) (76,112,71) (0,76,112) (71,0,76) (112,71,0) (76,112,71) (0,76,112) (71,0,76) (112,71,0) (76,112,71) (0,76,112) (71,0,76) (112,71,0) (76,112,71) (0,76,112) (71,0,76) (112,71,0) (76,112,71) (0,76,112) (71,0,76) (112,71,0) (76,112,71) (0,76,112) (71,0,76) (112,71,0) (76,112,71) (0,76,112) (71,0,76) (112,71,0) (76,112,71) (0,76,112) (71,0,76) (112,71,0) (76,112,71) (0,76,112) (71,0,76) (112,71,0) (76,112,71) (0,76,112) (71,0,76) (112,71,0) (76,112,71) (0,76,112) (71,0,76) (112,71,0) (76,112,71) (0,76,112) (71,0,76) (112,71,0) (76,112,71) (0,76,112) (71,0,76) (112,71,0) (76,112,71) (0,76,112) (71,0,76) (112,71,0) (76,112,71) (0,76,112) (71,0,76) (112,71,0) (76,112,71) (0,76,112) (71,0,76) (112,71,0) (76,112,71) (0,76,112) (71,0,76) (112,71,0) (76,112,71) (0,76,112) (71,0,1) (1,1,5) (8,8,8) (24,67,67) (67,131,50) (50,50,255) (37,37,37) (255,37,37) (37,255,37) (37,37,255) (37,37,37) (255,37,37) (37,255,37) (37,37,255) (37,37,37) (255,37,37) (37,255,37) (37,37,255) (37,37,37) (255,37,37) (37,255,37) (37,37,255) (37,37,37) (255,37,37) (37,255,37) (37,37,255) (37,37,37) (255,35,35) (35,255,35) (35,35,255) (33,34,33) (255,31,31) (31,255,28) (29,28,255) (238,239,238) (255,252,252) (252,255,250) (250,250,255) (250,250,250) (255,249,249) (249,255,250) (250,250,255) (250,250,250) (255,250,250) (250,255,250) (250,250,255) (250,250,250) (255,250,250) (250,255,250) (250,250,255) (250,250,250) (255,250,250) (250,255,250) (250,250,255) (250,250,250) (255,252,252) (252,255,250) (250,250,255) (252,252,252) (255,250,250) (250,255,250) (250,250,255) (250,250,250) (255,250,250) (250,255,250) (250,250,255) (250,250,250) (255,250,250) (250,255,250) (250,250,255) (250,250,250) (255,250,250) (250,255,252) (252,252,255) (250,250,250) (255,252,252) (252,255,250) (250,250,255) (252,252,252) (255,250,250) (250,255,252) (252,252,255) (250,250,250) (255,250,250) (250,255,250) (250,250,255) (252,252,252) (255,250,250) (250,255,252) (252,252,255) (250,250,250) (255,250,250) (250,255,250) (250,250,255) (250,250,250) (255,250,250) (250,255,252) (252,252,255) (250,250,250) (255,252,252) (252,255,250) (250,250,255) (250,250,250) (255,250,250) (250,255,252) (252,252,255) (250,250,250) (255,252,252) (252,255,250) (250,250,255) (250,250,250) (255,250,250) (250,255,250) (250,250,255) (250,250,250) (255,250,250) (250,255,250) (250,250,255) (250,250,250) (255,250,250) (250,255,250) (250,250,255) (250,250,250) (255,250,250) (250,255,250) (250,250,255) (249,249,249) (255,249,249) (249,255,249) (249,249,255) (249,249,249) (255,249,249) (249,255,249) (249,249,255) (249,249,249) (255,249,249) (249,255,249) (249,249,255) (249,249,249) (255,247,248) (247,255,249) (249,249,255) (247,248,247) (255,249,249) (249,255,247) (248,247,255) (247,248,247) (255,247,248) (247,255,247) (248,247,255) (247,248,247) (255,247,248) (247,255,249) (249,249,255) (247,248,247) (255,247,248) (247,255,247) (248,247,255) (247,248,247) (255,247,248) (247,255,247) (248,247,255) (247,248,247) (255,247,248) (247,255,247) (248,247,255) (247,248,247) (255,247,248) (247,255,247) (248,247,255) (247,248,247) (255,247,248) (247,255,247) (248,247,255) 
(76,112,71) (0,76,112) (71,0,76) (112,71,0) (76,112,71) (0,76,112) (71,0,76) (112,71,0) (76,112,71) (0,76,112) (71,0,76) (112,71,0) (76,112,71) (0,76,112) (71,0,76) (112,71,0) (76,112,71) (0,76,112) (71,0,76) (112,71,0) (76,112,71) (0,76,112) (71,0,76) (112,71,0) (76,112,71) (0,76,112) (71,0,76) (112,71,0) (76,112,71) (0,76,112) (71,0,76) (112,71,0) (76,112,71) (0,76,112) (71,0,76) (112,71,0) (76,112,71) (0,76,112) (71,0,76) (112,71,0) (76,112,71) (0,76,112) (71,0,76) (112,71,0) (76,112,71) (0,76,112) (71,0,76) (112,71,0) (76,112,71) (0,76,112) (71,0,76) (112,71,0) (76,112,71) (0,76,112) (71,0,76) (112,71,0) (76,112,71) (0,76,112) (71,0,76) (112,71,0) (76,112,71) (0,76,112) (71,0,76) (112,71,0) (76,112,71) (0,76,112) (71,0,76) (112,71,0) (76,112,71) (0,76,112) (71,0,76) (112,71,0) (76,112,71) (0,76,112) (71,0,76) (112,71,0) (76,112,71) (0,76,112) (71,0,76) (112,71,0) (76,112,71) (0,76,112) (71,0,1) (1,1,5) (8,8,8) (24,9,9) (9,106,50) (50,50,255) (37,37,37) (255,37,37) (37,255,37) (37,37,255) (37,37,37) (255,37,37) (37,255,37) (37,37,255) (37,37,37) (255,37,37) (37,255,37) (37,37,255) (37,37,37) (255,37,37) (37,255,37) (37,37,255) (37,37,37) (255,37,37) (37,255,37) (37,37,255) (37,37,37) (255,35,35) (35,255,35) (35,35,255) (33,34,33) (255,31,31) (31,255,87) (88,88,255) (253,254,254) (255,250,250) (250,255,250) (250,250,255) (250,250,250) (255,250,250) (250,255,250) (250,250,255) (250,250,250) (255,250,250) (250,255,250) (250,250,255) (250,250,250) (255,250,250) (250,255,250) (250,250,255) (250,250,250) (255,250,250) (250,255,250) (250,250,255) (250,250,250) (255,250,250) (250,255,250) (250,250,255) (250,250,250) (255,250,250) (250,255,252) (252,252,255) (250,250,250) (255,221,221) (221,255,133) (133,133,255) (108,110,109) (255,140,141) (141,255,170) (171,170,255) (196,196,197) (255,221,221) (221,255,243) (244,243,255) (250,250,250) (255,250,250) (250,255,250) (250,250,255) (250,250,250) (255,250,250) (250,255,250) (250,250,255) (252,252,252) (255,250,250) (250,255,252) (252,252,255) (250,250,250) (255,250,250) (250,255,250) (250,250,255) (252,252,252) (255,250,250) (250,255,252) (252,252,255) (250,250,250) (255,252,252) (252,255,250) (250,250,255) (250,250,250) (255,250,250) (250,255,252) (252,252,255) (250,250,250) (255,252,252) (252,255,250) (250,250,255) (250,250,250) (255,250,250) (250,255,252) (252,252,255) (250,250,250) (255,250,250) (250,255,250) (250,250,255) (250,250,250) (255,250,250) (250,255,250) (250,250,255) (250,250,250) (255,250,250) (250,255,250) (250,250,255) (250,250,250) (255,250,250) (250,255,250) (250,250,255) (249,249,249) (255,249,249) (249,255,249) (249,249,255) (249,249,249) (255,249,249) (249,255,249) (249,249,255) (249,249,249) (255,249,249) (249,255,249) (249,249,255) (249,249,249) (255,247,248) (247,255,247) (248,247,255) (247,248,247) (255,247,248) (247,255,249) (249,249,255) (247,248,247) (255,249,249) (249,255,247) (248,247,255) (249,249,249) (255,247,248) (247,255,247) (248,247,255) (249,249,249) (255,247,248) (247,255,249) (249,249,255) (247,248,247) (255,249,249) (249,255,247) (248,247,255) (247,248,247) (255,247,248) (247,255,247) (248,247,255) (247,248,247) (255,247,248) (247,255,247) (248,247,255) (247,248,247) (255,247,248) (247,255,247) (248,247,255) 
(76,112,71) (0,76,112) (71,0,76) (112,71,0) (76,112,71) (0,76,112) (71,0,76) (112,71,0) (76,112,71) (0,76,112) (71,0,76) (112,71,0) (76,112,71) (0,76,112) (71,0,76) (112,71,0) (76,112,71) (0,76,112) (71,0,76) (112,71,0) (76,112,71) (0,76,112) (71,0,76) (112,71,0) (76,112,71) (0,76,112) (71,0,76) (112,71,0) (76,112,71) (0,76,112) (71,0,76) (112,71,0) (76,112,71) (0,76,112) (71,0,76) (112,71,0) (76,112,71) (0,76,112) (71,0,76) (112,71,0) (76,112,71) (0,76,112) (71,0,76) (112,71,0) (76,112,71) (0,76,112) (71,0,76) (112,71,0) (76,112,71) (0,76,112) (71,0,76) (112,71,0) (76,112,71) (0,76,112) (71,0,76) (112,71,0) (76,112,71) (0,76,112) (71,0,76) (112,71,0) (76,112,71) (0,76,112) (71,0,76) (112,71,0) (76,112,71) (0,76,112) (71,0,76) (112,71,0) (76,112,71) (0,76,112) (71,0,76) (112,71,0) (76,112,71) (0,76,112) (71,0,76) (112,71,0) (76,112,71) (0,76,112) (71,0,76) (112,71,0) (76,112,71) (0,76,112) (71,0,1) (1,1,5) (2,2,2) (31,57,57) (57,155,43) (44,43,254) (35,35,35) (255,35,35) (35,255,35) (35,35,255) (35,35,35) (255,35,35) (35,255,35) (35,35,255) (35,35,35) (255,35,35) (35,255,35) (35,35,255) (35,35,35) (255,35,35) (35,255,35) (35,35,255) (35,35,35) (255,35,35) (35,255,35) (35,35,255) (35,35,35) (255,35,35) (35,255,33) (34,33,255) (31,31,31) (255,28,29) (28,255,179) (179,179,255) (252,252,252) (255,250,250) (250,255,250) (250,250,255) (249,249,249) (255,250,250) (250,255,250) (250,250,255) (250,250,250) (255,250,250) (250,255,250) (250,250,255) (250,250,250) (255,250,250) (250,255,250) (250,250,255) (250,250,250) (255,250,250) (250,255,250) (250,250,255) (250,250,250) (255,252,252) (252,255,250) (250,250,255) (252,252,252) (255,250,250) (250,255,250) (250,250,255) (252,252,252) (255,184,185) (184,255,75) (77,78,255) (50,50,50) (255,50,50) (50,255,50) (50,50,255) (50,50,50) (255,50,50) (50,255,50) (50,50,255) (75,77,78) (255,126,127) (127,255,161) (162,161,255) (196,196,197) (255,242,242) (242,255,250) (250,250,255) (250,250,250) (255,250,250) (250,255,250) (250,250,255) (252,252,252) (255,250,250) (250,255,252) (252,252,255) (250,250,250) (255,250,250) (250,255,250) (250,250,255) (250,250,250) (255,250,250) (250,255,252) (252,252,255) (250,250,250) (255,252,252) (252,255,250) (250,250,255) (250,250,250) (255,250,250) (250,255,252) (252,252,255) (250,250,250) (255,252,252) (252,255,250) (250,250,255) (250,250,250) (255,250,250) (250,255,250) (250,250,255) (250,250,250) (255,250,250) (250,255,250) (250,250,255) (250,250,250) (255,250,250) (250,255,250) (250,250,255) (250,250,250) (255,250,250) (250,255,250) (250,250,255) (249,249,249) (255,249,249) (249,255,249) (249,249,255) (249,249,249) (255,249,249) (249,255,249) (249,249,255) (249,249,249) (255,249,249) (249,255,249) (249,249,255) (249,249,249) (255,247,248) (247,255,249) (249,249,255) (247,248,247) (255,249,249) (249,255,247) (248,247,255) (247,248,247) (255,247,248) (247,255,247) (248,247,255) (247,248,247) (255,247,248) (247,255,249) (249,249,255) (247,248,247) (255,247,248) (247,255,247) (248,247,255) (247,248,247) (255,247,248) (247,255,247) (248,247,255) (247,248,247) (255,247,248) (247,255,247) (248,247,255) (247,248,247) (255,247,248) (247,255,247) (248,247,255) (247,248,247) (255,247,248) (247,255,247) (248,247,255) 
(76,112,71) (0,76,112) (71,0,76) (112,71,0) (76,112,71) (0,76,112) (71,0,76) (112,71,0) (76,112,71) (0,76,112) (71,0,76) (112,71,0) (76,112,71) (0,76,112) (71,0,76) (112,71,0) (76,112,71) (0,76,112) (71,0,76) (112,71,0) (76,112,71) (0,76,112) (71,0,76) (112,71,0) (76,112,71) (0,76,112) (71,0,76) (112,71,0) (76,112,71) (0,76,112) (71,0,76) (112,71,0) (76,112,71) (0,76,112) (71,0,76) (112,71,0) (76,112,71) (0,76,112) (71,0,76) (112,71,0) (76,112,71) (0,76,112) (71,0,76) (112,71,0) (76,112,71) (0,76,112) (71,0,76) (112,71,0) (76,112,71) (0,76,112) (71,0,76) (112,71,0) (76,112,71) (0,76,112) (71,0,76) (112,71,0) (76,112,71) (0,76,112) (71,0,76) (112,71,0) (76,112,71) (0,76,112) (71,0,76) (112,71,0) (76,112,71) (0,76,112) (71,0,76) (112,71,0) (76,112,71) (0,76,112) (71,0,76) (112,71,0) (76,112,71) (0,76,112) (71,0,76) (112,71,0) (76,112,71) (0,76,112) (71,0,76) (112,71,0) (76,112,71) (0,76,112) (71,0,1) (1,1,5) (2,2,2) (31,57,57) (57,155,43) (44,43,254) (35,35,35) (255,35,35) (35,255,35) (35,35,255) (35,35,35) (255,35,35) (35,255,35) (35,35,255) (35,35,35) (255,35,35) (35,255,35) (35,35,255) (35,35,35) (255,35,35) (35,255,35) (35,35,255) (35,35,35) (255,35,35) (35,255,35) (35,35,255) (35,35,35) (255,33,34) (33,255,33) (34,33,255) (31,31,31) (255,28,29) (28,255,238) (239,238,255) (252,252,252) (255,250,250) (250,255,250) (250,250,255) (249,249,249) (255,250,250) (250,255,250) (250,250,255) (250,250,250) (255,250,250) (250,255,250) (250,250,255) (250,250,250) (255,250,250) (250,255,250) (250,250,255) (250,250,250) (255,250,250) (250,255,250) (250,250,255) (250,250,250) (255,250,250) (250,255,250) (250,250,255) (250,250,250) (255,252,252) (252,255,250) (250,250,255) (242,242,242) (255,153,153) (153,255,64) (66,65,255) (50,50,50) (255,50,50) (50,255,50) (50,50,255) (50,50,50) (255,50,50) (50,255,50) (50,50,255) (50,50,50) (255,56,58) (55,255,64) (66,65,255) (75,77,78) (255,140,141) (141,255,219) (219,219,255) (250,250,250) (255,250,250) (250,255,250) (250,250,255) (250,250,250) (255,250,250) (250,255,250) (250,250,255) (223,223,223) (255,207,207) (207,255,223) (223,223,255) (246,247,246) (255,250,250) (250,255,250) (250,250,255) (250,250,250) (255,250,250) (250,255,250) (250,250,255) (252,252,252) (255,250,250) (250,255,250) (250,250,255) (250,250,250) (255,250,250) (250,255,252) (252,252,255) (250,250,250) (255,250,250) (250,255,250) (250,250,255) (250,250,250) (255,250,250) (250,255,250) (250,250,255) (250,250,250) (255,250,250) (250,255,250) (250,250,255) (250,250,250) (255,250,250) (250,255,250) (250,250,255) (249,249,249) (255,249,249) (249,255,249) (249,249,255) (249,249,249) (255,249,249) (249,255,249) (249,249,255) (249,249,249) (255,249,249) (249,255,249) (249,249,255) (249,249,249) (255,247,248) (247,255,247) (248,247,255) (247,248,247) (255,247,248) (247,255,249) (249,249,255) (247,248,247) (255,249,249) (249,255,247) (248,247,255) (249,249,249) (255,247,248) (247,255,247) (248,247,255) (249,249,249) (255,247,248) (247,255,249) (249,249,255) (247,248,247) (255,249,249) (249,255,247) (248,247,255) (247,248,247) (255,247,248) (247,255,247) (248,247,255) (247,248,247) (255,247,248) (247,255,247) (248,247,255) (247,248,247) (255,247,248) (247,255,247) (248,247,255) 
(76,112,71) (0,76,112) (71,0,76) (112,71,0) (76,112,71) (0,76,112) (71,0,76) (112,71,0) (76,112,71) (0,76,112) (71,0,76) (112,71,0) (76,112,71) (0,76,112) (71,0,76) (112,71,0) (76,112,71) (0,76,112) (71,0,76) (112,71,0) (76,112,71) (0,76,112) (71,0,76) (112,71,0) (76,112,71) (0,76,112) (71,0,76) (112,71,0) (76,112,71) (0,76,112) (71,0,76) (112,71,0) (76,112,71) (0,76,112) (71,0,76) (112,71,0) (76,112,71) (0,76,112) (71,0,76) (112,71,0) (76,112,71) (0,76,112) (71,0,76) (112,71,0) (76,112,71) (0,76,112) (71,0,76) (112,71,0) (76,112,71) (0,76,112) (71,0,76) (112,71,0) (76,112,71) (0,76,112) (71,0,76) (112,71,0) (76,112,71) (0,76,112) (71,0,76) (112,71,0) (76,112,71) (0,76,112) (71,0,76) (112,71,0) (76,112,71) (0,76,112) (71,0,76) (112,71,0) (76,112,71) (0,76,112) (71,0,76) (112,71,0) (76,112,71) (0,76,112) (71,0,76) (112,71,0) (76,112,71) (0,76,112) (71,0,76) (112,71,0) (76,112,71) (0,76,112) (71,0,1) (1,1,5) (2,2,2) (31,57,57) (57,155,43) (44,43,254) (35,35,35) (255,35,35) (35,255,35) (35,35,255) (35,35,35) (255,35,35) (35,255,35) (35,35,255) (35,35,35) (255,35,35) (35,255,35) (35,35,255) (35,35,35) (255,35,35) (35,255,35) (35,35,255) (35,35,35) (255,35,35) (35,255,35) (35,35,255) (35,35,35) (255,33,34) (33,255,31) (31,31,255) (31,31,31) (255,87,88) (88,255,252) (252,252,255) (250,250,250) (255,250,250) (250,255,249) (249,249,255) (249,249,249) (255,249,249) (249,255,249) (249,249,255) (249,249,249) (255,249,249) (249,255,250) (250,250,255) (250,250,250) (255,250,250) (250,255,250) (250,250,255) (250,250,250) (255,250,250) (250,255,250) (250,250,255) (250,250,250) (255,250,250) (250,255,250) (250,250,255) (250,250,250) (255,250,250) (250,255,250) (250,250,255) (223,223,223) (255,120,120) (119,255,50) (50,50,255) (50,50,50) (255,56,58) (55,255,75) (77,78,255) (64,66,65) (255,64,66) (65,255,56) (58,55,255) (50,50,50) (255,50,50) (50,255,50) (50,50,255) (50,50,50) (255,50,50) (50,255,99) (99,99,255) (217,217,217) (255,250,250) (250,255,250) (250,250,255) (252,252,252) (255,250,250) (250,255,252) (252,252,255) (153,153,153) (255,50,50) (50,255,50) (50,50,255) (56,58,55) (255,189,190) (190,255,250) (250,250,255) (252,252,252) (255,250,250) (250,255,252) (252,252,255) (250,250,250) (255,252,252) (252,255,250) (250,250,255) (250,250,250) (255,250,250) (250,255,250) (250,250,255) (250,250,250) (255,250,250) (250,255,250) (250,250,255) (250,250,250) (255,250,250) (250,255,250) (250,250,255) (250,250,250) (255,250,250) (250,255,249) (249,249,255) (249,249,249) (255,249,249) (249,255,249) (249,249,255) (249,249,249) (255,249,249) (249,255,249) (249,249,255) (249,249,249) (255,249,249) (249,255,247) (248,247,255) (247,248,247) (255,247,248) (247,255,247) (248,247,255) (247,248,247) (255,247,248) (247,255,249) (249,249,255) (247,248,247) (255,249,249) (249,255,247) (248,247,255) (247,248,247) (255,247,248) (247,255,247) (248,247,255) (247,248,247) (255,247,248) (247,255,249) (249,249,255) (247,248,247) (255,247,248) (247,255,247) (248,247,255) (247,248,247) (255,247,248) (247,255,247) (248,247,255) (247,248,247) (255,247,248) (247,255,247) (248,247,255) (246,247,246) (255,246,247) (246,255,246) (247,246,255) (246,247,246) (255,246,247) (246,255,246) (247,246,255) 
(76,112,71) (0,76,112) (71,0,76) (112,71,0) (76,112,71) (0,76,112) (71,0,76) (112,71,0) (76,112,71) (0,76,112) (71,0,76) (112,71,0) (76,112,71) (0,76,112) (71,0,76) (112,71,0) (76,112,71) (0,76,112) (71,0,76) (112,71,0) (76,112,71) (0,76,112) (71,0,76) (112,71,0) (76,112,71) (0,76,112) (71,0,76) (112,71,0) (76,112,71) (0,76,112) (71,0,76) (112,71,0) (76,112,71) (0,76,112) (71,0,76) (112,71,0) (76,112,71) (0,76,112) (71,0,76) (112,71,0) (76,112,71) (0,76,112) (71,0,76) (112,71,0) (76,112,71) (0,76,112) (71,0,76) (112,71,0) (76,112,71) (0,76,112) (71,0,76) (112,71,0) (76,112,71) (0,76,112) (71,0,76) (112,71,0) (76,112,71) (0,76,112) (71,0,76) (112,71,0) (76,112,71) (0,76,112) (71,0,76) (112,71,0) (76,112,71) (0,76,112) (71,0,76) (112,71,0) (76,112,71) (0,76,112) (71,0,76) (112,71,0) (76,112,71) (0,76,112) (71,0,76) (112,71,0) (76,112,71) (0,76,112) (71,0,76) (112,71,0) (76,112,71) (0,76,112) (71,0,2) (2,2,11) (2,2,2) (31,55,55) (55,180,43) (44,43,254) (35,35,35) (255,35,35) (35,255,35) (35,35,255) (35,35,35) (255,35,35) (35,255,35) (35,35,255) (35,35,35) (255,35,35) (35,255,35) (35,35,255) (35,35,35) (255,35,35) (35,255,35) (35,35,255) (35,35,35) (255,35,35) (35,255,35) (35,35,255) (35,35,35) (255,33,34) (33,255,31) (31,31,255) (28,29,28) (255,179,179) (179,255,252) (252,252,255) (250,250,250) (255,250,250) (250,255,249) (249,249,255) (249,249,249) (255,249,249) (249,255,249) (249,249,255) (249,249,249) (255,249,249) (249,255,250) (250,250,255) (250,250,250) (255,250,250) (250,255,250) (250,250,255) (250,250,250) (255,250,250) (250,255,250) (250,250,255) (250,250,250) (255,250,250) (250,255,250) (250,250,255) (250,250,250) (255,250,250) (250,255,252) (252,252,255) (196,196,197) (255,87,88) (88,255,50) (50,50,255) (50,50,50) (255,120,120) (119,255,196) (196,197,255) (174,175,175) (255,161,162) (161,255,133) (133,133,255) (75,77,78) (255,50,50) (50,255,50) (50,50,255) (50,50,50) (255,50,50) (50,255,50) (50,50,255) (126,127,127) (255,240,240) (240,255,250) (250,250,255) (250,250,250) (255,250,250) (250,255,247) (248,247,255) (126,127,127) (255,50,50) (50,255,50) (50,50,255) (87,88,88) (255,206,206) (206,255,250) (250,250,255) (250,250,250) (255,250,250) (250,255,250) (250,250,255) (250,250,250) (255,250,250) (250,255,250) (250,250,255) (250,250,250) (255,250,250) (250,255,238) (239,238,255) (184,185,184) (255,174,175) (175,255,204) (204,204,255) (237,238,237) (255,250,250) (250,255,250) (250,250,255) (250,250,250) (255,250,250) (250,255,249) (249,249,255) (249,249,249) (255,249,249) (249,255,249) (249,249,255) (249,249,249) (255,249,249) (249,255,249) (249,249,255) (249,249,249) (255,249,249) (249,255,247) (248,247,255) (247,248,247) (255,249,249) (249,255,247) (248,247,255) (249,249,249) (255,247,248) (247,255,247) (248,247,255) (247,248,247) (255,247,248) (247,255,249) (249,249,255) (247,248,247) (255,249,249) (249,255,247) (248,247,255) (249,249,249) (255,247,248) (247,255,247) (248,247,255) (247,248,247) (255,247,248) (247,255,247) (248,247,255) (247,248,247) (255,247,248) (247,255,247) (248,247,255) (247,248,247) (255,247,248) (247,255,247) (248,247,255) (246,247,246) (255,246,247) (246,255,246) (247,246,255) (246,247,246) (255,246,247) (246,255,246) (247,246,255) 
(76,112,71) (0,76,112) (71,0,76) (112,71,0) (76,112,71) (0,76,112) (71,0,76) (112,71,0) (76,112,71) (0,76,112) (71,0,76) (112,71,0) (76,112,71) (0,76,112) (71,0,76) (112,71,0) (76,112,71) (0,76,112) (71,0,76) (112,71,0) (76,112,71) (0,76,112) (71,0,76) (112,71,0) (76,112,71) (0,76,112) (71,0,76) (112,71,0) (76,112,71) (0,76,112) (71,0,76) (112,71,0) (76,112,71) (0,76,112) (71,0,76) (112,71,0) (76,112,71) (0,76,112) (71,0,76) (112,71,0) (76,112,71) (0,76,112) (71,0,76) (112,71,0) (76,112,71) (0,76,112) (71,0,76) (112,71,0) (76,112,71) (0,76,112) (71,0,76) (112,71,0) (76,112,71) (0,76,112) (71,0,76) (112,71,0) (76,112,71) (0,76,112) (71,0,76) (112,71,0) (76,112,71) (0,76,112) (71,0,76) (112,71,0) (76,112,71) (0,76,112) (71,0,76) (112,71,0) (76,112,71) (0,76,112) (71,0,76) (112,71,0) (76,112,71) (0,76,112) (71,0,76) (112,71,0) (76,112,71) (0,76,112) (71,0,76) (112,71,0) (76,112,71) (0,76,112) (71,0,2) (2,2,11) (2,2,2) (31,53,53) (53,200,43) (44,43,254) (35,35,35) (255,35,35) (35,255,35) (35,35,255) (35,35,35) (255,35,35) (35,255,35) (35,35,255) (35,35,35) (255,35,35) (35,255,35) (35,35,255) (35,35,35) (255,35,35) (35,255,35) (35,35,255) (35,35,35) (255,35,35) (35,255,35) (35,35,255) (33,34,33) (255,33,34) (33,255,31) (31,31,255) (28,29,28) (255,237,238) (237,255,250) (250,250,255) (250,250,250) (255,249,249) (249,255,249) (249,249,255) (249,249,249) (255,249,249) (249,255,249) (249,249,255) (249,249,249) (255,249,249) (249,255,250) (250,250,255) (250,250,250) (255,250,250) (250,255,250) (250,250,255) (250,250,250) (255,250,250) (250,255,250) (250,250,255) (250,250,250) (255,250,250) (250,255,250) (250,250,255) (250,250,250) (255,250,250) (250,255,250) (250,250,255) (157,158,158) (255,64,66) (65,255,50) (50,50,255) (64,66,65) (255,170,171) (170,255,253) (254,254,255) (253,254,254) (255,252,252) (252,255,243) (244,243,255) (228,228,228) (255,200,201) (200,255,126) (127,127,255) (56,58,55) (255,50,50) (50,255,50) (50,50,255) (75,77,78) (255,221,221) (221,255,250) (250,250,255) (252,252,252) (255,250,250) (250,255,219) (219,219,255) (99,99,99) (255,50,50) (50,255,50) (50,50,255) (133,133,133) (255,228,228) (228,255,250) (250,250,255) (252,252,252) (255,250,250) (250,255,252) (252,252,255) (250,250,250) (255,252,252) (252,255,250) (250,250,255) (250,250,250) (255,250,250) (250,255,214) (214,214,255) (75,77,78) (255,50,50) (50,255,50) (50,50,255) (133,133,133) (255,243,244) (243,255,250) (250,250,255) (250,250,250) (255,250,250) (250,255,249) (249,249,255) (249,249,249) (255,249,249) (249,255,249) (249,249,255) (249,249,249) (255,249,249) (249,255,249) (249,249,255) (249,249,249) (255,240,240) (240,255,223) (223,223,255) (230,230,230) (255,238,239) (238,255,247) (248,247,255) (247,248,247) (255,247,248) (247,255,249) (249,249,255) (247,248,247) (255,249,249) (249,255,247) (248,247,255) (247,248,247) (255,247,248) (247,255,247) (248,247,255) (247,248,247) (255,247,248) (247,255,249) (249,249,255) (247,248,247) (255,247,248) (247,255,247) (248,247,255) (247,248,247) (255,247,248) (247,255,247) (248,247,255) (247,248,247) (255,247,248) (247,255,246) (247,246,255) (246,247,246) (255,246,247) (246,255,246) (247,246,255) (246,247,246) (255,246,247) (246,255,246) (247,246,255) 
(76,112,71) (0,76,112) (71,0,76) (112,71,0) (76,112,71) (0,76,112) (71,0,76) (112,71,0) (76,112,71) (0,76,112) (71,0,76) (112,71,0) (76,112,71) (0,76,112) (71,0,76) (112,71,0) (76,112,71) (0,76,112) (71,0,76) (112,71,0) (76,112,71) (0,76,112) (71,0,76) (112,71,0) (76,112,71) (0,76,112) (71,0,76) (112,71,0) (76,112,71) (0,76,112) (71,0,76) (112,71,0) (76,112,71) (0,76,112) (71,0,76) (112,71,0) (76,112,71) (0,76,112) (71,0,76) (112,71,0) (76,112,71) (0,76,112) (71,0,76) (112,71,0) (76,112,71) (0,76,112) (71,0,76) (112,71,0) (76,112,71) (0,76,112) (71,0,76) (112,71,0) (76,112,71) (0,76,112) (71,0,76) (112,71,0) (76,112,71) (0,76,112) (71,0,76) (112,71,0) (76,112,71) (0,76,112) (71,0,76) (112,71,0) (76,112,71) (0,76,112) (71,0,76) (112,71,0) (76,112,71) (0,76,112) (71,0,76) (112,71,0) (76,112,71) (0,76,112) (71,0,76) (112,71,0) (76,112,71) (0,76,112) (71,0,76) (112,71,0) (76,112,71) (0,76,112) (71,0,2) (2,2,11) (2,2,2) (31,53,53) (53,200,39) (39,39,255) (35,35,35) (255,35,35) (35,255,35) (35,35,255) (35,35,35) (255,35,35) (35,255,35) (35,35,255) (35,35,35) (255,35,35) (35,255,35) (35,35,255) (35,35,35) (255,35,35) (35,255,35) (35,35,255) (35,35,35) (255,35,35) (35,255,35) (35,35,255) (33,34,33) (255,31,31) (31,255,31) (31,31,255) (87,88,88) (255,252,252) (252,255,250) (250,250,255) (250,250,250) (255,249,249) (249,255,249) (249,249,255) (249,249,249) (255,249,249) (249,255,249) (249,249,255) (249,249,249) (255,249,249) (249,255,250) (250,250,255) (250,250,250) (255,250,250) (250,255,250) (250,250,255) (250,250,250) (255,250,250) (250,255,250) (250,250,255) (250,250,250) (255,250,250) (250,255,250) (250,250,255) (250,250,250) (255,250,250) (250,255,231) (231,231,255) (126,127,127) (255,56,58) (55,255,50) (50,50,255) (99,99,99) (255,219,219) (219,255,250) (250,250,255) (250,250,250) (255,250,250) (250,255,252) (252,252,255) (250,250,250) (255,252,252) (252,255,231) (231,231,255) (99,99,99) (255,50,50) (50,255,50) (50,50,255) (50,50,50) (255,184,185) (184,255,247) (248,247,255) (250,250,250) (255,252,252) (252,255,179) (179,179,255) (75,77,78) (255,50,50) (50,255,50) (50,50,255) (164,164,164) (255,250,250) (250,255,250) (250,250,255) (250,250,250) (255,250,250) (250,255,250) (250,250,255) (250,250,250) (255,250,250) (250,255,250) (250,250,255) (250,250,250) (255,250,250) (250,255,196) (196,197,255) (50,50,50) (255,50,50) (50,255,75) (77,78,255) (174,175,175) (255,250,250) (250,255,250) (250,250,255) (250,250,250) (255,250,250) (250,255,249) (249,249,255) (249,249,249) (255,249,249) (249,255,249) (249,249,255) (247,248,247) (255,238,239) (238,255,167) (168,167,255) (126,127,127) (255,120,120) (119,255,108) (110,109,255) (108,110,109) (255,75,77) (78,255,108) (110,109,255) (157,158,158) (255,200,201) (200,255,246) (247,246,255) (247,248,247) (255,247,248) (247,255,247) (248,247,255) (247,248,247) (255,249,249) (249,255,247) (248,247,255) (249,249,249) (255,247,248) (247,255,247) (248,247,255) (247,248,247) (255,247,248) (247,255,247) (248,247,255) (247,248,247) (255,247,248) (247,255,247) (248,247,255) (247,248,247) (255,247,248) (247,255,246) (247,246,255) (246,247,246) (255,246,247) (246,255,246) (247,246,255) (246,247,246) (255,246,247) (246,255,246) (247,246,255) 
(76,112,71) (0,76,112) (71,0,76) (112,71,0) (76,112,71) (0,76,112) (71,0,76) (112,71,0) (76,112,71) (0,76,112) (71,0,76) (112,71,0) (76,112,71) (0,76,112) (71,0,76) (112,71,0) (76,112,71) (0,76,112) (71,0,76) (112,71,0) (76,112,71) (0,76,112) (71,0,76) (112,71,0) (76,112,71) (0,76,112) (71,0,76) (112,71,0) (76,112,71) (0,76,112) (71,0,76) (112,71,0) (76,112,71) (0,76,112) (71,0,76) (112,71,0) (76,112,71) (0,76,112) (71,0,76) (112,71,0) (76,112,71) (0,76,112) (71,0,76) (112,71,0) (76,112,71) (0,76,112) (71,0,76) (112,71,0) (76,112,71) (0,76,112) (71,0,76) (112,71,0) (76,112,71) (0,76,112) (71,0,76) (112,71,0) (76,112,71) (0,76,112) (71,0,76) (112,71,0) (76,112,71) (0,76,112) (71,0,76) (112,71,0) (76,112,71) (0,76,112) (71,0,76) (112,71,0) (76,112,71) (0,76,112) (71,0,76) (112,71,0) (76,112,71) (0,76,112) (71,0,76) (112,71,0) (76,112,71) (0,76,112) (71,0,76) (112,71,0) (76,112,71) (0,76,112) (71,0,2) (2,2,11) (8,8,8) (42,53,53) (53,200,39) (39,39,255) (35,35,35) (255,35,35) (35,255,35) (35,35,255) (35,35,35) (255,35,35) (35,255,35) (35,35,255) (35,35,35) (255,35,35) (35,255,35) (35,35,255) (35,35,35) (255,35,35) (35,255,35) (35,35,255) (35,35,35) (255,35,35) (35,255,35) (35,35,255) (33,34,33) (255,31,31) (31,255,28) (29,28,255) (179,179,179) (255,250,250) (250,255,250) (250,250,255) (250,250,250) (255,249,249) (249,255,249) (249,249,255) (249,249,249) (255,249,249) (249,255,249) (249,249,255) (249,249,249) (255,249,249) (249,255,249) (249,249,255) (250,250,250) (255,250,250) (250,255,250) (250,250,255) (250,250,250) (255,250,250) (250,255,250) (250,250,255) (250,250,250) (255,250,250) (250,255,250) (250,250,255) (250,250,250) (255,250,250) (250,255,207) (207,207,255) (99,99,99) (255,50,50) (50,255,50) (50,50,255) (126,127,127) (255,249,249) (249,255,250) (250,250,255) (252,252,252) (255,250,250) (250,255,250) (250,250,255) (250,250,250) (255,250,250) (250,255,253) (254,254,255) (170,171,170) (255,56,58) (55,255,50) (50,50,255) (50,50,50) (255,189,190) (190,255,247) (248,247,255) (250,250,250) (255,252,252) (252,255,140) (141,141,255) (56,58,55) (255,50,50) (50,255,75) (77,78,255) (200,201,200) (255,250,250) (250,255,252) (252,252,255) (250,250,250) (255,252,252) (252,255,250) (250,250,255) (252,252,252) (255,250,250) (250,255,250) (250,250,255) (250,250,250) (255,249,249) (249,255,167) (168,167,255) (50,50,50) (255,50,50) (50,255,99) (99,99,255) (209,209,209) (255,250,250) (250,255,250) (250,250,255) (250,250,250) (255,250,250) (250,255,249) (249,249,255) (249,249,249) (255,240,240) (240,255,206) (206,206,255) (133,133,133) (255,64,66) (65,255,64) (66,65,255) (50,50,50) (255,50,50) (50,255,50) (50,50,255) (50,50,50) (255,50,50) (50,255,50) (50,50,255) (56,58,55) (255,75,77) (78,255,108) (110,109,255) (184,185,184) (255,238,239) (238,255,247) (248,247,255) (247,248,247) (255,247,248) (247,255,247) (248,247,255) (247,248,247) (255,247,248) (247,255,247) (248,247,255) (247,248,247) (255,247,248) (247,255,247) (248,247,255) (247,248,247) (255,247,248) (247,255,247) (248,247,255) (247,248,247) (255,247,248) (247,255,246) (247,246,255) (246,247,246) (255,246,247) (246,255,246) (247,246,255) (246,247,246) (255,246,247) (246,255,246) (247,246,255) 
(76,112,71) (0,76,112) (71,0,76) (112,71,0) (76,112,71) (0,76,112) (71,0,76) (112,71,0) (76,112,71) (0,76,112) (71,0,76) (112,71,0) (76,112,71) (0,76,112) (71,0,76) (112,71,0) (76,112,71) (0,76,112) (71,0,76) (112,71,0) (76,112,71) (0,76,112) (71,0,76) (112,71,0) (76,112,71) (0,76,112) (71,0,76) (112,71,0) (76,112,71) (0,76,112) (71,0,76) (112,71,0) (76,112,71) (0,76,112) (71,0,76) (112,71,0) (76,112,71) (0,76,112) (71,0,76) (112,71,0) (76,112,71) (0,76,112) (71,0,76) (112,71,0) (76,112,71) (0,76,112) (71,0,76) (112,71,0) (76,112,71) (0,76,112) (71,0,76) (112,71,0) (76,112,71) (0,76,112) (71,0,76) (112,71,0) (76,112,71) (0,76,112) (71,0,76) (112,71,0) (76,112,71) (0,76,112) (71,0,76) (112,71,0) (76,112,71) (0,76,112) (71,0,76) (112,71,0) (76,112,71) (0,76,112) (71,0,76) (112,71,0) (76,112,71) (0,76,112) (71,0,76) (112,71,0) (76,112,71) (0,76,112) (71,0,76) (112,71,0) (76,112,71) (0,1,1) (1,1,2) (2,2,11) (1,1,1) (51,50,50) (50,222,38) (38,38,255) (35,35,35) (255,35,35) (35,255,35) (35,35,255) (35,35,35) (255,35,35) (35,255,35) (35,35,255) (35,35,35) (255,35,35) (35,255,35) (35,35,255) (35,35,35) (255,35,35) (35,255,35) (35,35,255) (35,35,35) (255,33,34) (33,255,33) (34,33,255) (31,31,31) (255,31,31) (31,255,28) (29,28,255) (237,238,237) (255,250,250) (250,255,250) (250,250,255) (249,249,249) (255,249,249) (249,255,249) (249,249,255) (249,249,249) (255,249,249) (249,255,249) (249,249,255) (249,249,249) (255,249,249) (249,255,249) (249,249,255) (250,250,250) (255,250,250) (250,255,250) (250,250,255) (250,250,250) (255,250,250) (250,255,250) (250,250,255) (250,250,250) (255,250,250) (250,255,250) (250,250,255) (250,250,250) (255,250,250) (250,255,170) (171,170,255) (75,77,78) (255,50,50) (50,255,56) (58,55,255) (157,158,158) (255,250,250) (250,255,250) (250,250,255) (250,250,250) (255,252,252) (252,255,250) (250,250,255) (252,252,252) (255,250,250) (250,255,250) (250,250,255) (196,196,197) (255,50,50) (50,255,50) (50,50,255) (64,66,65) (255,174,175) (175,255,245) (245,245,255) (250,250,250) (255,234,234) (234,255,108) (110,109,255) (50,50,50) (255,50,50) (50,255,108) (110,109,255) (219,219,219) (255,250,250) (250,255,250) (250,250,255) (250,250,250) (255,250,250) (250,255,250) (250,250,255) (250,250,250) (255,250,250) (250,255,250) (250,250,255) (250,250,250) (255,228,228) (228,255,120) (120,119,255) (50,50,50) (255,56,58) (55,255,120) (120,119,255) (232,233,232) (255,250,250) (250,255,250) (250,250,255) (250,250,250) (255,249,249) (249,255,249) (249,249,255) (215,215,215) (255,148,148) (148,255,64) (66,65,255) (50,50,50) (255,50,50) (50,255,50) (50,50,255) (50,50,50) (255,50,50) (50,255,50) (50,50,255) (50,50,50) (255,50,50) (50,255,50) (50,50,255) (50,50,50) (255,50,50) (50,255,50) (50,50,255) (64,66,65) (255,140,141) (141,255,228) (228,228,255) (247,248,247) (255,247,248) (247,255,249) (249,249,255) (247,248,247) (255,249,249) (249,255,247) (248,247,255) (232,233,232) (255,210,210) (210,255,232) (233,232,255) (247,248,247) (255,247,248) (247,255,247) (248,247,255) (247,248,247) (255,247,248) (247,255,246) (247,246,255) (246,247,246) (255,246,247) (246,255,246) (247,246,255) (246,247,246) (255,246,247) (246,255,246) (247,246,255) 
(76,112,71) (0,76,112) (71,0,76) (112,71,0) (76,112,71) (0,76,112) (71,0,76) (112,71,0) (76,112,71) (0,76,112) (71,0,76) (112,71,0) (76,112,71) (0,76,112) (71,0,76) (112,71,0) (76,112,71) (0,76,112) (71,0,76) (112,71,0) (76,112,71) (0,76,112) (71,0,76) (112,71,0) (76,112,71) (0,76,112) (71,0,76) (112,71,0) (76,112,71) (0,76,112) (71,0,76) (112,71,0) (76,112,71) (0,76,112) (71,0,76) (112,71,0) (76,112,71) (0,76,112) (71,0,76) (112,71,0) (76,112,71) (0,76,112) (71,0,76) (112,71,0) (76,112,71) (0,76,112) (71,0,76) (112,71,0) (76,112,71) (0,76,112) (71,0,76) (112,71,0) (76,112,71) (0,76,112) (71,0,76) (112,71,0) (76,112,71) (0,76,112) (71,0,76) (112,71,0) (76,112,71) (0,76,112) (71,0,76) (112,71,0) (76,112,71) (0,76,112) (71,0,76) (112,71,0) (76,112,71) (0,76,112) (71,0,76) (112,71,0) (76,112,71) (0,76,112) (71,0,76) (112,71,0) (76,112,71) (0,76,112) (71,0,76) (112,71,0) (76,112,71) (0,1,1) (1,1,2) (2,2,11) (8,8,8) (42,50,50) (50,222,37) (37,37,255) (35,35,35) (255,35,35) (35,255,35) (35,35,255) (35,35,35) (255,35,35) (35,255,35) (35,35,255) (35,35,35) (255,35,35) (35,255,35) (35,35,255) (35,35,35) (255,35,35) (35,255,35) (35,35,255) (35,35,35) (255,33,34) (33,255,33) (34,33,255) (31,31,31) (255,28,29) (28,255,87) (88,88,255) (252,252,252) (255,250,250) (250,255,249) (249,249,255) (249,249,249) (255,249,249) (249,255,249) (249,249,255) (249,249,249) (255,249,249) (249,255,249) (249,249,255) (249,249,249) (255,249,249) (249,255,249) (249,249,255) (250,250,250) (255,250,250) (250,255,250) (250,250,255) (250,250,250) (255,250,250) (250,255,250) (250,250,255) (250,250,250) (255,250,250) (250,255,250) (250,250,255) (250,250,250) (255,239,239) (239,255,133) (133,133,255) (56,58,55) (255,50,50) (50,255,87) (88,88,255) (196,196,197) (255,250,250) (250,255,252) (252,252,255) (250,250,250) (255,250,250) (250,255,250) (250,250,255) (250,250,250) (255,250,250) (250,255,246) (247,246,255) (140,141,141) (255,50,50) (50,255,50) (50,50,255) (87,88,88) (255,200,201) (200,255,247) (248,247,255) (250,250,250) (255,200,201) (200,255,87) (88,88,255) (50,50,50) (255,50,50) (50,255,148) (148,148,255) (240,240,240) (255,250,250) (250,255,252) (252,252,255) (250,250,250) (255,252,252) (252,255,250) (250,250,255) (252,252,252) (255,250,250) (250,255,250) (250,250,255) (250,250,250) (255,203,203) (203,255,64) (66,65,255) (50,50,50) (255,64,66) (65,255,153) (153,153,255) (247,248,247) (255,250,250) (250,255,250) (250,250,255) (250,250,250) (255,249,249) (249,255,214) (214,214,255) (99,99,99) (255,50,50) (50,255,50) (50,50,255) (50,50,50) (255,50,50) (50,255,50) (50,50,255) (87,88,88) (255,133,133) (133,255,133) (133,133,255) (120,120,119) (255,108,110) (109,255,64) (66,65,255) (50,50,50) (255,50,50) (50,255,50) (50,50,255) (50,50,50) (255,50,50) (50,255,120) (120,119,255) (234,234,234) (255,247,248) (247,255,247) (248,247,255) (247,248,247) (255,247,248) (247,255,247) (248,247,255) (179,179,179) (255,50,50) (50,255,50) (50,50,255) (56,58,55) (255,75,77) (78,255,99) (99,99,255) (126,127,127) (255,157,158) (158,255,184) (185,184,255) (210,210,210) (255,234,234) (234,255,246) (247,246,255) (246,247,246) (255,246,247) (246,255,246) (247,246,255) 
(76,112,71) (0,76,112) (71,0,76) (112,71,0) (76,112,71) (0,76,112) (71,0,76) (112,71,0) (76,112,71) (0,76,112) (71,0,76) (112,71,0) (76,112,71) (0,76,112) (71,0,76) (112,71,0) (76,112,71) (0,76,112) (71,0,76) (112,71,0) (76,112,71) (0,76,112) (71,0,76) (112,71,0) (76,112,71) (0,76,112) (71,0,76) (112,71,0) (76,112,71) (0,76,112) (71,0,76) (112,71,0) (76,112,71) (0,76,112) (71,0,76) (112,71,0) (76,112,71) (0,76,112) (71,0,76) (112,71,0) (76,112,71) (0,76,112) (71,0,76) (112,71,0) (76,112,71) (0,76,112) (71,0,76) (112,71,0) (76,112,71) (0,76,112) (71,0,76) (112,71,0) (76,112,71) (0,76,112) (71,0,76) (112,71,0) (76,112,71) (0,76,112) (71,0,76) (112,71,0) (76,112,71) (0,76,112) (71,0,76) (112,71,0) (76,112,71) (0,76,112) (71,0,76) (112,71,0) (76,112,71) (0,76,112) (71,0,76) (112,71,0) (76,112,71) (0,76,112) (71,0,76) (112,71,0) (76,112,71) (0,76,112) (71,0,76) (112,71,0) (76,112,71) (0,1,1) (1,1,2) (2,2,17) (1,1,1) (51,50,50) (50,222,38) (38,38,255) (35,35,35) (255,35,35) (35,255,35) (35,35,255) (35,35,35) (255,35,35) (35,255,35) (35,35,255) (35,35,35) (255,35,35) (35,255,35) (35,35,255) (35,35,35) (255,35,35) (35,255,35) (35,35,255) (33,34,33) (255,33,34) (33,255,31) (31,31,255) (31,31,31) (255,28,29) (28,255,179) (179,179,255) (250,250,250) (255,250,250) (250,255,249) (249,249,255) (249,249,249) (255,247,248) (247,255,247) (248,247,255) (247,248,247) (255,249,249) (249,255,249) (249,249,255) (249,249,249) (255,249,249) (249,255,249) (249,249,255) (249,249,249) (255,249,249) (249,255,249) (249,249,255) (249,249,249) (255,250,250) (250,255,250) (250,250,255) (250,250,250) (255,250,250) (250,255,250) (250,250,255) (250,250,250) (255,214,214) (214,255,108) (110,109,255) (50,50,50) (255,50,50) (50,255,126) (127,127,255) (240,240,240) (255,250,250) (250,255,250) (250,250,255) (250,250,250) (255,250,250) (250,255,252) (252,252,255) (250,250,250) (255,250,250) (250,255,253) (254,254,255) (75,77,78) (255,50,50) (50,255,50) (50,50,255) (120,120,119) (255,228,228) (228,255,250) (250,250,255) (252,252,252) (255,157,158) (158,255,64) (66,65,255) (50,50,50) (255,56,58) (55,255,184) (185,184,255) (250,250,250) (255,250,250) (250,255,250) (250,250,255) (250,250,250) (255,250,250) (250,255,250) (250,250,255) (250,250,250) (255,250,250) (250,255,250) (250,250,255) (250,250,250) (255,189,190) (190,255,50) (50,50,255) (50,50,50) (255,75,77) (78,255,189) (190,190,255) (249,249,249) (255,249,249) (249,255,249) (249,249,255) (249,249,249) (255,200,201) (200,255,87) (88,88,255) (50,50,50) (255,50,50) (50,255,50) (50,50,255) (64,66,65) (255,120,120) (119,255,212) (212,212,255) (217,217,217) (255,240,240) (240,255,253) (254,254,255) (253,254,254) (255,253,254) (254,255,240) (240,240,255) (189,190,190) (255,99,99) (99,255,50) (50,50,255) (50,50,50) (255,50,50) (50,255,50) (50,50,255) (126,127,127) (255,243,244) (243,255,247) (248,247,255) (247,248,247) (255,247,248) (247,255,238) (239,238,255) (140,141,141) (255,50,50) (50,255,50) (50,50,255) (50,50,50) (255,50,50) (50,255,50) (50,50,255) (50,50,50) (255,50,50) (50,255,50) (50,50,255) (50,50,50) (255,50,50) (50,255,50) (50,50,255) (64,66,65) (255,179,179) (179,255,242) (242,242,255) 
(76,112,71) (0,76,112) (71,0,76) (112,71,0) (76,112,71) (0,76,112) (71,0,76) (112,71,0) (76,112,71) (0,76,112) (71,0,76) (112,71,0) (76,112,71) (0,76,112) (71,0,76) (112,71,0) (76,112,71) (0,76,112) (71,0,76) (112,71,0) (76,112,71) (0,76,112) (71,0,76) (112,71,0) (76,112,71) (0,76,112) (71,0,76) (112,71,0) (76,112,71) (0,76,112) (71,0,76) (112,71,0) (76,112,71) (0,76,112) (71,0,76) (112,71,0) (76,112,71) (0,76,112) (71,0,76) (112,71,0) (76,112,71) (0,76,112) (71,0,76) (112,71,0) (76,112,71) (0,76,112) (71,0,76) (112,71,0) (76,112,71) (0,76,112) (71,0,76) (112,71,0) (76,112,71) (0,76,112) (71,0,76) (112,71,0) (76,112,71) (0,76,112) (71,0,76) (112,71,0) (76,112,71) (0,76,112) (71,0,76) (112,71,0) (76,112,71) (0,76,112) (71,0,76) (112,71,0) (76,112,71) (0,76,112) (71,0,76) (112,71,0) (76,112,71) (0,76,112) (71,0,76) (112,71,0) (76,112,71) (0,76,112) (71,0,76) (112,71,0) (76,112,71) (0,1,1) (1,1,2) (2,2,17) (6,6,6) (74,50,50) (50,222,37) (37,37,255) (35,35,35) (255,35,35) (35,255,35) (35,35,255) (35,35,35) (255,35,35) (35,255,35) (35,35,255) (35,35,35) (255,35,35) (35,255,35) (35,35,255) (35,35,35) (255,35,35) (35,255,35) (35,35,255) (33,34,33) (255,33,34) (33,255,31) (31,31,255) (31,31,31) (255,31,31) (31,255,236) (236,236,255) (250,250,250) (255,249,249) (249,255,247) (248,247,255) (247,248,247) (255,247,248) (247,255,249) (249,249,255) (247,248,247) (255,249,249) (249,255,249) (249,249,255) (249,249,249) (255,249,249) (249,255,249) (249,249,255) (249,249,249) (255,249,249) (249,255,249) (249,249,255) (249,249,249) (255,250,250) (250,255,250) (250,250,255) (250,250,250) (255,250,250) (250,255,250) (250,250,255) (250,250,250) (255,184,185) (184,255,75) (77,78,255) (50,50,50) (255,50,50) (50,255,153) (153,153,255) (250,250,250) (255,250,250) (250,255,250) (250,250,255) (250,250,250) (255,250,250) (250,255,250) (250,250,255) (249,249,249) (255,242,242) (242,255,157) (158,158,255) (50,50,50) (255,50,50) (50,255,56) (58,55,255) (164,164,164) (255,245,245) (245,255,250) (250,250,255) (252,252,252) (255,120,120) (119,255,50) (50,50,255) (50,50,50) (255,87,88) (88,255,212) (212,212,255) (250,250,250) (255,250,250) (250,255,250) (250,250,255) (250,250,250) (255,250,250) (250,255,250) (250,250,255) (250,250,250) (255,250,250) (250,255,250) (250,250,255) (242,242,242) (255,148,148) (148,255,50) (50,50,255) (50,50,50) (255,108,110) (109,255,217) (217,217,255) (249,249,249) (255,249,249) (249,255,243) (244,243,255) (189,190,190) (255,87,88) (88,255,50) (50,50,255) (50,50,50) (255,50,50) (50,255,108) (110,109,255) (193,194,193) (255,249,249) (249,255,247) (248,247,255) (247,248,247) (255,247,248) (247,255,247) (248,247,255) (247,248,247) (255,249,249) (249,255,250) (250,250,255) (250,250,250) (255,226,226) (226,255,140) (141,141,255) (50,50,50) (255,50,50) (50,255,50) (50,50,255) (56,58,55) (255,184,185) (184,255,247) (248,247,255) (247,248,247) (255,247,248) (247,255,228) (228,228,255) (133,133,133) (255,64,66) (65,255,64) (66,65,255) (56,58,55) (255,50,50) (50,255,50) (50,50,255) (50,50,50) (255,50,50) (50,255,50) (50,50,255) (50,50,50) (255,50,50) (50,255,50) (50,50,255) (50,50,50) (255,184,185) (184,255,242) (242,242,255) 
(76,112,71) (0,76,112) (71,0,76) (112,71,0) (76,112,71) (0,76,112) (71,0,76) (112,71,0) (76,112,71) (0,76,112) (71,0,76) (112,71,0) (76,112,71) (0,76,112) (71,0,76) (112,71,0) (76,112,71) (0,76,112) (71,0,76) (112,71,0) (76,112,71) (0,76,112) (71,0,76) (112,71,0) (76,112,71) (0,76,112) (71,0,76) (112,71,0) (76,112,71) (0,76,112) (71,0,76) (112,71,0) (76,112,71) (0,76,112) (71,0,76) (112,71,0) (76,112,71) (0,76,112) (71,0,76) (112,71,0) (76,112,71) (0,76,112) (71,0,76) (112,71,0) (76,112,71) (0,76,112) (71,0,76) (112,71,0) (76,112,71) (0,76,112) (71,0,76) (112,71,0) (76,112,71) (0,76,112) (71,0,76) (112,71,0) (76,112,71) (0,76,112) (71,0,76) (112,71,0) (76,112,71) (0,76,112) (71,0,76) (112,71,0) (76,112,71) (0,76,112) (71,0,76) (112,71,0) (76,112,71) (0,76,112) (71,0,76) (112,71,0) (76,112,71) (0,76,112) (71,0,76) (112,71,0) (76,112,71) (0,76,112) (71,0,76) (112,71,0) (76,112,71) (0,1,1) (1,1,2) (2,2,17) (1,1,1) (62,50,50) (50,255,35) (35,35,255) (35,35,35) (255,35,35) (35,255,35) (35,35,255) (35,35,35) (255,35,35) (35,255,35) (35,35,255) (35,35,35) (255,35,35) (35,255,35) (35,35,255) (35,35,35) (255,35,35) (35,255,35) (35,35,255) (33,34,33) (255,33,34) (33,255,31) (31,31,255) (28,29,28) (255,87,88) (88,255,252) (252,252,255) (250,250,250) (255,249,249) (249,255,247) (248,247,255) (249,249,249) (255,247,248) (247,255,247) (248,247,255) (247,248,247) (255,247,248) (247,255,249) (249,249,255) (249,249,249) (255,249,249) (249,255,249) (249,249,255) (249,249,249) (255,249,249) (249,255,249) (249,249,255) (249,249,249) (255,249,249) (249,255,250) (250,250,255) (250,250,250) (255,250,250) (250,255,250) (250,250,255) (246,247,246) (255,140,141) (141,255,64) (66,65,255) (50,50,50) (255,64,66) (65,255,148) (148,148,255) (215,215,215) (255,210,210) (210,255,221) (221,221,255) (228,228,228) (255,232,233) (232,255,236) (236,236,255) (212,212,212) (255,126,127) (127,255,64) (66,65,255) (50,50,50) (255,50,50) (50,255,108) (110,109,255) (228,228,228) (255,250,250) (250,255,250) (250,250,255) (217,217,217) (255,87,88) (88,255,50) (50,50,255) (50,50,50) (255,133,133) (133,255,232) (233,232,255) (250,250,250) (255,250,250) (250,255,250) (250,250,255) (250,250,250) (255,250,250) (250,255,250) (250,250,255) (250,250,250) (255,250,250) (250,255,250) (250,250,255) (215,215,215) (255,99,99) (99,255,50) (50,50,255) (56,58,55) (255,133,133) (133,255,239) (239,239,255) (249,249,249) (255,247,248) (247,255,217) (217,217,255) (87,88,88) (255,50,50) (50,255,50) (50,50,255) (50,50,50) (255,133,133) (133,255,226) (226,226,255) (247,248,247) (255,247,248) (247,255,247) (248,247,255) (249,249,249) (255,247,248) (247,255,249) (249,249,255) (247,248,247) (255,247,248) (247,255,247) (248,247,255) (249,249,249) (255,250,250) (250,255,237) (238,237,255) (140,141,141) (255,50,50) (50,255,50) (50,50,255) (50,50,50) (255,87,88) (88,255,243) (244,243,255) (247,248,247) (255,247,248) (247,255,243) (244,243,255) (203,203,203) (255,174,175) (175,255,167) (168,167,255) (153,153,153) (255,108,110) (109,255,50) (50,50,255) (50,50,50) (255,56,58) (55,255,64) (66,65,255) (75,77,78) (255,64,66) (65,255,56) (58,55,255) (75,77,78) (255,204,204) (204,255,243) (244,243,255) 
(76,112,71) (0,76,112) (71,0,76) (112,71,0) (76,112,71) (0,76,112) (71,0,76) (112,71,0) (76,112,71) (0,76,112) (71,0,76) (112,71,0) (76,112,71) (0,76,112) (71,0,76) (112,71,0) (76,112,71) (0,76,112) (71,0,76) (112,71,0) (76,112,71) (0,76,112) (71,0,76) (112,71,0) (76,112,71) (0,76,112) (71,0,76) (112,71,0) (76,112,71) (0,76,112) (71,0,76) (112,71,0) (76,112,71) (0,76,112) (71,0,76) (112,71,0) (76,112,71) (0,76,112) (71,0,76) (112,71,0) (76,112,71) (0,76,112) (71,0,76) (112,71,0) (76,112,71) (0,76,112) (71,0,76) (112,71,0) (76,112,71) (0,76,112) (71,0,76) (112,71,0) (76,112,71) (0,76,112) (71,0,76) (112,71,0) (76,112,71) (0,76,112) (71,0,76) (112,71,0) (76,112,71) (0,76,112) (71,0,76) (112,71,0) (76,112,71) (0,76,112) (71,0,76) (112,71,0) (76,112,71) (0,76,112) (71,0,76) (112,71,0) (76,112,71) (0,76,112) (71,0,76) (112,71,0) (76,112,71) (0,76,112) (71,0,76) (112,71,0) (76,112,71) (0,1,1) (1,1,2) (2,2,17) (6,6,6) (74,46,46) (46,241,35) (35,35,255) (35,35,35) (255,35,35) (35,255,35) (35,35,255) (35,35,35) (255,35,35) (35,255,35) (35,35,255) (35,35,35) (255,35,35) (35,255,35) (35,35,255) (35,35,35) (255,35,35) (35,255,33) (34,33,255) (33,34,33) (255,31,31) (31,255,31) (31,31,255) (28,29,28) (255,179,179) (179,255,250) (250,250,255) (250,250,250) (255,249,249) (249,255,247) (248,247,255) (247,248,247) (255,247,248) (247,255,249) (249,249,255) (247,248,247) (255,249,249) (249,255,249) (249,249,255) (249,249,249) (255,249,249) (249,255,249) (249,249,255) (249,249,249) (255,249,249) (249,255,249) (249,249,255) (249,249,249) (255,249,249) (249,255,250) (250,250,255) (250,250,250) (255,250,250) (250,255,250) (250,250,255) (226,226,226) (255,108,110) (109,255,50) (50,50,255) (50,50,50) (255,50,50) (50,255,64) (66,65,255) (87,88,88) (255,99,99) (99,255,108) (110,109,255) (120,120,119) (255,120,120) (119,255,108) (110,109,255) (75,77,78) (255,56,58) (55,255,50) (50,50,255) (50,50,50) (255,75,77) (78,255,193) (194,193,255) (249,249,249) (255,250,250) (250,255,250) (250,250,255) (174,175,175) (255,75,77) (78,255,50) (50,50,255) (50,50,50) (255,161,162) (161,255,239) (239,239,255) (243,244,243) (255,247,248) (247,255,250) (250,250,255) (250,250,250) (255,250,250) (250,255,250) (250,250,255) (250,250,250) (255,250,250) (250,255,250) (250,250,255) (193,194,193) (255,50,50) (50,255,50) (50,50,255) (64,66,65) (255,164,164) (164,255,249) (249,249,255) (249,249,249) (255,228,228) (228,255,126) (127,127,255) (50,50,50) (255,50,50) (50,255,56) (58,55,255) (140,141,141) (255,237,238) (237,255,247) (248,247,255) (249,249,249) (255,247,248) (247,255,247) (248,247,255) (247,248,247) (255,247,248) (247,255,247) (248,247,255) (247,248,247) (255,247,248) (247,255,247) (248,247,255) (247,248,247) (255,249,249) (249,255,252) (252,252,255) (226,226,226) (255,99,99) (99,255,50) (50,50,255) (50,50,50) (255,64,66) (65,255,167) (168,167,255) (247,248,247) (255,247,248) (247,255,249) (249,249,255) (250,250,250) (255,250,250) (250,255,250) (250,250,255) (250,250,250) (255,153,153) (153,255,50) (50,50,255) (50,50,50) (255,87,88) (88,255,174) (175,175,255) (193,194,193) (255,164,164) (164,255,148) (148,148,255) (167,168,167) (255,228,228) (228,255,243) (244,243,255) 
(76,112,71) (0,76,112) (71,0,76) (112,71,0) (76,112,71) (0,76,112) (71,0,76) (112,71,0) (76,112,71) (0,76,112) (71,0,76) (112,71,0) (76,112,71) (0,76,112) (71,0,76) (112,71,0) (76,112,71) (0,76,112) (71,0,76) (112,71,0) (76,112,71) (0,76,112) (71,0,76) (112,71,0) (76,112,71) (0,76,112) (71,0,76) (112,71,0) (76,112,71) (0,76,112) (71,0,76) (112,71,0) (76,112,71) (0,76,112) (71,0,76) (112,71,0) (76,112,71) (0,76,112) (71,0,76) (112,71,0) (76,112,71) (0,76,112) (71,0,76) (112,71,0) (76,112,71) (0,76,112) (71,0,76) (112,71,0) (76,112,71) (0,76,112) (71,0,76) (112,71,0) (76,112,71) (0,76,112) (71,0,76) (112,71,0) (76,112,71) (0,76,112) (71,0,76) (112,71,0) (76,112,71) (0,76,112) (71,0,76) (112,71,0) (76,112,71) (0,76,112) (71,0,76) (112,71,0) (76,112,71) (0,76,112) (71,0,76) (112,71,0) (76,112,71) (0,76,112) (71,0,76) (112,71,0) (76,112,71) (0,76,112) (71,0,76) (112,71,0) (76,112,71) (0,1,1) (1,5,2) (2,2,17) (9,9,9) (106,46,46) (46,241,35) (35,35,255) (33,34,33) (255,33,34) (33,255,33) (34,33,255) (33,34,33) (255,33,34) (33,255,33) (34,33,255) (33,34,33) (255,33,34) (33,255,33) (34,33,255) (33,34,33) (255,33,34) (33,255,33) (34,33,255) (31,31,31) (255,31,31) (31,255,28) (29,28,255) (31,31,31) (255,236,236) (236,255,250) (250,250,255) (249,249,249) (255,247,248) (247,255,247) (248,247,255) (249,249,249) (255,247,248) (247,255,247) (248,247,255) (247,248,247) (255,247,248) (247,255,249) (249,249,255) (249,249,249) (255,249,249) (249,255,249) (249,249,255) (249,249,249) (255,249,249) (249,255,249) (249,249,255) (249,249,249) (255,249,249) (249,255,249) (249,249,255) (250,250,250) (255,250,250) (250,255,250) (250,250,255) (193,194,193) (255,87,88) (88,255,50) (50,50,255) (50,50,50) (255,50,50) (50,255,50) (50,50,255) (50,50,50) (255,50,50) (50,255,50) (50,50,255) (50,50,50) (255,50,50) (50,255,50) (50,50,255) (50,50,50) (255,50,50) (50,255,50) (50,50,255) (87,88,88) (255,196,196) (197,255,247) (248,247,255) (250,250,250) (255,250,250) (250,255,250) (250,250,255) (133,133,133) (255,56,58) (55,255,50) (50,50,255) (56,58,55) (255,120,120) (119,255,164) (164,164,255) (174,175,175) (255,184,185) (184,255,203) (203,203,255) (215,215,215) (255,226,226) (226,255,231) (231,231,255) (236,236,236) (255,242,242) (242,255,243) (244,243,255) (170,171,170) (255,50,50) (50,255,50) (50,50,255) (87,88,88) (255,200,201) (200,255,249) (249,249,255) (247,248,247) (255,184,185) (184,255,50) (50,50,255) (50,50,50) (255,56,58) (55,255,108) (110,109,255) (234,234,234) (255,247,248) (247,255,247) (248,247,255) (247,248,247) (255,247,248) (247,255,249) (249,249,255) (247,248,247) (255,249,249) (249,255,247) (248,247,255) (249,249,249) (255,247,248) (247,255,249) (249,249,255) (247,248,247) (255,247,248) (247,255,249) (249,249,255) (249,249,249) (255,179,179) (179,255,56) (58,55,255) (50,50,50) (255,56,58) (55,255,133) (133,133,255) (247,248,247) (255,247,248) (247,255,247) (248,247,255) (247,248,247) (255,246,247) (246,255,246) (247,246,255) (228,228,228) (255,126,127) (127,255,50) (50,50,255) (50,50,50) (255,120,120) (119,255,237) (238,237,255) (249,249,249) (255,250,250) (250,255,246) (247,246,255) (242,242,242) (255,242,242) (242,255,243) (244,243,255) 
(76,112,71) (0,76,112) (71,0,76) (112,71,0) (76,112,71) (0,76,112) (71,0,76) (112,71,0) (76,112,71) (0,76,112) (71,0,76) (112,71,0) (76,112,71) (0,76,112) (71,0,76) (112,71,0) (76,112,71) (0,76,112) (71,0,76) (112,71,0) (76,112,71) (0,76,112) (71,0,76) (112,71,0) (76,112,71) (0,76,112) (71,0,76) (112,71,0) (76,112,71) (0,76,112) (71,0,76) (112,71,0) (76,112,71) (0,76,112) (71,0,76) (112,71,0) (76,112,71) (0,76,112) (71,0,76) (112,71,0) (76,112,71) (0,76,112) (71,0,76) (112,71,0) (76,112,71) (0,76,112) (71,0,76) (112,71,0) (76,112,71) (0,76,112) (71,0,76) (112,71,0) (76,112,71) (0,76,112) (71,0,76) (112,71,0) (76,112,71) (0,76,112) (71,0,76) (112,71,0) (76,112,71) (0,76,112) (71,0,76) (112,71,0) (76,112,71) (0,76,112) (71,0,76) (112,71,0) (76,112,71) (0,76,112) (71,0,76) (112,71,0) (76,112,71) (0,76,112) (71,0,76) (112,71,0) (76,112,71) (0,76,112) (71,0,76) (112,71,0) (76,112,71) (0,1,1) (1,5,8) (8,8,24) (9,9,9) (106,43,44) (43,254,33) (34,33,255) (33,34,33) (255,33,34) (33,255,33) (34,33,255) (33,34,33) (255,33,34) (33,255,33) (34,33,255) (33,34,33) (255,33,34) (33,255,33) (34,33,255) (33,34,33) (255,33,34) (33,255,33) (34,33,255) (31,31,31) (255,31,31) (31,255,28) (29,28,255) (87,88,88) (255,252,252) (252,255,250) (250,250,255) (249,249,249) (255,247,248) (247,255,249) (249,249,255) (247,248,247) (255,247,248) (247,255,249) (249,249,255) (247,248,247) (255,249,249) (249,255,247) (248,247,255) (249,249,249) (255,249,249) (249,255,249) (249,249,255) (249,249,249) (255,249,249) (249,255,249) (249,249,255) (249,249,249) (255,249,249) (249,255,249) (249,249,255) (249,249,249) (255,250,250) (250,255,247) (248,247,255) (157,158,158) (255,64,66) (65,255,50) (50,50,255) (50,50,50) (255,56,58) (55,255,50) (50,50,255) (50,50,50) (255,50,50) (50,255,50) (50,50,255) (50,50,50) (255,50,50) (50,255,56) (58,55,255) (50,50,50) (255,64,66) (65,255,133) (133,133,255) (212,212,212) (255,250,250) (250,255,250) (250,250,255) (250,250,250) (255,250,250) (250,255,234) (234,234,255) (99,99,99) (255,50,50) (50,255,50) (50,50,255) (50,50,50) (255,56,58) (55,255,64) (66,65,255) (64,66,65) (255,75,77) (78,255,87) (88,88,255) (99,99,99) (255,108,110) (109,255,126) (127,127,255) (140,141,141) (255,161,162) (161,255,164) (164,164,255) (99,99,99) (255,50,50) (50,255,56) (58,55,255) (120,120,119) (255,226,226) (226,255,249) (249,249,255) (228,228,228) (255,120,120) (119,255,50) (50,50,255) (50,50,50) (255,87,88) (88,255,193) (194,193,255) (249,249,249) (255,247,248) (247,255,249) (249,249,255) (247,248,247) (255,249,249) (249,255,247) (248,247,255) (247,248,247) (255,247,248) (247,255,247) (248,247,255) (247,248,247) (255,247,248) (247,255,247) (248,247,255) (247,248,247) (255,249,249) (249,255,247) (248,247,255) (250,250,250) (255,221,221) (221,255,87) (88,88,255) (50,50,50) (255,50,50) (50,255,99) (99,99,255) (232,233,232) (255,247,248) (247,255,247) (248,247,255) (247,248,247) (255,246,247) (246,255,247) (248,247,255) (210,210,210) (255,87,88) (88,255,50) (50,50,255) (50,50,50) (255,153,153) (153,255,243) (244,243,255) (243,244,243) (255,243,244) (243,255,243) (244,243,255) (243,244,243) (255,243,244) (243,255,243) (244,243,255) 
(76,112,71) (0,76,112) (71,0,76) (112,71,0) (76,112,71) (0,76,112) (71,0,76) (112,71,0) (76,112,71) (0,76,112) (71,0,76) (112,71,0) (76,112,71) (0,76,112) (71,0,76) (112,71,0) (76,112,71) (0,76,112) (71,0,76) (112,71,0) (76,112,71) (0,76,112) (71,0,76) (112,71,0) (76,112,71) (0,76,112) (71,0,76) (112,71,0) (76,112,71) (0,76,112) (71,0,76) (112,71,0) (76,112,71) (0,76,112) (71,0,76) (112,71,0) (76,112,71) (0,76,112) (71,0,76) (112,71,0) (76,112,71) (0,76,112) (71,0,76) (112,71,0) (76,112,71) (0,76,112) (71,0,76) (112,71,0) (76,112,71) (0,76,112) (71,0,76) (112,71,0) (76,112,71) (0,76,112) (71,0,76) (112,71,0) (76,112,71) (0,76,112) (71,0,76) (112,71,0) (76,112,71) (0,76,112) (71,0,76) (112,71,0) (76,112,71) (0,76,112) (71,0,76) (112,71,0) (76,112,71) (0,76,112) (71,0,76) (112,71,0) (76,112,71) (0,76,112) (71,0,76) (112,71,0) (76,112,71) (0,76,112) (71,0,76) (112,71,0) (76,112,71) (0,1,1) (1,5,8) (8,8,24) (9,9,9) (106,43,44) (43,254,33) (34,33,255) (33,34,33) (255,33,34) (33,255,33) (34,33,255) (33,34,33) (255,33,34) (33,255,33) (34,33,255) (33,34,33) (255,33,34) (33,255,33) (34,33,255) (33,34,33) (255,33,34) (33,255,33) (34,33,255) (31,31,31) (255,31,31) (31,255,28) (29,28,255) (179,179,179) (255,250,250) (250,255,249) (249,249,255) (249,249,249) (255,247,248) (247,255,247) (248,247,255) (249,249,249) (255,247,248) (247,255,247) (248,247,255) (247,248,247) (255,247,248) (247,255,247) (248,247,255) (249,249,249) (255,249,249) (249,255,249) (249,249,255) (249,249,249) (255,249,249) (249,255,249) (249,249,255) (249,249,249) (255,249,249) (249,255,249) (249,249,255) (249,249,249) (255,249,249) (249,255,232) (233,232,255) (120,120,119) (255,56,58) (55,255,50) (50,50,255) (87,88,88) (255,153,153) (153,255,167) (168,167,255) (140,141,141) (255,126,127) (127,255,108) (110,109,255) (99,99,99) (255,108,110) (109,255,120) (120,119,255) (140,141,141) (255,196,196) (197,255,238) (239,238,255) (250,250,250) (255,250,250) (250,255,250) (250,250,255) (250,250,250) (255,250,250) (250,255,193) (194,193,255) (75,77,78) (255,50,50) (50,255,50) (50,50,255) (50,50,50) (255,50,50) (50,255,50) (50,50,255) (50,50,50) (255,50,50) (50,255,50) (50,50,255) (50,50,50) (255,56,58) (55,255,56) (58,55,255) (56,58,55) (255,64,66) (65,255,56) (58,55,255) (50,50,50) (255,50,50) (50,255,56) (58,55,255) (148,148,148) (255,245,245) (245,255,250) (250,250,255) (196,196,197) (255,64,66) (65,255,50) (50,50,255) (64,66,65) (255,164,164) (164,255,243) (244,243,255) (247,248,247) (255,247,248) (247,255,247) (248,247,255) (247,248,247) (255,247,248) (247,255,249) (249,249,255) (247,248,247) (255,249,249) (249,255,247) (248,247,255) (249,249,249) (255,247,248) (247,255,249) (249,249,255) (247,248,247) (255,247,248) (247,255,247) (248,247,255) (250,250,250) (255,240,240) (240,255,133) (133,133,255) (50,50,50) (255,50,50) (50,255,87) (88,88,255) (243,244,243) (255,247,248) (247,255,247) (248,247,255) (246,247,246) (255,246,247) (246,255,247) (248,247,255) (189,190,190) (255,56,58) (55,255,50) (50,50,255) (64,66,65) (255,179,179) (179,255,243) (244,243,255) (243,244,243) (255,243,244) (243,255,243) (244,243,255) (243,244,243) (255,243,244) (243,255,226) (226,226,255) 
(76,112,71) (0,76,112) (71,0,76) (112,71,0) (76,112,71) (0,76,112) (71,0,76) (112,71,0) (76,112,71) (0,76,112) (71,0,76) (112,71,0) (76,112,71) (0,76,112) (71,0,76) (112,71,0) (76,112,71) (0,76,112) (71,0,76) (112,71,0) (76,112,71) (0,76,112) (71,0,76) (112,71,0) (76,112,71) (0,76,112) (71,0,76) (112,71,0) (76,112,71) (0,76,112) (71,0,76) (112,71,0) (76,112,71) (0,76,112) (71,0,76) (112,71,0) (76,112,71) (0,76,112) (71,0,76) (112,71,0) (76,112,71) (0,76,112) (71,0,76) (112,71,0) (76,112,71) (0,76,112) (71,0,76) (112,71,0) (76,112,71) (0,76,112) (71,0,76) (112,71,0) (76,112,71) (0,76,112) (71,0,76) (112,71,0) (76,112,71) (0,76,112) (71,0,76) (112,71,0) (76,112,71) (0,76,112) (71,0,76) (112,71,0) (76,112,71) (0,76,112) (71,0,76) (112,71,0) (76,112,71) (0,76,112) (71,0,76) (112,71,0) (76,112,71) (0,76,112) (71,0,76) (112,71,0) (76,112,71) (0,76,112) (71,0,76) (112,71,0) (76,112,71) (0,1,1) (1,5,8) (8,8,24) (57,57,57) (155,43,44) (43,254,33) (34,33,255) (33,34,33) (255,33,34) (33,255,33) (34,33,255) (33,34,33) (255,33,34) (33,255,33) (34,33,255) (33,34,33) (255,33,34) (33,255,33) (34,33,255) (33,34,33) (255,33,34) (33,255,31) (31,31,255) (31,31,31) (255,28,29) (28,255,31) (31,31,255) (237,238,237) (255,250,250) (250,255,247) (248,247,255) (247,248,247) (255,247,248) (247,255,247) (248,247,255) (247,248,247) (255,247,248) (247,255,247) (248,247,255) (247,248,247) (255,249,249) (249,255,247) (248,247,255) (247,248,247) (255,247,248) (247,255,247) (248,247,255) (247,248,247) (255,247,248) (247,255,249) (249,249,255) (249,249,249) (255,249,249) (249,255,249) (249,249,255) (249,249,249) (255,250,250) (250,255,207) (207,207,255) (87,88,88) (255,50,50) (50,255,50) (50,50,255) (148,148,148) (255,246,247) (246,255,247) (248,247,255) (239,239,239) (255,232,233) (232,255,223) (223,223,255) (217,217,217) (255,223,223) (223,255,245) (245,245,255) (250,250,250) (255,247,248) (247,255,250) (250,250,255) (250,250,250) (255,250,250) (250,255,250) (250,250,255) (250,250,250) (255,250,250) (250,255,148) (148,148,255) (64,66,65) (255,50,50) (50,255,50) (50,50,255) (87,88,88) (255,87,88) (88,255,75) (77,78,255) (64,66,65) (255,56,58) (55,255,50) (50,50,255) (50,50,50) (255,50,50) (50,255,50) (50,50,255) (50,50,50) (255,50,50) (50,255,50) (50,50,255) (50,50,50) (255,50,50) (50,255,75) (77,78,255) (179,179,179) (255,249,249) (249,255,245) (245,245,255) (164,164,164) (255,50,50) (50,255,50) (50,50,255) (87,88,88) (255,226,226) (226,255,247) (248,247,255) (247,248,247) (255,247,248) (247,255,247) (248,247,255) (247,248,247) (255,247,248) (247,255,247) (248,247,255) (247,248,247) (255,247,248) (247,255,247) (248,247,255) (247,248,247) (255,247,248) (247,255,247) (248,247,255) (247,248,247) (255,247,248) (247,255,247) (248,247,255) (247,248,247) (255,246,247) (246,255,164) (164,164,255) (50,50,50) (255,50,50) (50,255,99) (99,99,255) (219,219,219) (255,246,247) (246,255,246) (247,246,255) (246,247,246) (255,246,247) (246,255,240) (240,240,255) (153,153,153) (255,50,50) (50,255,50) (50,50,255) (99,99,99) (255,204,204) (204,255,243) (244,243,255) (243,244,243) (255,243,244) (243,255,243) (244,243,255) (243,244,243) (255,223,223) (223,255,120) (120,119,255) 
(76,112,71) (0,76,112) (71,0,76) (112,71,0) (76,112,71) (0,76,112) (71,0,76) (112,71,0) (76,112,71) (0,76,112) (71,0,76) (112,71,0) (76,112,71) (0,76,112) (71,0,76) (112,71,0) (76,112,71) (0,76,112) (71,0,76) (112,71,0) (76,112,71) (0,76,112) (71,0,76) (112,71,0) (76,112,71) (0,76,112) (71,0,76) (112,71,0) (76,112,71) (0,76,112) (71,0,76) (112,71,0) (76,112,71) (0,76,112) (71,0,76) (112,71,0) (76,112,71) (0,76,112) (71,0,76) (112,71,0) (76,112,71) (0,76,112) (71,0,76) (112,71,0) (76,112,71) (0,76,112) (71,0,76) (112,71,0) (76,112,71) (0,76,112) (71,0,76) (112,71,0) (76,112,71) (0,76,112) (71,0,76) (112,71,0) (76,112,71) (0,76,112) (71,0,76) (112,71,0) (76,112,71) (0,76,112) (71,0,76) (112,71,0) (76,112,71) (0,76,112) (71,0,76) (112,71,0) (76,112,71) (0,76,112) (71,0,76) (112,71,0) (76,112,71) (0,76,112) (71,0,76) (112,71,0) (76,112,71) (0,76,112) (71,0,76) (112,71,0) (76,112,71) (0,1,1) (1,5,2) (2,2,31) (57,57,57) (155,43,44) (43,254,33) (34,33,255) (33,34,33) (255,33,34) (33,255,33) (34,33,255) (33,34,33) (255,33,34) (33,255,33) (34,33,255) (33,34,33) (255,33,34) (33,255,33) (34,33,255) (33,34,33) (255,33,34) (33,255,31) (31,31,255) (31,31,31) (255,28,29) (28,255,87) (88,88,255) (250,250,250) (255,249,249) (249,255,247) (248,247,255) (247,248,247) (255,247,248) (247,255,247) (248,247,255) (247,248,247) (255,247,248) (247,255,247) (248,247,255) (247,248,247) (255,247,248) (247,255,249) (249,249,255) (247,248,247) (255,249,249) (249,255,247) (248,247,255) (249,249,249) (255,247,248) (247,255,247) (248,247,255) (249,249,249) (255,249,249) (249,255,249) (249,249,255) (249,249,249) (255,250,250) (250,255,170) (171,170,255) (64,66,65) (255,50,50) (50,255,50) (50,50,255) (174,175,175) (255,249,249) (249,255,249) (249,249,255) (250,250,250) (255,250,250) (250,255,250) (250,250,255) (250,250,250) (255,250,250) (250,255,250) (250,250,255) (250,250,250) (255,250,250) (250,255,250) (250,250,255) (250,250,250) (255,250,250) (250,255,250) (250,250,255) (250,250,250) (255,247,248) (247,255,108) (110,109,255) (50,50,50) (255,50,50) (50,255,87) (88,88,255) (189,190,190) (255,212,212) (212,255,196) (196,197,255) (184,185,184) (255,167,168) (167,255,153) (153,153,255) (133,133,133) (255,120,120) (119,255,99) (99,99,255) (99,99,99) (255,87,88) (88,255,56) (58,55,255) (50,50,50) (255,50,50) (50,255,99) (99,99,255) (210,210,210) (255,249,249) (249,255,228) (228,228,255) (126,127,127) (255,50,50) (50,255,56) (58,55,255) (120,120,119) (255,245,245) (245,255,247) (248,247,255) (247,248,247) (255,247,248) (247,255,247) (248,247,255) (247,248,247) (255,247,248) (247,255,247) (248,247,255) (247,248,247) (255,247,248) (247,255,247) (248,247,255) (247,248,247) (255,247,248) (247,255,247) (248,247,255) (247,248,247) (255,247,248) (247,255,247) (248,247,255) (247,248,247) (255,239,239) (239,255,148) (148,148,255) (50,50,50) (255,50,50) (50,255,87) (88,88,255) (210,210,210) (255,246,247) (246,255,246) (247,246,255) (245,245,245) (255,245,245) (245,255,226) (226,226,255) (120,120,119) (255,50,50) (50,255,50) (50,50,255) (120,120,119) (255,226,226) (226,255,243) (244,243,255) (243,244,243) (255,243,244) (243,255,243) (244,243,255) (243,244,243) (255,153,153) (153,255,64) (66,65,255) 
(76,112,71) (0,76,112) (71,0,76) (112,71,0) (76,112,71) (0,76,112) (71,0,76) (112,71,0) (76,112,71) (0,76,112) (71,0,76) (112,71,0) (76,112,71) (0,76,112) (71,0,76) (112,71,0) (76,112,71) (0,76,112) (71,0,76) (112,71,0) (76,112,71) (0,76,112) (71,0,76) (112,71,0) (76,112,71) (0,76,112) (71,0,76) (112,71,0) (76,112,71) (0,76,112) (71,0,76) (112,71,0) (76,112,71) (0,76,112) (71,0,76) (112,71,0) (76,112,71) (0,76,112) (71,0,76) (112,71,0) (76,112,71) (0,76,112) (71,0,76) (112,71,0) (76,112,71) (0,76,112) (71,0,76) (112,71,0) (76,112,71) (0,76,112) (71,0,76) (112,71,0) (76,112,71) (0,76,112) (71,0,76) (112,71,0) (76,112,71) (0,76,112) (71,0,76) (112,71,0) (76,112,71) (0,76,112) (71,0,76) (112,71,0) (76,112,71) (0,76,112) (71,0,76) (112,71,0) (76,112,71) (0,76,112) (71,0,76) (112,71,0) (76,112,71) (0,76,112) (71,0,76) (112,71,0) (76,112,71) (0,76,112) (71,0,76) (112,71,0) (76,112,71) (0,1,1) (1,5,2) (2,2,31) (57,57,57) (155,39,39) (39,255,33) (34,33,255) (33,34,33) (255,33,34) (33,255,33) (34,33,255) (33,34,33) (255,33,34) (33,255,33) (34,33,255) (33,34,33) (255,33,34) (33,255,33) (34,33,255) (33,34,33) (255,33,34) (33,255,31) (31,31,255) (31,31,31) (255,28,29) (28,255,179) (179,179,255) (250,250,250) (255,249,249) (249,255,247) (248,247,255) (247,248,247) (255,247,248) (247,255,247) (248,247,255) (247,248,247) (255,247,248) (247,255,247) (248,247,255) (247,248,247) (255,247,248) (247,255,247) (248,247,255) (247,248,247) (255,247,248) (247,255,247) (248,247,255) (247,248,247) (255,247,248) (247,255,249) (249,249,255) (247,248,247) (255,249,249) (249,255,249) (249,249,255) (249,249,249) (255,238,239) (238,255,133) (133,133,255) (56,58,55) (255,50,50) (50,255,75) (77,78,255) (200,201,200) (255,249,249) (249,255,249) (249,249,255) (249,249,249) (255,249,249) (249,255,249) (249,249,255) (250,250,250) (255,250,250) (250,255,250) (250,250,255) (250,250,250) (255,250,250) (250,255,250) (250,250,255) (250,250,250) (255,250,250) (250,255,250) (250,250,255) (250,250,250) (255,214,214) (214,255,87) (88,88,255) (50,50,50) (255,50,50) (50,255,133) (133,133,255) (234,234,234) (255,250,250) (250,255,252) (252,252,255) (252,252,252) (255,252,252) (252,255,253) (254,254,255) (249,249,249) (255,238,239) (238,255,228) (228,228,255) (219,219,219) (255,179,179) (179,255,87) (88,88,255) (50,50,50) (255,56,58) (55,255,126) (127,127,255) (232,233,232) (255,250,250) (250,255,209) (209,209,255) (87,88,88) (255,50,50) (50,255,64) (66,65,255) (157,158,158) (255,247,248) (247,255,247) (248,247,255) (247,248,247) (255,247,248) (247,255,247) (248,247,255) (247,248,247) (255,247,248) (247,255,247) (248,247,255) (247,248,247) (255,247,248) (247,255,247) (248,247,255) (247,248,247) (255,247,248) (247,255,247) (248,247,255) (247,248,247) (255,247,248) (247,255,247) (248,247,255) (247,248,247) (255,237,238) (237,255,133) (133,133,255) (50,50,50) (255,50,50) (50,255,99) (99,99,255) (236,236,236) (255,245,245) (245,255,245) (245,245,255) (245,245,245) (255,245,245) (245,255,212) (212,212,255) (87,88,88) (255,50,50) (50,255,50) (50,50,255) (153,153,153) (255,243,244) (243,255,243) (244,243,255) (243,244,243) (255,243,244) (243,255,243) (244,243,255) (214,214,214) (255,87,88) (88,255,50) (50,50,255) 
(76,112,71) (0,76,112) (71,0,76) (112,71,0) (76,112,71) (0,76,112) (71,0,76) (112,71,0) (76,112,71) (0,76,112) (71,0,76) (112,71,0) (76,112,71) (0,76,112) (71,0,76) (112,71,0) (76,112,71) (0,76,112) (71,0,76) (112,71,0) (76,112,71) (0,76,112) (71,0,76) (112,71,0) (76,112,71) (0,76,112) (71,0,76) (112,71,0) (76,112,71) (0,76,112) (71,0,76) (112,71,0) (76,112,71) (0,76,112) (71,0,76) (112,71,0) (76,112,71) (0,76,112) (71,0,76) (112,71,0) (76,112,71) (0,76,112) (71,0,76) (112,71,0) (76,112,71) (0,76,112) (71,0,76) (112,71,0) (76,112,71) (0,76,112) (71,0,76) (112,71,0) (76,112,71) (0,76,112) (71,0,76) (112,71,0) (76,112,71) (0,76,112) (71,0,76) (112,71,0) (76,112,71) (0,76,112) (71,0,76) (112,71,0) (76,112,71) (0,76,112) (71,0,76) (112,71,0) (76,112,71) (0,76,112) (71,0,76) (112,71,0) (76,112,71) (0,76,112) (71,0,76) (112,71,0) (76,112,71) (0,76,112) (71,0,76) (112,71,0) (76,112,71) (0,2,2) (2,11,2) (2,2,31) (55,55,55) (180,39,39) (39,255,33) (34,33,255) (33,34,33) (255,33,34) (33,255,33) (34,33,255) (33,34,33) (255,33,34) (33,255,33) (34,33,255) (33,34,33) (255,33,34) (33,255,33) (34,33,255) (31,31,31) (255,31,31) (31,255,31) (31,31,255) (28,29,28) (255,28,29) (28,255,239) (239,239,255) (250,250,250) (255,247,248) (247,255,247) (248,247,255) (247,248,247) (255,247,248) (247,255,247) (248,247,255) (247,248,247) (255,247,248) (247,255,247) (248,247,255) (247,248,247) (255,247,248) (247,255,249) (249,249,255) (247,248,247) (255,249,249) (249,255,247) (248,247,255) (249,249,249) (255,247,248) (247,255,247) (248,247,255) (247,248,247) (255,247,248) (247,255,249) (249,249,255) (249,249,249) (255,215,215) (215,255,99) (99,99,255) (50,50,50) (255,50,50) (50,255,126) (127,127,255) (228,228,228) (255,249,249) (249,255,249) (249,249,255) (249,249,249) (255,249,249) (249,255,249) (249,249,255) (249,249,249) (255,249,249) (249,255,249) (249,249,255) (250,250,250) (255,250,250) (250,255,250) (250,250,255) (250,250,250) (255,250,250) (250,255,250) (250,250,255) (250,250,250) (255,167,168) (167,255,75) (77,78,255) (50,50,50) (255,50,50) (50,255,167) (168,167,255) (243,244,243) (255,249,249) (249,255,249) (249,249,255) (249,249,249) (255,249,249) (249,255,249) (249,249,255) (249,249,249) (255,250,250) (250,255,250) (250,250,255) (250,250,250) (255,203,203) (203,255,64) (66,65,255) (50,50,50) (255,64,66) (65,255,161) (162,161,255) (247,248,247) (255,250,250) (250,255,204) (204,204,255) (56,58,55) (255,50,50) (50,255,64) (66,65,255) (174,175,175) (255,247,248) (247,255,247) (248,247,255) (247,248,247) (255,247,248) (247,255,247) (248,247,255) (247,248,247) (255,247,248) (247,255,247) (248,247,255) (247,248,247) (255,247,248) (247,255,247) (248,247,255) (247,248,247) (255,247,248) (247,255,247) (248,247,255) (247,248,247) (255,247,248) (247,255,247) (248,247,255) (247,248,247) (255,237,238) (237,255,126) (127,127,255) (50,50,50) (255,50,50) (50,255,99) (99,99,255) (245,245,245) (255,245,245) (245,255,245) (245,245,255) (245,245,245) (255,246,247) (246,255,189) (190,190,255) (56,58,55) (255,50,50) (50,255,64) (66,65,255) (179,179,179) (255,243,244) (243,255,243) (244,243,255) (243,244,243) (255,243,244) (243,255,243) (244,243,255) (140,141,141) (255,56,58) (55,255,50) (50,50,255) 
(76,112,71) (0,76,112) (71,0,76) (112,71,0) (76,112,71) (0,76,112) (71,0,76) (112,71,0) (76,112,71) (0,76,112) (71,0,76) (112,71,0) (76,112,71) (0,76,112) (71,0,76) (112,71,0) (76,112,71) (0,76,112) (71,0,76) (112,71,0) (76,112,71) (0,76,112) (71,0,76) (112,71,0) (76,112,71) (0,76,112) (71,0,76) (112,71,0) (76,112,71) (0,76,112) (71,0,76) (112,71,0) (76,112,71) (0,76,112) (71,0,76) (112,71,0) (76,112,71) (0,76,112) (71,0,76) (112,71,0) (76,112,71) (0,76,112) (71,0,76) (112,71,0) (76,112,71) (0,76,112) (71,0,76) (112,71,0) (76,112,71) (0,76,112) (71,0,76) (112,71,0) (76,112,71) (0,76,112) (71,0,76) (112,71,0) (76,112,71) (0,76,112) (71,0,76) (112,71,0) (76,112,71) (0,76,112) (71,0,76) (112,71,0) (76,112,71) (0,76,112) (71,0,76) (112,71,0) (76,112,71) (0,76,112) (71,0,76) (112,71,0) (76,112,71) (0,76,112) (71,0,76) (112,71,0) (76,112,71) (0,76,112) (71,0,76) (112,71,0) (76,112,71) (0,2,2) (2,11,2) (2,2,31) (53,53,53) (200,38,38) (38,255,33) (34,33,255) (33,34,33) (255,33,34) (33,255,33) (34,33,255) (33,34,33) (255,33,34) (33,255,33) (34,33,255) (33,34,33) (255,33,34) (33,255,33) (34,33,255) (31,31,31) (255,31,31) (31,255,28) (29,28,255) (28,29,28) (255,87,88) (88,255,250) (250,250,255) (249,249,249) (255,247,248) (247,255,247) (248,247,255) (247,248,247) (255,247,248) (247,255,247) (248,247,255) (247,248,247) (255,247,248) (247,255,247) (248,247,255) (247,248,247) (255,247,248) (247,255,247) (248,247,255) (247,248,247) (255,247,248) (247,255,247) (248,247,255) (247,248,247) (255,247,248) (247,255,249) (249,249,255) (247,248,247) (255,247,248) (247,255,247) (248,247,255) (250,250,250) (255,184,185) (184,255,75) (77,78,255) (50,50,50) (255,50,50) (50,255,174) (175,175,255) (249,249,249) (255,249,249) (249,255,249) (249,249,255) (249,249,249) (255,249,249) (249,255,249) (249,249,255) (249,249,249) (255,249,249) (249,255,249) (249,249,255) (249,249,249) (255,249,249) (249,255,249) (249,249,255) (249,249,249) (255,249,249) (249,255,249) (249,249,255) (250,250,250) (255,126,127) (127,255,56) (58,55,255) (50,50,50) (255,64,66) (65,255,206) (206,206,255) (249,249,249) (255,249,249) (249,255,249) (249,249,255) (249,249,249) (255,249,249) (249,255,249) (249,249,255) (249,249,249) (255,249,249) (249,255,249) (249,249,255) (250,250,250) (255,167,168) (167,255,50) (50,50,255) (50,50,50) (255,87,88) (88,255,196) (196,197,255) (247,248,247) (255,250,250) (250,255,193) (194,193,255) (50,50,50) (255,50,50) (50,255,56) (58,55,255) (153,153,153) (255,247,248) (247,255,247) (248,247,255) (247,248,247) (255,247,248) (247,255,247) (248,247,255) (247,248,247) (255,247,248) (247,255,247) (248,247,255) (247,248,247) (255,247,248) (247,255,247) (248,247,255) (247,248,247) (255,247,248) (247,255,247) (248,247,255) (247,248,247) (255,247,248) (247,255,247) (248,247,255) (246,247,246) (255,203,203) (203,255,75) (77,78,255) (50,50,50) (255,56,58) (55,255,140) (141,141,255) (245,245,245) (255,245,245) (245,255,245) (245,245,255) (243,244,243) (255,240,240) (240,255,157) (158,158,255) (50,50,50) (255,50,50) (50,255,99) (99,99,255) (207,207,207) (255,243,244) (243,255,243) (244,243,255) (243,244,243) (255,243,244) (243,255,226) (226,226,255) (99,99,99) (255,50,50) (50,255,50) (50,50,255) 
(76,112,71) (0,76,112) (71,0,76) (112,71,0) (76,112,71) (0,76,112) (71,0,76) (112,71,0) (76,112,71) (0,76,112) (71,0,76) (112,71,0) (76,112,71) (0,76,112) (71,0,76) (112,71,0) (76,112,71) (0,76,112) (71,0,76) (112,71,0) (76,112,71) (0,76,112) (71,0,76) (112,71,0) (76,112,71) (0,76,112) (71,0,76) (112,71,0) (76,112,71) (0,76,112) (71,0,76) (112,71,0) (76,112,71) (0,76,112) (71,0,76) (112,71,0) (76,112,71) (0,76,112) (71,0,76) (112,71,0) (76,112,71) (0,76,112) (71,0,76) (112,71,0) (76,112,71) (0,76,112) (71,0,76) (112,71,0) (76,112,71) (0,76,112) (71,0,76) (112,71,0) (76,112,71) (0,76,112) (71,0,76) (112,71,0) (76,112,71) (0,76,112) (71,0,76) (112,71,0) (76,112,71) (0,76,112) (71,0,76) (112,71,0) (76,112,71) (0,76,112) (71,0,76) (112,71,0) (76,112,71) (0,76,112) (71,0,76) (112,71,0) (76,112,71) (0,76,112) (71,0,76) (112,71,0) (76,112,71) (0,76,112) (71,0,76) (112,71,0) (76,112,71) (0,1,1) (1,5,8) (8,8,42) (53,53,53) (200,38,38) (38,255,33) (34,33,255) (33,34,33) (255,33,34) (33,255,33) (34,33,255) (33,34,33) (255,33,34) (33,255,33) (34,33,255) (33,34,33) (255,33,34) (33,255,31) (31,31,255) (31,31,31) (255,31,31) (31,255,28) (29,28,255) (28,29,28) (255,179,179) (179,255,250) (250,250,255) (247,248,247) (255,247,248) (247,255,247) (248,247,255) (246,247,246) (255,247,248) (247,255,247) (248,247,255) (247,248,247) (255,247,248) (247,255,247) (248,247,255) (247,248,247) (255,247,248) (247,255,247) (248,247,255) (247,248,247) (255,249,249) (249,255,247) (248,247,255) (249,249,249) (255,247,248) (247,255,247) (248,247,255) (247,248,247) (255,249,249) (249,255,247) (248,247,255) (240,240,240) (255,140,141) (141,255,56) (58,55,255) (50,50,50) (255,56,58) (55,255,196) (196,197,255) (249,249,249) (255,249,249) (249,255,249) (249,249,255) (249,249,249) (255,249,249) (249,255,249) (249,249,255) (249,249,249) (255,249,249) (249,255,249) (249,249,255) (249,249,249) (255,249,249) (249,255,249) (249,249,255) (249,249,249) (255,249,249) (249,255,249) (249,249,255) (237,238,237) (255,87,88) (88,255,50) (50,50,255) (50,50,50) (255,108,110) (109,255,223) (223,223,255) (249,249,249) (255,249,249) (249,255,249) (249,249,255) (249,249,249) (255,249,249) (249,255,249) (249,249,255) (249,249,249) (255,249,249) (249,255,249) (249,249,255) (239,239,239) (255,133,133) (133,255,50) (50,50,255) (50,50,50) (255,108,110) (109,255,221) (221,221,255) (247,248,247) (255,245,245) (245,255,179) (179,179,255) (56,58,55) (255,50,50) (50,255,56) (58,55,255) (148,148,148) (255,247,248) (247,255,247) (248,247,255) (247,248,247) (255,247,248) (247,255,247) (248,247,255) (247,248,247) (255,247,248) (247,255,247) (248,247,255) (247,248,247) (255,247,248) (247,255,247) (248,247,255) (247,248,247) (255,247,248) (247,255,247) (248,247,255) (247,248,247) (255,247,248) (247,255,247) (248,247,255) (236,236,236) (255,140,141) (141,255,50) (50,50,255) (50,50,50) (255,75,77) (78,255,200) (201,200,255) (245,245,245) (255,245,245) (245,255,245) (245,245,255) (243,244,243) (255,226,226) (226,255,120) (120,119,255) (50,50,50) (255,50,50) (50,255,120) (120,119,255) (232,233,232) (255,243,244) (243,255,243) (244,243,255) (243,244,243) (255,243,244) (243,255,196) (196,197,255) (75,77,78) (255,50,50) (50,255,50) (50,50,255) 
(76,112,71) (0,76,112) (71,0,76) (112,71,0) (76,112,71) (0,76,112) (71,0,76) (112,71,0) (76,112,71) (0,76,112) (71,0,76) (112,71,0) (76,112,71) (0,76,112) (71,0,76) (112,71,0) (76,112,71) (0,76,112) (71,0,76) (112,71,0) (76,112,71) (0,76,112) (71,0,76) (112,71,0) (76,112,71) (0,76,112) (71,0,76) (112,71,0) (76,112,71) (0,76,112) (71,0,76) (112,71,0) (76,112,71) (0,76,112) (71,0,76) (112,71,0) (76,112,71) (0,76,112) (71,0,76) (112,71,0) (76,112,71) (0,76,112) (71,0,76) (112,71,0) (76,112,71) (0,76,112) (71,0,76) (112,71,0) (76,112,71) (0,76,112) (71,0,76) (112,71,0) (76,112,71) (0,76,112) (71,0,76) (112,71,0) (76,112,71) (0,76,112) (71,0,76) (112,71,0) (76,112,71) (0,76,112) (71,0,76) (112,71,0) (76,112,71) (0,76,112) (71,0,76) (112,71,0) (76,112,71) (0,76,112) (71,0,76) (112,71,0) (76,112,71) (0,76,112) (71,0,76) (112,71,0) (76,112,71) (0,76,112) (71,0,76) (112,71,0) (76,112,71) (0,2,2) (2,11,1) (1,1,51) (53,53,53) (200,37,37) (37,255,33) (34,33,255) (33,34,33) (255,33,34) (33,255,33) (34,33,255) (33,34,33) (255,33,34) (33,255,33) (34,33,255) (33,34,33) (255,33,34) (33,255,31) (31,31,255) (31,31,31) (255,31,31) (31,255,28) (29,28,255) (28,29,28) (255,238,239) (238,255,250) (250,250,255) (247,248,247) (255,247,248) (247,255,246) (247,246,255) (246,247,246) (255,247,248) (247,255,247) (248,247,255) (247,248,247) (255,247,248) (247,255,247) (248,247,255) (247,248,247) (255,247,248) (247,255,247) (248,247,255) (247,248,247) (255,247,248) (247,255,247) (248,247,255) (247,248,247) (255,247,248) (247,255,249) (249,249,255) (247,248,247) (255,247,248) (247,255,247) (248,247,255) (221,221,221) (255,108,110) (109,255,56) (58,55,255) (50,50,50) (255,108,110) (109,255,219) (219,219,255) (249,249,249) (255,249,249) (249,255,249) (249,249,255) (249,249,249) (255,249,249) (249,255,249) (249,249,255) (249,249,249) (255,249,249) (249,255,249) (249,249,255) (249,249,249) (255,249,249) (249,255,249) (249,249,255) (249,249,249) (255,249,249) (249,255,249) (249,249,255) (193,194,193) (255,75,77) (78,255,50) (50,50,255) (50,50,50) (255,148,148) (148,255,234) (234,234,255) (249,249,249) (255,249,249) (249,255,249) (249,249,255) (249,249,249) (255,249,249) (249,255,249) (249,249,255) (249,249,249) (255,249,249) (249,255,249) (249,249,255) (207,207,207) (255,87,88) (88,255,50) (50,50,255) (56,58,55) (255,140,141) (141,255,239) (239,239,255) (247,248,247) (255,250,250) (250,255,193) (194,193,255) (64,66,65) (255,50,50) (50,255,56) (58,55,255) (133,133,133) (255,245,245) (245,255,247) (248,247,255) (247,248,247) (255,247,248) (247,255,247) (248,247,255) (247,248,247) (255,247,248) (247,255,247) (248,247,255) (247,248,247) (255,247,248) (247,255,247) (248,247,255) (247,248,247) (255,247,248) (247,255,247) (248,247,255) (247,248,247) (255,247,248) (247,255,247) (248,247,255) (219,219,219) (255,75,77) (78,255,50) (50,50,255) (50,50,50) (255,120,120) (119,255,239) (239,239,255) (245,245,245) (255,245,245) (245,255,243) (244,243,255) (245,245,245) (255,212,212) (212,255,87) (88,88,255) (50,50,50) (255,50,50) (50,255,153) (153,153,255) (243,244,243) (255,243,244) (243,255,243) (244,243,255) (243,244,243) (255,246,247) (246,255,167) (168,167,255) (64,66,65) (255,50,50) (50,255,64) (66,65,255) 
(76,112,71) (0,76,112) (71,0,76) (112,71,0) (76,112,71) (0,76,112) (71,0,76) (112,71,0) (76,112,71) (0,76,112) (71,0,76) (112,71,0) (76,112,71) (0,76,112) (71,0,76) (112,71,0) (76,112,71) (0,76,112) (71,0,76) (112,71,0) (76,112,71) (0,76,112) (71,0,76) (112,71,0) (76,112,71) (0,76,112) (71,0,76) (112,71,0) (76,112,71) (0,76,112) (71,0,76) (112,71,0) (76,112,71) (0,76,112) (71,0,76) (112,71,0) (76,112,71) (0,76,112) (71,0,76) (112,71,0) (76,112,71) (0,76,112) (71,0,76) (112,71,0) (76,112,71) (0,76,112) (71,0,76) (112,71,0) (76,112,71) (0,76,112) (71,0,76) (112,71,0) (76,112,71) (0,76,112) (71,0,76) (112,71,0) (76,112,71) (0,76,112) (71,0,76) (112,71,0) (76,112,71) (0,76,112) (71,0,76) (112,71,0) (76,112,71) (0,76,112) (71,0,76) (112,71,0) (76,112,71) (0,76,112) (71,0,76) (112,71,0) (76,112,71) (0,76,112) (71,0,76) (112,71,0) (76,112,71) (0,76,112) (71,0,76) (112,71,0) (1,1,1) (1,2,2) (2,11,1) (1,1,51) (50,50,50) (222,37,37) (37,255,33) (34,33,255) (33,34,33) (255,33,34) (33,255,33) (34,33,255) (33,34,33) (255,33,34) (33,255,33) (34,33,255) (33,34,33) (255,33,34) (33,255,31) (31,31,255) (31,31,31) (255,28,29) (28,255,28) (29,28,255) (87,88,88) (255,250,250) (250,255,247) (248,247,255) (247,248,247) (255,246,247) (246,255,246) (247,246,255) (246,247,246) (255,246,247) (246,255,246) (247,246,255) (246,247,246) (255,246,247) (246,255,246) (247,246,255) (247,248,247) (255,247,248) (247,255,247) (248,247,255) (247,248,247) (255,247,248) (247,255,247) (248,247,255) (247,248,247) (255,247,248) (247,255,247) (248,247,255) (247,248,247) (255,247,248) (247,255,249) (249,249,255) (193,194,193) (255,75,77) (78,255,50) (50,50,255) (50,50,50) (255,164,164) (164,255,240) (240,240,255) (247,248,247) (255,247,248) (247,255,247) (248,247,255) (247,248,247) (255,247,248) (247,255,249) (249,249,255) (249,249,249) (255,249,249) (249,255,249) (249,249,255) (249,249,249) (255,249,249) (249,255,249) (249,249,255) (249,249,249) (255,249,249) (249,255,250) (250,250,255) (148,148,148) (255,64,66) (65,255,50) (50,50,255) (56,58,55) (255,189,190) (190,255,247) (248,247,255) (249,249,249) (255,249,249) (249,255,249) (249,249,255) (249,249,249) (255,247,248) (247,255,247) (248,247,255) (247,248,247) (255,247,248) (247,255,250) (250,250,255) (179,179,179) (255,56,58) (55,255,50) (50,50,255) (75,77,78) (255,174,175) (175,255,247) (248,247,255) (247,248,247) (255,250,250) (250,255,215) (215,215,255) (64,66,65) (255,50,50) (50,255,50) (50,50,255) (75,77,78) (255,221,221) (221,255,247) (248,247,255) (247,248,247) (255,247,248) (247,255,247) (248,247,255) (247,248,247) (255,247,248) (247,255,247) (248,247,255) (247,248,247) (255,247,248) (247,255,247) (248,247,255) (247,248,247) (255,246,247) (246,255,246) (247,246,255) (245,245,245) (255,245,245) (245,255,230) (230,230,255) (133,133,133) (255,50,50) (50,255,50) (50,50,255) (75,77,78) (255,184,185) (184,255,243) (244,243,255) (243,244,243) (255,243,244) (243,255,243) (244,243,255) (246,247,246) (255,189,190) (190,255,56) (58,55,255) (50,50,50) (255,64,66) (65,255,179) (179,179,255) (243,244,243) (255,243,244) (243,255,243) (244,243,255) (242,242,242) (255,246,247) (246,255,133) (133,133,255) (50,50,50) (255,50,50) (50,255,99) (99,99,255) 
(76,112,71) (0,76,112) (71,0,76) (112,71,0) (76,112,71) (0,76,112) (71,0,76) (112,71,0) (76,112,71) (0,76,112) (71,0,76) (112,71,0) (76,112,71) (0,76,112) (71,0,76) (112,71,0) (76,112,71) (0,76,112) (71,0,76) (112,71,0) (76,112,71) (0,76,112) (71,0,76) (112,71,0) (76,112,71) (0,76,112) (71,0,76) (112,71,0) (76,112,71) (0,76,112) (71,0,76) (112,71,0) (76,112,71) (0,76,112) (71,0,76) (112,71,0) (76,112,71) (0,76,112) (71,0,76) (112,71,0) (76,112,71) (0,76,112) (71,0,76) (112,71,0) (76,112,71) (0,76,112) (71,0,76) (112,71,0) (76,112,71) (0,76,112) (71,0,76) (112,71,0) (76,112,71) (0,76,112) (71,0,76) (112,71,0) (76,112,71) (0,76,112) (71,0,76) (112,71,0) (76,112,71) (0,76,112) (71,0,76) (112,71,0) (76,112,71) (0,76,112) (71,0,76) (112,71,0) (76,112,71) (0,76,112) (71,0,76) (112,71,0) (76,112,71) (0,76,112) (71,0,76) (112,71,0) (76,112,71) (0,76,112) (71,0,76) (112,71,0) (1,1,1) (1,2,2) (2,11,8) (8,8,42) (50,50,50) (222,35,35) (35,255,33) (34,33,255) (33,34,33) (255,33,34) (33,255,33) (34,33,255) (33,34,33) (255,33,34) (33,255,33) (34,33,255) (33,34,33) (255,31,31) (31,255,31) (31,31,255) (31,31,31) (255,28,29) (28,255,28) (29,28,255) (179,179,179) (255,249,249) (249,255,247) (248,247,255) (246,247,246) (255,246,247) (246,255,245) (245,245,255) (246,247,246) (255,246,247) (246,255,246) (247,246,255) (246,247,246) (255,246,247) (246,255,246) (247,246,255) (246,247,246) (255,247,248) (247,255,247) (248,247,255) (247,248,247) (255,247,248) (247,255,247) (248,247,255) (247,248,247) (255,247,248) (247,255,247) (248,247,255) (247,248,247) (255,247,248) (247,255,246) (247,246,255) (153,153,153) (255,50,50) (50,255,50) (50,50,255) (50,50,50) (255,200,201) (200,255,247) (248,247,255) (247,248,247) (255,249,249) (249,255,247) (248,247,255) (249,249,249) (255,247,248) (247,255,247) (248,247,255) (247,248,247) (255,247,248) (247,255,249) (249,249,255) (249,249,249) (255,249,249) (249,255,249) (249,249,255) (249,249,249) (255,249,249) (249,255,246) (247,246,255) (108,110,109) (255,50,50) (50,255,50) (50,50,255) (87,88,88) (255,219,219) (219,255,249) (249,249,255) (247,248,247) (255,247,248) (247,255,247) (248,247,255) (247,248,247) (255,247,248) (247,255,249) (249,249,255) (247,248,247) (255,247,248) (247,255,250) (250,250,255) (153,153,153) (255,50,50) (50,255,50) (50,50,255) (87,88,88) (255,207,207) (207,255,247) (248,247,255) (247,248,247) (255,249,249) (249,255,234) (234,234,255) (120,120,119) (255,50,50) (50,255,50) (50,50,255) (64,66,65) (255,148,148) (148,255,245) (245,245,255) (247,248,247) (255,247,248) (247,255,247) (248,247,255) (247,248,247) (255,247,248) (247,255,247) (248,247,255) (247,248,247) (255,247,248) (247,255,247) (248,247,255) (247,248,247) (255,245,245) (245,255,245) (245,245,255) (245,245,245) (255,236,236) (236,255,157) (158,158,255) (50,50,50) (255,50,50) (50,255,56) (58,55,255) (120,120,119) (255,236,236) (236,255,243) (244,243,255) (243,244,243) (255,243,244) (243,255,243) (244,243,255) (237,238,237) (255,153,153) (153,255,50) (50,50,255) (50,50,50) (255,99,99) (99,255,207) (207,207,255) (243,244,243) (255,243,244) (243,255,242) (242,242,255) (242,242,242) (255,230,230) (230,255,120) (120,119,255) (50,50,50) (255,50,50) (50,255,120) (120,119,255) 
(76,112,71) (0,76,112) (71,0,76) (112,71,0) (76,112,71) (0,76,112) (71,0,76) (112,71,0) (76,112,71) (0,76,112) (71,0,76) (112,71,0) (76,112,71) (0,76,112) (71,0,76) (112,71,0) (76,112,71) (0,76,112) (71,0,76) (112,71,0) (76,112,71) (0,76,112) (71,0,76) (112,71,0) (76,112,71) (0,76,112) (71,0,76) (112,71,0) (76,112,71) (0,76,112) (71,0,76) (112,71,0) (76,112,71) (0,76,112) (71,0,76) (112,71,0) (76,112,71) (0,76,112) (71,0,76) (112,71,0) (76,112,71) (0,76,112) (71,0,76) (112,71,0) (76,112,71) (0,76,112) (71,0,76) (112,71,0) (76,112,71) (0,76,112) (71,0,76) (112,71,0) (76,112,71) (0,76,112) (71,0,76) (112,71,0) (76,112,71) (0,76,112) (71,0,76) (112,71,0) (76,112,71) (0,76,112) (71,0,76) (112,71,0) (76,112,71) (0,76,112) (71,0,76) (112,71,0) (76,112,71) (0,76,112) (71,0,76) (112,71,0) (76,112,71) (0,76,112) (71,0,76) (112,71,0) (76,112,71) (0,76,112) (71,0,76) (112,71,0) (1,1,1) (1,2,2) (2,17,1) (1,1,62) (50,50,50) (222,33,34) (33,255,31) (31,31,255) (31,31,31) (255,31,31) (31,255,31) (31,31,255) (31,31,31) (255,31,31) (31,255,31) (31,31,255) (31,31,31) (255,31,31) (31,255,31) (31,31,255) (28,29,28) (255,28,29) (28,255,28) (29,28,255) (238,239,238) (255,249,249) (249,255,247) (248,247,255) (246,247,246) (255,245,245) (245,255,245) (245,245,255) (246,247,246) (255,246,247) (246,255,246) (247,246,255) (246,247,246) (255,246,247) (246,255,246) (247,246,255) (246,247,246) (255,246,247) (246,255,247) (248,247,255) (247,248,247) (255,247,248) (247,255,247) (248,247,255) (247,248,247) (255,247,248) (247,255,247) (248,247,255) (247,248,247) (255,247,248) (247,255,237) (238,237,255) (170,171,170) (255,108,110) (109,255,87) (88,88,255) (120,120,119) (255,219,219) (219,255,247) (248,247,255) (247,248,247) (255,247,248) (247,255,247) (248,247,255) (247,248,247) (255,249,249) (249,255,247) (248,247,255) (249,249,249) (255,247,248) (247,255,247) (248,247,255) (247,248,247) (255,247,248) (247,255,247) (248,247,255) (247,248,247) (255,247,248) (247,255,215) (215,215,255) (75,77,78) (255,50,50) (50,255,50) (50,50,255) (133,133,133) (255,230,230) (230,255,247) (248,247,255) (247,248,247) (255,249,249) (249,255,247) (248,247,255) (249,249,249) (255,247,248) (247,255,247) (248,247,255) (247,248,247) (255,249,249) (249,255,226) (226,226,255) (120,120,119) (255,50,50) (50,255,50) (50,50,255) (126,127,127) (255,228,228) (228,255,247) (248,247,255) (247,248,247) (255,247,248) (247,255,246) (247,246,255) (170,171,170) (255,56,58) (55,255,50) (50,50,255) (50,50,50) (255,75,77) (78,255,193) (194,193,255) (247,248,247) (255,247,248) (247,255,247) (248,247,255) (247,248,247) (255,247,248) (247,255,247) (248,247,255) (247,248,247) (255,247,248) (247,255,247) (248,247,255) (245,245,245) (255,245,245) (245,255,245) (245,245,255) (237,238,237) (255,148,148) (148,255,64) (66,65,255) (50,50,50) (255,50,50) (50,255,87) (88,88,255) (204,204,204) (255,243,244) (243,255,243) (244,243,255) (243,244,243) (255,243,244) (243,255,245) (245,245,255) (223,223,223) (255,120,120) (119,255,50) (50,50,255) (50,50,50) (255,120,120) (119,255,232) (233,232,255) (243,244,243) (255,243,244) (243,255,242) (242,242,255) (243,244,243) (255,237,238) (237,255,120) (120,119,255) (50,50,50) (255,50,50) (50,255,133) (133,133,255) 
(76,112,71) (0,76,112) (71,0,76) (112,71,0) (76,112,71) (0,76,112) (71,0,76) (112,71,0) (76,112,71) (0,76,112) (71,0,76) (112,71,0) (76,112,71) (0,76,112) (71,0,76) (112,71,0) (76,112,71) (0,76,112) (71,0,76) (112,71,0) (76,112,71) (0,76,112) (71,0,76) (112,71,0) (76,112,71) (0,76,112) (71,0,76) (112,71,0) (76,112,71) (0,76,112) (71,0,76) (112,71,0) (76,112,71) (0,76,112) (71,0,76) (112,71,0) (76,112,71) (0,76,112) (71,0,76) (112,71,0) (76,112,71) (0,76,112) (71,0,76) (112,71,0) (76,112,71) (0,76,112) (71,0,76) (112,71,0) (76,112,71) (0,76,112) (71,0,76) (112,71,0) (76,112,71) (0,76,112) (71,0,76) (112,71,0) (76,112,71) (0,76,112) (71,0,76) (112,71,0) (76,112,71) (0,76,112) (71,0,76) (112,71,0) (76,112,71) (0,76,112) (71,0,76) (112,71,0) (76,112,71) (0,76,112) (71,0,76) (112,71,0) (76,112,71) (0,76,112) (71,0,76) (112,71,0) (76,112,71) (0,76,112) (71,0,76) (112,71,0) (1,1,1) (1,2,2) (2,17,6) (6,6,74) (46,46,46) (241,33,34) (33,255,31) (31,31,255) (31,31,31) (255,31,31) (31,255,31) (31,31,255) (31,31,31) (255,31,31) (31,255,31) (31,31,255) (31,31,31) (255,31,31) (31,255,31) (31,31,255) (28,29,28) (255,28,29) (28,255,87) (88,88,255) (250,250,250) (255,247,248) (247,255,247) (248,247,255) (246,247,246) (255,245,245) (245,255,245) (245,245,255) (245,245,245) (255,246,247) (246,255,246) (247,246,255) (246,247,246) (255,246,247) (246,255,246) (247,246,255) (246,247,246) (255,246,247) (246,255,246) (247,246,255) (247,248,247) (255,247,248) (247,255,247) (248,247,255) (247,248,247) (255,247,248) (247,255,247) (248,247,255) (247,248,247) (255,247,248) (247,255,249) (249,249,255) (242,242,242) (255,231,231) (231,255,215) (215,215,255) (226,226,226) (255,243,244) (243,255,247) (248,247,255) (249,249,249) (255,247,248) (247,255,249) (249,249,255) (247,248,247) (255,247,248) (247,255,247) (248,247,255) (247,248,247) (255,247,248) (247,255,249) (249,249,255) (247,248,247) (255,249,249) (249,255,247) (248,247,255) (249,249,249) (255,249,249) (249,255,164) (164,164,255) (64,66,65) (255,50,50) (50,255,50) (50,50,255) (170,171,170) (255,240,240) (240,255,247) (248,247,255) (247,248,247) (255,247,248) (247,255,247) (248,247,255) (247,248,247) (255,247,248) (247,255,249) (249,249,255) (247,248,247) (255,249,249) (249,255,193) (194,193,255) (75,77,78) (255,50,50) (50,255,64) (66,65,255) (153,153,153) (255,243,244) (243,255,247) (248,247,255) (247,248,247) (255,247,248) (247,255,249) (249,249,255) (219,219,219) (255,87,88) (88,255,50) (50,50,255) (50,50,50) (255,50,50) (50,255,99) (99,99,255) (204,204,204) (255,245,245) (245,255,247) (248,247,255) (247,248,247) (255,247,248) (247,255,247) (248,247,255) (247,248,247) (255,247,248) (247,255,245) (245,245,255) (245,245,245) (255,245,245) (245,255,219) (219,219,255) (120,120,119) (255,56,58) (55,255,50) (50,50,255) (50,50,50) (255,75,77) (78,255,184) (185,184,255) (242,242,242) (255,243,244) (243,255,243) (244,243,255) (243,244,243) (255,243,244) (243,255,245) (245,245,255) (210,210,210) (255,87,88) (88,255,50) (50,50,255) (50,50,50) (255,148,148) (148,255,243) (244,243,255) (243,244,243) (255,242,242) (242,255,242) (242,242,255) (243,244,243) (255,250,250) (250,255,120) (120,119,255) (50,50,50) (255,50,50) (50,255,108) (110,109,255) 
(76,112,71) (0,76,112) (71,0,76) (112,71,0) (76,112,71) (0,76,112) (71,0,76) (112,71,0) (76,112,71) (0,76,112) (71,0,76) (112,71,0) (76,112,71) (0,76,112) (71,0,76) (112,71,0) (76,112,71) (0,76,112) (71,0,76) (112,71,0) (76,112,71) (0,76,112) (71,0,76) (112,71,0) (76,112,71) (0,76,112) (71,0,76) (112,71,0) (76,112,71) (0,76,112) (71,0,76) (112,71,0) (76,112,71) (0,76,112) (71,0,76) (112,71,0) (76,112,71) (0,76,112) (71,0,76) (112,71,0) (76,112,71) (0,76,112) (71,0,76) (112,71,0) (76,112,71) (0,76,112) (71,0,76) (112,71,0) (76,112,71) (0,76,112) (71,0,76) (112,71,0) (76,112,71) (0,76,112) (71,0,76) (112,71,0) (76,112,71) (0,76,112) (71,0,76) (112,71,0) (76,112,71) (0,76,112) (71,0,76) (112,71,0) (76,112,71) (0,76,112) (71,0,76) (112,71,0) (76,112,71) (0,76,112) (71,0,76) (112,71,0) (76,112,71) (0,76,112) (71,0,76) (112,71,0) (76,112,71) (0,76,112) (71,0,76) (112,71,0) (1,1,1) (1,2,2) (2,17,1) (1,1,62) (50,50,50) (255,33,34) (33,255,31) (31,31,255) (31,31,31) (255,31,31) (31,255,31) (31,31,255) (31,31,31) (255,31,31) (31,255,31) (31,31,255) (31,31,31) (255,31,31) (31,255,28) (29,28,255) (28,29,28) (255,28,29) (28,255,174) (175,175,255) (249,249,249) (255,247,248) (247,255,246) (247,246,255) (246,247,246) (255,245,245) (245,255,245) (245,245,255) (245,245,245) (255,245,245) (245,255,246) (247,246,255) (246,247,246) (255,246,247) (246,255,246) (247,246,255) (246,247,246) (255,246,247) (246,255,246) (247,246,255) (246,247,246) (255,247,248) (247,255,247) (248,247,255) (247,248,247) (255,247,248) (247,255,247) (248,247,255) (247,248,247) (255,247,248) (247,255,247) (248,247,255) (247,248,247) (255,247,248) (247,255,247) (248,247,255) (247,248,247) (255,247,248) (247,255,247) (248,247,255) (247,248,247) (255,247,248) (247,255,247) (248,247,255) (247,248,247) (255,249,249) (249,255,247) (248,247,255) (249,249,249) (255,247,248) (247,255,247) (248,247,255) (247,248,247) (255,247,248) (247,255,247) (248,247,255) (247,248,247) (255,250,250) (250,255,157) (158,158,255) (99,99,99) (255,75,77) (78,255,87) (88,88,255) (212,212,212) (255,247,248) (247,255,249) (249,249,255) (247,248,247) (255,249,249) (249,255,247) (248,247,255) (249,249,249) (255,247,248) (247,255,247) (248,247,255) (247,248,247) (255,250,250) (250,255,164) (164,164,255) (50,50,50) (255,50,50) (50,255,75) (77,78,255) (184,185,184) (255,247,248) (247,255,247) (248,247,255) (247,248,247) (255,247,248) (247,255,247) (248,247,255) (249,249,249) (255,179,179) (179,255,56) (58,55,255) (50,50,50) (255,50,50) (50,255,50) (50,50,255) (64,66,65) (255,174,175) (175,255,234) (234,234,255) (247,248,247) (255,247,248) (247,255,247) (248,247,255) (247,248,247) (255,240,240) (240,255,232) (233,232,255) (217,217,217) (255,170,171) (170,255,87) (88,88,255) (50,50,50) (255,50,50) (50,255,50) (50,50,255) (75,77,78) (255,167,168) (167,255,243) (244,243,255) (243,244,243) (255,243,244) (243,255,243) (244,243,255) (245,245,245) (255,243,244) (243,255,243) (244,243,255) (184,185,184) (255,56,58) (55,255,50) (50,50,255) (75,77,78) (255,179,179) (179,255,243) (244,243,255) (243,244,243) (255,242,242) (242,255,242) (242,242,255) (242,242,242) (255,249,249) (249,255,126) (127,127,255) (50,50,50) (255,50,50) (50,255,64) (66,65,255) 
(76,112,71) (0,76,112) (71,0,76) (112,71,0) (76,112,71) (0,76,112) (71,0,76) (112,71,0) (76,112,71) (0,76,112) (71,0,76) (112,71,0) (76,112,71) (0,76,112) (71,0,76) (112,71,0) (76,112,71) (0,76,112) (71,0,76) (112,71,0) (76,112,71) (0,76,112) (71,0,76) (112,71,0) (76,112,71) (0,76,112) (71,0,76) (112,71,0) (76,112,71) (0,76,112) (71,0,76) (112,71,0) (76,112,71) (0,76,112) (71,0,76) (112,71,0) (76,112,71) (0,76,112) (71,0,76) (112,71,0) (76,112,71) (0,76,112) (71,0,76) (112,71,0) (76,112,71) (0,76,112) (71,0,76) (112,71,0) (76,112,71) (0,76,112) (71,0,76) (112,71,0) (76,112,71) (0,76,112) (71,0,76) (112,71,0) (76,112,71) (0,76,112) (71,0,76) (112,71,0) (76,112,71) (0,76,112) (71,0,76) (112,71,0) (76,112,71) (0,76,112) (71,0,76) (112,71,0) (76,112,71) (0,76,112) (71,0,76) (112,71,0) (76,112,71) (0,76,112) (71,0,76) (112,71,0) (76,112,71) (0,76,112) (71,0,76) (112,71,0) (1,1,1) (1,2,2) (2,17,6) (6,6,74) (46,46,46) (241,33,34) (33,255,31) (31,31,255) (31,31,31) (255,31,31) (31,255,31) (31,31,255) (31,31,31) (255,31,31) (31,255,31) (31,31,255) (31,31,31) (255,31,31) (31,255,28) (29,28,255) (28,29,28) (255,28,29) (28,255,240) (240,240,255) (247,248,247) (255,247,248) (247,255,245) (245,245,255) (245,245,245) (255,245,245) (245,255,245) (245,245,255) (245,245,245) (255,245,245) (245,255,246) (247,246,255) (246,247,246) (255,246,247) (246,255,246) (247,246,255) (246,247,246) (255,246,247) (246,255,246) (247,246,255) (246,247,246) (255,246,247) (246,255,247) (248,247,255) (247,248,247) (255,247,248) (247,255,247) (248,247,255) (247,248,247) (255,247,248) (247,255,247) (248,247,255) (247,248,247) (255,247,248) (247,255,247) (248,247,255) (247,248,247) (255,247,248) (247,255,247) (248,247,255) (249,249,249) (255,247,248) (247,255,249) (249,249,255) (247,248,247) (255,247,248) (247,255,247) (248,247,255) (247,248,247) (255,247,248) (247,255,249) (249,249,255) (247,248,247) (255,249,249) (249,255,247) (248,247,255) (249,249,249) (255,250,250) (250,255,226) (226,226,255) (210,210,210) (255,200,201) (200,255,203) (203,203,255) (240,240,240) (255,247,248) (247,255,247) (248,247,255) (247,248,247) (255,247,248) (247,255,247) (248,247,255) (247,248,247) (255,247,248) (247,255,249) (249,249,255) (247,248,247) (255,246,247) (246,255,133) (133,133,255) (50,50,50) (255,50,50) (50,255,99) (99,99,255) (214,214,214) (255,247,248) (247,255,247) (248,247,255) (247,248,247) (255,247,248) (247,255,247) (248,247,255) (250,250,250) (255,247,248) (247,255,148) (148,148,255) (56,58,55) (255,50,50) (50,255,50) (50,50,255) (50,50,50) (255,50,50) (50,255,75) (77,78,255) (120,120,119) (255,140,141) (141,255,153) (153,153,255) (164,164,164) (255,164,164) (164,255,120) (120,119,255) (64,66,65) (255,56,58) (55,255,50) (50,50,255) (50,50,50) (255,50,50) (50,255,87) (88,88,255) (184,185,184) (255,243,244) (243,255,243) (244,243,255) (243,244,243) (255,243,244) (243,255,243) (244,243,255) (243,244,243) (255,243,244) (243,255,237) (238,237,255) (148,148,148) (255,50,50) (50,255,50) (50,50,255) (99,99,99) (255,207,207) (207,255,243) (244,243,255) (242,242,242) (255,242,242) (242,255,242) (242,242,255) (242,242,242) (255,250,250) (250,255,170) (171,170,255) (64,66,65) (255,50,50) (50,255,56) (58,55,255) 
(76,112,71) (0,76,112) (71,0,76) (112,71,0) (76,112,71) (0,76,112) (71,0,76) (112,71,0) (76,112,71) (0,76,112) (71,0,76) (112,71,0) (76,112,71) (0,76,112) (71,0,76) (112,71,0) (76,112,71) (0,76,112) (71,0,76) (112,71,0) (76,112,71) (0,76,112) (71,0,76) (112,71,0) (76,112,71) (0,76,112) (71,0,76) (112,71,0) (76,112,71) (0,76,112) (71,0,76) (112,71,0) (76,112,71) (0,76,112) (71,0,76) (112,71,0) (76,112,71) (0,76,112) (71,0,76) (112,71,0) (76,112,71) (0,76,112) (71,0,76) (112,71,0) (76,112,71) (0,76,112) (71,0,76) (112,71,0) (76,112,71) (0,76,112) (71,0,76) (112,71,0) (76,112,71) (0,76,112) (71,0,76) (112,71,0) (76,112,71) (0,76,112) (71,0,76) (112,71,0) (76,112,71) (0,76,112) (71,0,76) (112,71,0) (76,112,71) (0,76,112) (71,0,76) (112,71,0) (76,112,71) (0,76,112) (71,0,76) (112,71,0) (76,112,71) (0,76,112) (71,0,76) (112,71,0) (76,112,71) (0,76,112) (71,0,76) (112,71,0) (1,1,1) (5,2,2) (2,17,9) (9,9,106) (46,46,46) (241,33,34) (33,255,31) (31,31,255) (31,31,31) (255,31,31) (31,255,31) (31,31,255) (31,31,31) (255,31,31) (31,255,31) (31,31,255) (31,31,31) (255,31,31) (31,255,28) (29,28,255) (28,29,28) (255,87,88) (88,255,250) (250,250,255) (247,248,247) (255,246,247) (246,255,245) (245,245,255) (243,244,243) (255,243,244) (243,255,243) (244,243,255) (245,245,245) (255,245,245) (245,255,245) (245,245,255) (245,245,245) (255,245,245) (245,255,245) (245,245,255) (245,245,245) (255,245,245) (245,255,246) (247,246,255) (246,247,246) (255,246,247) (246,255,246) (247,246,255) (246,247,246) (255,246,247) (246,255,246) (247,246,255) (246,247,246) (255,246,247) (246,255,246) (247,246,255) (247,248,247) (255,247,248) (247,255,247) (248,247,255) (247,248,247) (255,247,248) (247,255,247) (248,247,255) (247,248,247) (255,247,248) (247,255,247) (248,247,255) (247,248,247) (255,247,248) (247,255,247) (248,247,255) (247,248,247) (255,247,248) (247,255,247) (248,247,255) (247,248,247) (255,247,248) (247,255,247) (248,247,255) (247,248,247) (255,247,248) (247,255,249) (249,249,255) (249,249,249) (255,249,249) (249,255,247) (248,247,255) (247,248,247) (255,247,248) (247,255,247) (248,247,255) (247,248,247) (255,247,248) (247,255,247) (248,247,255) (247,248,247) (255,247,248) (247,255,247) (248,247,255) (247,248,247) (255,234,234) (234,255,164) (164,164,255) (108,110,109) (255,120,120) (119,255,164) (164,164,255) (236,236,236) (255,247,248) (247,255,246) (247,246,255) (246,247,246) (255,246,247) (246,255,246) (247,246,255) (246,247,246) (255,250,250) (250,255,245) (245,245,255) (164,164,164) (255,75,77) (78,255,50) (50,50,255) (50,50,50) (255,50,50) (50,255,50) (50,50,255) (50,50,50) (255,50,50) (50,255,50) (50,50,255) (50,50,50) (255,50,50) (50,255,50) (50,50,255) (50,50,50) (255,50,50) (50,255,50) (50,50,255) (50,50,50) (255,126,127) (127,255,206) (206,206,255) (243,244,243) (255,243,244) (243,255,243) (244,243,255) (243,244,243) (255,243,244) (243,255,243) (244,243,255) (243,244,243) (255,243,244) (243,255,223) (223,223,255) (108,110,109) (255,50,50) (50,255,50) (50,50,255) (120,120,119) (255,232,233) (232,255,242) (242,242,255) (242,242,242) (255,240,240) (240,255,240) (240,240,255) (240,240,240) (255,246,247) (246,255,200) (201,200,255) (75,77,78) (255,50,50) (50,255,50) (50,50,255) 
(76,112,71) (0,76,112) (71,0,76) (112,71,0) (76,112,71) (0,76,112) (71,0,76) (112,71,0) (76,112,71) (0,76,112) (71,0,76) (112,71,0) (76,112,71) (0,76,112) (71,0,76) (112,71,0) (76,112,71) (0,76,112) (71,0,76) (112,71,0) (76,112,71) (0,76,112) (71,0,76) (112,71,0) (76,112,71) (0,76,112) (71,0,76) (112,71,0) (76,112,71) (0,76,112) (71,0,76) (112,71,0) (76,112,71) (0,76,112) (71,0,76) (112,71,0) (76,112,71) (0,76,112) (71,0,76) (112,71,0) (76,112,71) (0,76,112) (71,0,76) (112,71,0) (76,112,71) (0,76,112) (71,0,76) (112,71,0) (76,112,71) (0,76,112) (71,0,76) (112,71,0) (76,112,71) (0,76,112) (71,0,76) (112,71,0) (76,112,71) (0,76,112) (71,0,76) (112,71,0) (76,112,71) (0,76,112) (71,0,76) (112,71,0) (76,112,71) (0,76,112) (71,0,76) (112,71,0) (76,112,71) (0,76,112) (71,0,76) (112,71,0) (76,112,71) (0,76,112) (71,0,76) (112,71,0) (76,112,71) (0,76,112) (71,0,76) (112,71,0) (1,1,1) (5,8,8) (8,24,9) (9,9,106) (43,44,43) (254,31,31) (31,255,31) (31,31,255) (31,31,31) (255,31,31) (31,255,31) (31,31,255) (31,31,31) (255,31,31) (31,255,31) (31,31,255) (31,31,31) (255,28,29) (28,255,28) (29,28,255) (28,29,28) (255,174,175) (175,255,249) (249,249,255) (246,247,246) (255,245,245) (245,255,245) (245,245,255) (243,244,243) (255,245,245) (245,255,243) (244,243,255) (243,244,243) (255,245,245) (245,255,245) (245,245,255) (245,245,245) (255,245,245) (245,255,245) (245,245,255) (245,245,245) (255,245,245) (245,255,245) (245,245,255) (246,247,246) (255,246,247) (246,255,246) (247,246,255) (246,247,246) (255,246,247) (246,255,246) (247,246,255) (246,247,246) (255,246,247) (246,255,246) (247,246,255) (246,247,246) (255,246,247) (246,255,247) (248,247,255) (247,248,247) (255,247,248) (247,255,247) (248,247,255) (247,248,247) (255,247,248) (247,255,247) (248,247,255) (247,248,247) (255,247,248) (247,255,247) (248,247,255) (247,248,247) (255,247,248) (247,255,247) (248,247,255) (247,248,247) (255,247,248) (247,255,247) (248,247,255) (247,248,247) (255,247,248) (247,255,247) (248,247,255) (247,248,247) (255,247,248) (247,255,247) (248,247,255) (247,248,247) (255,247,248) (247,255,247) (248,247,255) (247,248,247) (255,247,248) (247,255,247) (248,247,255) (247,248,247) (255,247,248) (247,255,247) (248,247,255) (247,248,247) (255,250,250) (250,255,250) (250,250,255) (236,236,236) (255,228,228) (228,255,232) (233,232,255) (246,247,246) (255,246,247) (246,255,246) (247,246,255) (246,247,246) (255,246,247) (246,255,246) (247,246,255) (246,247,246) (255,246,247) (246,255,250) (250,250,255) (253,254,254) (255,196,196) (197,255,99) (99,99,255) (64,66,65) (255,56,58) (55,255,50) (50,50,255) (50,50,50) (255,50,50) (50,255,50) (50,50,255) (50,50,50) (255,50,50) (50,255,50) (50,50,255) (56,58,55) (255,56,58) (55,255,99) (99,99,255) (193,194,193) (255,230,230) (230,255,243) (244,243,255) (243,244,243) (255,243,244) (243,255,243) (244,243,255) (243,244,243) (255,243,244) (243,255,242) (242,242,255) (243,244,243) (255,245,245) (245,255,210) (210,210,255) (75,77,78) (255,50,50) (50,255,56) (58,55,255) (153,153,153) (255,242,242) (242,255,242) (242,242,255) (242,242,242) (255,240,240) (240,255,240) (240,240,255) (240,240,240) (255,243,244) (243,255,253) (254,254,255) (120,120,119) (255,50,50) (50,255,50) (50,50,255) 
(76,112,71) (0,76,112) (71,0,76) (112,71,0) (76,112,71) (0,76,112) (71,0,76) (112,71,0) (76,112,71) (0,76,112) (71,0,76) (112,71,0) (76,112,71) (0,76,112) (71,0,76) (112,71,0) (76,112,71) (0,76,112) (71,0,76) (112,71,0) (76,112,71) (0,76,112) (71,0,76) (112,71,0) (76,112,71) (0,76,112) (71,0,76) (112,71,0) (76,112,71) (0,76,112) (71,0,76) (112,71,0) (76,112,71) (0,76,112) (71,0,76) (112,71,0) (76,112,71) (0,76,112) (71,0,76) (112,71,0) (76,112,71) (0,76,112) (71,0,76) (112,71,0) (76,112,71) (0,76,112) (71,0,76) (112,71,0) (76,112,71) (0,76,112) (71,0,76) (112,71,0) (76,112,71) (0,76,112) (71,0,76) (112,71,0) (76,112,71) (0,76,112) (71,0,76) (112,71,0) (76,112,71) (0,76,112) (71,0,76) (112,71,0) (76,112,71) (0,76,112) (71,0,76) (112,71,0) (76,112,71) (0,76,112) (71,0,76) (112,71,0) (76,112,71) (0,76,112) (71,0,76) (112,71,0) (76,112,71) (0,76,112) (71,0,76) (112,71,0) (1,1,1) (5,8,8) (8,24,9) (9,9,106) (43,44,43) (254,31,31) (31,255,31) (31,31,255) (31,31,31) (255,31,31) (31,255,31) (31,31,255) (31,31,31) (255,31,31) (31,255,31) (31,31,255) (28,29,28) (255,28,29) (28,255,28) (29,28,255) (28,29,28) (255,240,240) (240,255,247) (248,247,255) (246,247,246) (255,243,244) (243,255,243) (244,243,255) (243,244,243) (255,243,244) (243,255,245) (245,245,255) (243,244,243) (255,243,244) (243,255,245) (245,245,255) (245,245,245) (255,245,245) (245,255,245) (245,245,255) (245,245,245) (255,245,245) (245,255,245) (245,245,255) (245,245,245) (255,245,245) (245,255,246) (247,246,255) (246,247,246) (255,246,247) (246,255,246) (247,246,255) (246,247,246) (255,246,247) (246,255,246) (247,246,255) (246,247,246) (255,246,247) (246,255,246) (247,246,255) (246,247,246) (255,247,248) (247,255,247) (248,247,255) (247,248,247) (255,247,248) (247,255,247) (248,247,255) (247,248,247) (255,247,248) (247,255,247) (248,247,255) (247,248,247) (255,247,248) (247,255,247) (248,247,255) (247,248,247) (255,247,248) (247,255,247) (248,247,255) (247,248,247) (255,247,248) (247,255,247) (248,247,255) (247,248,247) (255,247,248) (247,255,247) (248,247,255) (247,248,247) (255,247,248) (247,255,247) (248,247,255) (247,248,247) (255,247,248) (247,255,247) (248,247,255) (247,248,247) (255,247,248) (247,255,247) (248,247,255) (247,248,247) (255,247,248) (247,255,247) (248,247,255) (247,248,247) (255,247,248) (247,255,246) (247,246,255) (246,247,246) (255,246,247) (246,255,246) (247,246,255) (246,247,246) (255,246,247) (246,255,246) (247,246,255) (246,247,246) (255,246,247) (246,255,246) (247,246,255) (247,248,247) (255,252,252) (252,255,253) (254,254,255) (179,179,179) (255,120,120) (119,255,87) (88,88,255) (75,77,78) (255,75,77) (78,255,64) (66,65,255) (75,77,78) (255,99,99) (99,255,99) (99,99,255) (133,133,133) (255,217,217) (217,255,232) (233,232,255) (245,245,245) (255,243,244) (243,255,243) (244,243,255) (243,244,243) (255,243,244) (243,255,243) (244,243,255) (242,242,242) (255,242,242) (242,255,242) (242,242,255) (243,244,243) (255,243,244) (243,255,184) (185,184,255) (50,50,50) (255,50,50) (50,255,75) (77,78,255) (179,179,179) (255,242,242) (242,255,242) (242,242,255) (240,240,240) (255,240,240) (240,255,240) (240,240,255) (240,240,240) (255,240,240) (240,255,250) (250,250,255) (196,196,197) (255,64,66) (65,255,50) (50,50,255) 
(76,112,71) (0,76,112) (71,0,76) (112,71,0) (76,112,71) (0,76,112) (71,0,76) (112,71,0) (76,112,71) (0,76,112) (71,0,76) (112,71,0) (76,112,71) (0,76,112) (71,0,76) (112,71,0) (76,112,71) (0,76,112) (71,0,76) (112,71,0) (76,112,71) (0,76,112) (71,0,76) (112,71,0) (76,112,71) (0,76,112) (71,0,76) (112,71,0) (76,112,71) (0,76,112) (71,0,76) (112,71,0) (76,112,71) (0,76,112) (71,0,76) (112,71,0) (76,112,71) (0,76,112) (71,0,76) (112,71,0) (76,112,71) (0,76,112) (71,0,76) (112,71,0) (76,112,71) (0,76,112) (71,0,76) (112,71,0) (76,112,71) (0,76,112) (71,0,76) (112,71,0) (76,112,71) (0,76,112) (71,0,76) (112,71,0) (76,112,71) (0,76,112) (71,0,76) (112,71,0) (76,112,71) (0,76,112) (71,0,76) (112,71,0) (76,112,71) (0,76,112) (71,0,76) (112,71,0) (76,112,71) (0,76,112) (71,0,76) (112,71,0) (76,112,71) (0,76,112) (71,0,76) (112,71,0) (76,112,71) (0,76,112) (71,0,76) (112,71,0) (1,1,1) (5,8,8) (8,24,57) (57,57,155) (43,44,43) (254,31,31) (31,255,31) (31,31,255) (31,31,31) (255,31,31) (31,255,31) (31,31,255) (31,31,31) (255,31,31) (31,255,31) (31,31,255) (28,29,28) (255,28,29) (28,255,28) (29,28,255) (87,88,88) (255,249,249) (249,255,247) (248,247,255) (245,245,245) (255,243,244) (243,255,245) (245,245,255) (243,244,243) (255,245,245) (245,255,243) (244,243,255) (243,244,243) (255,245,245) (245,255,243) (244,243,255) (245,245,245) (255,245,245) (245,255,245) (245,245,255) (245,245,245) (255,245,245) (245,255,245) (245,245,255) (245,245,245) (255,245,245) (245,255,245) (245,245,255) (246,247,246) (255,246,247) (246,255,246) (247,246,255) (246,247,246) (255,246,247) (246,255,246) (247,246,255) (246,247,246) (255,246,247) (246,255,246) (247,246,255) (246,247,246) (255,246,247) (246,255,246) (247,246,255) (247,248,247) (255,247,248) (247,255,247) (248,247,255) (247,248,247) (255,247,248) (247,255,247) (248,247,255) (247,248,247) (255,247,248) (247,255,247) (248,247,255) (247,248,247) (255,247,248) (247,255,247) (248,247,255) (247,248,247) (255,247,248) (247,255,247) (248,247,255) (247,248,247) (255,247,248) (247,255,247) (248,247,255) (247,248,247) (255,247,248) (247,255,247) (248,247,255) (247,248,247) (255,247,248) (247,255,247) (248,247,255) (247,248,247) (255,247,248) (247,255,247) (248,247,255) (247,248,247) (255,246,247) (246,255,246) (247,246,255) (246,247,246) (255,246,247) (246,255,246) (247,246,255) (246,247,246) (255,246,247) (246,255,246) (247,246,255) (246,247,246) (255,246,247) (246,255,246) (247,246,255) (246,247,246) (255,246,247) (246,255,245) (245,245,255) (245,245,245) (255,245,245) (245,255,249) (249,249,255) (252,252,252) (255,253,254) (254,255,247) (248,247,255) (232,233,232) (255,215,215) (215,255,200) (201,200,255) (193,194,193) (255,219,219) (219,255,250) (250,250,255) (246,247,246) (255,245,245) (245,255,243) (244,243,255) (243,244,243) (255,243,244) (243,255,243) (244,243,255) (243,244,243) (255,242,242) (242,255,242) (242,242,255) (242,242,242) (255,242,242) (242,255,243) (244,243,255) (242,242,242) (255,232,233) (232,255,140) (141,141,255) (50,50,50) (255,50,50) (50,255,99) (99,99,255) (207,207,207) (255,242,242) (242,255,240) (240,240,255) (240,240,240) (255,240,240) (240,255,240) (240,240,255) (240,240,240) (255,240,240) (240,255,243) (244,243,255) (253,254,254) (255,148,148) (148,255,50) (50,50,255) 
(76,112,71) (0,76,112) (71,0,76) (112,71,0) (76,112,71) (0,76,112) (71,0,76) (112,71,0) (76,112,71) (0,76,112) (71,0,76) (112,71,0) (76,112,71) (0,76,112) (71,0,76) (112,71,0) (76,112,71) (0,76,112) (71,0,76) (112,71,0) (76,112,71) (0,76,112) (71,0,76) (112,71,0) (76,112,71) (0,76,112) (71,0,76) (112,71,0) (76,112,71) (0,76,112) (71,0,76) (112,71,0) (76,112,71) (0,76,112) (71,0,76) (112,71,0) (76,112,71) (0,76,112) (71,0,76) (112,71,0) (76,112,71) (0,76,112) (71,0,76) (112,71,0) (76,112,71) (0,76,112) (71,0,76) (112,71,0) (76,112,71) (0,76,112) (71,0,76) (112,71,0) (76,112,71) (0,76,112) (71,0,76) (112,71,0) (76,112,71) (0,76,112) (71,0,76) (112,71,0) (76,112,71) (0,76,112) (71,0,76) (112,71,0) (76,112,71) (0,76,112) (71,0,76) (112,71,0) (76,112,71) (0,76,112) (71,0,76) (112,71,0) (76,112,71) (0,76,112) (71,0,76) (112,71,0) (76,112,71) (0,76,112) (71,0,76) (112,71,0) (1,1,1) (5,8,8) (8,24,57) (57,57,155) (38,38,38) (255,31,31) (31,255,31) (31,31,255) (31,31,31) (255,31,31) (31,255,31) (31,31,255) (31,31,31) (255,31,31) (31,255,31) (31,31,255) (28,29,28) (255,28,29) (28,255,23) (24,23,255) (174,175,175) (255,249,249) (249,255,246) (247,246,255) (245,245,245) (255,243,244) (243,255,243) (244,243,255) (243,244,243) (255,243,244) (243,255,245) (245,245,255) (243,244,243) (255,243,244) (243,255,243) (244,243,255) (243,244,243) (255,245,245) (245,255,245) (245,245,255) (245,245,245) (255,245,245) (245,255,245) (245,245,255) (245,245,245) (255,245,245) (245,255,245) (245,245,255) (245,245,245) (255,245,245) (245,255,246) (247,246,255) (246,247,246) (255,246,247) (246,255,246) (247,246,255) (246,247,246) (255,246,247) (246,255,246) (247,246,255) (246,247,246) (255,246,247) (246,255,246) (247,246,255) (246,247,246) (255,246,247) (246,255,246) (247,246,255) (246,247,246) (255,247,248) (247,255,247) (248,247,255) (247,248,247) (255,247,248) (247,255,247) (248,247,255) (247,248,247) (255,247,248) (247,255,247) (248,247,255) (247,248,247) (255,247,248) (247,255,247) (248,247,255) (247,248,247) (255,247,248) (247,255,247) (248,247,255) (247,248,247) (255,247,248) (247,255,247) (248,247,255) (247,248,247) (255,247,248) (247,255,247) (248,247,255) (247,248,247) (255,246,247) (246,255,246) (247,246,255) (246,247,246) (255,246,247) (246,255,246) (247,246,255) (246,247,246) (255,246,247) (246,255,246) (247,246,255) (246,247,246) (255,246,247) (246,255,246) (247,246,255) (246,247,246) (255,246,247) (246,255,246) (247,246,255) (245,245,245) (255,245,245) (245,255,245) (245,245,255) (245,245,245) (255,245,245) (245,255,245) (245,245,255) (245,245,245) (255,245,245) (245,255,246) (247,246,255) (247,248,247) (255,247,248) (247,255,247) (248,247,255) (246,247,246) (255,243,244) (243,255,243) (244,243,255) (243,244,243) (255,243,244) (243,255,243) (244,243,255) (243,244,243) (255,242,242) (242,255,242) (242,242,255) (242,242,242) (255,242,242) (242,255,242) (242,242,255) (242,242,242) (255,243,244) (243,255,242) (242,242,255) (243,244,243) (255,231,231) (231,255,148) (148,148,255) (87,88,88) (255,75,77) (78,255,133) (133,133,255) (234,234,234) (255,240,240) (240,255,240) (240,240,255) (240,240,240) (255,240,240) (240,255,240) (240,240,255) (240,240,240) (255,240,240) (240,255,240) (240,240,255) (247,248,247) (255,249,249) (249,255,133) (133,133,255) 
(76,112,71) (0,76,112) (71,0,76) (112,71,0) (76,112,71) (0,76,112) (71,0,76) (112,71,0) (76,112,71) (0,76,112) (71,0,76) (112,71,0) (76,112,71) (0,76,112) (71,0,76) (112,71,0) (76,112,71) (0,76,112) (71,0,76) (112,71,0) (76,112,71) (0,76,112) (71,0,76) (112,71,0) (76,112,71) (0,76,112) (71,0,76) (112,71,0) (76,112,71) (0,76,112) (71,0,76) (112,71,0) (76,112,71) (0,76,112) (71,0,76) (112,71,0) (76,112,71) (0,76,112) (71,0,76) (112,71,0) (76,112,71) (0,76,112) (71,0,76) (112,71,0) (76,112,71) (0,76,112) (71,0,76) (112,71,0) (76,112,71) (0,76,112) (71,0,76) (112,71,0) (76,112,71) (0,76,112) (71,0,76) (112,71,0) (76,112,71) (0,76,112) (71,0,76) (112,71,0) (76,112,71) (0,76,112) (71,0,76) (112,71,0) (76,112,71) (0,76,112) (71,0,76) (112,71,0) (76,112,71) (0,76,112) (71,0,76) (112,71,0) (76,112,71) (0,76,112) (71,0,76) (112,71,0) (76,112,71) (0,76,112) (71,0,76) (112,71,0) (1,1,1) (5,2,2) (2,31,57) (57,57,155) (38,38,38) (255,31,31) (31,255,31) (31,31,255) (31,31,31) (255,31,31) (31,255,31) (31,31,255) (31,31,31) (255,31,31) (31,255,28) (29,28,255) (28,29,28) (255,28,29) (28,255,28) (29,28,255) (239,239,239) (255,247,248) (247,255,245) (245,245,255) (243,244,243) (255,243,244) (243,255,243) (244,243,255) (243,244,243) (255,245,245) (245,255,243) (244,243,255) (243,244,243) (255,245,245) (245,255,243) (244,243,255) (245,245,245) (255,243,244) (243,255,245) (245,245,255) (245,245,245) (255,245,245) (245,255,245) (245,245,255) (245,245,245) (255,245,245) (245,255,245) (245,245,255) (245,245,245) (255,245,245) (245,255,245) (245,245,255) (246,247,246) (255,246,247) (246,255,246) (247,246,255) (246,247,246) (255,246,247) (246,255,246) (247,246,255) (246,247,246) (255,246,247) (246,255,246) (247,246,255) (246,247,246) (255,246,247) (246,255,246) (247,246,255) (246,247,246) (255,246,247) (246,255,246) (247,246,255) (246,247,246) (255,246,247) (246,255,247) (248,247,255) (247,248,247) (255,247,248) (247,255,247) (248,247,255) (247,248,247) (255,247,248) (247,255,247) (248,247,255) (247,248,247) (255,247,248) (247,255,247) (248,247,255) (247,248,247) (255,247,248) (247,255,246) (247,246,255) (246,247,246) (255,246,247) (246,255,246) (247,246,255) (246,247,246) (255,246,247) (246,255,246) (247,246,255) (246,247,246) (255,246,247) (246,255,246) (247,246,255) (246,247,246) (255,246,247) (246,255,246) (247,246,255) (246,247,246) (255,246,247) (246,255,246) (247,246,255) (246,247,246) (255,245,245) (245,255,245) (245,245,255) (245,245,245) (255,245,245) (245,255,245) (245,245,255) (245,245,245) (255,245,245) (245,255,245) (245,245,255) (245,245,245) (255,245,245) (245,255,243) (244,243,255) (243,244,243) (255,243,244) (243,255,243) (244,243,255) (243,244,243) (255,243,244) (243,255,245) (245,245,255) (243,244,243) (255,245,245) (245,255,242) (242,242,255) (242,242,242) (255,242,242) (242,255,242) (242,242,255) (242,242,242) (255,242,242) (242,255,242) (242,242,255) (243,244,243) (255,242,242) (242,255,242) (242,242,255) (243,244,243) (255,245,245) (245,255,226) (226,226,255) (207,207,207) (255,193,194) (193,255,210) (210,210,255) (240,240,240) (255,240,240) (240,255,240) (240,240,255) (240,240,240) (255,240,240) (240,255,240) (240,240,255) (240,240,240) (255,240,240) (240,255,240) (240,240,255) (240,240,240) (255,249,249) (249,255,243) (244,243,255) 
(76,112,71) (0,76,112) (71,0,76) (112,71,0) (76,112,71) (0,76,112) (71,0,76) (112,71,0) (76,112,71) (0,76,112) (71,0,76) (112,71,0) (76,112,71) (0,76,112) (71,0,76) (112,71,0) (76,112,71) (0,76,112) (71,0,76) (112,71,0) (76,112,71) (0,76,112) (71,0,76) (112,71,0) (76,112,71) (0,76,112) (71,0,76) (112,71,0) (76,112,71) (0,76,112) (71,0,76) (112,71,0) (76,112,71) (0,76,112) (71,0,76) (112,71,0) (76,112,71) (0,76,112) (71,0,76) (112,71,0) (76,112,71) (0,76,112) (71,0,76) (112,71,0) (76,112,71) (0,76,112) (71,0,76) (112,71,0) (76,112,71) (0,76,112) (71,0,76) (112,71,0) (76,112,71) (0,76,112) (71,0,76) (112,71,0) (76,112,71) (0,76,112) (71,0,76) (112,71,0) (76,112,71) (0,76,112) (71,0,76) (112,71,0) (76,112,71) (0,76,112) (71,0,76) (112,71,0) (76,112,71) (0,76,112) (71,0,76) (112,71,0) (76,112,71) (0,76,112) (71,0,76) (112,71,0) (76,112,71) (0,76,112) (71,0,76) (112,71,0) (1,1,1) (5,2,2) (2,31,55) (55,55,180) (37,37,37) (255,31,31) (31,255,31) (31,31,255) (31,31,31) (255,31,31) (31,255,31) (31,31,255) (31,31,31) (255,31,31) (31,255,28) (29,28,255) (28,29,28) (255,23,24) (23,255,99) (99,99,255) (249,249,249) (255,246,247) (246,255,243) (244,243,255) (243,244,243) (255,243,244) (243,255,243) (244,243,255) (243,244,243) (255,243,244) (243,255,243) (244,243,255) (243,244,243) (255,243,244) (243,255,243) (244,243,255) (243,244,243) (255,243,244) (243,255,243) (244,243,255) (243,244,243) (255,243,244) (243,255,243) (244,243,255) (243,244,243) (255,243,244) (243,255,243) (244,243,255) (243,244,243) (255,245,245) (245,255,245) (245,245,255) (245,245,245) (255,245,245) (245,255,245) (245,245,255) (245,245,245) (255,245,245) (245,255,245) (245,245,255) (245,245,245) (255,245,245) (245,255,245) (245,245,255) (245,245,245) (255,246,247) (246,255,246) (247,246,255) (246,247,246) (255,246,247) (246,255,246) (247,246,255) (246,247,246) (255,246,247) (246,255,246) (247,246,255) (246,247,246) (255,246,247) (246,255,246) (247,246,255) (246,247,246) (255,246,247) (246,255,246) (247,246,255) (246,247,246) (255,246,247) (246,255,246) (247,246,255) (246,247,246) (255,246,247) (246,255,246) (247,246,255) (246,247,246) (255,246,247) (246,255,246) (247,246,255) (246,247,246) (255,246,247) (246,255,246) (247,246,255) (245,245,245) (255,245,245) (245,255,245) (245,245,255) (245,245,245) (255,245,245) (245,255,245) (245,245,255) (245,245,245) (255,245,245) (245,255,245) (245,245,255) (245,245,245) (255,245,245) (245,255,245) (245,245,255) (245,245,245) (255,243,244) (243,255,243) (244,243,255) (243,244,243) (255,243,244) (243,255,243) (244,243,255) (243,244,243) (255,243,244) (243,255,245) (245,245,255) (243,244,243) (255,243,244) (243,255,243) (244,243,255) (243,244,243) (255,243,244) (243,255,243) (244,243,255) (242,242,242) (255,242,242) (242,255,242) (242,242,255) (242,242,242) (255,240,240) (240,255,240) (240,240,255) (240,240,240) (255,240,240) (240,255,240) (240,240,255) (242,242,242) (255,242,242) (242,255,240) (240,240,255) (240,240,240) (255,242,242) (242,255,243) (244,243,255) (243,244,243) (255,242,242) (242,255,240) (240,240,255) (240,240,240) (255,240,240) (240,255,238) (239,238,255) (238,239,238) (255,238,239) (238,255,238) (239,238,255) (238,239,238) (255,239,239) (239,255,239) (239,239,255) (239,239,239) (255,240,240) (240,255,246) (247,246,255) 
(76,112,71) (0,76,112) (71,0,76) (112,71,0) (76,112,71) (0,76,112) (71,0,76) (112,71,0) (76,112,71) (0,76,112) (71,0,76) (112,71,0) (76,112,71) (0,76,112) (71,0,76) (112,71,0) (76,112,71) (0,76,112) (71,0,76) (112,71,0) (76,112,71) (0,76,112) (71,0,76) (112,71,0) (76,112,71) (0,76,112) (71,0,76) (112,71,0) (76,112,71) (0,76,112) (71,0,76) (112,71,0) (76,112,71) (0,76,112) (71,0,76) (112,71,0) (76,112,71) (0,76,112) (71,0,76) (112,71,0) (76,112,71) (0,76,112) (71,0,76) (112,71,0) (76,112,71) (0,76,112) (71,0,76) (112,71,0) (76,112,71) (0,76,112) (71,0,76) (112,71,0) (76,112,71) (0,76,112) (71,0,76) (112,71,0) (76,112,71) (0,76,112) (71,0,76) (112,71,0) (76,112,71) (0,76,112) (71,0,76) (112,71,0) (76,112,71) (0,76,112) (71,0,76) (112,71,0) (76,112,71) (0,76,112) (71,0,76) (112,71,0) (76,112,71) (0,76,112) (71,0,76) (112,71,0) (76,112,71) (0,76,112) (71,0,76) (112,71,0) (2,2,2) (11,2,2) (2,31,53) (53,53,200) (35,35,35) (255,31,31) (31,255,31) (31,31,255) (31,31,31) (255,31,31) (31,255,31) (31,31,255) (28,29,28) (255,28,29) (28,255,28) (29,28,255) (28,29,28) (255,23,24) (23,255,174) (175,175,255) (247,248,247) (255,246,247) (246,255,243) (244,243,255) (243,244,243) (255,242,242) (242,255,243) (244,243,255) (243,244,243) (255,243,244) (243,255,243) (244,243,255) (243,244,243) (255,243,244) (243,255,243) (244,243,255) (243,244,243) (255,243,244) (243,255,243) (244,243,255) (245,245,245) (255,243,244) (243,255,245) (245,245,255) (243,244,243) (255,245,245) (245,255,243) (244,243,255) (245,245,245) (255,243,244) (243,255,245) (245,245,255) (245,245,245) (255,245,245) (245,255,245) (245,245,255) (245,245,245) (255,245,245) (245,255,245) (245,245,255) (245,245,245) (255,245,245) (245,255,245) (245,245,255) (245,245,245) (255,245,245) (245,255,245) (245,245,255) (245,245,245) (255,245,245) (245,255,246) (247,246,255) (246,247,246) (255,246,247) (246,255,246) (247,246,255) (246,247,246) (255,246,247) (246,255,246) (247,246,255) (246,247,246) (255,246,247) (246,255,246) (247,246,255) (246,247,246) (255,246,247) (246,255,246) (247,246,255) (246,247,246) (255,246,247) (246,255,246) (247,246,255) (246,247,246) (255,246,247) (246,255,245) (245,245,255) (245,245,245) (255,245,245) (245,255,245) (245,245,255) (245,245,245) (255,245,245) (245,255,245) (245,245,255) (243,244,243) (255,245,245) (245,255,245) (245,245,255) (245,245,245) (255,245,245) (245,255,245) (245,245,255) (245,245,245) (255,245,245) (245,255,243) (244,243,255) (243,244,243) (255,243,244) (243,255,245) (245,245,255) (243,244,243) (255,245,245) (245,255,243) (244,243,255) (245,245,245) (255,243,244) (243,255,243) (244,243,255) (243,244,243) (255,243,244) (243,255,243) (244,243,255) (243,244,243) (255,242,242) (242,255,242) (242,242,255) (242,242,242) (255,242,242) (242,255,242) (242,242,255) (240,240,240) (255,242,242) (242,255,240) (240,240,255) (242,242,242) (255,240,240) (240,255,243) (244,243,255) (242,242,242) (255,242,242) (242,255,240) (240,240,255) (240,240,240) (255,240,240) (240,255,240) (240,240,255) (240,240,240) (255,240,240) (240,255,240) (240,240,255) (240,240,240) (255,238,239) (238,255,238) (239,238,255) (238,239,238) (255,238,239) (238,255,238) (239,238,255) (239,239,239) (255,239,239) (239,255,239) (239,239,255) (239,239,239) (255,237,238) (237,255,238) (239,238,255) 
(76,112,71) (0,76,112) (71,0,76) (112,71,0) (76,112,71) (0,76,112) (71,0,76) (112,71,0) (76,112,71) (0,76,112) (71,0,76) (112,71,0) (76,112,71) (0,76,112) (71,0,76) (112,71,0) (76,112,71) (0,76,112) (71,0,76) (112,71,0) (76,112,71) (0,76,112) (71,0,76) (112,71,0) (76,112,71) (0,76,112) (71,0,76) (112,71,0) (76,112,71) (0,76,112) (71,0,76) (112,71,0) (76,112,71) (0,76,112) (71,0,76) (112,71,0) (76,112,71) (0,76,112) (71,0,76) (112,71,0) (76,112,71) (0,76,112) (71,0,76) (112,71,0) (76,112,71) (0,76,112) (71,0,76) (112,71,0) (76,112,71) (0,76,112) (71,0,76) (112,71,0) (76,112,71) (0,76,112) (71,0,76) (112,71,0) (76,112,71) (0,76,112) (71,0,76) (112,71,0) (76,112,71) (0,76,112) (71,0,76) (112,71,0) (76,112,71) (0,76,112) (71,0,76) (112,71,0) (76,112,71) (0,76,112) (71,0,76) (112,71,0) (76,112,71) (0,76,112) (71,0,76) (112,71,0) (76,112,71) (0,76,112) (71,0,76) (112,71,0) (1,1,1) (5,8,8) (8,42,55) (55,55,180) (35,35,35) (255,31,31) (31,255,31) (31,31,255) (31,31,31) (255,31,31) (31,255,31) (31,31,255) (28,29,28) (255,28,29) (28,255,28) (29,28,255) (23,24,23) (255,28,29) (28,255,238) (239,238,255) (247,248,247) (255,245,245) (245,255,243) (244,243,255) (242,242,242) (255,242,242) (242,255,242) (242,242,255) (243,244,243) (255,243,244) (243,255,243) (244,243,255) (243,244,243) (255,243,244) (243,255,243) (244,243,255) (243,244,243) (255,243,244) (243,255,243) (244,243,255) (243,244,243) (255,243,244) (243,255,243) (244,243,255) (243,244,243) (255,243,244) (243,255,243) (244,243,255) (243,244,243) (255,243,244) (243,255,243) (244,243,255) (243,244,243) (255,245,245) (245,255,245) (245,245,255) (245,245,245) (255,245,245) (245,255,245) (245,245,255) (245,245,245) (255,245,245) (245,255,245) (245,245,255) (245,245,245) (255,245,245) (245,255,245) (245,245,255) (245,245,245) (255,245,245) (245,255,245) (245,245,255) (245,245,245) (255,245,245) (245,255,245) (245,245,255) (245,245,245) (255,245,245) (245,255,245) (245,245,255) (245,245,245) (255,245,245) (245,255,245) (245,245,255) (245,245,245) (255,245,245) (245,255,245) (245,245,255) (245,245,245) (255,245,245) (245,255,245) (245,245,255) (245,245,245) (255,245,245) (245,255,245) (245,245,255) (245,245,245) (255,245,245) (245,255,245) (245,245,255) (245,245,245) (255,243,244) (243,255,243) (244,243,255) (243,244,243) (255,245,245) (245,255,245) (245,245,255) (245,245,245) (255,245,245) (245,255,245) (245,245,255) (243,244,243) (255,243,244) (243,255,243) (244,243,255) (245,245,245) (255,243,244) (243,255,243) (244,243,255) (243,244,243) (255,243,244) (243,255,243) (244,243,255) (243,244,243) (255,243,244) (243,255,243) (244,243,255) (243,244,243) (255,243,244) (243,255,242) (242,242,255) (242,242,242) (255,242,242) (242,255,242) (242,242,255) (242,242,242) (255,242,242) (242,255,240) (240,240,255) (240,240,240) (255,240,240) (240,255,240) (240,240,255) (240,240,240) (255,242,242) (242,255,242) (242,242,255) (242,242,242) (255,240,240) (240,255,240) (240,240,255) (240,240,240) (255,240,240) (240,255,240) (240,240,255) (240,240,240) (255,240,240) (240,255,240) (240,240,255) (238,239,238) (255,238,239) (238,255,238) (239,238,255) (238,239,238) (255,238,239) (238,255,239) (239,239,255) (239,239,239) (255,239,239) (239,255,238) (239,238,255) (237,238,237) (255,237,238) (237,255,237) (238,237,255) 
(76,112,71) (0,76,112) (71,0,76) (112,71,0) (76,112,71) (0,76,112) (71,0,76) (112,71,0) (76,112,71) (0,76,112) (71,0,76) (112,71,0) (76,112,71) (0,76,112) (71,0,76) (112,71,0) (76,112,71) (0,76,112) (71,0,76) (112,71,0) (76,112,71) (0,76,112) (71,0,76) (112,71,0) (76,112,71) (0,76,112) (71,0,76) (112,71,0) (76,112,71) (0,76,112) (71,0,76) (112,71,0) (76,112,71) (0,76,112) (71,0,76) (112,71,0) (76,112,71) (0,76,112) (71,0,76) (112,71,0) (76,112,71) (0,76,112) (71,0,76) (112,71,0) (76,112,71) (0,76,112) (71,0,76) (112,71,0) (76,112,71) (0,76,112) (71,0,76) (112,71,0) (76,112,71) (0,76,112) (71,0,76) (112,71,0) (76,112,71) (0,76,112) (71,0,76) (112,71,0) (76,112,71) (0,76,112) (71,0,76) (112,71,0) (76,112,71) (0,76,112) (71,0,76) (112,71,0) (76,112,71) (0,76,112) (71,0,76) (112,71,0) (76,112,71) (0,76,112) (71,0,76) (112,71,0) (76,112,71) (0,76,112) (71,0,76) (112,71,0) (2,2,2) (11,1,1) (1,51,53) (53,53,200) (33,34,33) (255,31,31) (31,255,31) (31,31,255) (31,31,31) (255,31,31) (31,255,31) (31,31,255) (28,29,28) (255,28,29) (28,255,28) (29,28,255) (23,24,23) (255,87,88) (88,255,249) (249,249,255) (246,247,246) (255,243,244) (243,255,243) (244,243,255) (242,242,242) (255,242,242) (242,255,242) (242,242,255) (242,242,242) (255,243,244) (243,255,243) (244,243,255) (243,244,243) (255,243,244) (243,255,243) (244,243,255) (243,244,243) (255,243,244) (243,255,243) (244,243,255) (243,244,243) (255,243,244) (243,255,243) (244,243,255) (245,245,245) (255,243,244) (243,255,245) (245,245,255) (243,244,243) (255,245,245) (245,255,243) (244,243,255) (245,245,245) (255,243,244) (243,255,243) (244,243,255) (245,245,245) (255,245,245) (245,255,245) (245,245,255) (245,245,245) (255,245,245) (245,255,245) (245,245,255) (245,245,245) (255,245,245) (245,255,245) (245,245,255) (245,245,245) (255,245,245) (245,255,245) (245,245,255) (245,245,245) (255,245,245) (245,255,245) (245,245,255) (245,245,245) (255,245,245) (245,255,245) (245,245,255) (245,245,245) (255,245,245) (245,255,245) (245,245,255) (245,245,245) (255,245,245) (245,255,245) (245,245,255) (245,245,245) (255,245,245) (245,255,245) (245,245,255) (245,245,245) (255,245,245) (245,255,245) (245,245,255) (245,245,245) (255,245,245) (245,255,243) (244,243,255) (243,244,243) (255,243,244) (243,255,245) (245,245,255) (245,245,245) (255,245,245) (245,255,245) (245,245,255) (245,245,245) (255,243,244) (243,255,243) (244,243,255) (243,244,243) (255,245,245) (245,255,243) (244,243,255) (243,244,243) (255,243,244) (243,255,245) (245,245,255) (243,244,243) (255,245,245) (245,255,243) (244,243,255) (243,244,243) (255,243,244) (243,255,243) (244,243,255) (242,242,242) (255,242,242) (242,255,242) (242,242,255) (242,242,242) (255,242,242) (242,255,242) (242,242,255) (240,240,240) (255,240,240) (240,255,242) (242,242,255) (240,240,240) (255,242,242) (242,255,240) (240,240,255) (242,242,242) (255,242,242) (242,255,240) (240,240,255) (240,240,240) (255,240,240) (240,255,240) (240,240,255) (240,240,240) (255,240,240) (240,255,240) (240,240,255) (240,240,240) (255,239,239) (239,255,238) (239,238,255) (238,239,238) (255,238,239) (238,255,238) (239,238,255) (238,239,238) (255,238,239) (238,255,239) (239,239,255) (238,239,238) (255,238,239) (238,255,238) (239,238,255) (237,238,237) (255,237,238) (237,255,237) (238,237,255) 
(76,112,71) (0,76,112) (71,0,76) (112,71,0) (76,112,71) (0,76,112) (71,0,76) (112,71,0) (76,112,71) (0,76,112) (71,0,76) (112,71,0) (76,112,71) (0,76,112) (71,0,76) (112,71,0) (76,112,71) (0,76,112) (71,0,76) (112,71,0) (76,112,71) (0,76,112) (71,0,76) (112,71,0) (76,112,71) (0,76,112) (71,0,76) (112,71,0) (76,112,71) (0,76,112) (71,0,76) (112,71,0) (76,112,71) (0,76,112) (71,0,76) (112,71,0) (76,112,71) (0,76,112) (71,0,76) (112,71,0) (76,112,71) (0,76,112) (71,0,76) (112,71,0) (76,112,71) (0,76,112) (71,0,76) (112,71,0) (76,112,71) (0,76,112) (71,0,76) (112,71,0) (76,112,71) (0,76,112) (71,0,76) (112,71,0) (76,112,71) (0,76,112) (71,0,76) (112,71,0) (76,112,71) (0,76,112) (71,0,76) (112,71,0) (76,112,71) (0,76,112) (71,0,76) (112,71,0) (76,112,71) (0,76,112) (71,0,76) (112,71,0) (76,112,71) (0,76,112) (71,0,76) (112,71,0) (76,112,71) (0,76,112) (71,0,1) (1,1,1) (2,2,2) (11,8,8) (8,42,50) (50,50,222) (33,34,33) (255,31,31) (31,255,31) (31,31,255) (31,31,31) (255,31,31) (31,255,28) (29,28,255) (28,29,28) (255,28,29) (28,255,28) (29,28,255) (23,24,23) (255,174,175) (175,255,247) (248,247,255) (245,245,245) (255,243,244) (243,255,243) (244,243,255) (242,242,242) (255,242,242) (242,255,242) (242,242,255) (242,242,242) (255,242,242) (242,255,243) (244,243,255) (243,244,243) (255,243,244) (243,255,243) (244,243,255) (243,244,243) (255,243,244) (243,255,243) (244,243,255) (243,244,243) (255,243,244) (243,255,243) (244,243,255) (243,244,243) (255,243,244) (243,255,243) (244,243,255) (243,244,243) (255,243,244) (243,255,243) (244,243,255) (243,244,243) (255,245,245) (245,255,243) (244,243,255) (243,244,243) (255,243,244) (243,255,243) (244,243,255) (245,245,245) (255,245,245) (245,255,245) (245,245,255) (245,245,245) (255,245,245) (245,255,245) (245,245,255) (245,245,245) (255,245,245) (245,255,245) (245,245,255) (245,245,245) (255,245,245) (245,255,245) (245,245,255) (245,245,245) (255,245,245) (245,255,245) (245,245,255) (245,245,245) (255,245,245) (245,255,245) (245,245,255) (245,245,245) (255,245,245) (245,255,245) (245,245,255) (245,245,245) (255,245,245) (245,255,245) (245,245,255) (245,245,245) (255,245,245) (245,255,245) (245,245,255) (243,244,243) (255,243,244) (243,255,243) (244,243,255) (245,245,245) (255,243,244) (243,255,245) (245,245,255) (245,245,245) (255,243,244) (243,255,243) (244,243,255) (243,244,243) (255,243,244) (243,255,245) (245,245,255) (243,244,243) (255,243,244) (243,255,243) (244,243,255) (245,245,245) (255,243,244) (243,255,243) (244,243,255) (243,244,243) (255,243,244) (243,255,243) (244,243,255) (243,244,243) (255,242,242) (242,255,242) (242,242,255) (242,242,242) (255,242,242) (242,255,242) (242,242,255) (242,242,242) (255,242,242) (242,255,240) (240,240,255) (240,240,240) (255,242,242) (242,255,240) (240,240,255) (240,240,240) (255,240,240) (240,255,240) (240,240,255) (240,240,240) (255,240,240) (240,255,240) (240,240,255) (240,240,240) (255,240,240) (240,255,240) (240,240,255) (240,240,240) (255,240,240) (240,255,239) (239,239,255) (239,239,239) (255,238,239) (238,255,238) (239,238,255) (238,239,238) (255,238,239) (238,255,238) (239,238,255) (238,239,238) (255,238,239) (238,255,238) (239,238,255) (238,239,238) (255,238,239) (238,255,237) (238,237,255) (236,236,236) (255,236,236) (236,255,236) (236,236,255) 
(76,112,71) (0,76,112) (71,0,76) (112,71,0) (76,112,71) (0,76,112) (71,0,76) (112,71,0) (76,112,71) (0,76,112) (71,0,76) (112,71,0) (76,112,71) (0,76,112) (71,0,76) (112,71,0) (76,112,71) (0,76,112) (71,0,76) (112,71,0) (76,112,71) (0,76,112) (71,0,76) (112,71,0) (76,112,71) (0,76,112) (71,0,76) (112,71,0) (76,112,71) (0,76,112) (71,0,76) (112,71,0) (76,112,71) (0,76,112) (71,0,76) (112,71,0) (76,112,71) (0,76,112) (71,0,76) (112,71,0) (76,112,71) (0,76,112) (71,0,76) (112,71,0) (76,112,71) (0,76,112) (71,0,76) (112,71,0) (76,112,71) (0,76,112) (71,0,76) (112,71,0) (76,112,71) (0,76,112) (71,0,76) (112,71,0) (76,112,71) (0,76,112) (71,0,76) (112,71,0) (76,112,71) (0,76,112) (71,0,76) (112,71,0) (76,112,71) (0,76,112) (71,0,76) (112,71,0) (76,112,71) (0,76,112) (71,0,76) (112,71,0) (76,112,71) (0,76,112) (71,0,76) (112,71,0) (76,112,71) (0,76,112) (71,0,1) (1,1,1) (2,2,2) (11,8,8) (8,42,50) (50,50,222) (33,34,33) (255,31,31) (31,255,31) (31,31,255) (31,31,31) (255,31,31) (31,255,28) (29,28,255) (28,29,28) (255,28,29) (28,255,23) (24,23,255) (28,29,28) (255,237,238) (237,255,247) (248,247,255) (243,244,243) (255,242,242) (242,255,242) (242,242,255) (242,242,242) (255,242,242) (242,255,242) (242,242,255) (242,242,242) (255,242,242) (242,255,242) (242,242,255) (243,244,243) (255,243,244) (243,255,243) (244,243,255) (243,244,243) (255,243,244) (243,255,243) (244,243,255) (243,244,243) (255,243,244) (243,255,243) (244,243,255) (243,244,243) (255,243,244) (243,255,243) (244,243,255) (245,245,245) (255,243,244) (243,255,245) (245,245,255) (243,244,243) (255,243,244) (243,255,243) (244,243,255) (245,245,245) (255,243,244) (243,255,245) (245,245,255) (243,244,243) (255,243,244) (243,255,243) (244,243,255) (245,245,245) (255,245,245) (245,255,245) (245,245,255) (245,245,245) (255,245,245) (245,255,245) (245,245,255) (245,245,245) (255,245,245) (245,255,245) (245,245,255) (245,245,245) (255,245,245) (245,255,245) (245,245,255) (245,245,245) (255,245,245) (245,255,245) (245,245,255) (245,245,245) (255,245,245) (245,255,245) (245,245,255) (245,245,245) (255,245,245) (245,255,245) (245,245,255) (245,245,245) (255,243,244) (243,255,243) (244,243,255) (243,244,243) (255,245,245) (245,255,243) (244,243,255) (243,244,243) (255,243,244) (243,255,243) (244,243,255) (243,244,243) (255,243,244) (243,255,245) (245,245,255) (243,244,243) (255,245,245) (245,255,243) (244,243,255) (243,244,243) (255,245,245) (245,255,243) (244,243,255) (243,244,243) (255,243,244) (243,255,243) (244,243,255) (243,244,243) (255,243,244) (243,255,242) (242,242,255) (242,242,242) (255,242,242) (242,255,242) (242,242,255) (242,242,242) (255,242,242) (242,255,242) (242,242,255) (242,242,242) (255,240,240) (240,255,242) (242,242,255) (240,240,240) (255,240,240) (240,255,240) (240,240,255) (242,242,242) (255,240,240) (240,255,242) (242,242,255) (240,240,240) (255,240,240) (240,255,240) (240,240,255) (240,240,240) (255,240,240) (240,255,240) (240,240,255) (239,239,239) (255,239,239) (239,255,239) (239,239,255) (238,239,238) (255,238,239) (238,255,238) (239,238,255) (238,239,238) (255,238,239) (238,255,238) (239,238,255) (238,239,238) (255,238,239) (238,255,238) (239,238,255) (238,239,238) (255,236,236) (236,255,236) (236,236,255) (236,236,236) (255,236,236) (236,255,236) (236,236,255) 
(76,112,71) (0,76,112) (71,0,76) (112,71,0) (76,112,71) (0,76,112) (71,0,76) (112,71,0) (76,112,71) (0,76,112) (71,0,76) (112,71,0) (76,112,71) (0,76,112) (71,0,76) (112,71,0) (76,112,71) (0,76,112) (71,0,76) (112,71,0) (76,112,71) (0,76,112) (71,0,76) (112,71,0) (76,112,71) (0,76,112) (71,0,76) (112,71,0) (76,112,71) (0,76,112) (71,0,76) (112,71,0) (76,112,71) (0,76,112) (71,0,76) (112,71,0) (76,112,71) (0,76,112) (71,0,76) (112,71,0) (76,112,71) (0,76,112) (71,0,76) (112,71,0) (76,112,71) (0,76,112) (71,0,76) (112,71,0) (76,112,71) (0,76,112) (71,0,76) (112,71,0) (76,112,71) (0,76,112) (71,0,76) (112,71,0) (76,112,71) (0,76,112) (71,0,76) (112,71,0) (76,112,71) (0,76,112) (71,0,76) (112,71,0) (76,112,71) (0,76,112) (71,0,76) (112,71,0) (76,112,71) (0,76,112) (71,0,76) (112,71,0) (76,112,71) (0,76,112) (71,0,76) (112,71,0) (76,112,71) (0,76,112) (71,0,1) (1,1,1) (2,2,2) (17,1,1) (1,62,50) (50,50,222) (31,31,31) (255,28,29) (28,255,28) (29,28,255) (28,29,28) (255,28,29) (28,255,28) (29,28,255) (23,24,23) (255,28,29) (28,255,23) (24,23,255) (99,99,99) (255,247,248) (247,255,245) (245,245,255) (243,244,243) (255,240,240) (240,255,240) (240,240,255) (240,240,240) (255,240,240) (240,255,240) (240,240,255) (240,240,240) (255,240,240) (240,255,242) (242,242,255) (242,242,242) (255,242,242) (242,255,242) (242,242,255) (242,242,242) (255,242,242) (242,255,242) (242,242,255) (242,242,242) (255,242,242) (242,255,242) (242,242,255) (243,244,243) (255,243,244) (243,255,243) (244,243,255) (243,244,243) (255,243,244) (243,255,243) (244,243,255) (243,244,243) (255,243,244) (243,255,243) (244,243,255) (243,244,243) (255,243,244) (243,255,243) (244,243,255) (243,244,243) (255,245,245) (245,255,243) (244,243,255) (243,244,243) (255,243,244) (243,255,243) (244,243,255) (243,244,243) (255,243,244) (243,255,243) (244,243,255) (243,244,243) (255,243,244) (243,255,243) (244,243,255) (243,244,243) (255,243,244) (243,255,243) (244,243,255) (243,244,243) (255,243,244) (243,255,243) (244,243,255) (243,244,243) (255,243,244) (243,255,243) (244,243,255) (243,244,243) (255,243,244) (243,255,243) (244,243,255) (243,244,243) (255,243,244) (243,255,243) (244,243,255) (243,244,243) (255,243,244) (243,255,243) (244,243,255) (243,244,243) (255,245,245) (245,255,243) (244,243,255) (245,245,245) (255,243,244) (243,255,243) (244,243,255) (243,244,243) (255,243,244) (243,255,243) (244,243,255) (243,244,243) (255,243,244) (243,255,243) (244,243,255) (243,244,243) (255,243,244) (243,255,243) (244,243,255) (242,242,242) (255,240,240) (240,255,240) (240,240,255) (240,240,240) (255,240,240) (240,255,240) (240,240,255) (240,240,240) (255,240,240) (240,255,240) (240,240,255) (240,240,240) (255,240,240) (240,255,240) (240,240,255) (240,240,240) (255,240,240) (240,255,240) (240,240,255) (240,240,240) (255,240,240) (240,255,240) (240,240,255) (240,240,240) (255,239,239) (239,255,238) (239,238,255) (238,239,238) (255,238,239) (238,255,238) (239,238,255) (238,239,238) (255,238,239) (238,255,238) (239,238,255) (238,239,238) (255,237,238) (237,255,237) (238,237,255) (237,238,237) (255,237,238) (237,255,237) (238,237,255) (237,238,237) (255,237,238) (237,255,236) (236,236,255) (236,236,236) (255,236,236) (236,255,234) (234,234,255) (234,234,234) (255,234,234) (234,255,234) (234,234,255) 
(76,112,71) (0,76,112) (71,0,76) (112,71,0) (76,112,71) (0,76,112) (71,0,76) (112,71,0) (76,112,71) (0,76,112) (71,0,76) (112,71,0) (76,112,71) (0,76,112) (71,0,76) (112,71,0) (76,112,71) (0,76,112) (71,0,76) (112,71,0) (76,112,71) (0,76,112) (71,0,76) (112,71,0) (76,112,71) (0,76,112) (71,0,76) (112,71,0) (76,112,71) (0,76,112) (71,0,76) (112,71,0) (76,112,71) (0,76,112) (71,0,76) (112,71,0) (76,112,71) (0,76,112) (71,0,76) (112,71,0) (76,112,71) (0,76,112) (71,0,76) (112,71,0) (76,112,71) (0,76,112) (71,0,76) (112,71,0) (76,112,71) (0,76,112) (71,0,76) (112,71,0) (76,112,71) (0,76,112) (71,0,76) (112,71,0) (76,112,71) (0,76,112) (71,0,76) (112,71,0) (76,112,71) (0,76,112) (71,0,76) (112,71,0) (76,112,71) (0,76,112) (71,0,76) (112,71,0) (76,112,71) (0,76,112) (71,0,76) (112,71,0) (76,112,71) (0,76,112) (71,0,76) (112,71,0) (76,112,71) (0,76,112) (71,0,1) (1,1,1) (2,2,2) (17,1,1) (1,62,46) (46,46,241) (31,31,31) (255,28,29) (28,255,28) (29,28,255) (28,29,28) (255,28,29) (28,255,28) (29,28,255) (28,29,28) (255,23,24) (23,255,23) (24,23,255) (174,175,175) (255,247,248) (247,255,243) (244,243,255) (242,242,242) (255,240,240) (240,255,242) (242,242,255) (240,240,240) (255,242,242) (242,255,240) (240,240,255) (242,242,242) (255,240,240) (240,255,240) (240,240,255) (242,242,242) (255,242,242) (242,255,242) (242,242,255) (242,242,242) (255,242,242) (242,255,242) (242,242,255) (242,242,242) (255,242,242) (242,255,242) (242,242,255) (242,242,242) (255,243,244) (243,255,243) (244,243,255) (243,244,243) (255,243,244) (243,255,243) (244,243,255) (243,244,243) (255,243,244) (243,255,243) (244,243,255) (243,244,243) (255,243,244) (243,255,243) (244,243,255) (243,244,243) (255,243,244) (243,255,243) (244,243,255) (245,245,245) (255,243,244) (243,255,245) (245,245,255) (243,244,243) (255,245,245) (245,255,243) (244,243,255) (245,245,245) (255,243,244) (243,255,245) (245,245,255) (243,244,243) (255,245,245) (245,255,243) (244,243,255) (245,245,245) (255,243,244) (243,255,245) (245,245,255) (243,244,243) (255,243,244) (243,255,243) (244,243,255) (243,244,243) (255,243,244) (243,255,243) (244,243,255) (243,244,243) (255,243,244) (243,255,243) (244,243,255) (243,244,243) (255,243,244) (243,255,243) (244,243,255) (243,244,243) (255,243,244) (243,255,243) (244,243,255) (243,244,243) (255,243,244) (243,255,243) (244,243,255) (243,244,243) (255,243,244) (243,255,243) (244,243,255) (243,244,243) (255,243,244) (243,255,243) (244,243,255) (243,244,243) (255,242,242) (242,255,240) (240,240,255) (240,240,240) (255,242,242) (242,255,240) (240,240,255) (242,242,242) (255,240,240) (240,255,242) (242,242,255) (240,240,240) (255,242,242) (242,255,240) (240,240,255) (242,242,242) (255,240,240) (240,255,240) (240,240,255) (240,240,240) (255,240,240) (240,255,240) (240,240,255) (240,240,240) (255,240,240) (240,255,240) (240,240,255) (238,239,238) (255,238,239) (238,255,238) (239,238,255) (238,239,238) (255,238,239) (238,255,238) (239,238,255) (238,239,238) (255,238,239) (238,255,238) (239,238,255) (237,238,237) (255,237,238) (237,255,237) (238,237,255) (237,238,237) (255,237,238) (237,255,237) (238,237,255) (236,236,236) (255,236,236) (236,255,236) (236,236,255) (236,236,236) (255,234,234) (234,255,236) (236,236,255) (234,234,234) (255,236,236) (236,255,234) (234,234,255) 
(76,112,71) (0,76,112) (71,0,76) (112,71,0) (76,112,71) (0,76,112) (71,0,76) (112,71,0) (76,112,71) (0,76,112) (71,0,76) (112,71,0) (76,112,71) (0,76,112) (71,0,76) (112,71,0) (76,112,71) (0,76,112) (71,0,76) (112,71,0) (76,112,71) (0,76,112) (71,0,76) (112,71,0) (76,112,71) (0,76,112) (71,0,76) (112,71,0) (76,112,71) (0,76,112) (71,0,76) (112,71,0) (76,112,71) (0,76,112) (71,0,76) (112,71,0) (76,112,71) (0,76,112) (71,0,76) (112,71,0) (76,112,71) (0,76,112) (71,0,76) (112,71,0) (76,112,71) (0,76,112) (71,0,76) (112,71,0) (76,112,71) (0,76,112) (71,0,76) (112,71,0) (76,112,71) (0,76,112) (71,0,76) (112,71,0) (76,112,71) (0,76,112) (71,0,76) (112,71,0) (76,112,71) (0,76,112) (71,0,76) (112,71,0) (76,112,71) (0,76,112) (71,0,76) (112,71,0) (76,112,71) (0,76,112) (71,0,76) (112,71,0) (76,112,71) (0,76,112) (71,0,76) (112,71,0) (76,112,71) (0,76,112) (71,0,1) (1,1,1) (2,2,2) (17,1,1) (1,62,46) (46,46,241) (31,31,31) (255,28,29) (28,255,28) (29,28,255) (28,29,28) (255,28,29) (28,255,23) (24,23,255) (28,29,28) (255,23,24) (23,255,28) (29,28,255) (237,238,237) (255,246,247) (246,255,243) (244,243,255) (242,242,242) (255,240,240) (240,255,240) (240,240,255) (240,240,240) (255,240,240) (240,255,240) (240,240,255) (240,240,240) (255,240,240) (240,255,242) (242,242,255) (240,240,240) (255,240,240) (240,255,242) (242,242,255) (242,242,242) (255,242,242) (242,255,242) (242,242,255) (242,242,242) (255,242,242) (242,255,242) (242,242,255) (242,242,242) (255,242,242) (242,255,242) (242,242,255) (243,244,243) (255,243,244) (243,255,243) (244,243,255) (243,244,243) (255,243,244) (243,255,243) (244,243,255) (243,244,243) (255,243,244) (243,255,243) (244,243,255) (243,244,243) (255,243,244) (243,255,243) (244,243,255) (243,244,243) (255,243,244) (243,255,243) (244,243,255) (243,244,243) (255,243,244) (243,255,243) (244,243,255) (243,244,243) (255,243,244) (243,255,243) (244,243,255) (243,244,243) (255,243,244) (243,255,243) (244,243,255) (243,244,243) (255,243,244) (243,255,243) (244,243,255) (243,244,243) (255,243,244) (243,255,243) (244,243,255) (243,244,243) (255,243,244) (243,255,243) (244,243,255) (243,244,243) (255,243,244) (243,255,243) (244,243,255) (243,244,243) (255,243,244) (243,255,243) (244,243,255) (243,244,243) (255,243,244) (243,255,243) (244,243,255) (243,244,243) (255,243,244) (243,255,243) (244,243,255) (243,244,243) (255,243,244) (243,255,243) (244,243,255) (243,244,243) (255,243,244) (243,255,242) (242,242,255) (240,240,240) (255,240,240) (240,255,242) (242,242,255) (240,240,240) (255,240,240) (240,255,240) (240,240,255) (240,240,240) (255,240,240) (240,255,240) (240,240,255) (240,240,240) (255,240,240) (240,255,239) (239,239,255) (240,240,240) (255,240,240) (240,255,240) (240,240,255) (240,240,240) (255,240,240) (240,255,240) (240,240,255) (240,240,240) (255,240,240) (240,255,238) (239,238,255) (238,239,238) (255,238,239) (238,255,238) (239,238,255) (238,239,238) (255,238,239) (238,255,238) (239,238,255) (238,239,238) (255,238,239) (238,255,237) (238,237,255) (237,238,237) (255,237,238) (237,255,237) (238,237,255) (237,238,237) (255,236,236) (236,255,236) (236,236,255) (236,236,236) (255,236,236) (236,255,236) (236,236,255) (234,234,234) (255,234,234) (234,255,234) (234,234,255) (234,234,234) (255,234,234) (234,255,234) (234,234,255) 
(76,112,71) (0,76,112) (71,0,76) (112,71,0) (76,112,71) (0,76,112) (71,0,76) (112,71,0) (76,112,71) (0,76,112) (71,0,76) (112,71,0) (76,112,71) (0,76,112) (71,0,76) (112,71,0) (76,112,71) (0,76,112) (71,0,76) (112,71,0) (76,112,71) (0,76,112) (71,0,76) (112,71,0) (76,112,71) (0,76,112) (71,0,76) (112,71,0) (76,112,71) (0,76,112) (71,0,76) (112,71,0) (76,112,71) (0,76,112) (71,0,76) (112,71,0) (76,112,71) (0,76,112) (71,0,76) (112,71,0) (76,112,71) (0,76,112) (71,0,76) (112,71,0) (76,112,71) (0,76,112) (71,0,76) (112,71,0) (76,112,71) (0,76,112) (71,0,76) (112,71,0) (76,112,71) (0,76,112) (71,0,76) (112,71,0) (76,112,71) (0,76,112) (71,0,76) (112,71,0) (76,112,71) (0,76,112) (71,0,76) (112,71,0) (76,112,71) (0,76,112) (71,0,76) (112,71,0) (76,112,71) (0,76,112) (71,0,76) (112,71,0) (76,112,71) (0,76,112) (71,0,76) (112,71,0) (76,112,71) (0,76,112) (71,0,1) (1,1,1) (2,2,2) (17,3,3) (3,87,46) (46,46,241) (31,31,31) (255,28,29) (28,255,28) (29,28,255) (28,29,28) (255,28,29) (28,255,28) (29,28,255) (28,29,28) (255,23,24) (23,255,99) (99,99,255) (247,248,247) (255,245,245) (245,255,242) (242,242,255) (240,240,240) (255,240,240) (240,255,240) (240,240,255) (240,240,240) (255,242,242) (242,255,240) (240,240,255) (242,242,242) (255,240,240) (240,255,240) (240,240,255) (242,242,242) (255,240,240) (240,255,240) (240,240,255) (242,242,242) (255,242,242) (242,255,242) (242,242,255) (242,242,242) (255,242,242) (242,255,242) (242,242,255) (242,242,242) (255,242,242) (242,255,242) (242,242,255) (242,242,242) (255,242,242) (242,255,243) (244,243,255) (243,244,243) (255,243,244) (243,255,243) (244,243,255) (243,244,243) (255,243,244) (243,255,243) (244,243,255) (243,244,243) (255,243,244) (243,255,243) (244,243,255) (243,244,243) (255,243,244) (243,255,243) (244,243,255) (243,244,243) (255,243,244) (243,255,243) (244,243,255) (243,244,243) (255,243,244) (243,255,243) (244,243,255) (243,244,243) (255,242,242) (242,255,243) (244,243,255) (243,244,243) (255,243,244) (243,255,243) (244,243,255) (243,244,243) (255,243,244) (243,255,242) (242,242,255) (242,242,242) (255,242,242) (242,255,243) (244,243,255) (243,244,243) (255,243,244) (243,255,243) (244,243,255) (243,244,243) (255,243,244) (243,255,243) (244,243,255) (243,244,243) (255,243,244) (243,255,243) (244,243,255) (243,244,243) (255,243,244) (243,255,243) (244,243,255) (243,244,243) (255,243,244) (243,255,243) (244,243,255) (242,242,242) (255,240,240) (240,255,240) (240,240,255) (242,242,242) (255,240,240) (240,255,240) (240,240,255) (242,242,242) (255,240,240) (240,255,242) (242,242,255) (240,240,240) (255,242,242) (242,255,240) (240,240,255) (240,240,240) (255,239,239) (239,255,240) (240,240,255) (240,240,240) (255,240,240) (240,255,240) (240,240,255) (240,240,240) (255,240,240) (240,255,240) (240,240,255) (240,240,240) (255,238,239) (238,255,238) (239,238,255) (238,239,238) (255,238,239) (238,255,238) (239,238,255) (238,239,238) (255,238,239) (238,255,238) (239,238,255) (238,239,238) (255,237,238) (237,255,237) (238,237,255) (237,238,237) (255,237,238) (237,255,236) (236,236,255) (236,236,236) (255,236,236) (236,255,236) (236,236,255) (236,236,236) (255,236,236) (236,255,234) (234,234,255) (236,236,236) (255,234,234) (234,255,236) (236,236,255) (234,234,234) (255,236,236) (236,255,234) (234,234,255) 
(76,112,71) (0,76,112) (71,0,76) (112,71,0) (76,112,71) (0,76,112) (71,0,76) (112,71,0) (76,112,71) (0,76,112) (71,0,76) (112,71,0) (76,112,71) (0,76,112) (71,0,76) (112,71,0) (76,112,71) (0,76,112) (71,0,76) (112,71,0) (76,112,71) (0,76,112) (71,0,76) (112,71,0) (76,112,71) (0,76,112) (71,0,76) (112,71,0) (76,112,71) (0,76,112) (71,0,76) (112,71,0) (76,112,71) (0,76,112) (71,0,76) (112,71,0) (76,112,71) (0,76,112) (71,0,76) (112,71,0) (76,112,71) (0,76,112) (71,0,76) (112,71,0) (76,112,71) (0,76,112) (71,0,76) (112,71,0) (76,112,71) (0,76,112) (71,0,76) (112,71,0) (76,112,71) (0,76,112) (71,0,76) (112,71,0) (76,112,71) (0,76,112) (71,0,76) (112,71,0) (76,112,71) (0,76,112) (71,0,76) (112,71,0) (76,112,71) (0,76,112) (71,0,76) (112,71,0) (76,112,71) (0,76,112) (71,0,76) (112,71,0) (76,112,71) (0,76,112) (71,0,76) (112,71,0) (76,112,71) (0,76,112) (71,0,1) (1,1,1) (2,2,2) (17,3,3) (3,87,43) (44,43,254) (31,31,31) (255,28,29) (28,255,28) (29,28,255) (28,29,28) (255,28,29) (28,255,28) (29,28,255) (23,24,23) (255,23,24) (23,255,174) (175,175,255) (247,248,247) (255,243,244) (243,255,242) (242,242,255) (240,240,240) (255,240,240) (240,255,240) (240,240,255) (240,240,240) (255,240,240) (240,255,240) (240,240,255) (240,240,240) (255,240,240) (240,255,242) (242,242,255) (240,240,240) (255,240,240) (240,255,242) (242,242,255) (240,240,240) (255,240,240) (240,255,242) (242,242,255) (242,242,242) (255,242,242) (242,255,242) (242,242,255) (242,242,242) (255,242,242) (242,255,242) (242,242,255) (242,242,242) (255,242,242) (242,255,242) (242,242,255) (242,242,242) (255,242,242) (242,255,243) (244,243,255) (243,244,243) (255,243,244) (243,255,243) (244,243,255) (243,244,243) (255,243,244) (243,255,243) (244,243,255) (243,244,243) (255,243,244) (243,255,243) (244,243,255) (243,244,243) (255,243,244) (243,255,243) (244,243,255) (243,244,243) (255,243,244) (243,255,242) (242,242,255) (242,242,242) (255,242,242) (242,255,242) (242,242,255) (242,242,242) (255,242,242) (242,255,242) (242,242,255) (242,242,242) (255,242,242) (242,255,242) (242,242,255) (242,242,242) (255,242,242) (242,255,243) (244,243,255) (243,244,243) (255,243,244) (243,255,243) (244,243,255) (243,244,243) (255,243,244) (243,255,243) (244,243,255) (243,244,243) (255,243,244) (243,255,243) (244,243,255) (243,244,243) (255,243,244) (243,255,243) (244,243,255) (243,244,243) (255,242,242) (242,255,240) (240,240,255) (240,240,240) (255,242,242) (242,255,240) (240,240,255) (240,240,240) (255,242,242) (242,255,240) (240,240,255) (240,240,240) (255,240,240) (240,255,240) (240,240,255) (240,240,240) (255,240,240) (240,255,239) (239,239,255) (239,239,239) (255,240,240) (240,255,240) (240,240,255) (240,240,240) (255,240,240) (240,255,240) (240,240,255) (240,240,240) (255,240,240) (240,255,238) (239,238,255) (238,239,238) (255,238,239) (238,255,238) (239,238,255) (238,239,238) (255,238,239) (238,255,238) (239,238,255) (237,238,237) (255,237,238) (237,255,238) (239,238,255) (237,238,237) (255,237,238) (237,255,237) (238,237,255) (236,236,236) (255,236,236) (236,255,236) (236,236,255) (236,236,236) (255,236,236) (236,255,236) (236,236,255) (236,236,236) (255,234,234) (234,255,234) (234,234,255) (234,234,234) (255,234,234) (234,255,234) (234,234,255) (234,234,234) (255,234,234) (234,255,231) (231,231,255) 
(76,112,71) (0,76,112) (71,0,76) (112,71,0) (76,112,71) (0,76,112) (71,0,76) (112,71,0) (76,112,71) (0,76,112) (71,0,76) (112,71,0) (76,112,71) (0,76,112) (71,0,76) (112,71,0) (76,112,71) (0,76,112) (71,0,76) (112,71,0) (76,112,71) (0,76,112) (71,0,76) (112,71,0) (76,112,71) (0,76,112) (71,0,76) (112,71,0) (76,112,71) (0,76,112) (71,0,76) (112,71,0) (76,112,71) (0,76,112) (71,0,76) (112,71,0) (76,112,71) (0,76,112) (71,0,76) (112,71,0) (76,112,71) (0,76,112) (71,0,76) (112,71,0) (76,112,71) (0,76,112) (71,0,76) (112,71,0) (76,112,71) (0,76,112) (71,0,76) (112,71,0) (76,112,71) (0,76,112) (71,0,76) (112,71,0) (76,112,71) (0,76,112) (71,0,76) (112,71,0) (76,112,71) (0,76,112) (71,0,76) (112,71,0) (76,112,71) (0,76,112) (71,0,76) (112,71,0) (76,112,71) (0,76,112) (71,0,76) (112,71,0) (76,112,71) (0,76,112) (71,0,76) (112,71,0) (76,112,71) (0,76,112) (71,0,1) (1,1,5) (8,8,8) (24,3,3) (3,87,38) (38,38,255) (28,29,28) (255,28,29) (28,255,28) (29,28,255) (28,29,28) (255,28,29) (28,255,28) (29,28,255) (23,24,23) (255,28,29) (28,255,234) (234,234,255) (245,245,245) (255,242,242) (242,255,240) (240,240,255) (239,239,239) (255,239,239) (239,255,239) (239,239,255) (239,239,239) (255,240,240) (240,255,240) (240,240,255) (240,240,240) (255,240,240) (240,255,240) (240,240,255) (240,240,240) (255,240,240) (240,255,240) (240,240,255) (240,240,240) (255,240,240) (240,255,240) (240,240,255) (240,240,240) (255,240,240) (240,255,240) (240,240,255) (240,240,240) (255,240,240) (240,255,240) (240,240,255) (240,240,240) (255,240,240) (240,255,242) (242,242,255) (242,242,242) (255,242,242) (242,255,242) (242,242,255) (242,242,242) (255,242,242) (242,255,242) (242,242,255) (242,242,242) (255,242,242) (242,255,242) (242,242,255) (242,242,242) (255,242,242) (242,255,242) (242,242,255) (242,242,242) (255,240,240) (240,255,240) (240,240,255) (240,240,240) (255,240,240) (240,255,240) (240,240,255) (240,240,240) (255,240,240) (240,255,240) (240,240,255) (240,240,240) (255,240,240) (240,255,240) (240,240,255) (242,242,242) (255,242,242) (242,255,242) (242,242,255) (242,242,242) (255,242,242) (242,255,242) (242,242,255) (242,242,242) (255,242,242) (242,255,242) (242,242,255) (242,242,242) (255,242,242) (242,255,242) (242,242,255) (242,242,242) (255,242,242) (242,255,242) (242,242,255) (240,240,240) (255,240,240) (240,255,240) (240,240,255) (240,240,240) (255,240,240) (240,255,242) (242,242,255) (240,240,240) (255,240,240) (240,255,240) (240,240,255) (240,240,240) (255,240,240) (240,255,240) (240,240,255) (239,239,239) (255,239,239) (239,255,239) (239,239,255) (239,239,239) (255,239,239) (239,255,239) (239,239,255) (239,239,239) (255,239,239) (239,255,239) (239,239,255) (238,239,238) (255,238,239) (238,255,238) (239,238,255) (238,239,238) (255,238,239) (238,255,238) (239,238,255) (237,238,237) (255,236,236) (236,255,236) (236,236,255) (236,236,236) (255,236,236) (236,255,236) (236,236,255) (236,236,236) (255,237,238) (237,255,237) (238,237,255) (237,238,237) (255,234,234) (234,255,234) (234,234,255) (234,234,234) (255,234,234) (234,255,234) (234,234,255) (234,234,234) (255,234,234) (234,255,234) (234,234,255) (234,234,234) (255,234,234) (234,255,232) (233,232,255) (232,233,232) (255,232,233) (232,255,232) (233,232,255) (232,233,232) (255,228,228) (228,255,228) (228,228,255) 
(76,112,71) (0,76,112) (71,0,76) (112,71,0) (76,112,71) (0,76,112) (71,0,76) (112,71,0) (76,112,71) (0,76,112) (71,0,76) (112,71,0) (76,112,71) (0,76,112) (71,0,76) (112,71,0) (76,112,71) (0,76,112) (71,0,76) (112,71,0) (76,112,71) (0,76,112) (71,0,76) (112,71,0) (76,112,71) (0,76,112) (71,0,76) (112,71,0) (76,112,71) (0,76,112) (71,0,76) (112,71,0) (76,112,71) (0,76,112) (71,0,76) (112,71,0) (76,112,71) (0,76,112) (71,0,76) (112,71,0) (76,112,71) (0,76,112) (71,0,76) (112,71,0) (76,112,71) (0,76,112) (71,0,76) (112,71,0) (76,112,71) (0,76,112) (71,0,76) (112,71,0) (76,112,71) (0,76,112) (71,0,76) (112,71,0) (76,112,71) (0,76,112) (71,0,76) (112,71,0) (76,112,71) (0,76,112) (71,0,76) (112,71,0) (76,112,71) (0,76,112) (71,0,76) (112,71,0) (76,112,71) (0,76,112) (71,0,76) (112,71,0) (76,112,71) (0,76,112) (71,0,76) (112,71,0) (76,112,71) (0,76,112) (71,0,1) (1,1,1) (8,8,8) (24,9,9) (9,106,38) (38,38,255) (28,29,28) (255,28,29) (28,255,28) (29,28,255) (28,29,28) (255,28,29) (28,255,23) (24,23,255) (23,24,23) (255,87,88) (88,255,247) (248,247,255) (243,244,243) (255,240,240) (240,255,240) (240,240,255) (239,239,239) (255,239,239) (239,255,239) (239,239,255) (239,239,239) (255,239,239) (239,255,240) (240,240,255) (240,240,240) (255,240,240) (240,255,240) (240,240,255) (240,240,240) (255,240,240) (240,255,240) (240,240,255) (240,240,240) (255,240,240) (240,255,240) (240,240,255) (240,240,240) (255,242,242) (242,255,240) (240,240,255) (242,242,242) (255,240,240) (240,255,242) (242,242,255) (240,240,240) (255,242,242) (242,255,240) (240,240,255) (240,240,240) (255,240,240) (240,255,242) (242,242,255) (242,242,242) (255,242,242) (242,255,242) (242,242,255) (242,242,242) (255,242,242) (242,255,242) (242,242,255) (242,242,242) (255,242,242) (242,255,240) (240,240,255) (240,240,240) (255,242,242) (242,255,240) (240,240,255) (242,242,242) (255,240,240) (240,255,242) (242,242,255) (240,240,240) (255,242,242) (242,255,240) (240,240,255) (242,242,242) (255,240,240) (240,255,242) (242,242,255) (242,242,242) (255,242,242) (242,255,242) (242,242,255) (242,242,242) (255,242,242) (242,255,242) (242,242,255) (242,242,242) (255,242,242) (242,255,242) (242,242,255) (242,242,242) (255,242,242) (242,255,242) (242,242,255) (242,242,242) (255,240,240) (240,255,240) (240,240,255) (242,242,242) (255,240,240) (240,255,242) (242,242,255) (240,240,240) (255,240,240) (240,255,240) (240,240,255) (240,240,240) (255,240,240) (240,255,240) (240,240,255) (240,240,240) (255,239,239) (239,255,239) (239,239,255) (239,239,239) (255,239,239) (239,255,239) (239,239,255) (239,239,239) (255,239,239) (239,255,239) (239,239,255) (239,239,239) (255,238,239) (238,255,238) (239,238,255) (238,239,238) (255,238,239) (238,255,238) (239,238,255) (238,239,238) (255,238,239) (238,255,236) (236,236,255) (236,236,236) (255,236,236) (236,255,236) (236,236,255) (236,236,236) (255,236,236) (236,255,236) (236,236,255) (237,238,237) (255,237,238) (237,255,236) (236,236,255) (234,234,234) (255,234,234) (234,255,236) (236,236,255) (234,234,234) (255,234,234) (234,255,234) (234,234,255) (234,234,234) (255,234,234) (234,255,234) (234,234,255) (234,234,234) (255,232,233) (232,255,232) (233,232,255) (232,233,232) (255,232,233) (232,255,231) (231,231,255) (228,228,228) (255,228,228) (228,255,228) (228,228,255) 
(76,112,71) (0,76,112) (71,0,76) (112,71,0) (76,112,71) (0,76,112) (71,0,76) (112,71,0) (76,112,71) (0,76,112) (71,0,76) (112,71,0) (76,112,71) (0,76,112) (71,0,76) (112,71,0) (76,112,71) (0,76,112) (71,0,76) (112,71,0) (76,112,71) (0,76,112) (71,0,76) (112,71,0) (76,112,71) (0,76,112) (71,0,76) (112,71,0) (76,112,71) (0,76,112) (71,0,76) (112,71,0) (76,112,71) (0,76,112) (71,0,76) (112,71,0) (76,112,71) (0,76,112) (71,0,76) (112,71,0) (76,112,71) (0,76,112) (71,0,76) (112,71,0) (76,112,71) (0,76,112) (71,0,76) (112,71,0) (76,112,71) (0,76,112) (71,0,76) (112,71,0) (76,112,71) (0,76,112) (71,0,76) (112,71,0) (76,112,71) (0,76,112) (71,0,76) (112,71,0) (76,112,71) (0,76,112) (71,0,76) (112,71,0) (76,112,71) (0,76,112) (71,0,76) (112,71,0) (76,112,71) (0,76,112) (71,0,76) (112,71,0) (76,112,71) (0,76,112) (71,0,76) (112,71,0) (76,112,71) (0,76,112) (71,0,1) (1,1,5) (8,8,8) (24,3,3) (3,133,39) (39,39,255) (28,29,28) (255,28,29) (28,255,28) (29,28,255) (23,24,23) (255,28,29) (28,255,23) (24,23,255) (23,24,23) (255,174,175) (175,255,246) (247,246,255) (243,244,243) (255,240,240) (240,255,240) (240,240,255) (239,239,239) (255,239,239) (239,255,239) (239,239,255) (239,239,239) (255,239,239) (239,255,239) (239,239,255) (240,240,240) (255,240,240) (240,255,240) (240,240,255) (240,240,240) (255,240,240) (240,255,240) (240,240,255) (240,240,240) (255,240,240) (240,255,240) (240,240,255) (240,240,240) (255,240,240) (240,255,240) (240,240,255) (240,240,240) (255,240,240) (240,255,240) (240,240,255) (240,240,240) (255,240,240) (240,255,242) (242,242,255) (240,240,240) (255,242,242) (242,255,240) (240,240,255) (240,240,240) (255,240,240) (240,255,242) (242,242,255) (242,242,242) (255,242,242) (242,255,240) (240,240,255) (240,240,240) (255,240,240) (240,255,242) (242,242,255) (240,240,240) (255,240,240) (240,255,240) (240,240,255) (240,240,240) (255,240,240) (240,255,240) (240,240,255) (240,240,240) (255,240,240) (240,255,240) (240,240,255) (240,240,240) (255,240,240) (240,255,242) (242,242,255) (242,242,242) (255,242,242) (242,255,242) (242,242,255) (242,242,242) (255,242,242) (242,255,242) (242,242,255) (242,242,242) (255,242,242) (242,255,242) (242,242,255) (242,242,242) (255,242,242) (242,255,240) (240,240,255) (240,240,240) (255,242,242) (242,255,240) (240,240,255) (240,240,240) (255,240,240) (240,255,240) (240,240,255) (240,240,240) (255,240,240) (240,255,240) (240,240,255) (240,240,240) (255,240,240) (240,255,239) (239,239,255) (239,239,239) (255,239,239) (239,255,239) (239,239,255) (239,239,239) (255,239,239) (239,255,239) (239,239,255) (239,239,239) (255,239,239) (239,255,238) (239,238,255) (238,239,238) (255,238,239) (238,255,238) (239,238,255) (238,239,238) (255,238,239) (238,255,238) (239,238,255) (236,236,236) (255,236,236) (236,255,236) (236,236,255) (236,236,236) (255,236,236) (236,255,236) (236,236,255) (236,236,236) (255,236,236) (236,255,237) (238,237,255) (236,236,236) (255,234,234) (234,255,234) (234,234,255) (234,234,234) (255,236,236) (236,255,234) (234,234,255) (234,234,234) (255,234,234) (234,255,234) (234,234,255) (234,234,234) (255,234,234) (234,255,234) (234,234,255) (232,233,232) (255,232,233) (232,255,232) (233,232,255) (232,233,232) (255,228,228) (228,255,228) (228,228,255) (228,228,228) (255,228,228) (228,255,228) (228,228,255) 
(76,112,71) (0,76,112) (71,0,76) (112,71,0) (76,112,71) (0,76,112) (71,0,76) (112,71,0) (76,112,71) (0,76,112) (71,0,76) (112,71,0) (76,112,71) (0,76,112) (71,0,76) (112,71,0) (76,112,71) (0,76,112) (71,0,76) (112,71,0) (76,112,71) (0,76,112) (71,0,76) (112,71,0) (76,112,71) (0,76,112) (71,0,76) (112,71,0) (76,112,71) (0,76,112) (71,0,76) (112,71,0) (76,112,71) (0,76,112) (71,0,76) (112,71,0) (76,112,71) (0,76,112) (71,0,76) (112,71,0) (76,112,71) (0,76,112) (71,0,76) (112,71,0) (76,112,71) (0,76,112) (71,0,76) (112,71,0) (76,112,71) (0,76,112) (71,0,76) (112,71,0) (76,112,71) (0,76,112) (71,0,76) (112,71,0) (76,112,71) (0,76,112) (71,0,76) (112,71,0) (76,112,71) (0,76,112) (71,0,76) (112,71,0) (76,112,71) (0,76,112) (71,0,76) (112,71,0) (76,112,71) (0,76,112) (71,0,76) (112,71,0) (76,112,71) (0,76,112) (71,0,76) (112,71,0) (76,112,71) (0,76,112) (71,0,1) (1,1,5) (8,8,8) (24,3,3) (3,133,35) (35,35,255) (28,29,28) (255,28,29) (28,255,28) (29,28,255) (28,29,28) (255,23,24) (23,255,23) (24,23,255) (31,31,31) (255,234,234) (234,255,245) (245,245,255) (242,242,242) (255,240,240) (240,255,239) (239,239,255) (239,239,239) (255,239,239) (239,255,239) (239,239,255) (239,239,239) (255,239,239) (239,255,239) (239,239,255) (239,239,239) (255,239,239) (239,255,240) (240,240,255) (240,240,240) (255,240,240) (240,255,240) (240,240,255) (240,240,240) (255,240,240) (240,255,240) (240,240,255) (240,240,240) (255,240,240) (240,255,240) (240,240,255) (240,240,240) (255,242,242) (242,255,240) (240,240,255) (242,242,242) (255,240,240) (240,255,240) (240,240,255) (240,240,240) (255,240,240) (240,255,242) (242,242,255) (240,240,240) (255,242,242) (242,255,240) (240,240,255) (240,240,240) (255,240,240) (240,255,240) (240,240,255) (240,240,240) (255,242,242) (242,255,240) (240,240,255) (242,242,242) (255,240,240) (240,255,242) (242,242,255) (240,240,240) (255,242,242) (242,255,240) (240,240,255) (242,242,242) (255,240,240) (240,255,242) (242,242,255) (240,240,240) (255,242,242) (242,255,242) (242,242,255) (242,242,242) (255,242,242) (242,255,242) (242,242,255) (242,242,242) (255,242,242) (242,255,242) (242,242,255) (242,242,242) (255,242,242) (242,255,242) (242,242,255) (240,240,240) (255,240,240) (240,255,240) (240,240,255) (240,240,240) (255,240,240) (240,255,240) (240,240,255) (240,240,240) (255,240,240) (240,255,240) (240,240,255) (240,240,240) (255,240,240) (240,255,240) (240,240,255) (239,239,239) (255,239,239) (239,255,239) (239,239,255) (239,239,239) (255,239,239) (239,255,239) (239,239,255) (239,239,239) (255,239,239) (239,255,239) (239,239,255) (238,239,238) (255,238,239) (238,255,238) (239,238,255) (238,239,238) (255,238,239) (238,255,238) (239,238,255) (238,239,238) (255,238,239) (238,255,236) (236,236,255) (236,236,236) (255,236,236) (236,255,236) (236,236,255) (236,236,236) (255,236,236) (236,255,236) (236,236,255) (236,236,236) (255,236,236) (236,255,236) (236,236,255) (234,234,234) (255,236,236) (236,255,234) (234,234,255) (234,234,234) (255,234,234) (234,255,234) (234,234,255) (234,234,234) (255,234,234) (234,255,234) (234,234,255) (234,234,234) (255,234,234) (234,255,232) (233,232,255) (234,234,234) (255,232,233) (232,255,231) (231,231,255) (228,228,228) (255,228,228) (228,255,228) (228,228,255) (228,228,228) (255,228,228) (228,255,228) (228,228,255) 
(76,112,71) (0,76,112) (71,0,76) (112,71,0) (76,112,71) (0,76,112) (71,0,76) (112,71,0) (76,112,71) (0,76,112) (71,0,76) (112,71,0) (76,112,71) (0,76,112) (71,0,76) (112,71,0) (76,112,71) (0,76,112) (71,0,76) (112,71,0) (76,112,71) (0,76,112) (71,0,76) (112,71,0) (76,112,71) (0,76,112) (71,0,76) (112,71,0) (76,112,71) (0,76,112) (71,0,76) (112,71,0) (76,112,71) (0,76,112) (71,0,76) (112,71,0) (76,112,71) (0,76,112) (71,0,76) (112,71,0) (76,112,71) (0,76,112) (71,0,76) (112,71,0) (76,112,71) (0,76,112) (71,0,76) (112,71,0) (76,112,71) (0,76,112) (71,0,76) (112,71,0) (76,112,71) (0,76,112) (71,0,76) (112,71,0) (76,112,71) (0,76,112) (71,0,76) (112,71,0) (76,112,71) (0,76,112) (71,0,76) (112,71,0) (76,112,71) (0,76,112) (71,0,76) (112,71,0) (76,112,71) (0,76,112) (71,0,76) (112,71,0) (76,112,71) (0,76,112) (71,0,76) (112,71,0) (76,112,71) (0,76,112) (71,0,1) (1,1,5) (2,2,2) (31,57,57) (57,155,35) (35,35,255) (28,29,28) (255,28,29) (28,255,28) (29,28,255) (28,29,28) (255,23,24) (23,255,23) (24,23,255) (87,88,88) (255,247,248) (247,255,243) (244,243,255) (240,240,240) (255,239,239) (239,255,239) (239,239,255) (239,239,239) (255,239,239) (239,255,239) (239,239,255) (239,239,239) (255,239,239) (239,255,239) (239,239,255) (239,239,239) (255,239,239) (239,255,239) (239,239,255) (240,240,240) (255,240,240) (240,255,240) (240,240,255) (240,240,240) (255,240,240) (240,255,240) (240,240,255) (240,240,240) (255,240,240) (240,255,240) (240,240,255) (240,240,240) (255,240,240) (240,255,240) (240,240,255) (240,240,240) (255,240,240) (240,255,242) (242,242,255) (240,240,240) (255,242,242) (242,255,240) (240,240,255) (240,240,240) (255,240,240) (240,255,240) (240,240,255) (240,240,240) (255,240,240) (240,255,240) (240,240,255) (240,240,240) (255,240,240) (240,255,240) (240,240,255) (240,240,240) (255,240,240) (240,255,240) (240,240,255) (240,240,240) (255,240,240) (240,255,240) (240,240,255) (240,240,240) (255,240,240) (240,255,240) (240,240,255) (242,242,242) (255,242,242) (242,255,242) (242,242,255) (242,242,242) (255,242,242) (242,255,242) (242,242,255) (242,242,242) (255,242,242) (242,255,242) (242,242,255) (240,240,240) (255,240,240) (240,255,240) (240,240,255) (240,240,240) (255,240,240) (240,255,240) (240,240,255) (240,240,240) (255,240,240) (240,255,240) (240,240,255) (240,240,240) (255,240,240) (240,255,240) (240,240,255) (240,240,240) (255,239,239) (239,255,239) (239,239,255) (239,239,239) (255,239,239) (239,255,239) (239,239,255) (238,239,238) (255,239,239) (239,255,239) (239,239,255) (239,239,239) (255,238,239) (238,255,238) (239,238,255) (238,239,238) (255,238,239) (238,255,238) (239,238,255) (238,239,238) (255,238,239) (238,255,238) (239,238,255) (236,236,236) (255,236,236) (236,255,236) (236,236,255) (236,236,236) (255,236,236) (236,255,236) (236,236,255) (236,236,236) (255,236,236) (236,255,236) (236,236,255) (236,236,236) (255,236,236) (236,255,234) (234,234,255) (234,234,234) (255,234,234) (234,255,234) (234,234,255) (234,234,234) (255,234,234) (234,255,234) (234,234,255) (234,234,234) (255,234,234) (234,255,232) (233,232,255) (234,234,234) (255,232,233) (232,255,232) (233,232,255) (232,233,232) (255,230,230) (230,255,228) (228,228,255) (228,228,228) (255,228,228) (228,255,228) (228,228,255) (228,228,228) (255,226,226) (226,255,226) (226,226,255) 
(76,112,71) (0,76,112) (71,0,76) (112,71,0) (76,112,71) (0,76,112) (71,0,76) (112,71,0) (76,112,71) (0,76,112) (71,0,76) (112,71,0) (76,112,71) (0,76,112) (71,0,76) (112,71,0) (76,112,71) (0,76,112) (71,0,76) (112,71,0) (76,112,71) (0,76,112) (71,0,76) (112,71,0) (76,112,71) (0,76,112) (71,0,76) (112,71,0) (76,112,71) (0,76,112) (71,0,76) (112,71,0) (76,112,71) (0,76,112) (71,0,76) (112,71,0) (76,112,71) (0,76,112) (71,0,76) (112,71,0) (76,112,71) (0,76,112) (71,0,76) (112,71,0) (76,112,71) (0,76,112) (71,0,76) (112,71,0) (76,112,71) (0,76,112) (71,0,76) (112,71,0) (76,112,71) (0,76,112) (71,0,76) (112,71,0) (76,112,71) (0,76,112) (71,0,76) (112,71,0) (76,112,71) (0,76,112) (71,0,76) (112,71,0) (76,112,71) (0,76,112) (71,0,76) (112,71,0) (76,112,71) (0,76,112) (71,0,76) (112,71,0) (76,112,71) (0,76,112) (71,0,76) (112,71,0) (76,112,71) (0,76,112) (71,0,1) (1,1,5) (2,2,2) (31,55,55) (55,180,35) (35,35,255) (28,29,28) (255,28,29) (28,255,23) (24,23,255) (28,29,28) (255,23,24) (23,255,23) (24,23,255) (174,175,175) (255,246,247) (246,255,242) (242,242,255) (240,240,240) (255,239,239) (239,255,238) (239,238,255) (239,239,239) (255,239,239) (239,255,239) (239,239,255) (239,239,239) (255,239,239) (239,255,239) (239,239,255) (239,239,239) (255,239,239) (239,255,239) (239,239,255) (239,239,239) (255,239,239) (239,255,240) (240,240,255) (240,240,240) (255,240,240) (240,255,240) (240,240,255) (240,240,240) (255,240,240) (240,255,240) (240,240,255) (240,240,240) (255,240,240) (240,255,240) (240,240,255) (240,240,240) (255,240,240) (240,255,240) (240,240,255) (240,240,240) (255,240,240) (240,255,240) (240,240,255) (240,240,240) (255,240,240) (240,255,240) (240,240,255) (240,240,240) (255,240,240) (240,255,240) (240,240,255) (240,240,240) (255,240,240) (240,255,240) (240,240,255) (240,240,240) (255,240,240) (240,255,240) (240,240,255) (240,240,240) (255,240,240) (240,255,240) (240,240,255) (240,240,240) (255,240,240) (240,255,240) (240,240,255) (240,240,240) (255,240,240) (240,255,240) (240,240,255) (240,240,240) (255,240,240) (240,255,240) (240,240,255) (240,240,240) (255,240,240) (240,255,240) (240,240,255) (240,240,240) (255,240,240) (240,255,240) (240,240,255) (240,240,240) (255,240,240) (240,255,240) (240,240,255) (240,240,240) (255,240,240) (240,255,240) (240,240,255) (240,240,240) (255,240,240) (240,255,239) (239,239,255) (239,239,239) (255,239,239) (239,255,239) (239,239,255) (238,239,238) (255,238,239) (238,255,238) (239,238,255) (239,239,239) (255,239,239) (239,255,238) (239,238,255) (238,239,238) (255,238,239) (238,255,238) (239,238,255) (238,239,238) (255,238,239) (238,255,238) (239,238,255) (238,239,238) (255,236,236) (236,255,236) (236,236,255) (236,236,236) (255,236,236) (236,255,236) (236,236,255) (236,236,236) (255,236,236) (236,255,236) (236,236,255) (236,236,236) (255,236,236) (236,255,236) (236,236,255) (234,234,234) (255,234,234) (234,255,234) (234,234,255) (234,234,234) (255,234,234) (234,255,234) (234,234,255) (234,234,234) (255,234,234) (234,255,234) (234,234,255) (232,233,232) (255,232,233) (232,255,234) (234,234,255) (232,233,232) (255,232,233) (232,255,231) (231,231,255) (228,228,228) (255,228,228) (228,255,228) (228,228,255) (228,228,228) (255,228,228) (228,255,226) (226,226,255) (226,226,226) (255,228,228) (228,255,226) (226,226,255) 
(76,112,71) (0,76,112) (71,0,76) (112,71,0) (76,112,71) (0,76,112) (71,0,76) (112,71,0) (76,112,71) (0,76,112) (71,0,76) (112,71,0) (76,112,71) (0,76,112) (71,0,76) (112,71,0) (76,112,71) (0,76,112) (71,0,76) (112,71,0) (76,112,71) (0,76,112) (71,0,76) (112,71,0) (76,112,71) (0,76,112) (71,0,76) (112,71,0) (76,112,71) (0,76,112) (71,0,76) (112,71,0) (76,112,71) (0,76,112) (71,0,76) (112,71,0) (76,112,71) (0,76,112) (71,0,76) (112,71,0) (76,112,71) (0,76,112) (71,0,76) (112,71,0) (76,112,71) (0,76,112) (71,0,76) (112,71,0) (76,112,71) (0,76,112) (71,0,76) (112,71,0) (76,112,71) (0,76,112) (71,0,76) (112,71,0) (76,112,71) (0,76,112) (71,0,76) (112,71,0) (76,112,71) (0,76,112) (71,0,76) (112,71,0) (76,112,71) (0,76,112) (71,0,76) (112,71,0) (76,112,71) (0,76,112) (71,0,76) (112,71,0) (76,112,71) (0,76,112) (71,0,76) (112,71,0) (76,112,71) (0,76,112) (71,0,2) (2,2,11) (2,2,2) (31,55,55) (55,180,31) (31,31,255) (28,29,28) (255,28,29) (28,255,23) (24,23,255) (23,24,23) (255,23,24) (23,255,28) (29,28,255) (234,234,234) (255,243,244) (243,255,240) (240,240,255) (239,239,239) (255,237,238) (237,255,237) (238,237,255) (238,239,238) (255,238,239) (238,255,238) (239,238,255) (238,239,238) (255,238,239) (238,255,238) (239,238,255) (238,239,238) (255,238,239) (238,255,238) (239,238,255) (238,239,238) (255,239,239) (239,255,239) (239,239,255) (239,239,239) (255,239,239) (239,255,239) (239,239,255) (239,239,239) (255,239,239) (239,255,239) (239,239,255) (239,239,239) (255,239,239) (239,255,238) (239,238,255) (240,240,240) (255,239,239) (239,255,239) (239,239,255) (239,239,239) (255,239,239) (239,255,239) (239,239,255) (239,239,239) (255,239,239) (239,255,239) (239,239,255) (239,239,239) (255,239,239) (239,255,239) (239,239,255) (239,239,239) (255,239,239) (239,255,239) (239,239,255) (239,239,239) (255,239,239) (239,255,239) (239,239,255) (239,239,239) (255,240,240) (240,255,240) (240,240,255) (240,240,240) (255,240,240) (240,255,240) (240,240,255) (240,240,240) (255,240,240) (240,255,240) (240,240,255) (239,239,239) (255,239,239) (239,255,239) (239,239,255) (239,239,239) (255,238,239) (238,255,238) (239,238,255) (238,239,238) (255,238,239) (238,255,238) (239,238,255) (238,239,238) (255,239,239) (239,255,239) (239,239,255) (239,239,239) (255,238,239) (238,255,238) (239,238,255) (238,239,238) (255,238,239) (238,255,238) (239,238,255) (238,239,238) (255,238,239) (238,255,238) (239,238,255) (238,239,238) (255,238,239) (238,255,237) (238,237,255) (237,238,237) (255,237,238) (237,255,237) (238,237,255) (237,238,237) (255,237,238) (237,255,237) (238,237,255) (237,238,237) (255,236,236) (236,255,236) (236,236,255) (236,236,236) (255,236,236) (236,255,234) (234,234,255) (234,234,234) (255,234,234) (234,255,234) (234,234,255) (234,234,234) (255,234,234) (234,255,234) (234,234,255) (234,234,234) (255,234,234) (234,255,234) (234,234,255) (234,234,234) (255,232,233) (232,255,232) (233,232,255) (232,233,232) (255,232,233) (232,255,232) (233,232,255) (232,233,232) (255,232,233) (232,255,232) (233,232,255) (232,233,232) (255,232,233) (232,255,232) (233,232,255) (231,231,231) (255,228,228) (228,255,226) (226,226,255) (226,226,226) (255,226,226) (226,255,226) (226,226,255) (226,226,226) (255,226,226) (226,255,226) (226,226,255) (226,226,226) (255,226,226) (226,255,226) (226,226,255) 
(76,112,71) (0,76,112) (71,0,76) (112,71,0) (76,112,71) (0,76,112) (71,0,76) (112,71,0) (76,112,71) (0,76,112) (71,0,76) (112,71,0) (76,112,71) (0,76,112) (71,0,76) (112,71,0) (76,112,71) (0,76,112) (71,0,76) (112,71,0) (76,112,71) (0,76,112) (71,0,76) (112,71,0) (76,112,71) (0,76,112) (71,0,76) (112,71,0) (76,112,71) (0,76,112) (71,0,76) (112,71,0) (76,112,71) (0,76,112) (71,0,76) (112,71,0) (76,112,71) (0,76,112) (71,0,76) (112,71,0) (76,112,71) (0,76,112) (71,0,76) (112,71,0) (76,112,71) (0,76,112) (71,0,76) (112,71,0) (76,112,71) (0,76,112) (71,0,76) (112,71,0) (76,112,71) (0,76,112) (71,0,76) (112,71,0) (76,112,71) (0,76,112) (71,0,76) (112,71,0) (76,112,71) (0,76,112) (71,0,76) (112,71,0) (76,112,71) (0,76,112) (71,0,76) (112,71,0) (76,112,71) (0,76,112) (71,0,76) (112,71,0) (76,112,71) (0,76,112) (71,0,76) (112,71,0) (76,112,71) (0,76,112) (71,0,2) (2,2,11) (8,8,8) (42,55,55) (55,180,31) (31,31,255) (28,29,28) (255,28,29) (28,255,23) (24,23,255) (23,24,23) (255,23,24) (23,255,87) (88,88,255) (246,247,246) (255,243,244) (243,255,240) (240,240,255) (238,239,238) (255,237,238) (237,255,237) (238,237,255) (237,238,237) (255,238,239) (238,255,238) (239,238,255) (238,239,238) (255,238,239) (238,255,238) (239,238,255) (238,239,238) (255,238,239) (238,255,238) (239,238,255) (238,239,238) (255,238,239) (238,255,239) (239,239,255) (239,239,239) (255,239,239) (239,255,239) (239,239,255) (239,239,239) (255,239,239) (239,255,239) (239,239,255) (238,239,238) (255,238,239) (238,255,238) (239,238,255) (238,239,238) (255,238,239) (238,255,238) (239,238,255) (239,239,239) (255,239,239) (239,255,239) (239,239,255) (239,239,239) (255,239,239) (239,255,239) (239,239,255) (239,239,239) (255,239,239) (239,255,239) (239,239,255) (239,239,239) (255,239,239) (239,255,239) (239,239,255) (239,239,239) (255,239,239) (239,255,239) (239,239,255) (240,240,240) (255,240,240) (240,255,240) (240,240,255) (240,240,240) (255,240,240) (240,255,239) (239,239,255) (239,239,239) (255,239,239) (239,255,238) (239,238,255) (238,239,238) (255,238,239) (238,255,237) (238,237,255) (237,238,237) (255,234,234) (234,255,234) (234,234,255) (234,234,234) (255,234,234) (234,255,234) (234,234,255) (236,236,236) (255,237,238) (237,255,237) (238,237,255) (237,238,237) (255,238,239) (238,255,238) (239,238,255) (238,239,238) (255,238,239) (238,255,238) (239,238,255) (238,239,238) (255,237,238) (237,255,236) (236,236,255) (237,238,237) (255,237,238) (237,255,237) (238,237,255) (237,238,237) (255,237,238) (237,255,237) (238,237,255) (237,238,237) (255,237,238) (237,255,236) (236,236,255) (236,236,236) (255,236,236) (236,255,236) (236,236,255) (234,234,234) (255,234,234) (234,255,234) (234,234,255) (234,234,234) (255,234,234) (234,255,234) (234,234,255) (234,234,234) (255,236,236) (236,255,234) (234,234,255) (234,234,234) (255,234,234) (234,255,232) (233,232,255) (232,233,232) (255,232,233) (232,255,232) (233,232,255) (232,233,232) (255,232,233) (232,255,232) (233,232,255) (232,233,232) (255,232,233) (232,255,232) (233,232,255) (232,233,232) (255,232,233) (232,255,231) (231,231,255) (226,226,226) (255,226,226) (226,255,226) (226,226,255) (226,226,226) (255,226,226) (226,255,226) (226,226,255) (226,226,226) (255,226,226) (226,255,226) (226,226,255) (226,226,226) (255,223,223) (223,255,226) (226,226,255) 
(76,112,71) (0,76,112) (71,0,76) (112,71,0) (76,112,71) (0,76,112) (71,0,76) (112,71,0) (76,112,71) (0,76,112) (71,0,76) (112,71,0) (76,112,71) (0,76,112) (71,0,76) (112,71,0) (76,112,71) (0,76,112) (71,0,76) (112,71,0) (76,112,71) (0,76,112) (71,0,76) (112,71,0) (76,112,71) (0,76,112) (71,0,76) (112,71,0) (76,112,71) (0,76,112) (71,0,76) (112,71,0) (76,112,71) (0,76,112) (71,0,76) (112,71,0) (76,112,71) (0,76,112) (71,0,76) (112,71,0) (76,112,71) (0,76,112) (71,0,76) (112,71,0) (76,112,71) (0,76,112) (71,0,76) (112,71,0) (76,112,71) (0,76,112) (71,0,76) (112,71,0) (76,112,71) (0,76,112) (71,0,76) (112,71,0) (76,112,71) (0,76,112) (71,0,76) (112,71,0) (76,112,71) (0,76,112) (71,0,76) (112,71,0) (76,112,71) (0,76,112) (71,0,76) (112,71,0) (76,112,71) (0,76,112) (71,0,76) (112,71,0) (76,112,71) (0,76,112) (71,0,76) (112,71,0) (76,112,71) (0,76,112) (71,0,2) (2,2,11) (8,8,8) (42,53,53) (53,200,31) (31,31,255) (28,29,28) (255,23,24) (23,255,23) (24,23,255) (23,24,23) (255,23,24) (23,255,174) (175,175,255) (245,245,245) (255,240,240) (240,255,239) (239,239,255) (238,239,238) (255,237,238) (237,255,237) (238,237,255) (237,238,237) (255,237,238) (237,255,238) (239,238,255) (238,239,238) (255,238,239) (238,255,238) (239,238,255) (238,239,238) (255,238,239) (238,255,238) (239,238,255) (238,239,238) (255,238,239) (238,255,238) (239,238,255) (238,239,238) (255,239,239) (239,255,239) (239,239,255) (238,239,238) (255,238,239) (238,255,238) (239,238,255) (238,239,238) (255,238,239) (238,255,238) (239,238,255) (238,239,238) (255,238,239) (238,255,238) (239,238,255) (238,239,238) (255,238,239) (238,255,238) (239,238,255) (239,239,239) (255,239,239) (239,255,239) (239,239,255) (239,239,239) (255,239,239) (239,255,239) (239,239,255) (239,239,239) (255,239,239) (239,255,239) (239,239,255) (239,239,239) (255,239,239) (239,255,240) (240,240,255) (240,240,240) (255,240,240) (240,255,240) (240,240,255) (239,239,239) (255,238,239) (238,255,238) (239,238,255) (238,239,238) (255,237,238) (237,255,236) (236,236,255) (234,234,234) (255,234,234) (234,255,232) (233,232,255) (231,231,231) (255,228,228) (228,255,228) (228,228,255) (228,228,228) (255,228,228) (228,255,228) (228,228,255) (230,230,230) (255,232,233) (232,255,232) (233,232,255) (234,234,234) (255,234,234) (234,255,234) (234,234,255) (234,234,234) (255,234,234) (234,255,232) (233,232,255) (232,233,232) (255,232,233) (232,255,232) (233,232,255) (234,234,234) (255,234,234) (234,255,236) (236,236,255) (236,236,236) (255,236,236) (236,255,237) (238,237,255) (236,236,236) (255,236,236) (236,255,236) (236,236,255) (236,236,236) (255,234,234) (234,255,234) (234,234,255) (234,234,234) (255,234,234) (234,255,234) (234,234,255) (234,234,234) (255,234,234) (234,255,234) (234,234,255) (234,234,234) (255,234,234) (234,255,234) (234,234,255) (234,234,234) (255,232,233) (232,255,232) (233,232,255) (232,233,232) (255,232,233) (232,255,232) (233,232,255) (232,233,232) (255,232,233) (232,255,232) (233,232,255) (232,233,232) (255,232,233) (232,255,232) (233,232,255) (231,231,231) (255,228,228) (228,255,226) (226,226,255) (226,226,226) (255,226,226) (226,255,226) (226,226,255) (226,226,226) (255,226,226) (226,255,226) (226,226,255) (226,226,226) (255,223,223) (223,255,226) (226,226,255) (223,223,223) (255,226,226) (226,255,223) (223,223,255) 
(76,112,71) (0,76,112) (71,0,76) (112,71,0) (76,112,71) (0,76,112) (71,0,76) (112,71,0) (76,112,71) (0,76,112) (71,0,76) (112,71,0) (76,112,71) (0,76,112) (71,0,76) (112,71,0) (76,112,71) (0,76,112) (71,0,76) (112,71,0) (76,112,71) (0,76,112) (71,0,76) (112,71,0) (76,112,71) (0,76,112) (71,0,76) (112,71,0) (76,112,71) (0,76,112) (71,0,76) (112,71,0) (76,112,71) (0,76,112) (71,0,76) (112,71,0) (76,112,71) (0,76,112) (71,0,76) (112,71,0) (76,112,71) (0,76,112) (71,0,76) (112,71,0) (76,112,71) (0,76,112) (71,0,76) (112,71,0) (76,112,71) (0,76,112) (71,0,76) (112,71,0) (76,112,71) (0,76,112) (71,0,76) (112,71,0) (76,112,71) (0,76,112) (71,0,76) (112,71,0) (76,112,71) (0,76,112) (71,0,76) (112,71,0) (76,112,71) (0,76,112) (71,0,76) (112,71,0) (76,112,71) (0,76,112) (71,0,76) (112,71,0) (76,112,71) (0,76,112) (71,0,76) (112,71,0) (76,112,71) (0,1,1) (1,1,2) (2,2,11) (8,8,8) (42,50,50) (50,222,31) (31,31,255) (28,29,28) (255,23,24) (23,255,23) (24,23,255) (23,24,23) (255,28,29) (28,255,237) (238,237,255) (243,244,243) (255,240,240) (240,255,239) (239,239,255) (237,238,237) (255,237,238) (237,255,237) (238,237,255) (237,238,237) (255,237,238) (237,255,237) (238,237,255) (237,238,237) (255,238,239) (238,255,238) (239,238,255) (238,239,238) (255,238,239) (238,255,238) (239,238,255) (238,239,238) (255,238,239) (238,255,238) (239,238,255) (238,239,238) (255,237,238) (237,255,237) (238,237,255) (238,239,238) (255,238,239) (238,255,238) (239,238,255) (238,239,238) (255,238,239) (238,255,238) (239,238,255) (238,239,238) (255,238,239) (238,255,238) (239,238,255) (238,239,238) (255,238,239) (238,255,238) (239,238,255) (238,239,238) (255,238,239) (238,255,238) (239,238,255) (238,239,238) (255,239,239) (239,255,239) (239,239,255) (239,239,239) (255,239,239) (239,255,239) (239,239,255) (239,239,239) (255,239,239) (239,255,240) (240,240,255) (239,239,239) (255,238,239) (238,255,238) (239,238,255) (237,238,237) (255,236,236) (236,255,234) (234,234,255) (232,233,232) (255,231,231) (231,255,228) (228,228,255) (226,226,226) (255,223,223) (223,255,221) (221,221,255) (217,217,217) (255,215,215) (215,255,215) (215,215,255) (221,221,221) (255,226,226) (226,255,221) (221,221,255) (219,219,219) (255,223,223) (223,255,223) (223,223,255) (226,226,226) (255,226,226) (226,255,226) (226,226,255) (226,226,226) (255,226,226) (226,255,226) (226,226,255) (226,226,226) (255,226,226) (226,255,228) (228,228,255) (230,230,230) (255,231,231) (231,255,232) (233,232,255) (234,234,234) (255,234,234) (234,255,234) (234,234,255) (236,236,236) (255,236,236) (236,255,234) (234,234,255) (234,234,234) (255,234,234) (234,255,234) (234,234,255) (234,234,234) (255,234,234) (234,255,234) (234,234,255) (234,234,234) (255,234,234) (234,255,234) (234,234,255) (234,234,234) (255,234,234) (234,255,232) (233,232,255) (232,233,232) (255,232,233) (232,255,232) (233,232,255) (232,233,232) (255,232,233) (232,255,232) (233,232,255) (232,233,232) (255,232,233) (232,255,232) (233,232,255) (232,233,232) (255,232,233) (232,255,228) (228,228,255) (226,226,226) (255,226,226) (226,255,226) (226,226,255) (226,226,226) (255,226,226) (226,255,226) (226,226,255) (226,226,226) (255,226,226) (226,255,223) (223,223,255) (226,226,226) (255,226,226) (226,255,226) (226,226,255) (226,226,226) (255,223,223) (223,255,223) (223,223,255) 
(76,112,71) (0,76,112) (71,0,76) (112,71,0) (76,112,71) (0,76,112) (71,0,76) (112,71,0) (76,112,71) (0,76,112) (71,0,76) (112,71,0) (76,112,71) (0,76,112) (71,0,76) (112,71,0) (76,112,71) (0,76,112) (71,0,76) (112,71,0) (76,112,71) (0,76,112) (71,0,76) (112,71,0) (76,112,71) (0,76,112) (71,0,76) (112,71,0) (76,112,71) (0,76,112) (71,0,76) (112,71,0) (76,112,71) (0,76,112) (71,0,76) (112,71,0) (76,112,71) (0,76,112) (71,0,76) (112,71,0) (76,112,71) (0,76,112) (71,0,76) (112,71,0) (76,112,71) (0,76,112) (71,0,76) (112,71,0) (76,112,71) (0,76,112) (71,0,76) (112,71,0) (76,112,71) (0,76,112) (71,0,76) (112,71,0) (76,112,71) (0,76,112) (71,0,76) (112,71,0) (76,112,71) (0,76,112) (71,0,76) (112,71,0) (76,112,71) (0,76,112) (71,0,76) (112,71,0) (76,112,71) (0,76,112) (71,0,76) (112,71,0) (76,112,71) (0,76,112) (71,0,76) (112,71,0) (76,112,71) (0,1,1) (1,1,2) (2,2,11) (1,1,1) (51,50,50) (50,222,31) (31,31,255) (28,29,28) (255,23,24) (23,255,23) (24,23,255) (23,24,23) (255,87,88) (88,255,246) (247,246,255) (243,244,243) (255,239,239) (239,255,238) (239,238,255) (237,238,237) (255,237,238) (237,255,237) (238,237,255) (237,238,237) (255,237,238) (237,255,237) (238,237,255) (237,238,237) (255,237,238) (237,255,238) (239,238,255) (238,239,238) (255,238,239) (238,255,238) (239,238,255) (238,239,238) (255,238,239) (238,255,237) (238,237,255) (237,238,237) (255,237,238) (237,255,237) (238,237,255) (237,238,237) (255,237,238) (237,255,237) (238,237,255) (238,239,238) (255,238,239) (238,255,238) (239,238,255) (238,239,238) (255,238,239) (238,255,238) (239,238,255) (238,239,238) (255,238,239) (238,255,238) (239,238,255) (238,239,238) (255,238,239) (238,255,238) (239,238,255) (238,239,238) (255,238,239) (238,255,238) (239,238,255) (237,238,237) (255,237,238) (237,255,236) (236,236,255) (236,236,236) (255,237,238) (237,255,234) (234,234,255) (234,234,234) (255,232,233) (232,255,230) (230,230,255) (228,228,228) (255,226,226) (226,255,223) (223,223,255) (221,221,221) (255,217,217) (217,255,214) (214,214,255) (210,210,210) (255,207,207) (207,255,214) (214,214,255) (221,221,221) (255,230,230) (230,255,239) (239,239,255) (239,239,239) (255,238,239) (238,255,237) (238,237,255) (212,212,212) (255,206,206) (206,255,210) (210,210,255) (214,214,214) (255,215,215) (215,255,215) (215,215,255) (215,215,215) (255,214,214) (214,255,214) (214,214,255) (217,217,217) (255,223,223) (223,255,226) (226,226,255) (223,223,223) (255,226,226) (226,255,228) (228,228,255) (231,231,231) (255,232,233) (232,255,234) (234,234,255) (234,234,234) (255,234,234) (234,255,234) (234,234,255) (234,234,234) (255,234,234) (234,255,234) (234,234,255) (234,234,234) (255,234,234) (234,255,234) (234,234,255) (234,234,234) (255,234,234) (234,255,234) (234,234,255) (234,234,234) (255,232,233) (232,255,232) (233,232,255) (232,233,232) (255,232,233) (232,255,232) (233,232,255) (232,233,232) (255,232,233) (232,255,232) (233,232,255) (232,233,232) (255,232,233) (232,255,232) (233,232,255) (231,231,231) (255,226,226) (226,255,226) (226,226,255) (226,226,226) (255,226,226) (226,255,226) (226,226,255) (226,226,226) (255,226,226) (226,255,226) (226,226,255) (223,223,223) (255,226,226) (226,255,226) (226,226,255) (226,226,226) (255,223,223) (223,255,226) (226,226,255) (223,223,223) (255,223,223) (223,255,223) (223,223,255) 
(76,112,71) (0,76,112) (71,0,76) (112,71,0) (76,112,71) (0,76,112) (71,0,76) (112,71,0) (76,112,71) (0,76,112) (71,0,76) (112,71,0) (76,112,71) (0,76,112) (71,0,76) (112,71,0) (76,112,71) (0,76,112) (71,0,76) (112,71,0) (76,112,71) (0,76,112) (71,0,76) (112,71,0) (76,112,71) (0,76,112) (71,0,76) (112,71,0) (76,112,71) (0,76,112) (71,0,76) (112,71,0) (76,112,71) (0,76,112) (71,0,76) (112,71,0) (76,112,71) (0,76,112) (71,0,76) (112,71,0) (76,112,71) (0,76,112) (71,0,76) (112,71,0) (76,112,71) (0,76,112) (71,0,76) (112,71,0) (76,112,71) (0,76,112) (71,0,76) (112,71,0) (76,112,71) (0,76,112) (71,0,76) (112,71,0) (76,112,71) (0,76,112) (71,0,76) (112,71,0) (76,112,71) (0,76,112) (71,0,76) (112,71,0) (76,112,71) (0,76,112) (71,0,76) (112,71,0) (76,112,71) (0,76,112) (71,0,76) (112,71,0) (76,112,71) (0,76,112) (71,0,76) (112,71,0) (76,112,71) (0,1,1) (1,1,2) (2,2,11) (1,1,1) (62,50,50) (50,222,28) (29,28,255) (23,24,23) (255,23,24) (23,255,23) (24,23,255) (23,24,23) (255,174,175) (175,255,243) (244,243,255) (240,240,240) (255,238,239) (238,255,237) (238,237,255) (236,236,236) (255,236,236) (236,255,236) (236,236,255) (236,236,236) (255,236,236) (236,255,236) (236,236,255) (236,236,236) (255,236,236) (236,255,237) (238,237,255) (237,238,237) (255,237,238) (237,255,237) (238,237,255) (236,236,236) (255,236,236) (236,255,236) (236,236,255) (236,236,236) (255,236,236) (236,255,236) (236,236,255) (236,236,236) (255,236,236) (236,255,236) (236,236,255) (237,238,237) (255,237,238) (237,255,237) (238,237,255) (237,238,237) (255,236,236) (236,255,236) (236,236,255) (236,236,236) (255,236,236) (236,255,234) (234,234,255) (234,234,234) (255,234,234) (234,255,234) (234,234,255) (234,234,234) (255,232,233) (232,255,232) (233,232,255) (230,230,230) (255,228,228) (228,255,228) (228,228,255) (226,226,226) (255,226,226) (226,255,223) (223,223,255) (221,221,221) (255,217,217) (217,255,214) (214,214,255) (212,212,212) (255,207,207) (207,255,204) (204,204,255) (203,203,203) (255,207,207) (207,255,215) (215,215,255) (226,226,226) (255,232,233) (232,255,230) (230,230,255) (228,228,228) (255,226,226) (226,255,226) (226,226,255) (226,226,226) (255,226,226) (226,255,228) (228,228,255) (217,217,217) (255,210,210) (210,255,215) (215,215,255) (226,226,226) (255,230,230) (230,255,237) (238,237,255) (240,240,240) (255,243,244) (243,255,250) (250,250,255) (250,250,250) (255,252,252) (252,255,252) (252,252,255) (247,248,247) (255,219,219) (219,255,221) (221,221,255) (226,226,226) (255,230,230) (230,255,232) (233,232,255) (232,233,232) (255,232,233) (232,255,232) (233,232,255) (232,233,232) (255,232,233) (232,255,232) (233,232,255) (232,233,232) (255,232,233) (232,255,232) (233,232,255) (232,233,232) (255,232,233) (232,255,232) (233,232,255) (232,233,232) (255,231,231) (231,255,231) (231,231,255) (231,231,231) (255,231,231) (231,255,231) (231,231,255) (231,231,231) (255,231,231) (231,255,231) (231,231,255) (231,231,231) (255,230,230) (230,255,228) (228,228,255) (226,226,226) (255,226,226) (226,255,223) (223,223,255) (223,223,223) (255,223,223) (223,255,223) (223,223,255) (223,223,223) (255,223,223) (223,255,223) (223,223,255) (223,223,223) (255,223,223) (223,255,223) (223,223,255) (223,223,223) (255,223,223) (223,255,223) (223,223,255) (221,221,221) (255,221,221) (221,255,221) (221,221,255) 
(76,112,71) (0,76,112) (71,0,76) (112,71,0) (76,112,71) (0,76,112) (71,0,76) (112,71,0) (76,112,71) (0,76,112) (71,0,76) (112,71,0) (76,112,71) (0,76,112) (71,0,76) (112,71,0) (76,112,71) (0,76,112) (71,0,76) (112,71,0) (76,112,71) (0,76,112) (71,0,76) (112,71,0) (76,112,71) (0,76,112) (71,0,76) (112,71,0) (76,112,71) (0,76,112) (71,0,76) (112,71,0) (76,112,71) (0,76,112) (71,0,76) (112,71,0) (76,112,71) (0,76,112) (71,0,76) (112,71,0) (76,112,71) (0,76,112) (71,0,76) (112,71,0) (76,112,71) (0,76,112) (71,0,76) (112,71,0) (76,112,71) (0,76,112) (71,0,76) (112,71,0) (76,112,71) (0,76,112) (71,0,76) (112,71,0) (76,112,71) (0,76,112) (71,0,76) (112,71,0) (76,112,71) (0,76,112) (71,0,76) (112,71,0) (76,112,71) (0,76,112) (71,0,76) (112,71,0) (76,112,71) (0,76,112) (71,0,76) (112,71,0) (76,112,71) (0,76,112) (71,0,76) (112,71,0) (76,112,71) (0,1,1) (1,1,2) (2,2,17) (1,1,1) (51,43,44) (43,254,28) (29,28,255) (23,24,23) (255,23,24) (23,255,23) (24,23,255) (28,29,28) (255,238,239) (238,255,243) (244,243,255) (239,239,239) (255,237,238) (237,255,236) (236,236,255) (236,236,236) (255,236,236) (236,255,236) (236,236,255) (236,236,236) (255,236,236) (236,255,236) (236,236,255) (236,236,236) (255,236,236) (236,255,234) (234,234,255) (237,238,237) (255,236,236) (236,255,236) (236,236,255) (236,236,236) (255,236,236) (236,255,234) (234,234,255) (234,234,234) (255,234,234) (234,255,234) (234,234,255) (234,234,234) (255,234,234) (234,255,234) (234,234,255) (232,233,232) (255,232,233) (232,255,232) (233,232,255) (232,233,232) (255,232,233) (232,255,232) (233,232,255) (231,231,231) (255,230,230) (230,255,230) (230,230,255) (228,228,228) (255,228,228) (228,255,226) (226,226,255) (226,226,226) (255,221,221) (221,255,219) (219,219,255) (217,217,217) (255,215,215) (215,255,214) (214,214,255) (210,210,210) (255,207,207) (207,255,204) (204,204,255) (200,201,200) (255,196,196) (197,255,196) (196,197,255) (200,201,200) (255,207,207) (207,255,219) (219,219,255) (228,228,228) (255,230,230) (230,255,234) (234,234,255) (234,234,234) (255,236,236) (236,255,237) (238,237,255) (239,239,239) (255,243,244) (243,255,243) (244,243,255) (250,250,250) (255,250,250) (250,255,250) (250,250,255) (250,250,250) (255,250,250) (250,255,250) (250,250,255) (250,250,250) (255,250,250) (250,255,249) (249,249,255) (249,249,249) (255,249,249) (249,255,249) (249,249,255) (249,249,249) (255,249,249) (249,255,250) (250,250,255) (252,252,252) (255,226,226) (226,255,215) (215,215,255) (219,219,219) (255,226,226) (226,255,230) (230,230,255) (232,233,232) (255,232,233) (232,255,232) (233,232,255) (232,233,232) (255,232,233) (232,255,232) (233,232,255) (232,233,232) (255,232,233) (232,255,232) (233,232,255) (232,233,232) (255,232,233) (232,255,231) (231,231,255) (231,231,231) (255,231,231) (231,255,231) (231,231,255) (231,231,231) (255,231,231) (231,255,231) (231,231,255) (231,231,231) (255,231,231) (231,255,230) (230,230,255) (228,228,228) (255,226,226) (226,255,226) (226,226,255) (223,223,223) (255,223,223) (223,255,226) (226,226,255) (223,223,223) (255,226,226) (226,255,223) (223,223,255) (223,223,223) (255,223,223) (223,255,223) (223,223,255) (223,223,223) (255,223,223) (223,255,223) (223,223,255) (223,223,223) (255,223,223) (223,255,221) (221,221,255) (221,221,221) (255,219,219) (219,255,219) (219,219,255) 
(76,112,71) (0,76,112) (71,0,76) (112,71,0) (76,112,71) (0,76,112) (71,0,76) (112,71,0) (76,112,71) (0,76,112) (71,0,76) (112,71,0) (76,112,71) (0,76,112) (71,0,76) (112,71,0) (76,112,71) (0,76,112) (71,0,76) (112,71,0) (76,112,71) (0,76,112) (71,0,76) (112,71,0) (76,112,71) (0,76,112) (71,0,76) (112,71,0) (76,112,71) (0,76,112) (71,0,76) (112,71,0) (76,112,71) (0,76,112) (71,0,76) (112,71,0) (76,112,71) (0,76,112) (71,0,76) (112,71,0) (76,112,71) (0,76,112) (71,0,76) (112,71,0) (76,112,71) (0,76,112) (71,0,76) (112,71,0) (76,112,71) (0,76,112) (71,0,76) (112,71,0) (76,112,71) (0,76,112) (71,0,76) (112,71,0) (76,112,71) (0,76,112) (71,0,76) (112,71,0) (76,112,71) (0,76,112) (71,0,76) (112,71,0) (76,112,71) (0,76,112) (71,0,76) (112,71,0) (76,112,71) (0,76,112) (71,0,76) (112,71,0) (76,112,71) (0,76,112) (71,0,76) (112,71,0) (76,112,71) (0,1,1) (1,1,2) (2,2,17) (1,1,1) (62,46,46) (46,241,28) (29,28,255) (23,24,23) (255,23,24) (23,255,23) (24,23,255) (87,88,88) (255,246,247) (246,255,242) (242,242,255) (238,239,238) (255,236,236) (236,255,236) (236,236,255) (236,236,236) (255,236,236) (236,255,236) (236,236,255) (234,234,234) (255,234,234) (234,255,234) (234,234,255) (234,234,234) (255,234,234) (234,255,232) (233,232,255) (232,233,232) (255,232,233) (232,255,232) (233,232,255) (232,233,232) (255,232,233) (232,255,231) (231,231,255) (231,231,231) (255,230,230) (230,255,230) (230,230,255) (230,230,230) (255,228,228) (228,255,228) (228,228,255) (226,226,226) (255,226,226) (226,255,226) (226,226,255) (226,226,226) (255,223,223) (223,255,223) (223,223,255) (221,221,221) (255,219,219) (219,255,219) (219,219,255) (215,215,215) (255,214,214) (214,255,210) (210,210,255) (209,209,209) (255,207,207) (207,255,203) (203,203,255) (196,196,197) (255,204,204) (204,255,207) (207,207,255) (210,210,210) (255,217,217) (217,255,226) (226,226,255) (236,236,236) (255,239,239) (239,255,246) (247,246,255) (246,247,246) (255,252,252) (252,255,252) (252,252,255) (252,252,252) (255,252,252) (252,255,252) (252,252,255) (252,252,252) (255,250,250) (250,255,250) (250,250,255) (249,249,249) (255,249,249) (249,255,249) (249,249,255) (249,249,249) (255,249,249) (249,255,247) (248,247,255) (247,248,247) (255,247,248) (247,255,247) (248,247,255) (247,248,247) (255,247,248) (247,255,247) (248,247,255) (247,248,247) (255,247,248) (247,255,247) (248,247,255) (247,248,247) (255,247,248) (247,255,249) (249,249,255) (250,250,250) (255,226,226) (226,255,204) (204,204,255) (215,215,215) (255,223,223) (223,255,228) (228,228,255) (231,231,231) (255,232,233) (232,255,232) (233,232,255) (232,233,232) (255,232,233) (232,255,232) (233,232,255) (232,233,232) (255,232,233) (232,255,232) (233,232,255) (231,231,231) (255,231,231) (231,255,230) (230,230,255) (230,230,230) (255,231,231) (231,255,231) (231,231,255) (231,231,231) (255,231,231) (231,255,231) (231,231,255) (230,230,230) (255,228,228) (228,255,226) (226,226,255) (226,226,226) (255,226,226) (226,255,223) (223,223,255) (226,226,226) (255,223,223) (223,255,223) (223,223,255) (223,223,223) (255,223,223) (223,255,223) (223,223,255) (223,223,223) (255,223,223) (223,255,223) (223,223,255) (223,223,223) (255,223,223) (223,255,221) (221,221,255) (221,221,221) (255,221,221) (221,255,219) (219,219,255) (219,219,219) (255,221,221) (221,255,219) (219,219,255) 
(76,112,71) (0,76,112) (71,0,76) (112,71,0) (76,112,71) (0,76,112) (71,0,76) (112,71,0) (76,112,71) (0,76,112) (71,0,76) (112,71,0) (76,112,71) (0,76,112) (71,0,76) (112,71,0) (76,112,71) (0,76,112) (71,0,76) (112,71,0) (76,112,71) (0,76,112) (71,0,76) (112,71,0) (76,112,71) (0,76,112) (71,0,76) (112,71,0) (76,112,71) (0,76,112) (71,0,76) (112,71,0) (76,112,71) (0,76,112) (71,0,76) (112,71,0) (76,112,71) (0,76,112) (71,0,76) (112,71,0) (76,112,71) (0,76,112) (71,0,76) (112,71,0) (76,112,71) (0,76,112) (71,0,76) (112,71,0) (76,112,71) (0,76,112) (71,0,76) (112,71,0) (76,112,71) (0,76,112) (71,0,76) (112,71,0) (76,112,71) (0,76,112) (71,0,76) (112,71,0) (76,112,71) (0,76,112) (71,0,76) (112,71,0) (76,112,71) (0,76,112) (71,0,76) (112,71,0) (76,112,71) (0,76,112) (71,0,76) (112,71,0) (76,112,71) (0,76,112) (71,0,76) (112,71,0) (76,112,71) (0,1,1) (1,1,2) (2,2,17) (3,3,3) (87,46,46) (46,241,28) (29,28,255) (23,24,23) (255,23,24) (23,255,23) (24,23,255) (170,171,170) (255,243,244) (243,255,240) (240,240,255) (236,236,236) (255,234,234) (234,255,234) (234,234,255) (232,233,232) (255,232,233) (232,255,232) (233,232,255) (231,231,231) (255,230,230) (230,255,228) (228,228,255) (228,228,228) (255,228,228) (228,255,228) (228,228,255) (226,226,226) (255,226,226) (226,255,226) (226,226,255) (226,226,226) (255,226,226) (226,255,223) (223,223,255) (223,223,223) (255,221,221) (221,255,221) (221,221,255) (219,219,219) (255,217,217) (217,255,217) (217,217,255) (217,217,217) (255,215,215) (215,255,214) (214,214,255) (210,210,210) (255,210,210) (210,255,210) (210,210,255) (215,215,215) (255,215,215) (215,255,221) (221,221,255) (221,221,221) (255,230,230) (230,255,228) (228,228,255) (240,240,240) (255,239,239) (239,255,249) (249,249,255) (252,252,252) (255,250,250) (250,255,250) (250,250,255) (250,250,250) (255,250,250) (250,255,250) (250,250,255) (250,250,250) (255,250,250) (250,255,250) (250,250,255) (250,250,250) (255,250,250) (250,255,250) (250,250,255) (250,250,250) (255,250,250) (250,255,250) (250,250,255) (250,250,250) (255,247,248) (247,255,247) (248,247,255) (247,248,247) (255,246,247) (246,255,246) (247,246,255) (246,247,246) (255,246,247) (246,255,246) (247,246,255) (246,247,246) (255,246,247) (246,255,245) (245,245,255) (245,245,245) (255,245,245) (245,255,245) (245,245,255) (245,245,245) (255,245,245) (245,255,245) (245,245,255) (245,245,245) (255,246,247) (246,255,247) (248,247,255) (249,249,249) (255,228,228) (228,255,196) (196,197,255) (210,210,210) (255,219,219) (219,255,226) (226,226,255) (230,230,230) (255,232,233) (232,255,232) (233,232,255) (232,233,232) (255,232,233) (232,255,232) (233,232,255) (232,233,232) (255,231,231) (231,255,231) (231,231,255) (230,230,230) (255,230,230) (230,255,230) (230,230,255) (231,231,231) (255,231,231) (231,255,231) (231,231,255) (230,230,230) (255,230,230) (230,255,228) (228,228,255) (226,226,226) (255,226,226) (226,255,226) (226,226,255) (223,223,223) (255,223,223) (223,255,223) (223,223,255) (223,223,223) (255,223,223) (223,255,223) (223,223,255) (223,223,223) (255,223,223) (223,255,223) (223,223,255) (223,223,223) (255,223,223) (223,255,223) (223,223,255) (221,221,221) (255,221,221) (221,255,221) (221,221,255) (219,219,219) (255,219,219) (219,255,221) (221,221,255) (219,219,219) (255,219,219) (219,255,219) (219,219,255) 
(76,112,71) (0,76,112) (71,0,76) (112,71,0) (76,112,71) (0,76,112) (71,0,76) (112,71,0) (76,112,71) (0,76,112) (71,0,76) (112,71,0) (76,112,71) (0,76,112) (71,0,76) (112,71,0) (76,112,71) (0,76,112) (71,0,76) (112,71,0) (76,112,71) (0,76,112) (71,0,76) (112,71,0) (76,112,71) (0,76,112) (71,0,76) (112,71,0) (76,112,71) (0,76,112) (71,0,76) (112,71,0) (76,112,71) (0,76,112) (71,0,76) (112,71,0) (76,112,71) (0,76,112) (71,0,76) (112,71,0) (76,112,71) (0,76,112) (71,0,76) (112,71,0) (76,112,71) (0,76,112) (71,0,76) (112,71,0) (76,112,71) (0,76,112) (71,0,76) (112,71,0) (76,112,71) (0,76,112) (71,0,76) (112,71,0) (76,112,71) (0,76,112) (71,0,76) (112,71,0) (76,112,71) (0,76,112) (71,0,76) (112,71,0) (76,112,71) (0,76,112) (71,0,76) (112,71,0) (76,112,71) (0,76,112) (71,0,76) (112,71,0) (1,1,1) (1,1,1) (1,1,1) (1,1,1) (1,1,1) (1,1,1) (1,5,8) (8,8,24) (3,3,3) (87,37,37) (37,255,23) (24,23,255) (23,24,23) (255,23,24) (23,255,28) (29,28,255) (232,233,232) (255,236,236) (236,255,232) (233,232,255) (230,230,230) (255,228,228) (228,255,226) (226,226,255) (226,226,226) (255,226,226) (226,255,223) (223,223,255) (223,223,223) (255,221,221) (221,255,221) (221,221,255) (219,219,219) (255,219,219) (219,255,217) (217,217,255) (217,217,217) (255,217,217) (217,255,215) (215,215,255) (214,214,214) (255,212,212) (212,255,210) (210,210,255) (212,212,212) (255,217,217) (217,255,217) (217,217,255) (223,223,223) (255,223,223) (223,255,232) (233,232,255) (232,233,232) (255,239,239) (239,255,240) (240,240,255) (247,248,247) (255,250,250) (250,255,250) (250,250,255) (250,250,250) (255,250,250) (250,255,250) (250,250,255) (250,250,250) (255,250,250) (250,255,250) (250,250,255) (250,250,250) (255,249,249) (249,255,249) (249,249,255) (249,249,249) (255,249,249) (249,255,250) (250,250,255) (249,249,249) (255,249,249) (249,255,249) (249,249,255) (249,249,249) (255,249,249) (249,255,249) (249,249,255) (249,249,249) (255,249,249) (249,255,249) (249,249,255) (249,249,249) (255,249,249) (249,255,249) (249,249,255) (249,249,249) (255,247,248) (247,255,245) (245,245,255) (245,245,245) (255,245,245) (245,255,245) (245,245,255) (245,245,245) (255,245,245) (245,255,245) (245,245,255) (245,245,245) (255,243,244) (243,255,243) (244,243,255) (243,244,243) (255,243,244) (243,255,240) (240,231,255) (241,236,205) (255,241,236) (205,255,243) (245,237,255) (243,244,243) (255,245,245) (245,255,247) (248,247,255) (249,249,249) (255,232,233) (232,255,189) (190,190,255) (204,204,204) (255,217,217) (217,255,226) (226,226,255) (230,230,230) (255,232,233) (232,255,232) (233,232,255) (232,233,232) (255,232,233) (232,255,231) (231,231,255) (231,231,231) (255,230,230) (230,255,230) (230,230,255) (230,230,230) (255,230,230) (230,255,231) (231,231,255) (231,231,231) (255,230,230) (230,255,230) (230,230,255) (228,228,228) (255,226,226) (226,255,226) (226,226,255) (226,226,226) (255,226,226) (226,255,223) (223,223,255) (226,226,226) (255,223,223) (223,255,223) (223,223,255) (223,223,223) (255,223,223) (223,255,223) (223,223,255) (223,223,223) (255,223,223) (223,255,223) (223,223,255) (223,223,223) (255,221,221) (221,255,221) (221,221,255) (221,221,221) (255,221,221) (221,255,219) (219,219,255) (221,221,221) (255,219,219) (219,255,219) (219,219,255) (221,221,221) (255,219,219) (219,255,221) (221,221,255) 
(76,112,71) (0,76,112) (71,0,76) (112,71,0) (76,112,71) (0,76,112) (71,0,76) (112,71,0) (76,112,71) (0,76,112) (71,0,76) (112,71,0) (76,112,71) (0,76,112) (71,0,76) (112,71,0) (76,112,71) (0,76,112) (71,0,76) (112,71,0) (76,112,71) (0,76,112) (71,0,76) (112,71,0) (76,112,71) (0,76,112) (71,0,76) (112,71,0) (76,112,71) (0,76,112) (71,0,76) (112,71,0) (76,112,71) (0,76,112) (71,0,76) (112,71,0) (76,112,71) (0,76,112) (71,0,76) (112,71,0) (76,112,71) (0,76,112) (71,0,76) (112,71,0) (76,112,71) (0,76,112) (71,0,76) (112,71,0) (76,112,71) (0,76,112) (71,0,76) (112,71,0) (76,112,71) (0,76,112) (71,0,76) (112,71,0) (76,112,71) (0,1,1) (1,1,1) (1,1,1) (1,1,1) (1,1,1) (1,1,1) (1,1,1) (1,1,1) (1,1,1) (1,1,1) (1,1,5) (1,1,1) (5,1,1) (1,5,1) (1,1,5) (1,1,1) (5,1,1) (1,5,1) (1,1,5) (1,1,1) (5,2,2) (2,11,2) (2,2,31) (3,3,3) (87,31,31) (31,255,23) (24,23,255) (23,24,23) (255,23,24) (23,255,87) (88,88,255) (232,233,232) (255,226,226) (226,255,221) (221,221,255) (219,219,219) (255,217,217) (217,255,215) (215,215,255) (214,214,214) (255,212,212) (212,255,212) (212,212,255) (212,212,212) (255,210,210) (210,255,217) (217,217,255) (215,215,215) (255,223,223) (223,255,223) (223,223,255) (231,231,231) (255,232,233) (232,255,238) (239,238,255) (240,240,240) (255,245,245) (245,255,250) (250,250,255) (250,250,250) (255,250,250) (250,255,250) (250,250,255) (250,250,250) (255,249,249) (249,255,249) (249,249,255) (249,249,249) (255,249,249) (249,255,247) (248,247,255) (250,250,250) (255,249,249) (249,255,249) (249,249,255) (249,249,249) (255,247,248) (247,255,247) (248,247,255) (247,248,247) (255,247,248) (247,255,247) (248,247,255) (247,248,247) (255,247,248) (247,255,247) (248,247,255) (247,248,247) (255,247,248) (247,255,247) (248,247,255) (247,248,247) (255,247,248) (247,255,247) (248,247,255) (247,248,247) (255,247,248) (247,255,247) (248,247,255) (247,248,247) (255,247,248) (247,255,247) (248,247,255) (249,249,249) (255,249,249) (249,255,247) (248,247,255) (247,248,247) (255,245,245) (245,255,243) (244,243,255) (243,244,243) (255,241,236) (205,255,241) (236,205,255) (234,220,161) (255,234,220) (161,255,234) (214,130,255) (231,208,119) (255,225,198) (101,255,222) (192,83,255) (225,193,58) (255,219,182) (43,255,219) (182,43,255) (219,182,43) (255,219,182) (43,255,222) (192,83,255) (243,245,237) (255,245,245) (245,255,246) (247,246,255) (247,248,247) (255,238,239) (238,255,184) (185,184,255) (200,201,200) (255,214,214) (214,255,223) (223,223,255) (230,230,230) (255,232,233) (232,255,232) (233,232,255) (231,231,231) (255,231,231) (231,255,230) (230,230,255) (230,230,230) (255,230,230) (230,255,230) (230,230,255) (230,230,230) (255,230,230) (230,255,230) (230,230,255) (228,228,228) (255,226,226) (226,255,226) (226,226,255) (226,226,226) (255,226,226) (226,255,226) (226,226,255) (223,223,223) (255,223,223) (223,255,223) (223,223,255) (223,223,223) (255,223,223) (223,255,223) (223,223,255) (223,223,223) (255,223,223) (223,255,223) (223,223,255) (223,223,223) (255,223,223) (223,255,221) (221,221,255) (221,221,221) (255,223,223) (223,255,221) (221,221,255) (221,221,221) (255,219,219) (219,255,219) (219,219,255) (219,219,219) (255,219,219) (219,255,221) (221,221,255) (219,219,219) (255,219,219) (219,255,219) (219,219,255) 
(76,112,71) (0,76,112) (71,0,76) (112,71,0) (76,112,71) (0,76,112) (71,0,76) (112,71,0) (76,112,71) (0,76,112) (71,0,76) (112,71,0) (76,112,71) (0,76,112) (71,0,76) (112,71,0) (76,112,71) (0,76,112) (71,0,76) (112,71,0) (76,112,71) (0,76,112) (71,0,76) (112,71,0) (76,112,71) (0,76,112) (71,0,76) (112,71,0) (76,112,71) (0,76,112) (71,0,76) (112,71,0) (76,112,71) (0,76,112) (71,0,76) (112,71,0) (76,112,71) (0,76,112) (71,0,76) (112,71,0) (76,112,71) (0,76,112) (71,0,1) (1,1,1) (1,1,1) (1,1,1) (1,1,1) (1,1,1) (1,1,1) (1,1,1) (1,1,1) (1,1,1) (1,1,1) (5,1,1) (1,5,1) (1,1,5) (1,1,1) (5,1,1) (1,5,1) (1,1,5) (1,1,1) (5,1,1) (1,5,2) (2,2,11) (2,2,2) (11,2,2) (2,11,2) (2,2,11) (2,2,2) (11,2,2) (2,11,2) (2,2,11) (2,2,2) (11,2,2) (2,17,2) (2,2,17) (2,2,2) (17,8,8) (8,24,8) (8,8,42) (3,3,3) (133,33,34) (33,255,23) (24,23,255) (23,24,23) (255,23,24) (23,255,153) (153,153,255) (223,223,223) (255,219,219) (219,255,223) (223,223,255) (223,223,223) (255,228,228) (228,255,231) (231,231,255) (234,234,234) (255,240,240) (240,255,243) (244,243,255) (250,250,250) (255,250,250) (250,255,250) (250,250,255) (250,250,250) (255,250,250) (250,255,249) (249,249,255) (249,249,249) (255,249,249) (249,255,249) (249,249,255) (247,248,247) (255,247,248) (247,255,247) (248,247,255) (247,248,247) (255,247,248) (247,255,247) (248,247,255) (247,248,247) (255,247,248) (247,255,247) (248,247,255) (247,248,247) (255,247,248) (247,255,247) (248,247,255) (247,248,247) (255,247,248) (247,255,247) (248,247,255) (247,248,247) (255,247,248) (247,255,246) (247,246,255) (246,247,246) (255,247,248) (247,255,247) (248,247,255) (247,248,247) (255,247,248) (247,255,247) (248,247,255) (247,248,247) (255,247,248) (247,255,247) (248,247,255) (247,248,247) (255,247,248) (247,255,247) (248,247,255) (247,248,247) (255,247,248) (247,255,244) (242,226,255) (244,242,226) (255,241,236) (205,255,243) (235,192,255) (241,231,179) (255,241,231) (179,255,241) (231,179,255) (240,228,165) (255,232,207) (104,255,225) (193,58,255) (219,182,43) (255,219,182) (43,255,219) (182,43,255) (219,182,43) (255,219,182) (43,255,219) (182,43,255) (219,182,43) (255,219,182) (43,255,219) (182,43,255) (219,182,43) (255,219,182) (43,255,219) (182,43,255) (219,182,43) (255,219,182) (43,255,219) (182,43,255) (243,235,192) (255,245,245) (245,255,246) (247,246,255) (247,248,247) (255,246,247) (246,255,179) (179,179,255) (196,196,197) (255,210,210) (210,255,221) (221,221,255) (228,228,228) (255,231,231) (231,255,231) (231,231,255) (228,228,228) (255,228,228) (228,255,228) (228,228,255) (228,228,228) (255,228,228) (228,255,228) (228,228,255) (228,228,228) (255,228,228) (228,255,226) (226,226,255) (223,223,223) (255,226,226) (226,255,223) (223,223,255) (223,223,223) (255,223,223) (223,255,223) (223,223,255) (223,223,223) (255,221,221) (221,255,223) (223,223,255) (221,221,221) (255,221,221) (221,255,221) (221,221,255) (221,221,221) (255,221,221) (221,255,221) (221,221,255) (221,221,221) (255,221,221) (221,255,221) (221,221,255) (219,219,219) (255,219,219) (219,255,219) (219,219,255) (217,217,217) (255,219,219) (219,255,217) (217,217,255) (219,219,219) (255,217,217) (217,255,217) (217,217,255) (217,217,217) (255,219,219) (219,255,217) (217,217,255) 
(76,112,71) (0,76,112) (71,0,76) (112,71,0) (76,112,71) (0,76,112) (71,0,76) (112,71,0) (76,112,71) (0,76,112) (71,0,76) (112,71,0) (76,112,71) (0,76,112) (71,0,76) (112,71,0) (76,112,71) (0,76,112) (71,0,76) (112,71,0) (76,112,71) (0,76,112) (71,0,76) (112,71,0) (76,112,71) (0,76,112) (71,0,76) (112,71,0) (76,112,71) (0,76,112) (71,0,76) (112,71,0) (76,112,71) (0,76,112) (71,0,76) (112,71,0) (76,112,71) (0,76,112) (71,0,1) (1,1,1) (1,1,1) (1,1,1) (1,1,1) (1,1,1) (1,1,1) (5,1,1) (1,5,1) (1,1,5) (1,1,1) (5,2,2) (2,11,2) (2,2,11) (2,2,2) (11,2,2) (2,11,2) (2,2,11) (2,2,2) (11,2,2) (2,11,2) (2,2,17) (2,2,2) (17,2,2) (2,17,2) (2,2,17) (2,2,2) (17,2,2) (2,17,8) (8,8,24) (8,8,8) (24,8,8) (8,24,8) (8,8,24) (8,8,8) (24,160,160) (160,70,160) (160,160,70) (186,186,186) (96,209,209) (209,127,209) (209,209,127) (178,178,178) (208,170,171) (170,255,204) (204,204,255) (210,210,210) (255,250,250) (250,255,250) (250,250,255) (250,250,250) (255,250,250) (250,255,250) (250,250,255) (249,249,249) (255,249,249) (249,255,249) (249,249,255) (249,249,249) (255,249,249) (249,255,247) (248,247,255) (247,248,247) (255,247,248) (247,255,247) (248,247,255) (247,248,247) (255,247,248) (247,255,247) (248,247,255) (247,248,247) (255,247,248) (247,255,247) (248,247,255) (246,247,246) (255,246,247) (246,255,246) (247,246,255) (246,247,246) (255,246,247) (246,255,246) (247,246,255) (245,245,245) (255,245,245) (245,255,246) (247,246,255) (246,247,246) (255,246,247) (246,255,246) (247,246,255) (246,247,246) (255,246,247) (246,255,246) (247,246,255) (246,247,246) (255,245,245) (245,255,246) (247,246,255) (246,247,246) (255,246,247) (246,255,246) (247,246,255) (244,242,226) (255,242,239) (216,255,241) (236,205,255) (241,231,179) (255,241,231) (179,255,234) (220,161,255) (234,220,161) (255,234,217) (142,255,234) (217,142,255) (234,214,130) (255,234,214) (130,255,231) (208,119,255) (234,214,130) (255,231,208) (119,255,234) (214,130,255) (234,214,130) (255,234,214) (130,255,234) (217,142,255) (237,222,151) (255,233,211) (74,255,225) (193,58,255) (225,193,58) (255,225,193) (58,255,225) (193,58,255) (225,193,58) (255,225,193) (58,255,219) (182,43,255) (225,193,58) (255,219,182) (43,255,225) (193,58,255) (219,182,43) (255,225,193) (58,255,225) (193,58,255) (225,193,58) (255,225,193) (58,255,225) (193,58,255) (234,223,175) (255,245,245) (245,255,246) (247,246,255) (247,248,247) (255,250,250) (250,255,179) (179,179,255) (193,194,193) (255,210,210) (210,255,221) (221,221,255) (226,226,226) (255,228,228) (228,255,228) (228,228,255) (228,228,228) (255,228,228) (228,255,228) (228,228,255) (228,228,228) (255,228,228) (228,255,226) (226,226,255) (226,226,226) (255,223,223) (223,255,223) (223,223,255) (223,223,223) (255,223,223) (223,255,223) (223,223,255) (226,226,226) (255,221,221) (221,255,223) (223,223,255) (221,221,221) (255,221,221) (221,255,221) (221,221,255) (221,221,221) (255,221,221) (221,255,221) (221,221,255) (221,221,221) (255,221,221) (221,255,221) (221,221,255) (219,219,219) (255,219,219) (219,255,219) (219,219,255) (219,219,219) (255,221,221) (221,255,217) (217,217,255) (219,219,219) (255,217,217) (217,255,217) (217,217,255) (217,217,217) (255,217,217) (217,255,219) (219,219,255) (217,217,217) (255,217,217) (217,255,217) (217,217,255) 
(76,112,71) (0,76,112) (71,0,76) (112,71,0) (76,112,71) (0,76,112) (71,0,76) (112,71,0) (76,112,71) (0,76,112) (71,0,76) (112,71,0) (76,112,71) (0,76,112) (71,0,76) (112,71,0) (76,112,71) (0,76,112) (71,0,76) (112,71,0) (76,112,71) (0,76,112) (71,0,76) (112,71,0) (76,112,71) (0,76,112) (71,0,76) (112,71,0) (76,112,71) (0,76,112) (71,0,76) (112,71,0) (76,112,71) (0,76,112) (71,0,76) (112,71,0) (76,112,71) (0,1,1) (1,1,1) (1,1,1) (1,1,1) (1,1,1) (1,5,1) (1,1,5) (2,2,2) (11,2,2) (2,11,2) (2,2,17) (2,2,2) (17,2,2) (2,17,2) (2,2,17) (8,8,8) (24,8,8) (8,24,8) (8,8,24) (8,8,8) (24,8,8) (8,24,160) (160,160,70) (160,160,160) (70,186,186) (186,96,209) (209,209,127) (209,209,209) (127,228,228) (228,163,228) (228,228,163) (242,242,242) (213,242,242) (242,213,247) (248,247,255) (250,250,250) (255,250,250) (250,255,250) (250,250,255) (250,250,250) (255,250,250) (250,255,252) (252,252,255) (252,252,252) (255,249,249) (249,255,247) (248,247,255) (247,248,247) (255,247,248) (247,255,247) (248,247,255) (247,248,247) (255,247,248) (247,255,247) (248,247,255) (246,247,246) (255,246,247) (246,255,246) (247,246,255) (246,247,246) (255,246,247) (246,255,245) (245,245,255) (245,245,245) (255,245,245) (245,255,245) (245,245,255) (245,245,245) (255,245,245) (245,255,245) (245,245,255) (243,244,243) (255,243,244) (243,255,243) (244,243,255) (243,244,243) (255,243,244) (243,255,243) (244,243,255) (243,244,243) (255,243,244) (243,255,243) (244,243,255) (243,244,243) (255,243,244) (243,255,243) (244,243,255) (243,244,243) (255,240,240) (231,255,241) (236,205,255) (241,236,205) (255,234,223) (175,255,234) (223,175,255) (234,217,142) (255,234,217) (142,255,231) (208,119,255) (231,208,119) (255,225,198) (101,255,225) (198,101,255) (232,207,104) (255,232,207) (104,255,225) (198,101,255) (232,207,104) (255,231,208) (119,255,231) (208,119,255) (231,208,119) (255,231,208) (119,255,234) (214,130,255) (234,217,142) (255,234,217) (142,255,234) (217,142,255) (234,214,130) (255,234,214) (130,255,234) (214,130,255) (234,217,142) (255,234,217) (142,255,234) (217,142,255) (234,217,142) (255,232,207) (104,255,222) (192,83,255) (222,192,83) (255,225,193) (58,255,225) (193,58,255) (225,193,58) (255,225,193) (58,255,225) (193,58,255) (225,193,58) (255,225,193) (58,255,225) (193,58,255) (225,193,58) (255,225,193) (58,255,225) (193,58,255) (225,193,58) (255,225,193) (58,255,225) (193,58,255) (234,220,161) (255,243,244) (243,255,245) (245,245,255) (247,248,247) (255,250,250) (250,255,184) (185,184,255) (189,190,190) (255,207,207) (207,255,217) (217,217,255) (226,226,226) (255,228,228) (228,255,228) (228,228,255) (228,228,228) (255,228,228) (228,255,228) (228,228,255) (226,226,226) (255,226,226) (226,255,223) (223,223,255) (223,223,223) (255,223,223) (223,255,226) (226,226,255) (223,223,223) (255,226,226) (226,255,221) (221,221,255) (221,221,221) (255,221,221) (221,255,221) (221,221,255) (221,221,221) (255,221,221) (221,255,221) (221,221,255) (221,221,221) (255,221,221) (221,255,221) (221,221,255) (221,221,221) (255,219,219) (219,255,219) (219,219,255) (219,219,219) (255,221,221) (221,255,219) (219,219,255) (219,219,219) (255,217,217) (217,255,217) (217,217,255) (217,217,217) (255,219,219) (219,255,217) (217,217,255) (219,219,219) (255,217,217) (217,255,217) (217,217,255) (217,217,217) (255,217,217) (217,255,217) (217,217,255) 
(76,112,71) (0,76,112) (71,0,76) (112,71,0) (76,112,71) (0,76,112) (71,0,76) (112,71,0) (76,112,71) (0,76,112) (71,0,76) (112,71,0) (76,112,71) (0,76,112) (71,0,76) (112,71,0) (76,112,71) (0,76,112) (71,0,76) (112,71,0) (76,112,71) (0,76,112) (71,0,76) (112,71,0) (76,112,71) (0,76,112) (71,0,76) (112,71,0) (76,112,71) (0,76,112) (71,0,76) (112,71,0) (76,112,71) (0,76,112) (71,0,76) (112,71,0) (76,112,71) (0,1,1) (1,1,1) (1,1,1) (1,1,1) (5,2,2) (2,11,2) (2,2,11) (2,2,2) (17,160,160) (160,70,186) (186,186,96) (209,209,209) (127,209,209) (209,127,228) (228,228,163) (228,228,228) (163,242,242) (242,213,242) (242,242,213) (243,244,243) (255,250,250) (250,255,250) (250,250,255) (250,250,250) (255,249,249) (249,255,249) (249,249,255) (250,250,250) (255,250,250) (250,255,250) (250,250,255) (247,248,247) (255,247,248) (247,255,247) (248,247,255) (247,248,247) (255,247,248) (247,255,247) (248,247,255) (247,248,247) (255,246,247) (246,255,246) (247,246,255) (246,247,246) (255,246,247) (246,255,246) (247,246,255) (245,245,245) (255,245,245) (245,255,245) (245,245,255) (245,245,245) (255,245,245) (245,255,245) (245,245,255) (245,245,245) (255,243,244) (243,255,243) (244,243,255) (243,244,243) (255,243,244) (243,255,243) (244,243,255) (243,244,243) (255,243,244) (243,255,243) (244,243,255) (243,244,243) (255,243,244) (243,255,243) (244,243,255) (243,244,243) (255,243,244) (243,255,240) (240,231,255) (241,236,205) (255,241,236) (205,255,234) (223,175,255) (234,223,175) (255,234,217) (142,255,234) (217,142,255) (217,199,126) (255,231,208) (119,255,222) (192,83,255) (222,192,83) (255,222,192) (83,255,222) (192,83,255) (222,192,83) (255,222,192) (83,255,225) (198,101,255) (225,198,101) (255,225,198) (101,255,225) (198,101,255) (225,198,101) (255,232,207) (104,255,232) (207,104,255) (232,207,104) (255,231,208) (119,255,231) (208,119,255) (231,208,119) (255,231,208) (119,255,231) (208,119,255) (234,214,130) (255,234,214) (130,255,234) (214,130,255) (234,214,130) (255,237,222) (151,255,237) (222,151,255) (234,217,142) (255,234,217) (142,255,237) (222,151,255) (237,222,151) (255,237,222) (151,255,237) (222,151,255) (234,217,142) (255,232,207) (104,255,232) (207,104,255) (233,211,74) (255,222,192) (83,255,222) (192,83,255) (222,192,83) (255,222,192) (83,255,222) (192,83,255) (225,193,58) (255,222,192) (83,255,225) (193,58,255) (222,192,83) (255,222,192) (83,255,225) (193,58,255) (225,193,58) (255,225,193) (58,255,222) (192,83,255) (234,223,175) (255,243,244) (243,255,245) (245,245,255) (247,248,247) (255,250,250) (250,255,184) (185,184,255) (189,190,190) (255,206,206) (206,255,217) (217,217,255) (223,223,223) (255,226,226) (226,255,228) (228,228,255) (226,226,226) (255,226,226) (226,255,226) (226,226,255) (223,223,223) (255,223,223) (223,255,223) (223,223,255) (226,226,226) (255,223,223) (223,255,223) (223,223,255) (221,221,221) (255,221,221) (221,255,221) (221,221,255) (221,221,221) (255,221,221) (221,255,221) (221,221,255) (221,221,221) (255,221,221) (221,255,221) (221,221,255) (221,221,221) (255,221,221) (221,255,219) (219,219,255) (219,219,219) (255,221,221) (221,255,219) (219,219,255) (221,221,221) (255,219,219) (219,255,217) (217,217,255) (217,217,217) (255,217,217) (217,255,219) (219,219,255) (217,217,217) (255,217,217) (217,255,217) (217,217,255) (217,217,217) (255,217,217) (217,255,217) (217,217,255) (217,217,217) (255,217,217) (217,255,217) (217,217,255) 
(76,112,71) (0,76,112) (71,0,76) (112,71,0) (76,112,71) (0,76,112) (71,0,76) (112,71,0) (76,112,71) (0,76,112) (71,0,76) (112,71,0) (76,112,71) (0,76,112) (71,0,76) (112,71,0) (76,112,71) (0,76,112) (71,0,76) (112,71,0) (76,112,71) (0,76,112) (71,0,76) (112,71,0) (76,112,71) (0,76,112) (71,0,76) (112,71,0) (76,112,71) (0,76,112) (71,0,76) (112,71,0) (76,112,71) (0,76,112) (71,0,76) (112,71,0) (76,112,71) (0,1,1) (1,1,1) (1,1,5) (2,2,2) (11,2,2) (2,11,8) (8,8,24) (240,240,240) (198,252,252) (252,255,250) (250,250,255) (250,250,250) (255,249,249) (249,255,250) (250,250,255) (247,248,247) (255,247,248) (247,255,247) (248,247,255) (247,248,247) (255,247,248) (247,255,247) (248,247,255) (247,248,247) (255,247,248) (247,255,246) (247,246,255) (246,247,246) (255,246,247) (246,255,246) (247,246,255) (246,247,246) (255,245,245) (245,255,245) (245,245,255) (245,245,245) (255,245,245) (245,255,245) (245,245,255) (245,245,245) (255,245,245) (245,255,243) (244,243,255) (243,244,243) (255,243,244) (243,255,243) (244,243,255) (243,244,243) (255,243,244) (243,255,243) (244,243,255) (243,244,243) (255,243,244) (243,255,243) (244,243,255) (243,244,243) (255,243,244) (243,255,243) (244,243,255) (242,242,242) (255,240,240) (231,255,235) (236,225,255) (234,223,175) (255,234,220) (161,255,217) (199,126,255) (217,199,126) (255,215,190) (100,255,222) (192,83,255) (208,176,71) (255,208,176) (71,255,208) (176,71,255) (208,176,71) (255,222,192) (83,255,208) (176,71,255) (222,192,83) (255,222,192) (83,255,222) (192,83,255) (222,192,83) (255,215,190) (100,255,225) (198,101,255) (222,192,83) (255,222,192) (83,255,225) (198,101,255) (225,198,101) (255,225,198) (101,255,225) (198,101,255) (225,198,101) (255,225,198) (101,255,232) (207,104,255) (225,198,101) (255,231,208) (119,255,231) (208,119,255) (231,208,119) (255,231,208) (119,255,231) (208,119,255) (234,214,130) (255,234,214) (130,255,234) (214,130,255) (234,217,142) (255,234,214) (130,255,234) (217,142,255) (234,217,142) (255,237,222) (151,255,240) (228,165,255) (237,222,151) (255,237,222) (151,255,237) (222,151,255) (237,222,151) (255,237,222) (151,255,237) (222,151,255) (234,214,130) (255,225,198) (101,255,232) (207,104,255) (232,207,104) (255,225,198) (101,255,222) (192,83,255) (222,192,83) (255,233,211) (74,255,222) (192,83,255) (225,198,101) (255,233,211) (74,255,222) (192,83,255) (222,192,83) (255,225,193) (58,255,222) (192,83,255) (222,192,83) (255,225,193) (58,255,231) (208,119,255) (234,233,215) (255,243,244) (243,255,245) (245,245,255) (247,248,247) (255,249,249) (249,255,193) (194,193,255) (189,190,190) (255,203,203) (203,255,215) (215,215,255) (223,223,223) (255,226,226) (226,255,226) (226,226,255) (226,226,226) (255,223,223) (223,255,223) (223,223,255) (223,223,223) (255,226,226) (226,255,223) (223,223,255) (223,223,223) (255,221,221) (221,255,223) (223,223,255) (221,221,221) (255,221,221) (221,255,221) (221,221,255) (221,221,221) (255,221,221) (221,255,221) (221,221,255) (221,221,221) (255,221,221) (221,255,219) (219,219,255) (219,219,219) (255,219,219) (219,255,221) (221,221,255) (219,219,219) (255,219,219) (219,255,219) (219,219,255) (219,219,219) (255,219,219) (219,255,217) (217,217,255) (219,219,219) (255,217,217) (217,255,217) (217,217,255) (217,217,217) (255,217,217) (217,255,217) (217,217,255) (217,217,217) (255,217,217) (217,255,217) (217,217,255) (217,217,217) (255,217,217) (217,255,217) (217,217,255) 
(76,112,71) (0,76,112) (71,0,76) (112,71,0) (76,112,71) (0,76,112) (71,0,76) (112,71,0) (76,112,71) (0,76,112) (71,0,76) (112,71,0) (76,112,71) (0,76,112) (71,0,76) (112,71,0) (76,112,71) (0,76,112) (71,0,76) (112,71,0) (76,112,71) (0,76,112) (71,0,76) (112,71,0) (76,112,71) (0,76,112) (71,0,76) (112,71,0) (76,112,71) (0,76,112) (71,0,76) (112,71,0) (76,112,71) (0,76,112) (71,0,76) (112,71,0) (76,112,71) (0,1,1) (1,1,1) (1,1,5) (2,2,2) (11,2,2) (2,17,186) (186,186,96) (252,252,252) (255,250,250) (250,255,247) (248,247,255) (247,248,247) (255,246,247) (246,255,246) (247,246,255) (246,247,246) (255,246,247) (246,255,246) (247,246,255) (245,245,245) (255,245,245) (245,255,245) (245,245,255) (245,245,245) (255,245,245) (245,255,245) (245,245,255) (243,244,243) (255,243,244) (243,255,243) (244,243,255) (243,244,243) (255,243,244) (243,255,243) (244,243,255) (243,244,243) (255,243,244) (243,255,243) (244,243,255) (243,244,243) (255,243,244) (243,255,243) (244,243,255) (243,244,243) (255,243,244) (243,255,235) (236,225,255) (240,240,231) (255,234,233) (215,255,234) (233,215,255) (227,225,205) (255,231,226) (191,255,231) (226,191,255) (222,215,178) (255,219,217) (192,255,242) (250,254,255) (242,250,254) (255,242,250) (254,255,242) (250,254,255) (236,236,236) (255,234,233) (215,255,220) (208,154,255) (220,208,154) (255,220,208) (154,255,217) (199,126,255) (215,190,100) (255,208,176) (71,255,222) (192,83,255) (222,192,83) (255,222,192) (83,255,222) (192,83,255) (215,190,100) (255,222,192) (83,255,215) (190,100,255) (225,198,101) (255,225,198) (101,255,225) (198,101,255) (225,198,101) (255,225,198) (101,255,225) (198,101,255) (225,198,101) (255,217,199) (126,255,231) (208,119,255) (225,198,101) (255,231,208) (119,255,231) (208,119,255) (231,208,119) (255,231,208) (119,255,231) (208,119,255) (234,214,130) (255,234,214) (130,255,234) (214,130,255) (234,217,142) (255,234,217) (142,255,234) (217,142,255) (234,217,142) (255,234,217) (142,255,237) (222,151,255) (234,217,142) (255,237,222) (151,255,240) (228,165,255) (240,228,165) (255,240,228) (165,255,237) (222,151,255) (240,228,165) (255,240,228) (165,255,240) (228,165,255) (234,214,130) (255,232,207) (104,255,232) (207,104,255) (231,208,119) (255,232,207) (104,255,232) (207,104,255) (232,207,104) (255,225,198) (101,255,232) (207,104,255) (225,198,101) (255,225,198) (101,255,232) (207,104,255) (225,198,101) (255,233,211) (74,255,225) (198,101,255) (237,222,151) (255,231,226) (191,255,231) (226,191,255) (241,236,205) (255,243,244) (243,255,245) (245,245,255) (246,247,246) (255,249,249) (249,255,200) (201,200,255) (184,185,184) (255,200,201) (200,255,210) (210,210,255) (217,217,217) (255,221,221) (221,255,223) (223,223,255) (223,223,223) (255,223,223) (223,255,221) (221,221,255) (223,223,223) (255,221,221) (221,255,221) (221,221,255) (221,221,221) (255,219,219) (219,255,219) (219,219,255) (219,219,219) (255,219,219) (219,255,219) (219,219,255) (219,219,219) (255,219,219) (219,255,219) (219,219,255) (219,219,219) (255,219,219) (219,255,219) (219,219,255) (219,219,219) (255,217,217) (217,255,217) (217,217,255) (217,217,217) (255,219,219) (219,255,217) (217,217,255) (219,219,219) (255,215,215) (215,255,215) (215,215,255) (215,215,215) (255,215,215) (215,255,217) (217,217,255) (215,215,215) (255,215,215) (215,255,215) (215,215,255) (215,215,215) (255,215,215) (215,255,215) (215,215,255) (215,215,215) (255,215,215) (215,255,215) (215,215,255) 
(76,112,71) (0,76,112) (71,0,76) (112,71,0) (76,112,71) (0,76,112) (71,0,76) (112,71,0) (76,112,71) (0,76,112) (71,0,76) (112,71,0) (76,112,71) (0,76,112) (71,0,76) (112,71,0) (76,112,71) (0,76,112) (71,0,76) (112,71,0) (76,112,71) (0,76,112) (71,0,76) (112,71,0) (76,112,71) (0,76,112) (71,0,76) (112,71,0) (76,112,71) (0,76,112) (71,0,76) (112,71,0) (76,112,71) (0,76,112) (71,0,76) (112,71,0) (1,1,1) (1,1,1) (1,5,2) (2,2,11) (2,2,2) (17,8,8) (8,24,186) (186,186,96) (250,250,250) (255,247,248) (247,255,246) (247,246,255) (243,244,243) (255,243,244) (243,255,243) (244,243,255) (243,244,243) (255,243,244) (243,255,243) (244,243,255) (243,244,243) (255,243,244) (243,255,243) (244,243,255) (243,244,243) (255,243,244) (243,255,243) (244,243,255) (242,242,242) (255,242,242) (242,255,242) (242,242,255) (234,233,215) (255,234,233) (215,255,231) (226,191,255) (222,215,178) (255,234,220) (161,255,220) (208,154,255) (220,208,154) (255,217,199) (126,255,215) (190,100,255) (204,179,89) (255,226,226) (226,255,242) (250,254,255) (242,250,254) (255,242,250) (254,255,252) (252,252,255) (252,252,252) (255,252,252) (252,255,242) (250,254,255) (242,250,254) (255,242,250) (254,255,243) (244,243,255) (237,244,242) (255,237,244) (242,255,243) (244,243,255) (242,250,254) (255,242,250) (254,255,242) (250,254,255) (242,250,254) (255,242,250) (254,255,242) (250,254,255) (242,250,254) (255,217,199) (126,255,208) (176,71,255) (222,192,83) (255,222,192) (83,255,215) (190,100,255) (225,198,101) (255,225,198) (101,255,225) (198,101,255) (225,198,101) (255,225,198) (101,255,225) (198,101,255) (217,199,126) (255,225,198) (101,255,231) (208,119,255) (217,199,126) (255,231,208) (119,255,231) (208,119,255) (231,208,119) (255,231,208) (119,255,217) (199,126,255) (231,208,119) (255,231,208) (119,255,234) (214,130,255) (234,214,130) (255,234,217) (142,255,234) (217,142,255) (234,217,142) (255,234,217) (142,255,237) (222,151,255) (237,222,151) (255,237,222) (151,255,237) (222,151,255) (237,222,151) (255,237,222) (151,255,240) (228,165,255) (240,228,165) (255,240,228) (165,255,240) (228,165,255) (240,228,165) (255,240,228) (165,255,240) (228,165,255) (231,208,119) (255,232,207) (104,255,232) (207,104,255) (231,208,119) (255,234,214) (130,255,232) (207,104,255) (232,207,104) (255,232,207) (104,255,232) (207,104,255) (232,207,104) (255,232,207) (104,255,222) (192,83,255) (232,207,104) (255,225,198) (101,255,232) (207,104,255) (234,220,161) (255,240,240) (240,255,242) (250,254,255) (242,250,254) (255,242,242) (242,255,243) (244,243,255) (246,247,246) (255,247,248) (247,255,204) (204,204,255) (179,179,179) (255,196,196) (197,255,207) (207,207,255) (217,217,217) (255,221,221) (221,255,223) (223,223,255) (221,221,221) (255,221,221) (221,255,221) (221,221,255) (221,221,221) (255,221,221) (221,255,219) (219,219,255) (219,219,219) (255,221,221) (221,255,219) (219,219,255) (219,219,219) (255,219,219) (219,255,219) (219,219,255) (219,219,219) (255,219,219) (219,255,219) (219,219,255) (219,219,219) (255,217,217) (217,255,217) (217,217,255) (217,217,217) (255,219,219) (219,255,217) (217,217,255) (219,219,219) (255,217,217) (217,255,215) (215,215,255) (215,215,215) (255,217,217) (217,255,215) (215,215,255) (217,217,217) (255,215,215) (215,255,215) (215,215,255) (215,215,215) (255,215,215) (215,255,215) (215,215,255) (215,215,215) (255,215,215) (215,255,215) (215,215,255) (215,215,215) (255,215,215) (215,255,215) (215,215,255) 
(76,112,71) (0,76,112) (71,0,76) (112,71,0) (76,112,71) (0,76,112) (71,0,76) (112,71,0) (76,112,71) (0,76,112) (71,0,76) (112,71,0) (76,112,71) (0,76,112) (71,0,76) (112,71,0) (76,112,71) (0,76,112) (71,0,76) (112,71,0) (76,112,71) (0,76,112) (71,0,76) (112,71,0) (76,112,71) (0,76,112) (71,0,76) (112,71,0) (76,112,71) (0,76,112) (71,0,76) (112,71,0) (76,112,71) (0,76,112) (71,0,76) (112,71,0) (1,1,1) (1,1,1) (1,5,2) (2,2,11) (2,2,2) (17,2,2) (2,31,160) (160,160,70) (250,250,250) (255,247,248) (247,255,245) (245,245,255) (243,244,243) (255,242,242) (242,255,242) (242,242,255) (242,242,242) (255,242,242) (242,255,242) (242,242,255) (242,242,242) (255,237,244) (242,255,242) (242,242,255) (237,244,242) (255,237,244) (242,255,227) (247,251,255) (230,230,230) (255,226,227) (216,255,220) (208,154,255) (204,179,89) (255,204,179) (89,255,204) (179,89,255) (208,176,71) (255,208,176) (71,255,204) (179,89,255) (204,179,89) (255,222,192) (83,255,204) (179,89,255) (211,207,173) (255,242,250) (254,255,242) (250,254,255) (237,244,242) (255,242,242) (242,255,237) (244,242,255) (243,244,243) (255,243,244) (243,255,243) (244,243,255) (240,240,240) (255,237,244) (242,255,240) (240,240,255) (238,239,238) (255,230,238) (237,255,230) (238,237,255) (231,241,241) (255,231,241) (241,255,237) (244,242,255) (237,244,242) (255,242,242) (242,255,237) (244,242,255) (242,250,254) (255,222,215) (178,255,215) (190,100,255) (215,190,100) (255,222,192) (83,255,215) (190,100,255) (215,190,100) (255,225,198) (101,255,215) (190,100,255) (217,199,126) (255,225,198) (101,255,231) (208,119,255) (225,198,101) (255,231,208) (119,255,231) (208,119,255) (231,208,119) (255,231,208) (119,255,217) (199,126,255) (234,214,130) (255,231,208) (119,255,234) (214,130,255) (234,214,130) (255,234,214) (130,255,234) (217,142,255) (234,217,142) (255,234,217) (142,255,234) (217,142,255) (234,217,142) (255,237,222) (151,255,237) (222,151,255) (234,220,161) (255,234,220) (161,255,234) (220,161,255) (234,220,161) (255,240,228) (165,255,240) (228,165,255) (240,228,165) (255,241,231) (179,255,241) (231,179,255) (240,228,165) (255,240,228) (165,255,241) (231,179,255) (231,208,119) (255,232,207) (104,255,232) (207,104,255) (232,207,104) (255,234,214) (130,255,234) (214,130,255) (232,207,104) (255,232,207) (104,255,231) (208,119,255) (232,207,104) (255,232,207) (104,255,232) (207,104,255) (232,207,104) (255,232,207) (104,255,232) (207,104,255) (222,192,83) (255,231,208) (119,255,237) (222,151,255) (243,235,192) (255,242,242) (242,255,243) (244,243,255) (245,245,245) (255,247,248) (247,255,210) (210,210,255) (179,179,179) (255,193,194) (193,255,207) (207,207,255) (214,214,214) (255,219,219) (219,255,221) (221,221,255) (221,221,221) (255,221,221) (221,255,219) (219,219,255) (221,221,221) (255,219,219) (219,255,219) (219,219,255) (221,221,221) (255,219,219) (219,255,219) (219,219,255) (219,219,219) (255,219,219) (219,255,219) (219,219,255) (219,219,219) (255,219,219) (219,255,217) (217,217,255) (217,217,217) (255,219,219) (219,255,217) (217,217,255) (219,219,219) (255,217,217) (217,255,217) (217,217,255) (217,217,217) (255,215,215) (215,255,217) (217,217,255) (215,215,215) (255,215,215) (215,255,215) (215,215,255) (215,215,215) (255,215,215) (215,255,215) (215,215,255) (215,215,215) (255,215,215) (215,255,215) (215,215,255) (215,215,215) (255,215,215) (215,255,215) (215,215,255) (215,215,215) (255,215,215) (215,255,215) (215,215,255) 
(76,112,71) (0,76,112) (71,0,76) (112,71,0) (76,112,71) (0,76,112) (71,0,76) (112,71,0) (76,112,71) (0,76,112) (71,0,76) (112,71,0) (76,112,71) (0,76,112) (71,0,76) (112,71,0) (76,112,71) (0,76,112) (71,0,76) (112,71,0) (76,112,71) (0,76,112) (71,0,76) (112,71,0) (76,112,71) (0,76,112) (71,0,76) (112,71,0) (76,112,71) (0,76,112) (71,0,76) (112,71,0) (76,112,71) (0,76,112) (71,0,76) (112,71,0) (1,1,1) (1,1,1) (1,5,2) (2,2,11) (8,8,8) (24,8,8) (8,42,68) (68,68,76) (250,250,250) (255,247,248) (247,255,243) (244,243,255) (243,244,243) (255,242,242) (242,255,242) (242,242,255) (242,242,242) (255,237,244) (242,255,231) (241,241,255) (237,244,242) (255,237,244) (242,255,231) (241,241,255) (237,244,242) (255,237,244) (242,255,237) (244,242,255) (242,250,254) (255,242,250) (254,255,242) (250,254,255) (231,231,231) (255,228,228) (228,255,236) (236,236,255) (227,225,205) (255,220,208) (154,255,207) (195,153,255) (217,199,126) (255,217,199) (126,255,217) (199,126,255) (234,234,234) (255,242,250) (254,255,237) (244,242,255) (237,244,242) (255,231,241) (241,255,231) (241,241,255) (230,238,237) (255,231,241) (241,255,231) (241,241,255) (237,238,237) (255,230,238) (237,255,231) (241,241,255) (230,238,237) (255,226,227) (216,255,226) (226,226,255) (232,233,232) (255,232,233) (232,255,230) (238,237,255) (238,239,238) (255,238,239) (238,255,231) (241,241,255) (237,244,242) (255,242,250) (254,255,239) (239,239,255) (234,234,234) (255,231,226) (191,255,215) (190,100,255) (215,190,100) (255,215,190) (100,255,215) (190,100,255) (225,198,101) (255,225,198) (101,255,225) (198,101,255) (231,208,119) (255,217,199) (126,255,234) (214,130,255) (217,199,126) (255,234,214) (130,255,234) (214,130,255) (234,214,130) (255,234,217) (142,255,234) (217,142,255) (234,217,142) (255,234,217) (142,255,234) (217,142,255) (234,217,142) (255,234,217) (142,255,237) (222,151,255) (237,222,151) (255,234,220) (161,255,237) (222,151,255) (234,220,161) (255,240,228) (165,255,240) (228,165,255) (240,228,165) (255,240,228) (165,255,240) (228,165,255) (241,231,179) (255,241,231) (179,255,241) (231,179,255) (241,231,179) (255,241,231) (179,255,240) (228,165,255) (231,208,119) (255,231,208) (119,255,231) (208,119,255) (231,208,119) (255,234,214) (130,255,234) (214,130,255) (234,214,130) (255,231,208) (119,255,232) (207,104,255) (231,208,119) (255,232,207) (104,255,232) (207,104,255) (232,207,104) (255,232,207) (104,255,232) (207,104,255) (232,207,104) (255,232,207) (104,255,222) (192,83,255) (232,207,104) (255,242,242) (242,255,243) (244,243,255) (245,245,245) (255,247,248) (247,255,217) (217,217,255) (170,171,170) (255,184,185) (184,255,200) (201,200,255) (210,210,210) (255,215,215) (215,255,217) (217,217,255) (217,217,217) (255,217,217) (217,255,217) (217,217,255) (219,219,219) (255,219,219) (219,255,219) (219,219,255) (219,219,219) (255,219,219) (219,255,219) (219,219,255) (219,219,219) (255,219,219) (219,255,219) (219,219,255) (217,217,217) (255,217,217) (217,255,219) (219,219,255) (217,217,217) (255,217,217) (217,255,217) (217,217,255) (217,217,217) (255,219,219) (219,255,215) (215,215,255) (217,217,217) (255,215,215) (215,255,215) (215,215,255) (215,215,215) (255,215,215) (215,255,215) (215,215,255) (215,215,215) (255,215,215) (215,255,215) (215,215,255) (215,215,215) (255,215,215) (215,255,215) (215,215,255) (215,215,215) (255,215,215) (215,255,215) (215,215,255) (215,215,215) (255,215,215) (215,255,215) (215,215,255) 
(76,112,71) (0,76,112) (71,0,76) (112,71,0) (76,112,71) (0,76,112) (71,0,76) (112,71,0) (76,112,71) (0,76,112) (71,0,76) (112,71,0) (76,112,71) (0,76,112) (71,0,76) (112,71,0) (76,112,71) (0,76,112) (71,0,76) (112,71,0) (76,112,71) (0,76,112) (71,0,76) (112,71,0) (76,112,71) (0,76,112) (71,0,76) (112,71,0) (76,112,71) (0,76,112) (71,0,76) (112,71,0) (76,112,71) (0,76,112) (71,0,76) (112,71,0) (1,1,1) (1,1,1) (1,5,2) (2,2,11) (8,8,8) (24,8,8) (8,42,1) (1,1,62) (249,249,249) (255,247,248) (247,255,243) (244,243,255) (243,244,243) (255,242,242) (242,255,242) (242,242,255) (249,249,249) (255,231,241) (241,255,231) (241,241,255) (227,247,251) (255,230,238) (237,255,231) (241,241,255) (231,241,241) (255,231,241) (241,255,237) (244,242,255) (237,244,242) (255,237,244) (242,255,237) (244,242,255) (237,244,242) (255,242,250) (254,255,242) (250,254,255) (242,250,254) (255,242,250) (254,255,237) (244,242,255) (226,227,216) (255,219,217) (192,255,211) (207,173,255) (222,215,178) (255,227,225) (205,255,240) (240,231,255) (238,239,238) (255,238,239) (238,255,237) (244,242,255) (231,241,241) (255,230,238) (237,255,226) (233,231,255) (228,228,228) (255,226,233) (231,255,232) (233,232,255) (230,238,237) (255,226,226) (226,255,226) (227,216,255) (232,233,232) (255,230,238) (237,255,237) (238,237,255) (237,238,237) (255,230,238) (237,255,230) (238,237,255) (240,240,240) (255,243,244) (243,255,246) (247,246,255) (242,250,254) (255,252,252) (252,255,234) (233,215,255) (220,208,154) (255,220,208) (154,255,222) (215,178,255) (234,220,161) (255,234,220) (161,255,220) (208,154,255) (231,208,119) (255,231,208) (119,255,234) (214,130,255) (234,214,130) (255,234,214) (130,255,234) (217,142,255) (234,217,142) (255,234,217) (142,255,220) (208,154,255) (234,217,142) (255,234,217) (142,255,234) (220,161,255) (237,222,151) (255,234,220) (161,255,234) (220,161,255) (234,220,161) (255,234,220) (161,255,240) (228,165,255) (240,228,165) (255,240,228) (165,255,240) (228,165,255) (240,228,165) (255,241,231) (179,255,240) (228,165,255) (241,231,179) (255,241,231) (179,255,243) (235,192,255) (241,231,179) (255,241,231) (179,255,237) (222,151,255) (234,214,130) (255,231,208) (119,255,234) (214,130,255) (231,208,119) (255,234,214) (130,255,234) (217,142,255) (234,217,142) (255,234,214) (130,255,231) (208,119,255) (234,214,130) (255,231,208) (119,255,231) (208,119,255) (234,214,130) (255,234,214) (130,255,234) (214,130,255) (234,214,130) (255,234,214) (130,255,234) (214,130,255) (234,214,130) (255,240,240) (231,255,243) (244,243,255) (245,245,245) (255,247,248) (247,255,223) (223,223,255) (161,162,161) (255,179,179) (179,255,189) (190,190,255) (200,201,200) (255,207,207) (207,255,210) (210,210,255) (212,212,212) (255,214,214) (214,255,215) (215,215,255) (215,215,215) (255,217,217) (217,255,217) (217,217,255) (219,219,219) (255,219,219) (219,255,219) (219,219,255) (219,219,219) (255,217,217) (217,255,217) (217,217,255) (219,219,219) (255,217,217) (217,255,217) (217,217,255) (217,217,217) (255,219,219) (219,255,217) (217,217,255) (217,217,217) (255,215,215) (215,255,215) (215,215,255) (215,215,215) (255,215,215) (215,255,215) (215,215,255) (215,215,215) (255,215,215) (215,255,215) (215,215,255) (215,215,215) (255,215,215) (215,255,215) (215,215,255) (215,215,215) (255,215,215) (215,255,215) (215,215,255) (215,215,215) (255,215,215) (215,255,215) (215,215,255) (215,215,215) (255,215,215) (215,255,215) (215,215,255) 
(76,112,71) (0,76,112) (71,0,76) (112,71,0) (76,112,71) (0,76,112) (71,0,76) (112,71,0) (76,112,71) (0,76,112) (71,0,76) (112,71,0) (76,112,71) (0,76,112) (71,0,76) (112,71,0) (76,112,71) (0,76,112) (71,0,76) (112,71,0) (76,112,71) (0,76,112) (71,0,76) (112,71,0) (76,112,71) (0,76,112) (71,0,76) (112,71,0) (76,112,71) (0,76,112) (71,0,76) (112,71,0) (76,112,71) (0,76,112) (71,0,76) (112,71,0) (1,1,1) (1,1,1) (1,5,2) (2,2,11) (8,8,8) (24,8,8) (8,42,1) (1,1,62) (246,246,246) (234,246,247) (246,255,243) (244,243,255) (242,242,242) (255,240,240) (240,255,245) (245,245,255) (252,252,252) (255,231,241) (241,255,231) (241,241,255) (223,235,240) (255,231,241) (241,255,231) (241,241,255) (231,241,241) (255,231,241) (241,255,231) (241,241,255) (237,238,237) (255,231,241) (241,255,231) (241,241,255) (237,244,242) (255,231,241) (241,255,237) (244,242,255) (231,241,241) (255,237,244) (242,255,237) (244,242,255) (246,247,246) (255,238,239) (238,255,223) (223,223,255) (227,225,205) (255,219,217) (192,255,227) (225,205,255) (226,227,216) (255,235,236) (225,255,243) (245,237,255) (243,245,237) (255,238,239) (238,255,230) (238,237,255) (226,233,231) (255,230,238) (237,255,238) (239,238,255) (231,241,241) (255,226,233) (231,255,226) (233,231,255) (230,238,237) (255,230,238) (237,255,234) (234,234,255) (232,233,232) (255,232,233) (232,255,230) (238,237,255) (231,241,241) (255,237,244) (242,255,242) (242,242,255) (242,242,242) (255,243,244) (243,255,249) (249,249,255) (242,250,254) (255,252,252) (252,255,242) (250,254,255) (242,250,254) (255,242,250) (254,255,242) (250,254,255) (231,226,191) (255,231,208) (119,255,234) (214,130,255) (234,217,142) (255,220,208) (154,255,234) (217,142,255) (234,217,142) (255,234,217) (142,255,234) (217,142,255) (237,222,151) (255,237,222) (151,255,234) (220,161,255) (234,220,161) (255,234,220) (161,255,234) (220,161,255) (240,228,165) (255,240,228) (165,255,240) (228,165,255) (240,228,165) (255,234,223) (175,255,241) (231,179,255) (241,231,179) (255,241,231) (179,255,241) (231,179,255) (241,231,179) (255,241,231) (179,255,243) (235,192,255) (243,235,192) (255,243,235) (192,255,237) (222,151,255) (234,214,130) (255,234,214) (130,255,234) (214,130,255) (234,214,130) (255,234,214) (130,255,234) (214,130,255) (237,222,151) (255,234,217) (142,255,234) (217,142,255) (237,222,151) (255,234,220) (161,255,234) (220,161,255) (234,223,175) (255,231,226) (191,255,231) (226,191,255) (227,225,205) (255,231,226) (191,255,231) (226,191,255) (231,226,191) (255,240,240) (231,255,242) (242,242,255) (243,244,243) (255,247,248) (247,255,232) (233,232,255) (161,162,161) (255,174,175) (175,255,184) (185,184,255) (196,196,197) (255,206,206) (206,255,200) (201,200,255) (203,203,203) (255,206,206) (206,255,209) (209,209,255) (210,210,210) (255,214,214) (214,255,215) (215,215,255) (215,215,215) (255,217,217) (217,255,217) (217,217,255) (217,217,217) (255,217,217) (217,255,215) (215,215,255) (215,215,215) (255,215,215) (215,255,217) (217,217,255) (215,215,215) (255,214,214) (214,255,214) (214,214,255) (214,214,214) (255,214,214) (214,255,214) (214,214,255) (214,214,214) (255,214,214) (214,255,212) (212,212,255) (212,212,212) (255,212,212) (212,255,212) (212,212,255) (212,212,212) (255,212,212) (212,255,212) (212,212,255) (212,212,212) (255,212,212) (212,255,212) (212,212,255) (212,212,212) (255,212,212) (212,255,212) (212,212,255) (212,212,212) (255,212,212) (212,255,212) (212,212,255) 
(76,112,71) (0,76,112) (71,0,76) (112,71,0) (76,112,71) (0,76,112) (71,0,76) (112,71,0) (76,112,71) (0,76,112) (71,0,76) (112,71,0) (76,112,71) (0,76,112) (71,0,76) (112,71,0) (76,112,71) (0,76,112) (71,0,76) (112,71,0) (76,112,71) (0,76,112) (71,0,76) (112,71,0) (76,112,71) (0,76,112) (71,0,76) (112,71,0) (76,112,71) (0,76,112) (71,0,76) (112,71,0) (76,112,71) (0,76,112) (71,0,76) (112,71,0) (1,1,1) (1,1,1) (1,5,2) (2,2,11) (8,8,8) (24,8,8) (8,42,1) (1,1,62) (232,232,232) (234,247,248) (247,255,243) (244,243,255) (242,242,242) (255,240,240) (240,255,243) (244,243,255) (252,252,252) (255,231,241) (241,255,231) (241,241,255) (231,241,241) (255,231,241) (241,255,223) (235,240,255) (223,235,240) (255,230,238) (237,255,230) (238,237,255) (231,241,241) (255,231,241) (241,255,230) (238,237,255) (230,238,237) (255,230,238) (237,255,230) (238,237,255) (231,241,241) (255,231,241) (241,255,237) (244,242,255) (231,241,241) (255,237,244) (242,255,237) (244,242,255) (230,238,237) (255,230,238) (237,255,230) (238,237,255) (232,233,232) (255,230,238) (237,255,230) (238,237,255) (231,241,241) (255,237,244) (242,255,238) (239,238,255) (238,239,238) (255,237,244) (242,255,237) (244,242,255) (237,244,242) (255,231,241) (241,255,230) (238,237,255) (237,238,237) (255,237,238) (237,255,230) (238,237,255) (236,236,236) (255,236,236) (236,255,237) (238,237,255) (237,244,242) (255,243,244) (243,255,243) (244,243,255) (246,248,242) (255,246,248) (242,255,245) (245,245,255) (246,247,246) (255,247,248) (247,255,246) (247,246,255) (246,247,246) (255,246,247) (246,255,242) (250,254,255) (246,247,246) (255,231,226) (191,255,234) (217,142,255) (234,217,142) (255,234,217) (142,255,234) (220,161,255) (234,220,161) (255,234,220) (161,255,234) (220,161,255) (234,220,161) (255,234,220) (161,255,234) (220,161,255) (234,220,161) (255,240,228) (165,255,234) (223,175,255) (240,228,165) (255,234,223) (175,255,241) (231,179,255) (241,231,179) (255,241,231) (179,255,241) (231,179,255) (241,231,179) (255,241,231) (179,255,243) (235,192,255) (243,235,192) (255,243,235) (192,255,243) (235,192,255) (243,235,192) (255,243,235) (192,255,237) (222,151,255) (234,217,142) (255,234,217) (142,255,234) (214,130,255) (234,217,142) (255,234,214) (130,255,234) (217,142,255) (237,222,151) (255,237,222) (151,255,237) (222,151,255) (234,217,142) (255,234,217) (142,255,234) (217,142,255) (234,217,142) (255,234,217) (142,255,234) (217,142,255) (234,217,142) (255,237,222) (151,255,234) (217,142,255) (234,217,142) (255,242,239) (216,255,242) (242,242,255) (243,244,243) (255,246,247) (246,255,243) (244,243,255) (193,194,193) (255,212,212) (212,255,228) (228,228,255) (239,239,239) (255,247,248) (247,255,252) (252,252,255) (250,250,250) (255,219,219) (219,255,203) (203,203,255) (207,207,207) (255,210,210) (210,255,214) (214,214,255) (215,215,215) (255,215,215) (215,255,215) (215,215,255) (215,215,215) (255,215,215) (215,255,215) (215,215,255) (217,217,217) (255,215,215) (215,255,214) (214,214,255) (214,214,214) (255,214,214) (214,255,214) (214,214,255) (214,214,214) (255,214,214) (214,255,212) (212,212,255) (212,212,212) (255,212,212) (212,255,214) (214,214,255) (212,212,212) (255,214,214) (214,255,212) (212,212,255) (214,214,214) (255,212,212) (212,255,214) (214,214,255) (212,212,212) (255,214,214) (214,255,212) (212,212,255) (214,214,214) (255,212,212) (212,255,214) (214,214,255) (212,212,212) (255,214,214) (214,255,212) (212,212,255) 
(76,112,71) (0,76,112) (71,0,76) (112,71,0) (76,112,71) (0,76,112) (71,0,76) (112,71,0) (76,112,71) (0,76,112) (71,0,76) (112,71,0) (76,112,71) (0,76,112) (71,0,76) (112,71,0) (76,112,71) (0,76,112) (71,0,76) (112,71,0) (76,112,71) (0,76,112) (71,0,76) (112,71,0) (76,112,71) (0,76,112) (71,0,76) (112,71,0) (76,112,71) (0,76,112) (71,0,76) (112,71,0) (76,112,71) (0,76,112) (71,0,76) (112,71,0) (76,112,71) (0,1,1) (1,5,2) (2,2,11) (8,8,8) (24,8,8) (8,42,1) (1,1,62) (221,221,221) (222,247,248) (247,255,243) (244,243,255) (242,242,242) (255,240,240) (240,255,243) (244,243,255) (253,254,254) (255,231,241) (241,255,237) (244,242,255) (231,241,241) (255,231,241) (241,255,231) (241,241,255) (231,241,241) (255,231,241) (241,255,223) (235,240,255) (230,238,237) (255,230,238) (237,255,231) (241,241,255) (231,241,241) (255,231,241) (241,255,231) (241,241,255) (231,241,241) (255,230,238) (237,255,237) (244,242,255) (238,239,238) (255,243,245) (237,255,243) (245,237,255) (237,244,242) (255,231,241) (241,255,231) (241,241,255) (231,241,241) (255,230,238) (237,255,230) (238,237,255) (230,238,237) (255,230,238) (237,255,231) (241,241,255) (237,244,242) (255,237,238) (237,255,231) (241,241,255) (230,238,237) (255,230,238) (237,255,226) (233,231,255) (232,233,232) (255,226,233) (231,255,232) (233,232,255) (235,236,225) (255,235,236) (225,255,230) (238,237,255) (237,244,242) (255,242,242) (242,255,243) (245,237,255) (242,242,242) (255,237,244) (242,255,237) (244,242,255) (243,244,243) (255,246,248) (242,255,246) (248,242,255) (246,248,242) (255,246,248) (242,255,246) (248,242,255) (242,250,254) (255,246,247) (246,255,237) (222,151,255) (234,217,142) (255,234,220) (161,255,234) (220,161,255) (237,222,151) (255,234,220) (161,255,234) (220,161,255) (234,220,161) (255,234,223) (175,255,234) (223,175,255) (234,223,175) (255,241,231) (179,255,241) (231,179,255) (241,231,179) (255,241,231) (179,255,241) (231,179,255) (241,231,179) (255,241,231) (179,255,243) (235,192,255) (241,231,179) (255,243,235) (192,255,243) (235,192,255) (243,235,192) (255,243,235) (192,255,243) (235,192,255) (243,235,192) (255,243,235) (192,255,237) (222,151,255) (237,222,151) (255,237,222) (151,255,237) (222,151,255) (234,217,142) (255,237,222) (151,255,237) (222,151,255) (237,222,151) (255,240,228) (165,255,237) (222,151,255) (237,222,151) (255,234,217) (142,255,234) (217,142,255) (234,217,142) (255,234,217) (142,255,234) (214,130,255) (234,217,142) (255,234,214) (130,255,234) (214,130,255) (234,217,142) (255,241,236) (205,255,242) (242,242,255) (243,244,243) (255,246,247) (246,255,249) (249,249,255) (189,190,190) (255,207,207) (207,255,226) (226,226,255) (237,238,237) (255,243,244) (243,255,249) (249,249,255) (250,250,250) (255,250,250) (250,255,196) (196,197,255) (203,203,203) (255,207,207) (207,255,212) (212,212,255) (215,215,215) (255,215,215) (215,255,217) (217,217,255) (215,215,215) (255,217,217) (217,255,215) (215,215,255) (214,214,214) (255,214,214) (214,255,214) (214,214,255) (214,214,214) (255,214,214) (214,255,214) (214,214,255) (212,212,212) (255,212,212) (212,255,214) (214,214,255) (212,212,212) (255,214,214) (214,255,212) (212,212,255) (212,212,212) (255,212,212) (212,255,212) (212,212,255) (212,212,212) (255,212,212) (212,255,212) (212,212,255) (212,212,212) (255,212,212) (212,255,212) (212,212,255) (212,212,212) (255,212,212) (212,255,212) (212,212,255) (212,212,212) (255,212,212) (212,255,212) (212,212,255) 
(76,112,71) (0,76,112) (71,0,76) (112,71,0) (76,112,71) (0,76,112) (71,0,76) (112,71,0) (76,112,71) (0,76,112) (71,0,76) (112,71,0) (76,112,71) (0,76,112) (71,0,76) (112,71,0) (76,112,71) (0,76,112) (71,0,76) (112,71,0) (76,112,71) (0,76,112) (71,0,76) (112,71,0) (76,112,71) (0,76,112) (71,0,76) (112,71,0) (76,112,71) (0,76,112) (71,0,76) (112,71,0) (76,112,71) (0,76,112) (71,0,76) (112,71,0) (76,112,71) (0,1,1) (1,5,2) (2,2,11) (8,8,8) (24,8,8) (8,42,1) (1,1,62) (218,218,218) (198,247,248) (247,255,243) (244,243,255) (242,242,242) (255,240,240) (240,255,240) (240,240,255) (253,254,254) (255,231,241) (241,255,231) (241,241,255) (231,241,241) (255,231,241) (241,255,231) (241,241,255) (223,235,240) (255,231,241) (241,255,230) (238,237,255) (230,238,237) (255,230,238) (237,255,230) (238,237,255) (231,241,241) (255,230,238) (237,255,231) (241,241,255) (230,238,237) (255,231,241) (241,255,231) (241,241,255) (237,244,242) (255,238,239) (238,255,238) (239,238,255) (237,244,242) (255,237,244) (242,255,231) (241,241,255) (231,241,241) (255,231,241) (241,255,231) (241,241,255) (231,241,241) (255,231,241) (241,255,230) (238,237,255) (230,238,237) (255,237,238) (237,255,237) (238,237,255) (231,241,241) (255,230,238) (237,255,230) (238,237,255) (232,233,232) (255,230,238) (237,255,226) (233,231,255) (232,233,232) (255,228,228) (228,255,226) (233,231,255) (230,238,237) (255,237,244) (242,255,237) (244,242,255) (237,244,242) (255,237,244) (242,255,237) (244,242,255) (237,244,242) (255,243,244) (243,255,243) (245,237,255) (243,245,237) (255,243,244) (243,255,243) (244,243,255) (246,247,246) (255,243,245) (237,255,242) (239,216,255) (243,235,192) (255,241,231) (179,255,241) (231,179,255) (240,228,165) (255,240,228) (165,255,234) (220,161,255) (234,223,175) (255,234,223) (175,255,240) (228,165,255) (234,223,175) (255,241,231) (179,255,241) (231,179,255) (241,231,179) (255,241,231) (179,255,243) (235,192,255) (241,231,179) (255,243,235) (192,255,243) (235,192,255) (243,235,192) (255,243,235) (192,255,243) (235,192,255) (243,235,192) (255,243,235) (192,255,243) (235,192,255) (241,236,205) (255,241,231) (179,255,240) (228,165,255) (240,228,165) (255,237,222) (151,255,237) (222,151,255) (237,222,151) (255,237,222) (151,255,237) (222,151,255) (237,222,151) (255,237,222) (151,255,240) (228,165,255) (237,222,151) (255,237,222) (151,255,237) (222,151,255) (237,222,151) (255,237,222) (151,255,237) (222,151,255) (237,222,151) (255,237,222) (151,255,237) (222,151,255) (237,222,151) (255,241,236) (205,255,240) (240,240,255) (243,244,243) (255,245,245) (245,255,249) (249,249,255) (189,190,190) (255,206,206) (206,255,221) (221,221,255) (232,233,232) (255,243,244) (243,255,247) (248,247,255) (250,250,250) (255,252,252) (252,255,189) (190,190,255) (196,196,197) (255,204,204) (204,255,210) (210,210,255) (214,214,214) (255,215,215) (215,255,215) (215,215,255) (215,215,215) (255,214,214) (214,255,214) (214,214,255) (214,214,214) (255,214,214) (214,255,214) (214,214,255) (212,212,212) (255,212,212) (212,255,212) (212,212,255) (214,214,214) (255,212,212) (212,255,212) (212,212,255) (212,212,212) (255,212,212) (212,255,212) (212,212,255) (214,214,214) (255,212,212) (212,255,214) (214,214,255) (212,212,212) (255,214,214) (214,255,212) (212,212,255) (214,214,214) (255,212,212) (212,255,214) (214,214,255) (212,212,212) (255,214,214) (214,255,212) (212,212,255) (214,214,214) (255,212,212) (212,255,212) (212,212,255) 
(76,112,71) (0,76,112) (71,0,76) (112,71,0) (76,112,71) (0,76,112) (71,0,76) (112,71,0) (76,112,71) (0,76,112) (71,0,76) (112,71,0) (76,112,71) (0,76,112) (71,0,76) (112,71,0) (76,112,71) (0,76,112) (71,0,76) (112,71,0) (76,112,71) (0,76,112) (71,0,76) (112,71,0) (76,112,71) (0,76,112) (71,0,76) (112,71,0) (76,112,71) (0,76,112) (71,0,76) (112,71,0) (1,1,1) (1,1,1) (1,1,1) (1,1,1) (1,1,1) (1,1,1) (1,5,2) (2,2,17) (8,8,8) (24,8,8) (8,42,1) (1,1,62) (183,183,183) (180,247,248) (247,255,243) (244,243,255) (242,242,242) (255,240,240) (240,255,240) (240,240,255) (253,254,254) (255,231,241) (241,255,231) (241,241,255) (231,241,241) (255,231,241) (241,255,231) (241,241,255) (231,241,241) (255,231,241) (241,255,231) (241,241,255) (223,235,240) (255,223,235) (240,255,223) (235,240,255) (230,238,237) (255,231,241) (241,255,230) (238,237,255) (230,238,237) (255,231,241) (241,255,230) (238,237,255) (231,241,241) (255,238,239) (238,255,238) (239,238,255) (237,238,237) (255,237,238) (237,255,240) (240,240,255) (238,239,238) (255,237,244) (242,255,237) (244,242,255) (231,241,241) (255,231,241) (241,255,230) (238,237,255) (231,241,241) (255,231,241) (241,255,230) (238,237,255) (230,238,237) (255,230,238) (237,255,230) (238,237,255) (230,238,237) (255,237,244) (242,255,230) (238,237,255) (232,233,232) (255,230,230) (230,255,226) (233,231,255) (230,238,237) (255,230,238) (237,255,237) (244,242,255) (230,238,237) (255,231,241) (241,255,237) (244,242,255) (240,240,240) (255,237,244) (242,255,237) (244,242,255) (243,244,243) (255,242,242) (242,255,243) (244,243,255) (243,244,243) (255,246,247) (246,255,249) (249,249,255) (243,244,243) (255,240,240) (231,255,242) (239,216,255) (242,239,216) (255,242,239) (216,255,241) (236,205,255) (241,236,205) (255,241,236) (205,255,243) (235,192,255) (241,231,179) (255,241,231) (179,255,241) (231,179,255) (241,231,179) (255,243,235) (192,255,241) (231,179,255) (243,235,192) (255,243,235) (192,255,243) (235,192,255) (243,235,192) (255,243,235) (192,255,241) (236,205,255) (243,235,192) (255,241,236) (205,255,241) (236,205,255) (241,236,205) (255,240,228) (165,255,240) (228,165,255) (240,228,165) (255,240,228) (165,255,240) (228,165,255) (240,228,165) (255,240,228) (165,255,240) (228,165,255) (237,222,151) (255,240,228) (165,255,240) (228,165,255) (240,228,165) (255,240,228) (165,255,237) (222,151,255) (240,228,165) (255,237,222) (151,255,237) (222,151,255) (237,222,151) (255,237,222) (151,255,237) (222,151,255) (237,222,151) (255,243,235) (192,255,240) (240,240,255) (242,242,242) (255,245,245) (245,255,247) (248,247,255) (193,194,193) (255,203,203) (203,255,219) (219,219,255) (232,233,232) (255,239,239) (239,255,245) (245,245,255) (247,248,247) (255,250,250) (250,255,179) (179,179,255) (189,190,190) (255,203,203) (203,255,209) (209,209,255) (212,212,212) (255,215,215) (215,255,214) (214,214,255) (214,214,214) (255,214,214) (214,255,214) (214,214,255) (214,214,214) (255,212,212) (212,255,212) (212,212,255) (212,212,212) (255,214,214) (214,255,212) (212,212,255) (212,212,212) (255,214,214) (214,255,212) (212,212,255) (214,214,214) (255,212,212) (212,255,214) (214,214,255) (212,212,212) (255,212,212) (212,255,212) (212,212,255) (212,212,212) (255,212,212) (212,255,212) (212,212,255) (212,212,212) (255,212,212) (212,255,212) (212,212,255) (212,212,212) (255,212,212) (212,255,212) (212,212,255) (212,212,212) (255,212,212) (212,255,212) (212,212,255) 
(76,112,71) (0,76,112) (71,0,76) (112,71,0) (76,112,71) (0,76,112) (71,0,76) (112,71,0) (76,112,71) (0,76,112) (71,0,76) (112,71,0) (76,112,71) (0,76,112) (71,0,76) (112,71,0) (76,112,71) (0,76,112) (71,0,76) (112,71,0) (76,112,71) (0,76,112) (71,0,76) (112,71,0) (76,112,71) (0,76,112) (71,0,1) (1,1,1) (1,1,1) (1,1,1) (1,1,1) (1,1,1) (1,1,1) (5,1,1) (1,5,1) (1,1,5) (2,2,2) (11,2,2) (2,11,8) (8,8,24) (2,2,2) (31,1,1) (1,51,6) (6,6,74) (183,183,183) (180,247,248) (247,255,243) (244,243,255) (242,242,242) (255,240,240) (240,255,240) (240,240,255) (253,254,254) (255,231,241) (241,255,223) (235,240,255) (223,235,240) (255,231,241) (241,255,231) (241,241,255) (231,241,241) (255,230,238) (237,255,230) (238,237,255) (230,238,237) (255,223,235) (240,255,226) (233,231,255) (223,235,240) (255,230,238) (237,255,231) (241,241,255) (223,235,240) (255,231,241) (241,255,230) (238,237,255) (239,239,239) (255,237,244) (242,255,237) (244,242,255) (238,239,238) (255,237,244) (242,255,238) (239,238,255) (230,238,237) (255,230,238) (237,255,230) (238,237,255) (230,238,237) (255,231,241) (241,255,223) (235,240,255) (231,241,241) (255,230,238) (237,255,231) (241,241,255) (237,238,237) (255,230,238) (237,255,230) (238,237,255) (230,238,237) (255,238,239) (238,255,230) (238,237,255) (226,233,231) (255,230,230) (230,255,231) (231,231,255) (226,233,231) (255,230,238) (237,255,230) (238,237,255) (226,233,231) (255,232,233) (232,255,237) (238,237,255) (237,244,242) (255,237,244) (242,255,237) (244,242,255) (237,244,242) (255,240,240) (240,255,237) (244,242,255) (237,244,242) (255,242,242) (242,255,243) (244,243,255) (243,244,243) (255,240,240) (240,255,238) (239,238,255) (243,245,237) (255,243,244) (243,255,245) (245,245,255) (246,248,242) (255,246,248) (242,255,243) (245,237,255) (244,242,226) (255,242,239) (216,255,242) (239,216,255) (242,239,216) (255,241,236) (205,255,241) (236,205,255) (241,236,205) (255,241,236) (205,255,241) (236,205,255) (241,236,205) (255,243,235) (192,255,241) (236,205,255) (241,236,205) (255,241,236) (205,255,241) (236,205,255) (243,235,192) (255,240,228) (165,255,240) (228,165,255) (241,231,179) (255,240,228) (165,255,240) (228,165,255) (240,228,165) (255,240,228) (165,255,240) (228,165,255) (240,228,165) (255,240,228) (165,255,240) (228,165,255) (241,231,179) (255,240,228) (165,255,240) (228,165,255) (240,228,165) (255,240,228) (165,255,240) (228,165,255) (240,228,165) (255,240,228) (165,255,240) (228,165,255) (240,228,165) (255,243,235) (192,255,240) (240,240,255) (242,242,242) (255,245,245) (245,255,247) (248,247,255) (124,139,160) (255,102,116) (176,255,161) (173,207,255) (226,226,226) (255,239,239) (239,255,243) (244,243,255) (247,248,247) (255,250,250) (250,255,170) (171,170,255) (184,185,184) (255,196,196) (197,255,206) (206,206,255) (210,210,210) (255,214,214) (214,255,212) (212,212,255) (212,212,212) (255,212,212) (212,255,212) (212,212,255) (212,212,212) (255,212,212) (212,255,210) (210,210,255) (212,212,212) (255,210,210) (210,255,212) (212,212,255) (210,210,210) (255,210,210) (210,255,210) (210,210,255) (210,210,210) (255,210,210) (210,255,210) (210,210,255) (210,210,210) (255,212,212) (212,255,210) (210,210,255) (212,212,212) (255,210,210) (210,255,212) (212,212,255) (210,210,210) (255,212,212) (212,255,210) (210,210,255) (212,212,212) (255,210,210) (210,255,212) (212,212,255) (212,212,212) (255,212,212) (212,255,212) (212,212,255) 
(76,112,71) (0,76,112) (71,0,76) (112,71,0) (76,112,71) (0,76,112) (71,0,76) (112,71,0) (76,112,71) (0,76,112) (71,0,76) (112,71,0) (76,112,71) (0,76,112) (71,0,76) (112,71,0) (76,112,71) (0,76,112) (71,0,76) (112,71,0) (76,112,71) (0,76,112) (71,0,76) (112,71,0) (76,112,71) (0,1,1) (1,1,1) (1,1,1) (1,1,1) (5,1,1) (1,5,1) (1,1,5) (2,2,2) (11,2,2) (2,11,2) (2,2,17) (2,2,2) (17,8,8) (8,24,2) (2,2,31) (68,68,68) (76,137,137) (137,134,148) (148,148,183) (193,194,193) (255,247,248) (247,255,243) (244,243,255) (242,242,242) (255,240,240) (240,255,240) (240,240,255) (252,252,252) (255,231,241) (241,255,223) (235,240,255) (223,235,240) (255,230,238) (237,255,230) (238,237,255) (230,238,237) (255,230,238) (237,255,223) (235,240,255) (230,238,237) (255,226,233) (231,255,226) (233,231,255) (226,233,231) (255,230,238) (237,255,237) (244,242,255) (237,244,242) (255,231,241) (241,255,231) (241,241,255) (231,241,241) (255,237,238) (237,255,231) (241,241,255) (231,241,241) (255,237,244) (242,255,231) (241,241,255) (230,238,237) (255,228,228) (228,255,226) (226,226,255) (226,233,231) (255,226,233) (231,255,226) (233,231,255) (226,233,231) (255,226,233) (231,255,230) (238,237,255) (230,238,237) (255,230,238) (237,255,230) (238,237,255) (230,238,237) (255,230,238) (237,255,232) (233,232,255) (235,236,225) (255,228,228) (228,255,228) (228,228,255) (230,230,230) (255,232,233) (232,255,232) (233,232,255) (230,230,230) (255,230,230) (230,255,232) (233,232,255) (232,233,232) (255,230,238) (237,255,236) (236,236,255) (235,236,225) (255,234,233) (215,255,228) (228,228,255) (240,240,231) (255,237,244) (242,255,237) (244,242,255) (237,244,242) (255,237,244) (242,255,243) (244,243,255) (243,244,243) (255,245,245) (245,255,246) (247,246,255) (246,247,246) (255,247,248) (247,255,247) (248,247,255) (247,248,247) (255,245,245) (245,255,246) (248,242,255) (243,244,243) (255,245,245) (245,255,249) (249,249,255) (247,248,247) (255,244,242) (226,255,244) (242,226,255) (244,242,226) (255,244,242) (226,255,244) (242,226,255) (244,242,226) (255,244,242) (226,255,244) (242,226,255) (241,236,205) (255,243,235) (192,255,241) (231,179,255) (241,231,179) (255,241,231) (179,255,241) (231,179,255) (240,228,165) (255,240,228) (165,255,240) (228,165,255) (240,228,165) (255,240,228) (165,255,240) (228,165,255) (241,231,179) (255,241,231) (179,255,240) (228,165,255) (240,228,165) (255,240,228) (165,255,240) (228,165,255) (240,228,165) (255,240,228) (165,255,240) (228,165,255) (240,228,165) (255,243,235) (192,255,240) (240,240,255) (242,242,242) (255,243,244) (243,255,247) (248,247,255) (102,116,176) (255,13,62) (173,255,13) (62,173,255) (196,196,197) (255,238,239) (238,255,243) (244,243,255) (247,248,247) (255,243,244) (243,255,164) (164,164,255) (179,179,179) (255,193,194) (193,255,204) (204,204,255) (209,209,209) (255,212,212) (212,255,212) (212,212,255) (212,212,212) (255,212,212) (212,255,212) (212,212,255) (210,210,210) (255,210,210) (210,255,210) (210,210,255) (210,210,210) (255,210,210) (210,255,210) (210,210,255) (212,212,212) (255,210,210) (210,255,212) (212,212,255) (210,210,210) (255,212,212) (212,255,210) (210,210,255) (212,212,212) (255,210,210) (210,255,210) (210,210,255) (210,210,210) (255,210,210) (210,255,210) (210,210,255) (210,210,210) (255,210,210) (210,255,210) (210,210,255) (210,210,210) (255,212,212) (212,255,212) (212,212,255) (212,212,212) (255,212,212) (212,255,210) (210,210,255) 
(76,112,71) (0,76,112) (71,0,76) (112,71,0) (76,112,71) (0,76,112) (71,0,76) (112,71,0) (76,112,71) (0,76,112) (71,0,76) (112,71,0) (76,112,71) (0,76,112) (71,0,76) (112,71,0) (76,112,71) (0,76,112) (71,0,76) (112,71,0) (76,112,71) (0,76,112) (71,0,76) (112,71,0) (1,1,1) (1,1,1) (1,1,1) (1,1,5) (1,1,1) (5,2,2) (2,11,2) (2,2,17) (2,2,2) (17,8,8) (8,24,160) (160,160,70) (209,209,209) (127,228,228) (228,163,232) (232,232,234) (230,230,230) (255,215,215) (215,255,196) (196,197,255) (196,196,197) (255,247,248) (247,255,243) (244,243,255) (240,240,240) (255,240,240) (240,255,239) (239,239,255) (250,250,250) (255,237,244) (242,255,226) (233,231,255) (226,226,226) (255,226,226) (226,255,226) (233,231,255) (226,233,231) (255,226,233) (231,255,226) (233,231,255) (226,226,226) (255,228,228) (228,255,228) (228,228,255) (226,233,231) (255,226,233) (231,255,230) (238,237,255) (230,238,237) (255,230,238) (237,255,231) (241,241,255) (231,241,241) (255,231,241) (241,255,231) (241,241,255) (231,241,241) (255,231,241) (241,255,230) (238,237,255) (226,233,231) (255,226,227) (216,255,226) (227,216,255) (226,226,226) (255,228,228) (228,255,223) (223,223,255) (226,227,216) (255,223,223) (223,255,226) (226,226,255) (226,233,231) (255,226,233) (231,255,230) (238,237,255) (230,238,237) (255,230,238) (237,255,226) (233,231,255) (232,233,232) (255,235,236) (225,255,228) (228,228,255) (226,227,216) (255,228,228) (228,255,230) (230,230,255) (230,230,230) (255,235,236) (225,255,230) (230,230,255) (232,233,232) (255,232,233) (232,255,232) (233,232,255) (235,236,225) (255,234,233) (215,255,235) (236,225,255) (237,244,242) (255,237,244) (242,255,237) (244,242,255) (240,240,240) (255,243,244) (243,255,245) (245,245,255) (245,245,245) (255,243,244) (243,255,243) (244,243,255) (243,244,243) (255,246,247) (246,255,246) (247,246,255) (247,248,247) (255,249,249) (249,255,250) (250,250,255) (250,250,250) (255,250,250) (250,255,249) (249,249,255) (250,250,250) (255,247,248) (247,255,247) (248,247,255) (247,248,247) (255,247,248) (247,255,247) (248,247,255) (246,248,242) (255,246,248) (242,255,246) (248,242,255) (244,242,226) (255,242,239) (216,255,242) (239,216,255) (241,236,205) (255,243,235) (192,255,243) (235,192,255) (243,235,192) (255,241,231) (179,255,243) (235,192,255) (241,231,179) (255,241,231) (179,255,241) (231,179,255) (243,235,192) (255,243,235) (192,255,241) (231,179,255) (241,231,179) (255,241,231) (179,255,241) (231,179,255) (241,231,179) (255,241,231) (179,255,240) (228,165,255) (241,231,179) (255,243,235) (192,255,240) (240,240,255) (240,240,240) (255,243,244) (243,255,247) (248,247,255) (124,139,160) (255,11,66) (127,255,13) (62,173,255) (161,173,207) (255,236,236) (236,255,243) (244,243,255) (247,248,247) (255,240,240) (240,255,161) (162,161,255) (179,179,179) (255,189,190) (190,255,203) (203,203,255) (209,209,209) (255,212,212) (212,255,212) (212,212,255) (210,210,210) (255,210,210) (210,255,210) (210,210,255) (212,212,212) (255,210,210) (210,255,212) (212,212,255) (210,210,210) (255,212,212) (212,255,210) (210,210,255) (210,210,210) (255,210,210) (210,255,210) (210,210,255) (210,210,210) (255,210,210) (210,255,210) (210,210,255) (210,210,210) (255,210,210) (210,255,212) (212,212,255) (210,210,210) (255,212,212) (212,255,210) (210,210,255) (212,212,212) (255,210,210) (210,255,212) (212,212,255) (212,212,212) (255,212,212) (212,255,212) (212,212,255) (212,212,212) (255,210,210) (210,255,210) (210,210,255) 
(76,112,71) (0,76,112) (71,0,76) (112,71,0) (76,112,71) (0,76,112) (71,0,76) (112,71,0) (76,112,71) (0,76,112) (71,0,76) (112,71,0) (76,112,71) (0,76,112) (71,0,76) (112,71,0) (76,112,71) (0,76,112) (71,0,76) (112,71,0) (76,112,71) (0,76,112) (71,0,76) (112,71,0) (1,1,1) (1,1,1) (1,5,1) (1,1,5) (2,2,2) (11,2,2) (2,17,160) (160,160,70) (228,228,228) (163,246,246) (246,234,249) (249,249,255) (247,248,247) (255,245,245) (245,255,239) (239,239,255) (228,228,228) (255,214,214) (214,255,196) (196,197,255) (189,190,190) (255,247,248) (247,255,243) (244,243,255) (242,242,242) (255,240,240) (240,255,239) (239,239,255) (249,249,249) (255,242,250) (254,255,231) (241,241,255) (231,241,241) (255,223,235) (240,255,231) (241,241,255) (231,241,241) (255,231,241) (241,255,237) (244,242,255) (232,233,232) (255,226,226) (226,255,226) (226,226,255) (226,226,226) (255,226,233) (231,255,226) (226,226,255) (226,233,231) (255,215,229) (230,255,226) (233,231,255) (230,238,237) (255,230,238) (237,255,231) (241,241,255) (231,241,241) (255,230,238) (237,255,226) (233,231,255) (226,226,226) (255,226,227) (216,255,226) (227,216,255) (226,227,216) (255,226,227) (216,255,227) (225,205,255) (226,227,216) (255,226,227) (216,255,226) (227,216,255) (226,227,216) (255,226,227) (216,255,226) (227,216,255) (226,227,216) (255,226,227) (216,255,226) (227,216,255) (226,233,231) (255,230,230) (230,255,235) (236,225,255) (234,233,215) (255,234,233) (215,255,226) (227,216,255) (228,228,228) (255,235,236) (225,255,235) (236,225,255) (235,236,225) (255,232,233) (232,255,232) (233,232,255) (235,236,225) (255,235,236) (225,255,230) (238,237,255) (237,244,242) (255,243,244) (243,255,237) (238,237,255) (237,238,237) (255,243,244) (243,255,243) (244,243,255) (243,244,243) (255,246,248) (242,255,237) (244,242,255) (246,247,246) (255,237,244) (242,255,246) (247,246,255) (246,248,242) (255,247,248) (247,255,247) (248,247,255) (247,248,247) (255,249,249) (249,255,249) (249,249,255) (250,250,250) (255,249,249) (249,255,250) (250,250,255) (249,249,249) (255,250,250) (250,255,250) (250,250,255) (249,249,249) (255,247,248) (247,255,246) (248,242,255) (243,244,243) (255,243,245) (237,255,243) (245,237,255) (240,240,231) (255,242,239) (216,255,242) (239,216,255) (242,239,216) (255,242,239) (216,255,244) (242,226,255) (244,242,226) (255,244,242) (226,255,241) (236,205,255) (241,236,205) (255,243,235) (192,255,243) (235,192,255) (241,231,179) (255,241,231) (179,255,241) (231,179,255) (241,231,179) (255,241,231) (179,255,241) (231,179,255) (241,231,179) (255,243,235) (192,255,239) (239,239,255) (240,240,240) (255,243,244) (243,255,246) (247,246,255) (145,163,185) (255,11,66) (127,255,13) (62,173,255) (161,173,207) (255,236,236) (236,255,243) (244,243,255) (247,248,247) (255,234,234) (234,255,157) (158,158,255) (179,179,179) (255,189,190) (190,255,203) (203,203,255) (209,209,209) (255,210,210) (210,255,210) (210,210,255) (210,210,210) (255,212,212) (212,255,210) (210,210,255) (210,210,210) (255,210,210) (210,255,210) (210,210,255) (210,210,210) (255,210,210) (210,255,212) (212,212,255) (210,210,210) (255,212,212) (212,255,210) (210,210,255) (212,212,212) (255,210,210) (210,255,212) (212,212,255) (210,210,210) (255,212,212) (212,255,210) (210,210,255) (210,210,210) (255,210,210) (210,255,210) (210,210,255) (210,210,210) (255,210,210) (210,255,212) (212,212,255) (212,212,212) (255,212,212) (212,255,210) (210,210,255) (210,210,210) (255,210,210) (210,255,210) (210,210,255) 
(76,112,71) (0,76,112) (71,0,76) (112,71,0) (76,112,71) (0,76,112) (71,0,76) (112,71,0) (76,112,71) (0,76,112) (71,0,76) (112,71,0) (76,112,71) (0,76,112) (71,0,76) (112,71,0) (76,112,71) (0,76,112) (71,0,76) (112,71,0) (76,112,71) (0,76,112) (71,0,1) (1,1,1) (1,1,1) (1,1,1) (1,5,2) (2,2,11) (2,2,2) (17,186,186) (186,96,250) (250,250,255) (249,249,249) (255,247,248) (247,255,245) (245,245,255) (243,244,243) (255,242,242) (242,255,234) (234,234,255) (226,226,226) (255,212,212) (212,255,193) (194,193,255) (179,179,179) (255,247,248) (247,255,243) (244,243,255) (242,242,242) (255,240,240) (240,255,239) (239,239,255) (247,248,247) (255,242,250) (254,255,223) (235,240,255) (231,241,241) (255,231,241) (241,255,231) (241,241,255) (231,241,241) (255,231,241) (241,255,231) (241,241,255) (237,244,242) (255,243,244) (243,255,231) (241,241,255) (231,241,241) (255,226,233) (231,255,226) (226,226,255) (226,227,216) (255,226,227) (216,255,221) (221,221,255) (226,227,216) (255,221,221) (221,255,223) (223,223,255) (223,223,223) (255,226,227) (216,255,226) (227,216,255) (226,227,216) (255,217,217) (217,255,227) (225,205,255) (217,217,217) (255,227,225) (205,255,227) (225,205,255) (214,214,214) (255,227,225) (205,255,219) (217,192,255) (227,225,205) (255,227,225) (205,255,219) (217,192,255) (219,217,192) (255,219,217) (192,255,226) (227,216,255) (226,227,216) (255,226,227) (216,255,226) (227,216,255) (235,236,225) (255,235,236) (225,255,234) (233,215,255) (234,233,215) (255,226,227) (216,255,226) (227,216,255) (235,236,225) (255,235,236) (225,255,235) (236,225,255) (232,233,232) (255,235,236) (225,255,236) (236,236,255) (237,238,237) (255,237,238) (237,255,237) (238,237,255) (238,239,238) (255,242,242) (242,255,243) (244,243,255) (243,244,243) (255,243,244) (243,255,246) (247,246,255) (237,244,242) (255,246,247) (246,255,237) (244,242,255) (246,247,246) (255,246,248) (242,255,246) (247,246,255) (246,248,242) (255,247,248) (247,255,247) (248,247,255) (250,250,250) (255,250,250) (250,255,250) (250,250,255) (249,249,249) (255,249,249) (249,255,247) (248,247,255) (250,250,250) (255,249,249) (249,255,243) (244,243,255) (243,244,243) (255,246,248) (242,255,246) (248,242,255) (246,247,246) (255,243,245) (237,255,244) (242,226,255) (242,239,216) (255,242,239) (216,255,244) (242,226,255) (244,242,226) (255,242,239) (216,255,241) (236,205,255) (243,235,192) (255,241,236) (205,255,241) (236,205,255) (243,235,192) (255,243,235) (192,255,241) (236,205,255) (241,236,205) (255,243,235) (192,255,243) (235,192,255) (243,235,192) (255,243,235) (192,255,238) (239,238,255) (240,240,240) (255,243,244) (243,255,246) (247,246,255) (161,173,207) (255,11,66) (127,255,13) (62,173,255) (161,173,207) (255,234,234) (234,255,243) (244,243,255) (247,248,247) (255,231,231) (231,255,157) (158,158,255) (179,179,179) (255,189,190) (190,255,200) (201,200,255) (207,207,207) (255,210,210) (210,255,212) (212,212,255) (210,210,210) (255,210,210) (210,255,212) (212,212,255) (210,210,210) (255,212,212) (212,255,210) (210,210,255) (212,212,212) (255,210,210) (210,255,210) (210,210,255) (210,210,210) (255,210,210) (210,255,210) (210,210,255) (210,210,210) (255,210,210) (210,255,210) (210,210,255) (210,210,210) (255,210,210) (210,255,210) (210,210,255) (212,212,212) (255,210,210) (210,255,212) (212,212,255) (212,212,212) (255,212,212) (212,255,212) (212,212,255) (212,212,212) (255,210,210) (210,255,210) (210,210,255) (210,210,210) (255,210,210) (210,255,212) (212,212,255) 
(76,112,71) (0,76,112) (71,0,76) (112,71,0) (76,112,71) (0,76,112) (71,0,76) (112,71,0) (76,112,71) (0,76,112) (71,0,76) (112,71,0) (76,112,71) (0,76,112) (71,0,76) (112,71,0) (76,112,71) (0,76,112) (71,0,76) (112,71,0) (76,112,71) (0,76,112) (71,0,1) (1,1,1) (1,1,1) (5,2,2) (2,11,2) (2,2,17) (8,8,8) (24,228,228) (228,163,250) (250,250,255) (247,248,247) (255,243,244) (243,255,242) (242,242,255) (240,240,240) (255,240,240) (240,255,234) (234,234,255) (226,226,226) (255,210,210) (210,255,189) (190,190,255) (153,153,153) (255,247,248) (247,255,243) (244,243,255) (240,240,240) (255,239,239) (239,255,238) (239,238,255) (246,247,246) (255,242,250) (254,255,231) (241,241,255) (231,241,241) (255,223,235) (240,255,231) (241,241,255) (231,241,241) (255,226,233) (231,255,223) (235,240,255) (230,238,237) (255,237,244) (242,255,237) (244,242,255) (231,241,241) (255,231,241) (241,255,230) (238,237,255) (226,233,231) (255,228,228) (228,255,226) (227,216,255) (227,225,205) (255,227,225) (205,255,227) (225,205,255) (219,217,192) (255,219,217) (192,255,219) (217,192,255) (226,227,216) (255,228,228) (228,255,228) (228,228,255) (226,226,226) (255,226,227) (216,255,226) (227,216,255) (219,217,192) (255,219,217) (192,255,219) (217,192,255) (219,217,192) (255,219,217) (192,255,227) (225,205,255) (227,225,205) (255,227,225) (205,255,227) (225,205,255) (227,225,205) (255,227,225) (205,255,226) (227,216,255) (234,234,234) (255,243,244) (243,255,235) (236,225,255) (234,233,215) (255,234,233) (215,255,226) (227,216,255) (234,233,215) (255,226,227) (216,255,234) (233,215,255) (234,233,215) (255,235,236) (225,255,235) (236,225,255) (235,236,225) (255,235,236) (225,255,231) (241,241,255) (237,244,242) (255,237,244) (242,255,237) (244,242,255) (237,244,242) (255,243,244) (243,255,237) (244,242,255) (246,247,246) (255,237,244) (242,255,246) (247,246,255) (246,247,246) (255,246,247) (246,255,246) (247,246,255) (246,247,246) (255,246,248) (242,255,246) (247,246,255) (246,248,242) (255,249,249) (249,255,250) (250,250,255) (250,250,250) (255,250,250) (250,255,249) (249,249,255) (249,249,249) (255,246,248) (242,255,243) (244,243,255) (243,244,243) (255,243,244) (243,255,246) (248,242,255) (246,248,242) (255,245,245) (245,255,246) (248,242,255) (249,249,249) (255,249,249) (249,255,249) (249,249,255) (246,247,246) (255,246,248) (242,255,246) (247,246,255) (246,248,242) (255,249,249) (249,255,247) (248,247,255) (246,248,242) (255,243,244) (243,255,243) (245,237,255) (243,245,237) (255,243,245) (237,255,244) (242,226,255) (244,242,226) (255,242,239) (216,255,237) (238,237,255) (240,240,240) (255,242,242) (242,255,245) (245,245,255) (196,196,197) (255,8,45) (87,255,11) (66,127,255) (161,173,207) (255,232,233) (232,255,243) (244,243,255) (247,248,247) (255,226,226) (226,255,161) (162,161,255) (179,179,179) (255,189,190) (190,255,203) (203,203,255) (207,207,207) (255,210,210) (210,255,210) (210,210,255) (212,212,212) (255,210,210) (210,255,210) (210,210,255) (210,210,210) (255,210,210) (210,255,210) (210,210,255) (210,210,210) (255,212,212) (212,255,210) (210,210,255) (212,212,212) (255,210,210) (210,255,212) (212,212,255) (210,210,210) (255,212,212) (212,255,210) (210,210,255) (212,212,212) (255,210,210) (210,255,212) (212,212,255) (210,210,210) (255,210,210) (210,255,212) (212,212,255) (212,212,212) (255,212,212) (212,255,210) (210,210,255) (210,210,210) (255,210,210) (210,255,210) (210,210,255) (210,210,210) (255,210,210) (210,255,210) (210,210,255) 
(76,112,71) (0,76,112) (71,0,76) (112,71,0) (76,112,71) (0,76,112) (71,0,76) (112,71,0) (76,112,71) (0,76,112) (71,0,76) (112,71,0) (76,112,71) (0,76,112) (71,0,76) (112,71,0) (76,112,71) (0,76,112) (71,0,76) (112,71,0) (76,112,71) (0,76,112) (71,0,1) (1,1,1) (1,1,1) (5,2,2) (2,11,2) (2,2,17) (2,2,2) (31,209,209) (209,127,249) (249,249,255) (245,245,245) (255,243,244) (243,255,240) (240,240,255) (240,240,240) (255,238,239) (238,255,234) (234,234,255) (204,204,204) (255,163,204) (195,255,140) (141,141,255) (155,97,33) (255,240,240) (231,255,243) (244,243,255) (240,240,240) (255,239,239) (239,255,238) (239,238,255) (243,244,243) (255,247,248) (247,255,223) (235,240,255) (223,235,240) (255,223,235) (240,255,231) (241,241,255) (223,235,240) (255,223,235) (240,255,230) (238,237,255) (223,235,240) (255,223,235) (240,255,231) (241,241,255) (231,241,241) (255,231,241) (241,255,230) (238,237,255) (230,238,237) (255,231,241) (241,255,230) (238,237,255) (226,226,226) (255,226,227) (216,255,227) (225,205,255) (226,227,216) (255,226,226) (226,255,230) (238,237,255) (231,241,241) (255,237,244) (242,255,237) (244,242,255) (237,244,242) (255,237,244) (242,255,237) (244,242,255) (237,238,237) (255,226,227) (216,255,226) (233,231,255) (226,227,216) (255,219,217) (192,255,219) (217,192,255) (227,225,205) (255,227,225) (205,255,227) (225,205,255) (227,225,205) (255,227,225) (205,255,226) (227,216,255) (231,231,231) (255,237,244) (242,255,237) (244,242,255) (235,236,225) (255,234,233) (215,255,234) (233,215,255) (234,233,215) (255,234,233) (215,255,226) (227,216,255) (235,236,225) (255,238,239) (238,255,234) (234,234,255) (236,236,236) (255,237,244) (242,255,243) (244,243,255) (237,244,242) (255,237,244) (242,255,236) (236,236,255) (237,238,237) (255,243,244) (243,255,243) (244,243,255) (245,245,245) (255,245,245) (245,255,237) (244,242,255) (243,244,243) (255,243,244) (243,255,243) (244,243,255) (243,244,243) (255,246,247) (246,255,246) (247,246,255) (246,247,246) (255,246,247) (246,255,247) (248,247,255) (247,248,247) (255,250,250) (250,255,250) (250,250,255) (250,250,250) (255,246,248) (242,255,243) (244,243,255) (246,248,242) (255,246,248) (242,255,243) (245,237,255) (243,244,243) (255,243,244) (243,255,246) (248,242,255) (246,248,242) (255,246,248) (242,255,246) (247,246,255) (243,244,243) (255,246,248) (242,255,246) (248,242,255) (246,248,242) (255,246,248) (242,255,246) (247,246,255) (249,249,249) (255,246,247) (246,255,246) (248,242,255) (246,247,246) (255,246,247) (246,255,246) (247,246,255) (246,247,246) (255,247,248) (247,255,239) (239,239,255) (239,239,239) (255,242,242) (242,255,245) (245,245,255) (210,210,210) (255,8,45) (87,255,11) (66,127,255) (161,173,207) (255,232,233) (232,255,242) (242,242,255) (247,248,247) (255,221,221) (221,255,161) (162,161,255) (174,175,175) (255,189,190) (190,255,200) (201,200,255) (206,206,206) (255,209,209) (209,255,209) (209,209,255) (209,209,209) (255,209,209) (209,255,209) (209,209,255) (209,209,209) (255,209,209) (209,255,209) (209,209,255) (209,209,209) (255,209,209) (209,255,209) (209,209,255) (209,209,209) (255,209,209) (209,255,209) (209,209,255) (209,209,209) (255,209,209) (209,255,209) (209,209,255) (210,210,210) (255,210,210) (210,255,210) (210,210,255) (210,210,210) (255,210,210) (210,255,210) (210,210,255) (207,207,207) (255,207,207) (207,255,209) (209,209,255) (209,209,209) (255,209,209) (209,255,209) (209,209,255) (209,209,209) (255,209,209) (209,255,209) (209,209,255) 
(76,112,71) (0,76,112) (71,0,76) (112,71,0) (76,112,71) (0,76,112) (71,0,76) (112,71,0) (76,112,71) (0,76,112) (71,0,76) (112,71,0) (76,112,71) (0,76,112) (71,0,76) (112,71,0) (76,112,71) (0,76,112) (71,0,76) (112,71,0) (76,112,71) (0,76,112) (71,0,1) (1,1,1) (1,1,1) (5,2,2) (2,11,8) (8,8,24) (8,8,8) (42,68,68) (68,76,247) (248,247,255) (243,244,243) (255,240,240) (240,255,239) (239,239,255) (238,239,238) (255,237,238) (237,255,231) (231,231,255) (111,191,178) (255,73,191) (196,255,141) (140,81,255) (134,56,7) (255,227,225) (205,255,245) (245,245,255) (242,242,242) (255,239,239) (239,255,238) (239,238,255) (243,244,243) (255,247,248) (247,255,215) (229,230,255) (215,229,230) (255,223,235) (240,255,223) (235,240,255) (223,235,240) (255,223,235) (240,255,223) (235,240,255) (223,235,240) (255,223,235) (240,255,231) (241,241,255) (230,238,237) (255,230,238) (237,255,230) (238,237,255) (232,233,232) (255,226,233) (231,255,226) (233,231,255) (226,233,231) (255,226,233) (231,255,226) (233,231,255) (231,241,241) (255,231,241) (241,255,231) (241,241,255) (231,241,241) (255,231,241) (241,255,231) (241,241,255) (231,241,241) (255,231,241) (241,255,231) (241,241,255) (231,241,241) (255,237,244) (242,255,237) (244,242,255) (231,241,241) (255,235,236) (225,255,226) (227,216,255) (219,217,192) (255,222,215) (178,255,219) (217,192,255) (228,228,228) (255,230,238) (237,255,226) (227,216,255) (226,227,216) (255,230,238) (237,255,237) (244,242,255) (237,244,242) (255,235,236) (225,255,234) (233,215,255) (234,233,215) (255,234,233) (215,255,234) (233,215,255) (235,236,225) (255,237,244) (242,255,243) (244,243,255) (237,244,242) (255,243,244) (243,255,243) (244,243,255) (237,244,242) (255,237,244) (242,255,237) (238,237,255) (237,238,237) (255,243,244) (243,255,245) (245,245,255) (243,244,243) (255,246,247) (246,255,245) (245,245,255) (242,242,242) (255,240,240) (240,255,242) (242,242,255) (243,244,243) (255,243,244) (243,255,245) (245,245,255) (246,247,246) (255,246,247) (246,255,246) (247,246,255) (247,248,247) (255,246,248) (242,255,247) (248,247,255) (247,248,247) (255,246,248) (242,255,246) (248,242,255) (243,245,237) (255,243,245) (237,255,240) (240,240,255) (243,245,237) (255,243,245) (237,255,243) (245,237,255) (243,244,243) (255,246,248) (242,255,246) (248,242,255) (246,248,242) (255,243,244) (243,255,243) (244,243,255) (243,244,243) (255,243,244) (243,255,243) (244,243,255) (246,248,242) (255,246,248) (242,255,243) (244,243,255) (243,244,243) (255,246,248) (242,255,243) (244,243,255) (243,244,243) (255,243,244) (243,255,240) (240,240,255) (239,239,239) (255,240,240) (240,255,243) (244,243,255) (230,230,230) (255,8,45) (87,255,11) (66,127,255) (161,173,207) (255,232,233) (232,255,240) (240,240,255) (247,248,247) (255,217,217) (217,255,161) (162,161,255) (179,179,179) (255,189,190) (190,255,200) (201,200,255) (207,207,207) (255,209,209) (209,255,209) (209,209,255) (209,209,209) (255,209,209) (209,255,209) (209,209,255) (209,209,209) (255,209,209) (209,255,209) (209,209,255) (209,209,209) (255,209,209) (209,255,209) (209,209,255) (209,209,209) (255,209,209) (209,255,209) (209,209,255) (209,209,209) (255,209,209) (209,255,210) (210,210,255) (210,210,210) (255,210,210) (210,255,210) (210,210,255) (210,210,210) (255,210,210) (210,255,207) (207,207,255) (209,209,209) (255,209,209) (209,255,209) (209,209,255) (209,209,209) (255,209,209) (209,255,209) (209,209,255) (209,209,209) (255,210,210) (210,255,210) (210,210,255) 
(76,112,71) (0,76,112) (71,0,76) (112,71,0) (76,112,71) (0,76,112) (71,0,76) (112,71,0) (76,112,71) (0,76,112) (71,0,76) (112,71,0) (76,112,71) (0,76,112) (71,0,76) (112,71,0) (76,112,71) (0,76,112) (71,0,76) (112,71,0) (76,112,71) (0,76,112) (71,0,1) (1,1,1) (1,1,1) (5,2,2) (2,11,8) (8,8,24) (8,8,8) (42,1,1) (1,62,246) (246,246,234) (245,245,245) (255,242,242) (242,255,239) (239,239,255) (238,239,238) (255,238,239) (238,255,226) (233,231,255) (111,191,178) (255,111,191) (178,255,155) (97,33,255) (134,56,7) (255,211,207) (173,255,243) (244,243,255) (240,240,240) (255,239,239) (239,255,237) (238,237,255) (240,240,240) (255,252,252) (252,255,215) (229,230,255) (226,233,231) (255,226,233) (231,255,226) (233,231,255) (226,226,226) (255,223,223) (223,255,226) (226,226,255) (226,233,231) (255,226,233) (231,255,228) (228,228,255) (226,233,231) (255,226,233) (231,255,237) (244,242,255) (237,244,242) (255,230,238) (237,255,230) (238,237,255) (230,238,237) (255,230,238) (237,255,231) (241,241,255) (223,235,240) (255,231,241) (241,255,231) (241,241,255) (231,241,241) (255,230,238) (237,255,223) (235,240,255) (230,238,237) (255,223,235) (240,255,230) (238,237,255) (230,238,237) (255,231,241) (241,255,231) (241,241,255) (231,241,241) (255,237,244) (242,255,242) (250,254,255) (230,238,237) (255,227,225) (205,255,227) (225,205,255) (226,233,231) (255,227,247) (251,255,231) (241,241,255) (228,228,228) (255,238,239) (238,255,243) (244,243,255) (237,244,242) (255,237,244) (242,255,237) (244,242,255) (240,240,231) (255,234,233) (215,255,234) (233,215,255) (235,236,225) (255,237,238) (237,255,237) (244,242,255) (243,244,243) (255,237,244) (242,255,243) (244,243,255) (237,244,242) (255,243,244) (243,255,243) (244,243,255) (242,242,242) (255,243,244) (243,255,243) (244,243,255) (245,245,245) (255,237,244) (242,255,246) (247,246,255) (243,244,243) (255,246,248) (242,255,243) (245,237,255) (243,245,237) (255,243,245) (237,255,243) (245,237,255) (243,244,243) (255,246,248) (242,255,246) (247,246,255) (246,247,246) (255,247,248) (247,255,247) (248,247,255) (243,244,243) (255,246,248) (242,255,246) (248,242,255) (246,248,242) (255,243,245) (237,255,243) (245,237,255) (240,240,231) (255,235,236) (225,255,243) (245,237,255) (243,245,237) (255,243,244) (243,255,246) (248,242,255) (246,248,242) (255,246,247) (246,255,243) (244,243,255) (243,245,237) (255,243,245) (237,255,243) (244,243,255) (243,244,243) (255,243,244) (243,255,243) (244,243,255) (243,244,243) (255,243,245) (237,255,243) (244,243,255) (243,244,243) (255,246,248) (242,255,240) (240,240,255) (238,239,238) (255,240,240) (240,255,243) (244,243,255) (245,245,245) (255,8,45) (87,255,11) (67,102,255) (161,173,207) (255,232,233) (232,255,240) (240,240,255) (247,248,247) (255,212,212) (212,255,161) (162,161,255) (179,179,179) (255,189,190) (190,255,200) (201,200,255) (207,207,207) (255,209,209) (209,255,209) (209,209,255) (209,209,209) (255,209,209) (209,255,209) (209,209,255) (209,209,209) (255,209,209) (209,255,209) (209,209,255) (209,209,209) (255,209,209) (209,255,209) (209,209,255) (209,209,209) (255,209,209) (209,255,209) (209,209,255) (209,209,209) (255,210,210) (210,255,210) (210,210,255) (210,210,210) (255,210,210) (210,255,210) (210,210,255) (207,207,207) (255,207,207) (207,255,209) (209,209,255) (209,209,209) (255,209,209) (209,255,209) (209,209,255) (209,209,209) (255,209,209) (209,255,209) (209,209,255) (210,210,210) (255,210,210) (210,255,210) (210,210,255) 
(76,112,71) (0,76,112) (71,0,76) (112,71,0) (76,112,71) (0,76,112) (71,0,76) (112,71,0) (76,112,71) (0,76,112) (71,0,76) (112,71,0) (76,112,71) (0,76,112) (71,0,76) (112,71,0) (76,112,71) (0,76,112) (71,0,76) (112,71,0) (76,112,71) (0,76,112) (71,0,1) (1,1,1) (1,1,1) (5,2,2) (2,11,8) (8,8,24) (8,8,8) (42,1,1) (1,62,218) (218,218,198) (246,247,246) (255,242,242) (242,255,240) (240,240,255) (238,239,238) (255,238,239) (238,255,246) (248,242,255) (114,207,214) (255,97,166) (158,255,155) (86,7,255) (134,56,7) (255,207,195) (153,255,245) (245,245,255) (240,240,240) (255,239,239) (239,255,237) (238,237,255) (239,239,239) (255,253,254) (254,255,219) (217,192,255) (206,206,206) (255,219,217) (192,255,207) (207,207,255) (219,217,192) (255,219,217) (192,255,212) (212,212,255) (215,215,215) (255,217,217) (217,255,217) (217,217,255) (217,217,217) (255,226,227) (216,255,226) (226,226,255) (226,233,231) (255,235,236) (225,255,235) (236,225,255) (228,228,228) (255,223,223) (223,255,226) (227,216,255) (226,227,216) (255,226,227) (216,255,228) (228,228,255) (228,228,228) (255,226,233) (231,255,226) (233,231,255) (230,238,237) (255,230,238) (237,255,226) (233,231,255) (228,228,228) (255,226,233) (231,255,226) (233,231,255) (226,233,231) (255,226,233) (231,255,226) (233,231,255) (226,233,231) (255,226,233) (231,255,230) (230,230,255) (230,230,230) (255,231,231) (231,255,226) (233,231,255) (228,228,228) (255,232,233) (232,255,230) (238,237,255) (230,238,237) (255,231,241) (241,255,231) (241,241,255) (237,238,237) (255,235,236) (225,255,235) (236,225,255) (240,240,231) (255,236,236) (236,255,231) (241,241,255) (237,244,242) (255,243,244) (243,255,243) (244,243,255) (237,244,242) (255,237,244) (242,255,243) (244,243,255) (243,244,243) (255,243,244) (243,255,243) (244,243,255) (237,244,242) (255,246,247) (246,255,246) (247,246,255) (246,247,246) (255,246,248) (242,255,246) (247,246,255) (246,247,246) (255,245,245) (245,255,243) (245,237,255) (240,240,231) (255,243,245) (237,255,243) (245,237,255) (243,245,237) (255,246,248) (242,255,243) (244,243,255) (243,244,243) (255,243,244) (243,255,243) (244,243,255) (246,248,242) (255,247,248) (247,255,246) (248,242,255) (246,248,242) (255,243,245) (237,255,243) (245,237,255) (240,240,231) (255,244,242) (226,255,243) (245,237,255) (243,245,237) (255,243,245) (237,255,240) (240,231,255) (240,240,231) (255,240,240) (231,255,240) (240,231,255) (243,245,237) (255,243,245) (237,255,243) (245,237,255) (243,245,237) (255,243,245) (237,255,242) (242,242,255) (245,245,245) (255,243,244) (243,255,240) (240,240,255) (238,239,238) (255,240,240) (240,255,243) (244,243,255) (247,248,247) (255,8,45) (87,255,8) (45,87,255) (196,196,197) (255,231,231) (231,255,240) (240,240,255) (247,248,247) (255,207,207) (207,255,161) (162,161,255) (179,179,179) (255,189,190) (190,255,200) (201,200,255) (207,207,207) (255,209,209) (209,255,209) (209,209,255) (209,209,209) (255,209,209) (209,255,209) (209,209,255) (209,209,209) (255,209,209) (209,255,209) (209,209,255) (209,209,209) (255,209,209) (209,255,209) (209,209,255) (209,209,209) (255,209,209) (209,255,209) (209,209,255) (210,210,210) (255,210,210) (210,255,210) (210,210,255) (210,210,210) (255,207,207) (207,255,207) (207,207,255) (209,209,209) (255,209,209) (209,255,209) (209,209,255) (209,209,209) (255,209,209) (209,255,209) (209,209,255) (209,209,209) (255,210,210) (210,255,210) (210,210,255) (210,210,210) (255,210,210) (210,255,210) (210,210,255) 
(76,112,71) (0,76,112) (71,0,76) (112,71,0) (76,112,71) (0,76,112) (71,0,76) (112,71,0) (76,112,71) (0,76,112) (71,0,76) (112,71,0) (76,112,71) (0,76,112) (71,0,76) (112,71,0) (76,112,71) (0,76,112) (71,0,76) (112,71,0) (76,112,71) (0,76,112) (71,0,1) (1,1,1) (1,1,1) (5,2,2) (2,11,8) (8,8,24) (8,8,8) (42,1,1) (1,62,164) (164,164,162) (246,247,246) (255,243,244) (243,255,240) (240,240,255) (239,239,239) (255,238,239) (238,255,247) (248,247,255) (145,229,228) (255,104,161) (121,255,155) (86,7,255) (134,56,7) (255,201,179) (130,255,245) (245,245,255) (242,242,242) (255,239,239) (239,255,237) (238,237,255) (237,238,237) (255,253,254) (254,255,211) (207,173,255) (211,207,173) (255,211,207) (173,255,211) (207,173,255) (211,207,173) (255,211,207) (173,255,211) (207,173,255) (211,207,173) (255,222,215) (178,255,219) (217,192,255) (219,217,192) (255,219,217) (192,255,222) (215,178,255) (222,215,178) (255,222,215) (178,255,231) (226,191,255) (231,226,191) (255,231,226) (191,255,222) (215,178,255) (222,215,178) (255,222,215) (178,255,222) (215,178,255) (219,217,192) (255,219,217) (192,255,219) (217,192,255) (219,217,192) (255,227,225) (205,255,227) (225,205,255) (227,225,205) (255,226,226) (226,255,230) (238,237,255) (230,238,237) (255,226,227) (216,255,227) (225,205,255) (226,226,226) (255,230,238) (237,255,228) (228,228,255) (227,225,205) (255,227,225) (205,255,227) (225,205,255) (235,236,225) (255,232,233) (232,255,228) (228,228,255) (232,233,232) (255,230,230) (230,255,234) (233,215,255) (234,233,215) (255,234,233) (215,255,240) (240,231,255) (237,244,242) (255,243,244) (243,255,237) (244,242,255) (237,244,242) (255,237,244) (242,255,237) (244,242,255) (237,244,242) (255,242,250) (254,255,237) (244,242,255) (243,244,243) (255,237,244) (242,255,243) (244,243,255) (237,244,242) (255,243,244) (243,255,243) (244,243,255) (246,247,246) (255,246,247) (246,255,246) (247,246,255) (246,247,246) (255,247,248) (247,255,247) (248,247,255) (245,245,245) (255,246,247) (246,255,246) (247,246,255) (244,242,226) (255,244,242) (226,255,241) (236,205,255) (242,239,216) (255,240,240) (231,255,240) (240,240,255) (242,242,242) (255,246,248) (242,255,246) (247,246,255) (247,248,247) (255,247,248) (247,255,246) (248,242,255) (243,245,237) (255,240,240) (231,255,242) (239,216,255) (242,239,216) (255,244,242) (226,255,242) (239,216,255) (242,239,216) (255,244,242) (226,255,244) (242,226,255) (242,239,216) (255,244,242) (226,255,244) (242,226,255) (244,242,226) (255,240,240) (231,255,240) (240,231,255) (243,245,237) (255,243,245) (237,255,240) (240,240,255) (238,239,238) (255,240,240) (240,255,243) (244,243,255) (247,248,247) (255,11,67) (102,255,8) (45,87,255) (214,214,214) (255,230,230) (230,255,239) (239,239,255) (246,247,246) (255,204,204) (204,255,161) (162,161,255) (179,179,179) (255,189,190) (190,255,200) (201,200,255) (207,207,207) (255,209,209) (209,255,209) (209,209,255) (209,209,209) (255,209,209) (209,255,209) (209,209,255) (209,209,209) (255,209,209) (209,255,209) (209,209,255) (209,209,209) (255,209,209) (209,255,209) (209,209,255) (209,209,209) (255,210,210) (210,255,210) (210,210,255) (210,210,210) (255,210,210) (210,255,207) (207,207,255) (207,207,207) (255,209,209) (209,255,209) (209,209,255) (209,209,209) (255,209,209) (209,255,209) (209,209,255) (209,209,209) (255,209,209) (209,255,209) (209,209,255) (210,210,210) (255,210,210) (210,255,210) (210,210,255) (210,210,210) (255,210,210) (210,255,210) (210,210,255) 
(76,112,71) (0,76,112) (71,0,76) (112,71,0) (76,112,71) (0,76,112) (71,0,76) (112,71,0) (76,112,71) (0,76,112) (71,0,76) (112,71,0) (76,112,71) (0,76,112) (71,0,76) (112,71,0) (76,112,71) (0,76,112) (71,0,76) (112,71,0) (76,112,71) (0,76,112) (71,0,1) (1,1,1) (1,1,1) (5,2,2) (2,11,8) (8,8,24) (8,8,8) (42,1,1) (1,62,103) (103,103,125) (247,248,247) (255,243,244) (243,255,240) (240,240,255) (238,239,238) (255,237,238) (237,255,242) (242,242,255) (185,219,223) (255,141,140) (81,255,155) (86,7,255) (121,47,4) (255,179,152) (108,255,245) (245,245,255) (240,240,240) (255,238,239) (238,255,237) (238,237,255) (236,236,236) (255,253,254) (254,255,211) (207,173,255) (211,207,173) (255,211,207) (173,255,211) (207,173,255) (211,207,173) (255,211,207) (173,255,211) (207,173,255) (211,207,173) (255,211,207) (173,255,222) (215,178,255) (211,207,173) (255,219,217) (192,255,219) (217,192,255) (222,215,178) (255,222,215) (178,255,222) (215,178,255) (222,215,178) (255,231,226) (191,255,231) (226,191,255) (231,226,191) (255,219,217) (192,255,222) (215,178,255) (222,215,178) (255,222,215) (178,255,222) (215,178,255) (222,215,178) (255,219,217) (192,255,219) (217,192,255) (226,227,216) (255,226,233) (231,255,230) (238,237,255) (226,233,231) (255,226,227) (216,255,226) (227,216,255) (226,227,216) (255,226,227) (216,255,226) (227,216,255) (226,227,216) (255,226,227) (216,255,227) (225,205,255) (226,227,216) (255,234,233) (215,255,226) (227,216,255) (234,233,215) (255,234,233) (215,255,227) (225,205,255) (234,233,215) (255,235,236) (225,255,234) (233,215,255) (234,233,215) (255,240,240) (231,255,240) (240,231,255) (240,240,231) (255,240,240) (231,255,238) (239,238,255) (240,240,240) (255,237,244) (242,255,237) (244,242,255) (243,244,243) (255,237,244) (242,255,237) (244,242,255) (237,244,242) (255,237,244) (242,255,237) (244,242,255) (237,244,242) (255,237,244) (242,255,237) (244,242,255) (243,244,243) (255,243,244) (243,255,246) (247,246,255) (247,248,247) (255,247,248) (247,255,247) (248,247,255) (246,248,242) (255,235,236) (225,255,227) (225,205,255) (227,225,205) (255,234,233) (215,255,234) (233,215,255) (235,236,225) (255,244,242) (226,255,240) (240,231,255) (246,248,242) (255,246,248) (242,255,243) (244,243,255) (246,247,246) (255,243,245) (237,255,242) (239,216,255) (241,236,205) (255,242,239) (216,255,242) (239,216,255) (242,239,216) (255,242,239) (216,255,242) (239,216,255) (234,233,215) (255,242,239) (216,255,242) (239,216,255) (242,239,216) (255,242,239) (216,255,242) (239,216,255) (242,239,216) (255,235,236) (225,255,240) (240,231,255) (237,238,237) (255,239,239) (239,255,242) (242,242,255) (246,247,246) (255,66,97) (116,255,75) (77,78,255) (209,209,209) (255,228,228) (228,255,239) (239,239,255) (246,247,246) (255,200,201) (200,255,161) (162,161,255) (179,179,179) (255,189,190) (190,255,200) (201,200,255) (204,204,204) (255,207,207) (207,255,207) (207,207,255) (207,207,207) (255,207,207) (207,255,207) (207,207,255) (207,207,207) (255,207,207) (207,255,207) (207,207,255) (207,207,207) (255,207,207) (207,255,207) (207,207,255) (207,207,207) (255,207,207) (207,255,207) (207,207,255) (206,206,206) (255,206,206) (206,255,207) (207,207,255) (207,207,207) (255,207,207) (207,255,207) (207,207,255) (207,207,207) (255,207,207) (207,255,207) (207,207,255) (207,207,207) (255,207,207) (207,255,207) (207,207,255) (207,207,207) (255,207,207) (207,255,209) (209,209,255) (209,209,209) (255,209,209) (209,255,209) (209,209,255) 
(76,112,71) (0,76,112) (71,0,76) (112,71,0) (76,112,71) (0,76,112) (71,0,76) (112,71,0) (76,112,71) (0,76,112) (71,0,76) (112,71,0) (76,112,71) (0,76,112) (71,0,76) (112,71,0) (76,112,71) (0,76,112) (71,0,76) (112,71,0) (76,112,71) (0,76,112) (71,0,76) (112,71,0) (1,1,1) (1,2,2) (2,11,2) (2,2,17) (2,2,2) (31,1,1) (1,51,6) (6,6,74) (237,238,237) (255,243,244) (243,255,240) (240,240,255) (238,239,238) (255,237,238) (237,255,239) (239,239,255) (230,238,237) (255,141,140) (81,255,155) (86,7,255) (121,47,4) (255,141,140) (81,255,246) (247,246,255) (240,240,240) (255,239,239) (239,255,237) (238,237,255) (236,236,236) (255,252,252) (252,255,222) (215,178,255) (211,207,173) (255,211,207) (173,255,211) (207,173,255) (219,217,192) (255,212,212) (212,255,214) (214,214,255) (219,217,192) (255,217,217) (217,255,226) (227,216,255) (222,215,178) (255,211,207) (173,255,211) (207,173,255) (219,217,192) (255,222,215) (178,255,211) (207,173,255) (222,215,178) (255,222,215) (178,255,222) (215,178,255) (231,226,191) (255,231,226) (191,255,234) (223,175,255) (222,215,178) (255,222,215) (178,255,219) (217,192,255) (226,227,216) (255,226,226) (226,255,226) (227,216,255) (226,233,231) (255,230,238) (237,255,226) (233,231,255) (226,227,216) (255,227,225) (205,255,226) (227,216,255) (227,225,205) (255,227,225) (205,255,227) (225,205,255) (227,225,205) (255,227,225) (205,255,234) (233,215,255) (227,225,205) (255,227,225) (205,255,227) (225,205,255) (227,225,205) (255,227,225) (205,255,227) (225,205,255) (234,233,215) (255,235,236) (225,255,235) (236,225,255) (227,225,205) (255,234,233) (215,255,234) (233,215,255) (242,239,216) (255,244,242) (226,255,235) (236,225,255) (235,236,225) (255,235,236) (225,255,235) (236,225,255) (236,236,236) (255,240,240) (231,255,237) (238,237,255) (243,244,243) (255,242,242) (242,255,240) (240,240,255) (242,242,242) (255,243,244) (243,255,243) (244,243,255) (243,244,243) (255,242,242) (242,255,245) (245,245,255) (246,247,246) (255,246,247) (246,255,246) (247,246,255) (246,247,246) (255,238,239) (238,255,240) (240,231,255) (240,240,231) (255,243,245) (237,255,243) (245,237,255) (242,239,216) (255,242,239) (216,255,244) (242,226,255) (240,240,231) (255,245,245) (245,255,246) (248,242,255) (243,245,237) (255,244,242) (226,255,242) (239,216,255) (244,242,226) (255,244,242) (226,255,244) (242,226,255) (242,239,216) (255,242,239) (216,255,241) (236,205,255) (242,239,216) (255,242,239) (216,255,242) (239,216,255) (242,239,216) (255,242,239) (216,255,242) (239,216,255) (242,239,216) (255,242,239) (216,255,240) (240,231,255) (237,238,237) (255,239,239) (239,255,242) (242,242,255) (246,247,246) (255,99,99) (99,255,75) (77,78,255) (193,194,193) (255,228,228) (228,255,238) (239,238,255) (246,247,246) (255,193,194) (193,255,161) (162,161,255) (179,179,179) (255,189,190) (190,255,200) (201,200,255) (204,204,204) (255,207,207) (207,255,207) (207,207,255) (207,207,207) (255,207,207) (207,255,207) (207,207,255) (207,207,207) (255,207,207) (207,255,207) (207,207,255) (207,207,207) (255,209,209) (209,255,207) (207,207,255) (209,209,209) (255,206,206) (206,255,206) (206,206,255) (207,207,207) (255,207,207) (207,255,207) (207,207,255) (207,207,207) (255,207,207) (207,255,207) (207,207,255) (207,207,207) (255,207,207) (207,255,209) (209,209,255) (207,207,207) (255,209,209) (209,255,207) (207,207,255) (210,210,210) (255,209,209) (209,255,209) (209,209,255) (209,209,209) (255,209,209) (209,255,210) (210,210,255) 
(76,112,71) (0,76,112) (71,0,76) (112,71,0) (76,112,71) (0,76,112) (71,0,76) (112,71,0) (76,112,71) (0,76,112) (71,0,76) (112,71,0) (76,112,71) (0,76,112) (71,0,76) (112,71,0) (76,112,71) (0,76,112) (71,0,76) (112,71,0) (76,112,71) (0,76,112) (71,0,76) (112,71,0) (1,1,1) (1,1,1) (1,5,2) (2,2,17) (2,2,2) (31,1,1) (1,51,6) (6,6,74) (218,218,218) (198,245,245) (245,255,240) (240,240,255) (239,239,239) (255,237,238) (237,255,234) (234,234,255) (245,245,245) (255,141,140) (81,255,155) (86,7,255) (121,47,4) (255,141,140) (81,255,245) (245,245,255) (240,240,240) (255,238,239) (238,255,236) (236,236,255) (234,234,234) (255,250,250) (250,255,219) (217,192,255) (211,207,173) (255,211,207) (173,255,219) (217,192,255) (219,219,219) (255,223,235) (240,255,227) (247,251,255) (223,235,240) (255,223,235) (240,255,221) (221,221,255) (211,207,173) (255,211,207) (173,255,219) (217,192,255) (228,228,228) (255,226,233) (231,255,226) (233,231,255) (226,227,216) (255,227,225) (205,255,227) (225,205,255) (231,226,191) (255,234,223) (175,255,231) (226,191,255) (227,225,205) (255,226,227) (216,255,230) (238,237,255) (230,238,237) (255,226,233) (231,255,226) (233,231,255) (226,227,216) (255,226,227) (216,255,226) (227,216,255) (219,217,192) (255,227,225) (205,255,227) (225,205,255) (227,225,205) (255,227,225) (205,255,219) (217,192,255) (231,226,191) (255,219,217) (192,255,231) (226,191,255) (227,225,205) (255,231,226) (191,255,227) (225,205,255) (226,227,216) (255,234,233) (215,255,234) (233,215,255) (234,233,215) (255,234,233) (215,255,234) (233,215,255) (234,233,215) (255,234,233) (215,255,234) (233,215,255) (234,233,215) (255,234,233) (215,255,242) (239,216,255) (242,239,216) (255,242,239) (216,255,234) (233,215,255) (234,233,215) (255,235,236) (225,255,240) (240,231,255) (243,245,237) (255,240,240) (240,255,240) (240,240,255) (240,240,240) (255,242,242) (242,255,243) (244,243,255) (243,244,243) (255,243,244) (243,255,245) (245,245,255) (243,244,243) (255,245,245) (245,255,246) (247,246,255) (238,239,238) (255,234,233) (215,255,235) (236,225,255) (237,244,242) (255,237,244) (242,255,237) (244,242,255) (237,244,242) (255,240,240) (240,255,240) (240,231,255) (240,240,231) (255,243,244) (243,255,243) (245,237,255) (244,242,226) (255,244,242) (226,255,241) (236,205,255) (242,239,216) (255,242,239) (216,255,242) (239,216,255) (242,239,216) (255,242,239) (216,255,241) (236,205,255) (241,236,205) (255,241,236) (205,255,241) (236,205,255) (242,239,216) (255,241,236) (205,255,241) (236,205,255) (241,236,205) (255,242,239) (216,255,242) (239,216,255) (236,236,236) (255,238,239) (238,255,240) (240,240,255) (245,245,245) (255,120,120) (119,255,75) (77,78,255) (193,194,193) (255,226,226) (226,255,236) (236,236,255) (246,247,246) (255,189,190) (190,255,164) (164,164,255) (179,179,179) (255,189,190) (190,255,200) (201,200,255) (204,204,204) (255,207,207) (207,255,207) (207,207,255) (207,207,207) (255,207,207) (207,255,207) (207,207,255) (207,207,207) (255,207,207) (207,255,207) (207,207,255) (207,207,207) (255,206,206) (206,255,206) (206,206,255) (206,206,206) (255,206,206) (206,255,207) (207,207,255) (207,207,207) (255,207,207) (207,255,207) (207,207,255) (207,207,207) (255,207,207) (207,255,207) (207,207,255) (207,207,207) (255,207,207) (207,255,207) (207,207,255) (207,207,207) (255,207,207) (207,255,209) (209,209,255) (209,209,209) (255,209,209) (209,255,209) (209,209,255) (210,210,210) (255,210,210) (210,255,210) (210,210,255) 
(76,112,71) (0,76,112) (71,0,76) (112,71,0) (76,112,71) (0,76,112) (71,0,76) (112,71,0) (76,112,71) (0,76,112) (71,0,76) (112,71,0) (76,112,71) (0,76,112) (71,0,76) (112,71,0) (76,112,71) (0,76,112) (71,0,76) (112,71,0) (76,112,71) (0,76,112) (71,0,76) (112,71,0) (1,1,1) (1,1,1) (1,5,2) (2,2,11) (8,8,8) (24,8,8) (8,42,1) (1,1,62) (183,183,183) (180,245,245) (245,255,240) (240,240,255) (238,239,238) (255,237,238) (237,255,234) (234,234,255) (242,242,242) (255,179,152) (108,255,155) (86,7,255) (134,56,7) (255,155,97) (33,255,246) (247,246,255) (240,240,240) (255,238,239) (238,255,236) (236,236,255) (234,234,234) (255,247,248) (247,255,227) (225,205,255) (207,195,153) (255,211,207) (173,255,219) (217,192,255) (207,207,207) (255,215,215) (215,255,221) (221,221,255) (215,229,230) (255,215,229) (230,255,215) (229,230,255) (215,215,215) (255,214,214) (214,255,219) (219,219,255) (226,233,231) (255,223,235) (240,255,223) (235,240,255) (223,235,240) (255,223,235) (240,255,223) (235,240,255) (228,228,228) (255,227,225) (205,255,228) (228,228,255) (235,236,225) (255,235,236) (225,255,230) (238,237,255) (228,228,228) (255,226,227) (216,255,227) (225,205,255) (227,225,205) (255,227,225) (205,255,219) (217,192,255) (231,226,191) (255,219,217) (192,255,219) (217,192,255) (231,226,191) (255,219,217) (192,255,231) (226,191,255) (231,226,191) (255,231,226) (191,255,219) (217,192,255) (231,226,191) (255,231,226) (191,255,227) (225,205,255) (227,225,205) (255,235,236) (225,255,232) (233,232,255) (235,236,225) (255,234,233) (215,255,234) (233,215,255) (234,233,215) (255,234,233) (215,255,234) (233,215,255) (234,233,215) (255,234,233) (215,255,234) (233,215,255) (242,239,216) (255,242,239) (216,255,244) (242,226,255) (242,239,216) (255,235,236) (225,255,235) (236,225,255) (240,240,231) (255,240,240) (231,255,240) (240,231,255) (243,245,237) (255,240,240) (240,255,243) (245,237,255) (243,244,243) (255,243,244) (243,255,245) (245,245,255) (243,244,243) (255,243,244) (243,255,243) (245,237,255) (238,239,238) (255,237,238) (237,255,237) (244,242,255) (237,244,242) (255,238,239) (238,255,238) (239,238,255) (240,240,240) (255,237,244) (242,255,237) (244,242,255) (237,244,242) (255,243,244) (243,255,244) (242,226,255) (242,239,216) (255,242,239) (216,255,242) (239,216,255) (241,236,205) (255,241,236) (205,255,241) (236,205,255) (241,236,205) (255,241,236) (205,255,241) (236,205,255) (241,236,205) (255,241,236) (205,255,241) (236,205,255) (241,236,205) (255,241,236) (205,255,241) (236,205,255) (241,236,205) (255,241,236) (205,255,241) (236,205,255) (236,236,236) (255,237,238) (237,255,240) (240,240,255) (243,244,243) (255,140,141) (141,255,75) (77,78,255) (200,201,200) (255,226,226) (226,255,237) (238,237,255) (245,245,245) (255,184,185) (184,255,164) (164,164,255) (179,179,179) (255,189,190) (190,255,200) (201,200,255) (204,204,204) (255,207,207) (207,255,207) (207,207,255) (207,207,207) (255,207,207) (207,255,207) (207,207,255) (207,207,207) (255,207,207) (207,255,206) (206,206,255) (206,206,206) (255,206,206) (206,255,206) (206,206,255) (207,207,207) (255,207,207) (207,255,207) (207,207,255) (207,207,207) (255,207,207) (207,255,207) (207,207,255) (207,207,207) (255,207,207) (207,255,209) (209,209,255) (207,207,207) (255,209,209) (209,255,207) (207,207,255) (210,210,210) (255,209,209) (209,255,209) (209,209,255) (209,209,209) (255,209,209) (209,255,210) (210,210,255) (210,210,210) (255,210,210) (210,255,210) (210,210,255) 
(76,112,71) (0,76,112) (71,0,76) (112,71,0) (76,112,71) (0,76,112) (71,0,76) (112,71,0) (76,112,71) (0,76,112) (71,0,76) (112,71,0) (76,112,71) (0,76,112) (71,0,76) (112,71,0) (76,112,71) (0,76,112) (71,0,76) (112,71,0) (76,112,71) (0,76,112) (71,0,76) (112,71,0) (1,1,1) (1,1,1) (1,5,2) (2,2,11) (8,8,8) (24,8,8) (8,42,1) (1,1,62) (103,103,103) (125,246,247) (246,255,242) (242,242,255) (239,239,239) (255,237,238) (237,255,234) (234,234,255) (238,239,238) (255,201,179) (130,255,155) (86,7,255) (134,56,7) (255,126,96) (20,255,246) (247,246,255) (242,242,242) (255,238,239) (238,255,236) (236,236,255) (234,234,234) (255,246,247) (246,255,235) (236,225,255) (211,207,173) (255,210,210) (210,255,221) (221,221,255) (214,214,214) (255,217,217) (217,255,217) (217,217,255) (217,217,217) (255,219,219) (219,255,223) (235,240,255) (223,235,240) (255,223,235) (240,255,226) (233,231,255) (223,223,223) (255,226,233) (231,255,223) (223,223,255) (226,226,226) (255,226,233) (231,255,223) (235,240,255) (223,235,240) (255,226,226) (226,255,226) (226,226,255) (226,227,216) (255,234,233) (215,255,234) (233,215,255) (234,233,215) (255,234,233) (215,255,226) (227,216,255) (227,225,205) (255,227,225) (205,255,219) (217,192,255) (231,226,191) (255,231,226) (191,255,219) (217,192,255) (231,226,191) (255,227,225) (205,255,227) (225,205,255) (231,226,191) (255,231,226) (191,255,222) (215,178,255) (231,226,191) (255,231,226) (191,255,227) (225,205,255) (227,225,205) (255,226,227) (216,255,235) (236,225,255) (235,236,225) (255,234,233) (215,255,234) (233,215,255) (227,225,205) (255,241,236) (205,255,227) (225,205,255) (234,233,215) (255,234,233) (215,255,241) (236,205,255) (234,233,215) (255,234,233) (215,255,244) (242,226,255) (244,242,226) (255,244,242) (226,255,235) (236,225,255) (235,236,225) (255,240,240) (231,255,240) (240,231,255) (240,240,231) (255,240,240) (231,255,240) (240,231,255) (240,240,231) (255,242,242) (242,255,243) (244,243,255) (242,242,242) (255,243,245) (237,255,235) (236,225,255) (237,238,237) (255,237,244) (242,255,237) (244,242,255) (240,240,240) (255,240,240) (231,255,240) (240,231,255) (240,240,231) (255,238,239) (238,255,237) (244,242,255) (237,244,242) (255,240,240) (231,255,240) (240,231,255) (240,240,231) (255,244,242) (226,255,243) (245,237,255) (243,245,237) (255,243,245) (237,255,240) (240,231,255) (242,239,216) (255,242,239) (216,255,242) (239,216,255) (242,239,216) (255,241,236) (205,255,241) (236,205,255) (241,236,205) (255,244,242) (226,255,244) (242,226,255) (244,242,226) (255,244,242) (226,255,242) (239,216,255) (234,234,234) (255,237,238) (237,255,240) (240,240,255) (243,244,243) (255,157,158) (158,255,75) (77,78,255) (193,194,193) (255,223,223) (223,255,236) (236,236,255) (245,245,245) (255,184,185) (184,255,164) (164,164,255) (179,179,179) (255,189,190) (190,255,200) (201,200,255) (204,204,204) (255,207,207) (207,255,207) (207,207,255) (207,207,207) (255,207,207) (207,255,206) (206,206,255) (206,206,206) (255,206,206) (206,255,206) (206,206,255) (206,206,206) (255,206,206) (206,255,207) (207,207,255) (207,207,207) (255,207,207) (207,255,207) (207,207,255) (207,207,207) (255,207,207) (207,255,207) (207,207,255) (207,207,207) (255,207,207) (207,255,207) (207,207,255) (207,207,207) (255,209,209) (209,255,209) (209,209,255) (209,209,209) (255,209,209) (209,255,209) (209,209,255) (210,210,210) (255,210,210) (210,255,210) (210,210,255) (210,210,210) (255,210,210) (210,255,210) (210,210,255) 
(76,112,71) (0,76,112) (71,0,76) (112,71,0) (76,112,71) (0,76,112) (71,0,76) (112,71,0) (76,112,71) (0,76,112) (71,0,76) (112,71,0) (76,112,71) (0,76,112) (71,0,76) (112,71,0) (76,112,71) (0,76,112) (71,0,76) (112,71,0) (76,112,71) (0,76,112) (71,0,76) (112,71,0) (76,112,71) (0,1,1) (1,1,2) (2,2,11) (2,2,2) (17,2,2) (2,31,1) (1,1,51) (6,6,6) (74,243,244) (243,255,243) (244,243,255) (240,240,240) (255,237,238) (237,255,234) (234,234,255) (234,234,234) (255,222,215) (178,255,174) (116,14,255) (143,72,10) (255,134,56) (7,255,246) (247,246,255) (240,240,240) (255,238,239) (238,255,234) (234,234,255) (234,234,234) (255,243,244) (243,255,238) (239,238,255) (212,212,212) (255,214,214) (214,255,217) (217,217,255) (217,217,217) (255,221,221) (221,255,217) (217,217,255) (217,217,217) (255,221,221) (221,255,215) (229,230,255) (215,229,230) (255,223,235) (240,255,226) (233,231,255) (215,229,230) (255,226,233) (231,255,215) (229,230,255) (226,233,231) (255,223,235) (240,255,226) (233,231,255) (226,226,226) (255,226,227) (216,255,226) (227,216,255) (226,227,216) (255,227,225) (205,255,226) (227,216,255) (234,233,215) (255,234,233) (215,255,234) (233,215,255) (234,233,215) (255,227,225) (205,255,231) (226,191,255) (219,217,192) (255,231,226) (191,255,227) (225,205,255) (231,226,191) (255,227,225) (205,255,227) (225,205,255) (227,225,205) (255,231,226) (191,255,231) (226,191,255) (231,226,191) (255,227,225) (205,255,231) (226,191,255) (227,225,205) (255,227,225) (205,255,234) (233,215,255) (235,236,225) (255,235,236) (225,255,235) (236,225,255) (234,233,215) (255,234,233) (215,255,234) (233,215,255) (234,233,215) (255,241,236) (205,255,234) (233,215,255) (242,239,216) (255,234,233) (215,255,242) (239,216,255) (244,242,226) (255,244,242) (226,255,244) (242,226,255) (244,242,226) (255,240,240) (231,255,244) (242,226,255) (240,240,231) (255,240,240) (231,255,240) (240,231,255) (240,240,240) (255,243,244) (243,255,243) (244,243,255) (242,242,242) (255,240,240) (231,255,236) (236,236,255) (236,236,236) (255,238,239) (238,255,236) (236,236,255) (235,236,225) (255,234,234) (234,255,235) (236,225,255) (235,236,225) (255,235,236) (225,255,237) (238,237,255) (239,239,239) (255,240,240) (231,255,240) (240,231,255) (240,240,240) (255,242,242) (242,255,243) (244,243,255) (246,247,246) (255,249,249) (249,255,246) (248,242,255) (244,242,226) (255,244,242) (226,255,246) (248,242,255) (246,248,242) (255,243,245) (237,255,244) (242,226,255) (244,242,226) (255,243,245) (237,255,243) (244,243,255) (246,248,242) (255,243,245) (237,255,245) (245,245,255) (234,234,234) (255,236,236) (236,255,239) (239,239,255) (243,244,243) (255,174,175) (175,255,75) (77,78,255) (189,190,190) (255,221,221) (221,255,234) (234,234,255) (245,245,245) (255,179,179) (179,255,164) (164,164,255) (179,179,179) (255,189,190) (190,255,200) (201,200,255) (203,203,203) (255,206,206) (206,255,204) (204,204,255) (204,204,204) (255,204,204) (204,255,204) (204,204,255) (204,204,204) (255,204,204) (204,255,204) (204,204,255) (204,204,204) (255,204,204) (204,255,204) (204,204,255) (204,204,204) (255,204,204) (204,255,206) (206,206,255) (206,206,206) (255,206,206) (206,255,206) (206,206,255) (206,206,206) (255,207,207) (207,255,207) (207,207,255) (207,207,207) (255,207,207) (207,255,207) (207,207,255) (207,207,207) (255,207,207) (207,255,207) (207,207,255) (207,207,207) (255,209,209) (209,255,209) (209,209,255) (209,209,209) (255,209,209) (209,255,210) (210,210,255) 
(76,112,71) (0,76,112) (71,0,76) (112,71,0) (76,112,71) (0,76,112) (71,0,76) (112,71,0) (76,112,71) (0,76,112) (71,0,76) (112,71,0) (76,112,71) (0,76,112) (71,0,76) (112,71,0) (76,112,71) (0,76,112) (71,0,76) (112,71,0) (76,112,71) (0,76,112) (71,0,76) (112,71,0) (76,112,71) (0,1,1) (1,1,1) (1,1,5) (2,2,2) (17,2,2) (2,31,1) (1,1,51) (6,6,6) (74,221,221) (221,222,243) (244,243,255) (240,240,240) (255,237,238) (237,255,234) (234,234,255) (231,231,231) (255,227,225) (205,255,182) (133,46,255) (143,72,10) (255,121,47) (4,255,240) (240,240,255) (242,242,242) (255,238,239) (238,255,234) (234,234,255) (234,234,234) (255,242,242) (242,255,240) (240,231,255) (207,195,153) (255,207,195) (153,255,207) (195,153,255) (211,207,173) (255,211,207) (173,255,211) (207,173,255) (211,207,173) (255,211,207) (173,255,211) (207,173,255) (211,207,173) (255,211,207) (173,255,211) (207,173,255) (219,217,192) (255,222,215) (178,255,219) (217,192,255) (219,217,192) (255,219,217) (192,255,222) (215,178,255) (211,207,173) (255,222,215) (178,255,222) (215,178,255) (222,215,178) (255,219,217) (192,255,222) (215,178,255) (219,217,192) (255,222,215) (178,255,231) (226,191,255) (231,226,191) (255,231,226) (191,255,231) (226,191,255) (231,226,191) (255,231,226) (191,255,222) (215,178,255) (231,226,191) (255,231,226) (191,255,231) (226,191,255) (231,226,191) (255,231,226) (191,255,227) (225,205,255) (231,226,191) (255,231,226) (191,255,227) (225,205,255) (231,226,191) (255,231,226) (191,255,227) (225,205,255) (234,233,215) (255,234,233) (215,255,235) (236,225,255) (234,233,215) (255,234,233) (215,255,241) (236,205,255) (234,233,215) (255,241,236) (205,255,234) (233,215,255) (234,233,215) (255,241,236) (205,255,234) (233,215,255) (242,239,216) (255,242,239) (216,255,244) (242,226,255) (244,242,226) (255,244,242) (226,255,244) (242,226,255) (244,242,226) (255,240,240) (231,255,240) (240,231,255) (243,245,237) (255,243,245) (237,255,243) (244,243,255) (240,240,231) (255,235,236) (225,255,235) (236,225,255) (240,240,231) (255,240,240) (240,255,240) (240,231,255) (243,245,237) (255,240,240) (231,255,238) (239,238,255) (243,245,237) (255,238,239) (238,255,243) (245,237,255) (238,239,238) (255,243,245) (237,255,243) (245,237,255) (238,239,238) (255,243,245) (237,255,240) (240,231,255) (243,245,237) (255,243,245) (237,255,246) (248,242,255) (246,248,242) (255,243,245) (237,255,243) (245,237,255) (243,245,237) (255,240,240) (231,255,240) (240,231,255) (240,240,231) (255,240,240) (231,255,243) (245,237,255) (243,245,237) (255,240,240) (231,255,243) (245,237,255) (234,234,234) (255,236,236) (236,255,239) (239,239,255) (243,244,243) (255,200,201) (200,255,75) (77,78,255) (200,201,200) (255,221,221) (221,255,232) (233,232,255) (245,245,245) (255,174,175) (175,255,164) (164,164,255) (179,179,179) (255,189,190) (190,255,196) (196,197,255) (203,203,203) (255,204,204) (204,255,204) (204,204,255) (204,204,204) (255,204,204) (204,255,204) (204,204,255) (204,204,204) (255,204,204) (204,255,206) (206,206,255) (204,204,204) (255,206,206) (206,255,204) (204,204,255) (206,206,206) (255,206,206) (206,255,206) (206,206,255) (206,206,206) (255,206,206) (206,255,206) (206,206,255) (207,207,207) (255,207,207) (207,255,207) (207,207,255) (207,207,207) (255,207,207) (207,255,207) (207,207,255) (207,207,207) (255,209,209) (209,255,207) (207,207,255) (209,209,209) (255,209,209) (209,255,209) (209,209,255) (210,210,210) (255,210,210) (210,255,210) (210,210,255) 
(76,112,71) (0,76,112) (71,0,76) (112,71,0) (76,112,71) (0,76,112) (71,0,76) (112,71,0) (76,112,71) (0,76,112) (71,0,76) (112,71,0) (76,112,71) (0,76,112) (71,0,76) (112,71,0) (76,112,71) (0,76,112) (71,0,76) (112,71,0) (76,112,71) (0,76,112) (71,0,76) (112,71,0) (76,112,71) (0,1,1) (1,1,1) (1,1,5) (2,2,2) (17,8,8) (8,24,8) (8,8,42) (1,1,1) (62,183,183) (183,180,245) (245,245,255) (240,240,240) (255,237,238) (237,255,234) (234,234,255) (230,230,230) (255,234,233) (215,255,179) (152,108,255) (143,72,10) (255,134,56) (7,255,219) (219,219,255) (242,242,242) (255,238,239) (238,255,236) (236,236,255) (234,234,234) (255,240,240) (240,255,240) (240,231,255) (201,179,130) (255,207,195) (153,255,207) (195,153,255) (207,195,153) (255,207,195) (153,255,207) (195,153,255) (207,195,153) (255,207,195) (153,255,207) (195,153,255) (207,195,153) (255,220,208) (154,255,207) (195,153,255) (207,195,153) (255,207,195) (153,255,220) (208,154,255) (207,195,153) (255,220,208) (154,255,211) (207,173,255) (211,207,173) (255,220,208) (154,255,211) (207,173,255) (211,207,173) (255,211,207) (173,255,222) (215,178,255) (220,208,154) (255,222,215) (178,255,222) (215,178,255) (222,215,178) (255,234,223) (175,255,231) (226,191,255) (231,226,191) (255,231,226) (191,255,231) (226,191,255) (222,215,178) (255,231,226) (191,255,227) (225,205,255) (231,226,191) (255,222,215) (178,255,231) (226,191,255) (231,226,191) (255,231,226) (191,255,231) (226,191,255) (231,226,191) (255,231,226) (191,255,231) (226,191,255) (231,226,191) (255,231,226) (191,255,227) (225,205,255) (231,226,191) (255,227,225) (205,255,227) (225,205,255) (241,236,205) (255,234,233) (215,255,235) (236,225,255) (234,233,215) (255,234,233) (215,255,241) (236,205,255) (234,233,215) (255,242,239) (216,255,242) (239,216,255) (242,239,216) (255,243,245) (237,255,243) (245,237,255) (244,242,226) (255,244,242) (226,255,244) (242,226,255) (244,242,226) (255,240,240) (231,255,240) (240,231,255) (238,239,238) (255,235,236) (225,255,235) (236,225,255) (240,240,231) (255,240,240) (231,255,243) (245,237,255) (240,240,231) (255,234,233) (215,255,240) (240,231,255) (240,240,231) (255,240,240) (231,255,240) (240,231,255) (235,236,225) (255,240,240) (231,255,240) (240,231,255) (244,242,226) (255,235,236) (225,255,244) (242,226,255) (244,242,226) (255,241,236) (205,255,242) (239,216,255) (244,242,226) (255,244,242) (226,255,242) (239,216,255) (242,239,216) (255,242,239) (216,255,242) (239,216,255) (242,239,216) (255,242,239) (216,255,244) (242,226,255) (242,239,216) (255,242,239) (216,255,242) (239,216,255) (234,234,234) (255,236,236) (236,255,238) (239,238,255) (242,242,242) (255,219,219) (219,255,75) (77,78,255) (203,203,203) (255,219,219) (219,255,232) (233,232,255) (243,244,243) (255,170,171) (170,255,164) (164,164,255) (179,179,179) (255,189,190) (190,255,196) (196,197,255) (203,203,203) (255,204,204) (204,255,204) (204,204,255) (204,204,204) (255,204,204) (204,255,204) (204,204,255) (206,206,206) (255,204,204) (204,255,204) (204,204,255) (204,204,204) (255,204,204) (204,255,206) (206,206,255) (206,206,206) (255,206,206) (206,255,206) (206,206,255) (206,206,206) (255,207,207) (207,255,207) (207,207,255) (207,207,207) (255,207,207) (207,255,207) (207,207,255) (207,207,207) (255,207,207) (207,255,209) (209,209,255) (207,207,207) (255,209,209) (209,255,209) (209,209,255) (209,209,209) (255,209,209) (209,255,210) (210,210,255) (210,210,210) (255,210,210) (210,255,210) (210,210,255) 
(76,112,71) (0,76,112) (71,0,76) (112,71,0) (76,112,71) (0,76,112) (71,0,76) (112,71,0) (76,112,71) (0,76,112) (71,0,76) (112,71,0) (76,112,71) (0,76,112) (71,0,76) (112,71,0) (76,112,71) (0,76,112) (71,0,76) (112,71,0) (76,112,71) (0,76,112) (71,0,76) (112,71,0) (76,112,71) (0,1,1) (1,1,1) (1,1,5) (2,2,2) (11,8,8) (8,24,8) (8,8,42) (1,1,1) (62,137,137) (137,134,246) (247,246,255) (240,240,240) (255,238,239) (238,255,236) (236,236,255) (231,231,231) (255,231,231) (231,255,201) (179,130,255) (155,86,7) (255,143,72) (10,255,219) (217,192,255) (242,242,242) (255,238,239) (238,255,234) (234,234,255) (232,233,232) (255,237,238) (237,255,246) (248,242,255) (201,179,130) (255,201,179) (130,255,204) (179,89,255) (201,179,130) (255,201,179) (130,255,201) (179,130,255) (201,179,130) (255,201,179) (130,255,217) (199,126,255) (201,179,130) (255,207,195) (153,255,211) (207,173,255) (207,195,153) (255,217,199) (126,255,217) (199,126,255) (217,199,126) (255,207,195) (153,255,211) (207,173,255) (219,217,192) (255,211,207) (173,255,220) (208,154,255) (220,208,154) (255,220,208) (154,255,220) (208,154,255) (222,215,178) (255,227,225) (205,255,222) (215,178,255) (220,208,154) (255,220,208) (154,255,220) (208,154,255) (222,215,178) (255,234,223) (175,255,235) (236,225,255) (240,240,231) (255,234,233) (215,255,231) (226,191,255) (222,215,178) (255,222,215) (178,255,222) (215,178,255) (227,225,205) (255,227,225) (205,255,231) (226,191,255) (231,226,191) (255,231,226) (191,255,231) (226,191,255) (231,226,191) (255,235,236) (225,255,234) (233,215,255) (234,223,175) (255,231,226) (191,255,234) (233,215,255) (240,240,231) (255,237,238) (237,255,240) (240,231,255) (234,233,215) (255,234,233) (215,255,241) (236,205,255) (241,236,205) (255,234,233) (215,255,241) (236,205,255) (240,240,231) (255,243,244) (243,255,244) (242,226,255) (244,242,226) (255,244,242) (226,255,244) (242,226,255) (244,242,226) (255,241,236) (205,255,231) (226,191,255) (231,226,191) (255,231,226) (191,255,231) (226,191,255) (231,226,191) (255,231,226) (191,255,231) (226,191,255) (231,226,191) (255,231,226) (191,255,231) (226,191,255) (231,226,191) (255,231,226) (191,255,243) (235,192,255) (231,226,191) (255,243,235) (192,255,231) (226,191,255) (231,226,191) (255,241,236) (205,255,241) (236,205,255) (243,235,192) (255,243,235) (192,255,241) (236,205,255) (241,236,205) (255,242,239) (216,255,242) (239,216,255) (242,239,216) (255,242,239) (216,255,242) (239,216,255) (241,236,205) (255,241,236) (205,255,241) (236,205,255) (241,236,205) (255,241,236) (205,255,241) (236,205,255) (235,236,225) (255,234,234) (234,255,237) (238,237,255) (240,240,240) (255,240,240) (240,255,87) (88,88,255) (196,196,197) (255,217,217) (217,255,232) (233,232,255) (243,244,243) (255,164,164) (164,255,164) (164,164,255) (179,179,179) (255,189,190) (190,255,196) (196,197,255) (203,203,203) (255,204,204) (204,255,204) (204,204,255) (204,204,204) (255,206,206) (206,255,204) (204,204,255) (204,204,204) (255,206,206) (206,255,204) (204,204,255) (206,206,206) (255,206,206) (206,255,206) (206,206,255) (206,206,206) (255,206,206) (206,255,206) (206,206,255) (207,207,207) (255,207,207) (207,255,207) (207,207,255) (207,207,207) (255,207,207) (207,255,207) (207,207,255) (209,209,209) (255,207,207) (207,255,209) (209,209,255) (209,209,209) (255,209,209) (209,255,209) (209,209,255) (210,210,210) (255,210,210) (210,255,210) (210,210,255) (210,210,210) (255,210,210) (210,255,210) (210,210,255) 
(76,112,71) (0,76,112) (71,0,76) (112,71,0) (76,112,71) (0,76,112) (71,0,76) (112,71,0) (76,112,71) (0,76,112) (71,0,76) (112,71,0) (76,112,71) (0,76,112) (71,0,76) (112,71,0) (76,112,71) (0,76,112) (71,0,76) (112,71,0) (76,112,71) (0,76,112) (71,0,76) (112,71,0) (76,112,71) (0,76,112) (71,0,1) (1,1,1) (2,2,2) (11,2,2) (2,17,2) (2,2,31) (1,1,1) (51,6,6) (6,74,245) (245,245,255) (242,242,242) (255,239,239) (239,255,236) (236,236,255) (231,231,231) (255,230,230) (230,255,219) (217,192,255) (155,86,7) (255,143,72) (10,255,207) (195,153,255) (242,242,242) (255,238,239) (238,255,234) (234,234,255) (232,233,232) (255,234,234) (234,255,252) (252,252,255) (201,179,130) (255,201,179) (130,255,201) (179,130,255) (201,179,130) (255,201,179) (130,255,204) (179,89,255) (207,195,153) (255,207,195) (153,255,207) (195,153,255) (201,179,130) (255,207,195) (153,255,219) (217,192,255) (211,207,173) (255,222,215) (178,255,219) (217,192,255) (207,195,153) (255,220,208) (154,255,207) (195,153,255) (220,208,154) (255,207,195) (153,255,211) (207,173,255) (220,208,154) (255,207,195) (153,255,211) (207,173,255) (219,217,192) (255,227,225) (205,255,222) (215,178,255) (220,208,154) (255,220,208) (154,255,222) (215,178,255) (220,208,154) (255,220,208) (154,255,231) (226,191,255) (231,226,191) (255,234,223) (175,255,234) (223,175,255) (234,223,175) (255,234,220) (161,255,234) (220,161,255) (231,226,191) (255,222,215) (178,255,234) (220,161,255) (234,223,175) (255,234,220) (161,255,234) (220,161,255) (234,223,175) (255,231,226) (191,255,234) (223,175,255) (234,223,175) (255,234,223) (175,255,241) (236,205,255) (241,236,205) (255,231,226) (191,255,231) (226,191,255) (231,226,191) (255,243,235) (192,255,231) (226,191,255) (231,226,191) (255,231,226) (191,255,243) (235,192,255) (241,236,205) (255,241,236) (205,255,241) (236,205,255) (241,236,205) (255,241,236) (205,255,242) (239,216,255) (241,236,205) (255,241,231) (179,255,234) (223,175,255) (234,223,175) (255,234,223) (175,255,234) (223,175,255) (234,223,175) (255,234,220) (161,255,234) (223,175,255) (234,223,175) (255,234,220) (161,255,240) (228,165,255) (234,223,175) (255,234,223) (175,255,234) (223,175,255) (240,228,165) (255,234,223) (175,255,234) (223,175,255) (241,231,179) (255,234,223) (175,255,241) (231,179,255) (241,231,179) (255,241,231) (179,255,241) (231,179,255) (241,231,179) (255,243,235) (192,255,241) (236,205,255) (241,236,205) (255,241,236) (205,255,243) (235,192,255) (243,235,192) (255,243,235) (192,255,243) (235,192,255) (241,236,205) (255,243,235) (192,255,243) (235,192,255) (235,236,225) (255,234,234) (234,255,237) (238,237,255) (240,240,240) (255,246,247) (246,255,99) (99,99,255) (193,194,193) (255,217,217) (217,255,232) (233,232,255) (243,244,243) (255,161,162) (161,255,164) (164,164,255) (179,179,179) (255,189,190) (190,255,200) (201,200,255) (203,203,203) (255,204,204) (204,255,204) (204,204,255) (204,204,204) (255,204,204) (204,255,204) (204,204,255) (206,206,206) (255,204,204) (204,255,206) (206,206,255) (206,206,206) (255,206,206) (206,255,206) (206,206,255) (206,206,206) (255,207,207) (207,255,207) (207,207,255) (207,207,207) (255,207,207) (207,255,207) (207,207,255) (207,207,207) (255,207,207) (207,255,209) (209,209,255) (207,207,207) (255,209,209) (209,255,209) (209,209,255) (209,209,209) (255,210,210) (210,255,210) (210,210,255) (210,210,210) (255,210,210) (210,255,210) (210,210,255) (210,210,210) (255,210,210) (210,255,212) (212,212,255) 
(76,112,71) (0,76,112) (71,0,76) (112,71,0) (76,112,71) (0,76,112) (71,0,76) (112,71,0) (76,112,71) (0,76,112) (71,0,76) (112,71,0) (76,112,71) (0,76,112) (71,0,76) (112,71,0) (76,112,71) (0,76,112) (71,0,76) (112,71,0) (76,112,71) (0,76,112) (71,0,76) (112,71,0) (76,112,71) (0,76,112) (71,0,1) (1,1,1) (1,1,1) (5,2,2) (2,17,2) (2,2,31) (1,1,1) (51,6,6) (6,74,221) (221,221,222) (243,244,243) (255,239,239) (239,255,236) (236,236,255) (230,230,230) (255,226,226) (226,255,228) (228,228,255) (155,97,33) (255,143,72) (10,255,201) (179,130,255) (243,244,243) (255,239,239) (239,255,234) (234,234,255) (234,234,234) (255,234,234) (234,255,253) (254,254,255) (204,179,89) (255,199,159) (72,255,201) (179,130,255) (207,195,153) (255,204,179) (89,255,204) (179,89,255) (201,179,130) (255,201,179) (130,255,204) (179,89,255) (199,159,72) (255,204,179) (89,255,204) (179,89,255) (201,179,130) (255,207,195) (153,255,201) (179,130,255) (201,179,130) (255,201,179) (130,255,201) (179,130,255) (204,179,89) (255,217,199) (126,255,220) (208,154,255) (217,199,126) (255,217,199) (126,255,217) (199,126,255) (201,179,130) (255,215,190) (100,255,217) (199,126,255) (217,199,126) (255,217,199) (126,255,217) (199,126,255) (217,199,126) (255,217,199) (126,255,217) (199,126,255) (217,199,126) (255,220,208) (154,255,234) (217,142,255) (234,220,161) (255,234,220) (161,255,234) (220,161,255) (234,220,161) (255,234,217) (142,255,220) (208,154,255) (220,208,154) (255,220,208) (154,255,220) (208,154,255) (220,208,154) (255,220,208) (154,255,234) (220,161,255) (234,220,161) (255,234,220) (161,255,234) (220,161,255) (234,220,161) (255,234,220) (161,255,234) (220,161,255) (234,223,175) (255,234,223) (175,255,234) (223,175,255) (241,231,179) (255,234,223) (175,255,241) (231,179,255) (231,226,191) (255,241,231) (179,255,231) (226,191,255) (243,235,192) (255,243,235) (192,255,243) (235,192,255) (240,228,165) (255,240,228) (165,255,240) (228,165,255) (240,228,165) (255,237,222) (151,255,234) (220,161,255) (237,222,151) (255,237,222) (151,255,237) (222,151,255) (237,222,151) (255,237,222) (151,255,234) (217,142,255) (234,220,161) (255,237,222) (151,255,234) (220,161,255) (234,220,161) (255,237,222) (151,255,237) (222,151,255) (237,222,151) (255,237,222) (151,255,240) (228,165,255) (240,228,165) (255,240,228) (165,255,240) (228,165,255) (240,228,165) (255,241,231) (179,255,241) (231,179,255) (243,235,192) (255,241,236) (205,255,243) (235,192,255) (241,231,179) (255,241,231) (179,255,243) (235,192,255) (243,235,192) (255,241,231) (179,255,241) (231,179,255) (234,233,215) (255,234,234) (234,255,237) (238,237,255) (240,240,240) (255,245,245) (245,255,108) (110,109,255) (196,196,197) (255,215,215) (215,255,231) (231,231,255) (243,244,243) (255,157,158) (158,255,164) (164,164,255) (179,179,179) (255,189,190) (190,255,196) (196,197,255) (203,203,203) (255,203,203) (203,255,203) (203,203,255) (203,203,203) (255,203,203) (203,255,204) (204,204,255) (204,204,204) (255,204,204) (204,255,204) (204,204,255) (204,204,204) (255,204,204) (204,255,204) (204,204,255) (204,204,204) (255,204,204) (204,255,206) (206,206,255) (206,206,206) (255,206,206) (206,255,206) (206,206,255) (207,207,207) (255,207,207) (207,255,207) (207,207,255) (207,207,207) (255,207,207) (207,255,207) (207,207,255) (207,207,207) (255,207,207) (207,255,209) (209,209,255) (209,209,209) (255,209,209) (209,255,209) (209,209,255) (210,210,210) (255,210,210) (210,255,210) (210,210,255) 
(76,112,71) (0,76,112) (71,0,76) (112,71,0) (76,112,71) (0,76,112) (71,0,76) (112,71,0) (76,112,71) (0,76,112) (71,0,76) (112,71,0) (76,112,71) (0,76,112) (71,0,76) (112,71,0) (76,112,71) (0,76,112) (71,0,76) (112,71,0) (76,112,71) (0,76,112) (71,0,76) (112,71,0) (76,112,71) (0,76,112) (71,0,1) (1,1,1) (1,1,1) (5,2,2) (2,17,8) (8,8,24) (8,8,8) (42,1,1) (1,62,183) (183,183,180) (243,244,243) (255,240,240) (240,255,237) (238,237,255) (232,233,232) (255,226,226) (226,255,228) (228,228,255) (189,144,61) (255,143,72) (10,255,179) (152,108,255) (243,244,243) (255,238,239) (238,255,234) (234,234,255) (232,233,232) (255,232,233) (232,255,253) (254,254,255) (199,159,72) (255,195,155) (38,255,195) (155,38,255) (195,155,38) (255,195,155) (38,255,201) (166,54,255) (201,166,54) (255,195,155) (38,255,201) (166,54,255) (201,166,54) (255,201,166) (54,255,199) (159,72,255) (201,166,54) (255,201,166) (54,255,201) (166,54,255) (208,176,71) (255,201,166) (54,255,208) (176,71,255) (208,176,71) (255,199,159) (72,255,208) (176,71,255) (204,179,89) (255,204,179) (89,255,208) (176,71,255) (204,179,89) (255,204,179) (89,255,204) (179,89,255) (204,179,89) (255,204,179) (89,255,215) (190,100,255) (215,190,100) (255,215,190) (100,255,217) (199,126,255) (217,199,126) (255,217,199) (126,255,217) (199,126,255) (217,199,126) (255,234,214) (130,255,234) (217,142,255) (237,222,151) (255,237,222) (151,255,234) (217,142,255) (234,217,142) (255,234,217) (142,255,234) (217,142,255) (234,217,142) (255,234,217) (142,255,220) (208,154,255) (234,217,142) (255,220,208) (154,255,234) (220,161,255) (234,220,161) (255,234,220) (161,255,234) (223,175,255) (234,223,175) (255,234,223) (175,255,234) (220,161,255) (234,223,175) (255,234,223) (175,255,234) (223,175,255) (234,223,175) (255,241,231) (179,255,241) (231,179,255) (231,226,191) (255,241,231) (179,255,234) (217,142,255) (234,217,142) (255,234,217) (142,255,234) (217,142,255) (234,220,161) (255,240,228) (165,255,237) (222,151,255) (234,217,142) (255,234,217) (142,255,234) (217,142,255) (234,217,142) (255,234,217) (142,255,234) (217,142,255) (234,217,142) (255,234,217) (142,255,234) (217,142,255) (234,217,142) (255,234,217) (142,255,234) (217,142,255) (234,217,142) (255,234,217) (142,255,237) (222,151,255) (237,222,151) (255,237,222) (151,255,237) (222,151,255) (237,222,151) (255,240,228) (165,255,240) (228,165,255) (241,231,179) (255,243,235) (192,255,243) (235,192,255) (241,231,179) (255,241,231) (179,255,241) (231,179,255) (241,231,179) (255,240,228) (165,255,240) (228,165,255) (241,236,205) (255,232,233) (232,255,234) (234,234,255) (239,239,239) (255,243,244) (243,255,133) (133,133,255) (196,196,197) (255,214,214) (214,255,230) (230,230,255) (242,242,242) (255,153,153) (153,255,164) (164,164,255) (179,179,179) (255,189,190) (190,255,200) (201,200,255) (203,203,203) (255,203,203) (203,255,203) (203,203,255) (204,204,204) (255,204,204) (204,255,204) (204,204,255) (204,204,204) (255,204,204) (204,255,204) (204,204,255) (204,204,204) (255,206,206) (206,255,204) (204,204,255) (206,206,206) (255,206,206) (206,255,206) (206,206,255) (206,206,206) (255,206,206) (206,255,207) (207,207,255) (207,207,207) (255,207,207) (207,255,207) (207,207,255) (207,207,207) (255,207,207) (207,255,209) (209,209,255) (209,209,209) (255,209,209) (209,255,209) (209,209,255) (209,209,209) (255,210,210) (210,255,210) (210,210,255) (210,210,210) (255,210,210) (210,255,210) (210,210,255) 
(76,112,71) (0,76,112) (71,0,76) (112,71,0) (76,112,71) (0,76,112) (71,0,76) (112,71,0) (76,112,71) (0,76,112) (71,0,76) (112,71,0) (76,112,71) (0,76,112) (71,0,76) (112,71,0) (76,112,71) (0,76,112) (71,0,76) (112,71,0) (76,112,71) (0,76,112) (71,0,76) (112,71,0) (76,112,71) (0,76,112) (71,0,1) (1,1,1) (1,1,1) (5,2,2) (2,11,8) (8,8,24) (8,8,8) (42,1,1) (1,62,137) (137,137,134) (245,245,245) (255,240,240) (240,255,237) (238,237,255) (232,233,232) (255,226,226) (226,255,226) (226,226,255) (179,152,108) (255,143,72) (10,255,179) (152,108,255) (243,244,243) (255,238,239) (238,255,234) (234,234,255) (232,233,232) (255,232,233) (232,255,250) (250,250,255) (208,176,71) (255,191,146) (21,255,191) (146,21,255) (191,146,21) (255,191,146) (21,255,191) (146,21,255) (191,146,21) (255,191,146) (21,255,191) (146,21,255) (191,146,21) (255,191,146) (21,255,195) (155,38,255) (195,155,38) (255,195,155) (38,255,195) (155,38,255) (195,155,38) (255,201,166) (54,255,201) (166,54,255) (201,166,54) (255,201,166) (54,255,201) (166,54,255) (201,166,54) (255,201,166) (54,255,208) (176,71,255) (208,176,71) (255,204,179) (89,255,208) (176,71,255) (204,179,89) (255,204,179) (89,255,204) (179,89,255) (204,179,89) (255,215,190) (100,255,215) (190,100,255) (215,190,100) (255,225,198) (101,255,217) (199,126,255) (217,199,126) (255,217,199) (126,255,217) (199,126,255) (217,199,126) (255,234,214) (130,255,234) (217,142,255) (237,222,151) (255,234,220) (161,255,237) (222,151,255) (234,217,142) (255,234,217) (142,255,234) (217,142,255) (220,208,154) (255,234,217) (142,255,234) (217,142,255) (220,208,154) (255,234,217) (142,255,234) (220,161,255) (234,220,161) (255,234,220) (161,255,234) (220,161,255) (234,220,161) (255,234,220) (161,255,234) (223,175,255) (240,228,165) (255,234,223) (175,255,234) (223,175,255) (234,223,175) (255,231,208) (119,255,231) (208,119,255) (217,199,126) (255,231,208) (119,255,231) (208,119,255) (234,214,130) (255,234,214) (130,255,234) (217,142,255) (234,217,142) (255,234,217) (142,255,234) (214,130,255) (231,208,119) (255,234,214) (130,255,234) (214,130,255) (234,214,130) (255,234,214) (130,255,234) (214,130,255) (231,208,119) (255,234,214) (130,255,234) (214,130,255) (234,217,142) (255,234,214) (130,255,234) (214,130,255) (234,214,130) (255,234,217) (142,255,237) (222,151,255) (234,217,142) (255,234,217) (142,255,234) (217,142,255) (237,222,151) (255,240,228) (165,255,241) (231,179,255) (243,235,192) (255,240,228) (165,255,240) (228,165,255) (240,228,165) (255,240,228) (165,255,237) (222,151,255) (243,235,192) (255,232,233) (232,255,234) (234,234,255) (239,239,239) (255,243,244) (243,255,157) (158,158,255) (193,194,193) (255,212,212) (212,255,228) (228,228,255) (242,242,242) (255,148,148) (148,255,167) (168,167,255) (179,179,179) (255,189,190) (190,255,200) (201,200,255) (203,203,203) (255,203,203) (203,255,204) (204,204,255) (204,204,204) (255,204,204) (204,255,204) (204,204,255) (204,204,204) (255,204,204) (204,255,206) (206,206,255) (204,204,204) (255,204,204) (204,255,206) (206,206,255) (206,206,206) (255,206,206) (206,255,206) (206,206,255) (207,207,207) (255,207,207) (207,255,207) (207,207,255) (207,207,207) (255,207,207) (207,255,207) (207,207,255) (209,209,209) (255,207,207) (207,255,209) (209,209,255) (209,209,209) (255,209,209) (209,255,210) (210,210,255) (210,210,210) (255,210,210) (210,255,210) (210,210,255) (210,210,210) (255,212,212) (212,255,210) (210,210,255) 
(76,112,71) (0,76,112) (71,0,76) (112,71,0) (76,112,71) (0,76,112) (71,0,76) (112,71,0) (76,112,71) (0,76,112) (71,0,76) (112,71,0) (76,112,71) (0,76,112) (71,0,76) (112,71,0) (76,112,71) (0,76,112) (71,0,76) (112,71,0) (76,112,71) (0,76,112) (71,0,76) (112,71,0) (76,112,71) (0,76,112) (71,0,1) (1,1,1) (1,1,1) (5,2,2) (2,11,2) (2,2,17) (2,2,2) (31,1,1) (1,51,62) (62,62,102) (245,245,245) (255,240,240) (240,255,237) (238,237,255) (232,233,232) (255,226,226) (226,255,221) (221,221,255) (207,195,153) (255,155,86) (7,255,168) (119,50,255) (243,244,243) (255,238,239) (238,255,234) (234,234,255) (232,233,232) (255,231,231) (231,255,249) (249,249,255) (204,179,89) (255,191,146) (21,255,191) (146,21,255) (181,130,18) (255,191,146) (21,255,181) (130,18,255) (191,146,21) (255,191,146) (21,255,191) (146,21,255) (191,146,21) (255,191,146) (21,255,191) (146,21,255) (191,146,21) (255,195,155) (38,255,195) (155,38,255) (195,155,38) (255,195,155) (38,255,195) (155,38,255) (195,155,38) (255,201,166) (54,255,201) (166,54,255) (201,166,54) (255,201,166) (54,255,201) (166,54,255) (201,166,54) (255,201,166) (54,255,208) (176,71,255) (201,166,54) (255,208,176) (71,255,208) (176,71,255) (208,176,71) (255,204,179) (89,255,204) (179,89,255) (208,176,71) (255,222,192) (83,255,215) (190,100,255) (215,190,100) (255,215,190) (100,255,225) (198,101,255) (225,198,101) (255,225,198) (101,255,217) (199,126,255) (231,208,119) (255,234,214) (130,255,234) (217,142,255) (234,217,142) (255,234,217) (142,255,234) (217,142,255) (234,214,130) (255,234,217) (142,255,234) (214,130,255) (234,214,130) (255,234,217) (142,255,234) (217,142,255) (234,217,142) (255,234,217) (142,255,234) (217,142,255) (237,222,151) (255,234,220) (161,255,237) (222,151,255) (234,220,161) (255,234,220) (161,255,237) (222,151,255) (232,207,104) (255,225,198) (101,255,225) (198,101,255) (231,208,119) (255,231,208) (119,255,231) (208,119,255) (225,198,101) (255,225,198) (101,255,234) (214,130,255) (234,217,142) (255,234,214) (130,255,234) (214,130,255) (234,214,130) (255,234,214) (130,255,232) (207,104,255) (232,207,104) (255,232,207) (104,255,231) (208,119,255) (234,214,130) (255,240,228) (165,255,241) (236,205,255) (244,242,226) (255,241,236) (205,255,234) (217,142,255) (234,217,142) (255,237,222) (151,255,241) (236,205,255) (237,222,151) (255,231,208) (119,255,240) (228,165,255) (240,228,165) (255,234,217) (142,255,240) (228,165,255) (243,235,192) (255,241,231) (179,255,240) (228,165,255) (240,228,165) (255,240,228) (165,255,237) (222,151,255) (234,223,175) (255,232,233) (232,255,234) (234,234,255) (238,239,238) (255,243,244) (243,255,174) (175,175,255) (189,190,190) (255,212,212) (212,255,228) (228,228,255) (237,238,237) (255,148,148) (148,255,167) (168,167,255) (179,179,179) (255,189,190) (190,255,200) (201,200,255) (203,203,203) (255,204,204) (204,255,204) (204,204,255) (204,204,204) (255,204,204) (204,255,204) (204,204,255) (204,204,204) (255,204,204) (204,255,204) (204,204,255) (204,204,204) (255,207,207) (207,255,206) (206,206,255) (206,206,206) (255,206,206) (206,255,207) (207,207,255) (207,207,207) (255,207,207) (207,255,207) (207,207,255) (207,207,207) (255,207,207) (207,255,209) (209,209,255) (209,209,209) (255,209,209) (209,255,209) (209,209,255) (209,209,209) (255,210,210) (210,255,210) (210,210,255) (210,210,210) (255,210,210) (210,255,210) (210,210,255) (210,210,210) (255,210,210) (210,255,212) (212,212,255) 
(76,112,71) (0,76,112) (71,0,76) (112,71,0) (76,112,71) (0,76,112) (71,0,76) (112,71,0) (76,112,71) (0,76,112) (71,0,76) (112,71,0) (76,112,71) (0,76,112) (71,0,76) (112,71,0) (76,112,71) (0,76,112) (71,0,76) (112,71,0) (76,112,71) (0,76,112) (71,0,76) (112,71,0) (76,112,71) (0,76,112) (71,0,76) (112,71,0) (1,1,1) (1,1,1) (1,5,2) (2,2,17) (2,2,2) (31,1,1) (1,51,6) (6,6,74) (224,224,224) (234,242,242) (242,255,238) (239,238,255) (232,233,232) (255,226,226) (226,255,217) (217,217,255) (219,217,192) (255,155,97) (33,255,168) (119,50,255) (243,244,243) (255,239,239) (239,255,234) (234,234,255) (232,233,232) (255,231,231) (231,255,247) (248,247,255) (215,190,100) (255,181,130) (18,255,181) (130,18,255) (181,130,18) (255,181,130) (18,255,191) (146,21,255) (181,130,18) (255,181,130) (18,255,191) (146,21,255) (181,130,18) (255,191,146) (21,255,191) (146,21,255) (191,146,21) (255,191,146) (21,255,191) (146,21,255) (191,146,21) (255,191,146) (21,255,191) (146,21,255) (191,146,21) (255,191,146) (21,255,191) (146,21,255) (191,146,21) (255,195,155) (38,255,195) (155,38,255) (195,155,38) (255,195,155) (38,255,195) (155,38,255) (209,168,27) (255,201,166) (54,255,201) (166,54,255) (201,166,54) (255,201,166) (54,255,208) (176,71,255) (208,176,71) (255,208,176) (71,255,208) (176,71,255) (208,176,71) (255,222,192) (83,255,208) (176,71,255) (222,192,83) (255,222,192) (83,255,215) (190,100,255) (222,192,83) (255,225,198) (101,255,225) (198,101,255) (232,207,104) (255,231,208) (119,255,234) (214,130,255) (234,217,142) (255,234,217) (142,255,234) (214,130,255) (234,214,130) (255,234,214) (130,255,217) (199,126,255) (234,214,130) (255,234,214) (130,255,234) (214,130,255) (234,217,142) (255,234,217) (142,255,234) (217,142,255) (234,217,142) (255,234,217) (142,255,222) (192,83,255) (222,192,83) (255,222,192) (83,255,222) (192,83,255) (222,192,83) (255,222,192) (83,255,222) (192,83,255) (232,207,104) (255,231,226) (191,255,250) (250,250,255) (253,254,254) (255,231,226) (191,255,234) (223,175,255) (234,217,142) (255,231,208) (119,255,240) (228,165,255) (241,231,179) (255,237,222) (151,255,234) (223,175,255) (234,223,175) (255,231,226) (191,255,241) (236,205,255) (234,223,175) (255,243,235) (192,255,243) (235,192,255) (241,236,205) (255,234,214) (130,255,231) (208,119,255) (234,214,130) (255,241,236) (205,255,252) (252,252,255) (242,239,216) (255,240,228) (165,255,237) (222,151,255) (240,228,165) (255,241,236) (205,255,241) (231,179,255) (237,222,151) (255,237,222) (151,255,237) (222,151,255) (240,228,165) (255,232,233) (232,255,234) (234,234,255) (237,238,237) (255,242,242) (242,255,184) (185,184,255) (189,190,190) (255,210,210) (210,255,226) (226,226,255) (232,233,232) (255,148,148) (148,255,167) (168,167,255) (179,179,179) (255,193,194) (193,255,200) (201,200,255) (204,204,204) (255,204,204) (204,255,204) (204,204,255) (204,204,204) (255,204,204) (204,255,204) (204,204,255) (206,206,206) (255,204,204) (204,255,206) (206,206,255) (206,206,206) (255,206,206) (206,255,206) (206,206,255) (207,207,207) (255,207,207) (207,255,207) (207,207,255) (207,207,207) (255,207,207) (207,255,207) (207,207,255) (207,207,207) (255,209,209) (209,255,209) (209,209,255) (209,209,209) (255,209,209) (209,255,210) (210,210,255) (210,210,210) (255,210,210) (210,255,210) (210,210,255) (210,210,210) (255,212,212) (212,255,210) (210,210,255) (212,212,212) (255,212,212) (212,255,212) (212,212,255) 
(76,112,71) (0,76,112) (71,0,76) (112,71,0) (76,112,71) (0,76,112) (71,0,76) (112,71,0) (76,112,71) (0,76,112) (71,0,76) (112,71,0) (76,112,71) (0,76,112) (71,0,76) (112,71,0) (76,112,71) (0,76,112) (71,0,76) (112,71,0) (76,112,71) (0,76,112) (71,0,76) (112,71,0) (76,112,71) (0,76,112) (71,0,76) (112,71,0) (1,1,1) (1,1,1) (1,5,2) (2,2,17) (2,2,2) (31,8,8) (8,42,1) (1,1,62) (183,183,183) (180,243,244) (243,255,239) (239,239,255) (234,234,234) (255,228,228) (228,255,217) (217,217,255) (217,217,217) (255,168,119) (50,255,155) (97,33,255) (243,244,243) (255,239,239) (239,255,234) (234,234,255) (232,233,232) (255,231,231) (231,255,245) (245,245,255) (217,199,126) (255,174,116) (14,255,174) (116,14,255) (181,130,18) (255,181,130) (18,255,181) (130,18,255) (181,130,18) (255,181,130) (18,255,181) (130,18,255) (181,130,18) (255,181,130) (18,255,181) (130,18,255) (181,130,18) (255,181,130) (18,255,181) (130,18,255) (191,146,21) (255,191,146) (21,255,191) (146,21,255) (191,146,21) (255,191,146) (21,255,191) (146,21,255) (191,146,21) (255,191,146) (21,255,191) (146,21,255) (195,155,38) (255,195,155) (38,255,195) (155,38,255) (195,155,38) (255,195,155) (38,255,209) (168,27,255) (201,166,54) (255,201,166) (54,255,201) (166,54,255) (201,166,54) (255,201,166) (54,255,208) (176,71,255) (208,176,71) (255,208,176) (71,255,208) (176,71,255) (208,176,71) (255,222,192) (83,255,222) (192,83,255) (222,192,83) (255,215,190) (100,255,222) (192,83,255) (215,190,100) (255,225,198) (101,255,225) (198,101,255) (231,208,119) (255,231,208) (119,255,234) (214,130,255) (234,214,130) (255,234,217) (142,255,234) (217,142,255) (234,214,130) (255,234,214) (130,255,234) (214,130,255) (234,214,130) (255,234,214) (130,255,234) (217,142,255) (231,208,119) (255,225,193) (58,255,225) (193,58,255) (222,192,83) (255,225,193) (58,255,225) (193,58,255) (225,193,58) (255,219,182) (43,255,219) (182,43,255) (241,236,205) (255,253,254) (254,255,253) (254,254,255) (253,254,254) (255,250,250) (250,255,241) (236,205,255) (234,217,142) (255,234,220) (161,255,246) (248,242,255) (253,254,254) (255,246,248) (242,255,242) (239,216,255) (234,220,161) (255,237,222) (151,255,234) (217,142,255) (233,211,74) (255,232,207) (104,255,243) (235,192,255) (243,245,237) (255,240,228) (165,255,232) (207,104,255) (240,228,165) (255,252,252) (252,255,252) (252,252,255) (244,242,226) (255,240,228) (165,255,234) (214,130,255) (234,217,142) (255,243,235) (192,255,243) (235,192,255) (241,231,179) (255,244,242) (226,255,244) (242,226,255) (242,239,216) (255,232,233) (232,255,234) (234,234,255) (237,238,237) (255,242,242) (242,255,196) (196,197,255) (184,185,184) (255,209,209) (209,255,226) (226,226,255) (226,226,226) (255,153,153) (153,255,170) (171,170,255) (184,185,184) (255,193,194) (193,255,200) (201,200,255) (204,204,204) (255,204,204) (204,255,204) (204,204,255) (204,204,204) (255,206,206) (206,255,204) (204,204,255) (206,206,206) (255,206,206) (206,255,206) (206,206,255) (206,206,206) (255,207,207) (207,255,207) (207,207,255) (207,207,207) (255,207,207) (207,255,207) (207,207,255) (207,207,207) (255,207,207) (207,255,209) (209,209,255) (209,209,209) (255,209,209) (209,255,209) (209,209,255) (209,209,209) (255,210,210) (210,255,210) (210,210,255) (210,210,210) (255,210,210) (210,255,210) (210,210,255) (212,212,212) (255,210,210) (210,255,212) (212,212,255) (212,212,212) (255,212,212) (212,255,212) (212,212,255) 
(76,112,71) (0,76,112) (71,0,76) (112,71,0) (76,112,71) (0,76,112) (71,0,76) (112,71,0) (76,112,71) (0,76,112) (71,0,76) (112,71,0) (76,112,71) (0,76,112) (71,0,76) (112,71,0) (76,112,71) (0,76,112) (71,0,76) (112,71,0) (76,112,71) (0,76,112) (71,0,76) (112,71,0) (76,112,71) (0,76,112) (71,0,76) (112,71,0) (1,1,1) (1,1,1) (1,5,2) (2,2,11) (8,8,8) (24,8,8) (8,42,1) (1,1,62) (137,137,137) (134,243,244) (243,255,239) (239,239,255) (234,234,234) (255,226,226) (226,255,217) (217,217,255) (217,217,217) (255,179,152) (108,255,155) (86,7,255) (245,245,245) (255,239,239) (239,255,234) (234,234,255) (231,231,231) (255,230,230) (230,255,242) (242,242,255) (220,208,154) (255,174,116) (14,255,174) (116,14,255) (174,116,14) (255,174,116) (14,255,174) (116,14,255) (174,116,14) (255,174,116) (14,255,174) (116,14,255) (174,116,14) (255,181,130) (18,255,174) (116,14,255) (181,130,18) (255,181,130) (18,255,181) (130,18,255) (181,130,18) (255,181,130) (18,255,181) (130,18,255) (181,130,18) (255,181,130) (18,255,191) (146,21,255) (181,130,18) (255,191,146) (21,255,191) (146,21,255) (191,146,21) (255,191,146) (21,255,191) (146,21,255) (195,155,38) (255,195,155) (38,255,195) (155,38,255) (195,155,38) (255,195,155) (38,255,201) (166,54,255) (201,166,54) (255,201,166) (54,255,201) (166,54,255) (201,166,54) (255,208,176) (71,255,208) (176,71,255) (208,176,71) (255,208,176) (71,255,208) (176,71,255) (204,179,89) (255,222,192) (83,255,215) (190,100,255) (222,192,83) (255,225,198) (101,255,215) (190,100,255) (225,198,101) (255,225,198) (101,255,232) (207,104,255) (231,208,119) (255,234,214) (130,255,234) (214,130,255) (234,217,142) (255,234,217) (142,255,234) (217,142,255) (234,217,142) (255,234,217) (142,255,232) (207,104,255) (225,193,58) (255,208,176) (71,255,225) (193,58,255) (219,182,43) (255,219,182) (43,255,219) (182,43,255) (225,193,58) (255,231,208) (119,255,231) (208,119,255) (242,242,242) (255,242,250) (254,255,246) (248,242,255) (246,248,242) (255,246,248) (242,255,242) (239,216,255) (231,226,191) (255,243,235) (192,255,241) (236,205,255) (242,239,216) (255,244,242) (226,255,244) (242,226,255) (241,236,205) (255,231,208) (119,255,232) (207,104,255) (232,207,104) (255,232,207) (104,255,241) (231,179,255) (243,245,237) (255,237,222) (151,255,233) (211,74,255) (234,217,142) (255,234,220) (161,255,237) (222,151,255) (234,217,142) (255,234,214) (130,255,234) (214,130,255) (231,208,119) (255,237,222) (151,255,243) (235,192,255) (244,242,226) (255,253,254) (254,255,253) (254,254,255) (253,254,254) (255,230,230) (230,255,232) (233,232,255) (236,236,236) (255,240,240) (240,255,206) (206,206,255) (184,185,184) (255,206,206) (206,255,223) (223,223,255) (221,221,221) (255,153,153) (153,255,170) (171,170,255) (179,179,179) (255,189,190) (190,255,200) (201,200,255) (203,203,203) (255,203,203) (203,255,203) (203,203,255) (204,204,204) (255,204,204) (204,255,204) (204,204,255) (204,204,204) (255,204,204) (204,255,204) (204,204,255) (204,204,204) (255,204,204) (204,255,206) (206,206,255) (206,206,206) (255,206,206) (206,255,206) (206,206,255) (207,207,207) (255,207,207) (207,255,207) (207,207,255) (207,207,207) (255,207,207) (207,255,207) (207,207,255) (207,207,207) (255,209,209) (209,255,209) (209,209,255) (209,209,209) (255,210,210) (210,255,210) (210,210,255) (210,210,210) (255,210,210) (210,255,210) (210,210,255) (210,210,210) (255,210,210) (210,255,212) (212,212,255) 
(76,112,71) (0,76,112) (71,0,76) (112,71,0) (76,112,71) (0,76,112) (71,0,76) (112,71,0) (76,112,71) (0,76,112) (71,0,76) (112,71,0) (76,112,71) (0,76,112) (71,0,76) (112,71,0) (76,112,71) (0,76,112) (71,0,76) (112,71,0) (76,112,71) (0,76,112) (71,0,76) (112,71,0) (76,112,71) (0,76,112) (71,0,76) (112,71,0) (1,1,1) (1,1,1) (1,5,2) (2,2,11) (2,2,2) (17,2,2) (2,31,1) (1,1,51) (62,62,62) (102,245,245) (245,255,240) (240,240,255) (234,234,234) (255,228,228) (228,255,217) (217,217,255) (214,214,214) (255,201,179) (130,255,143) (72,10,255) (240,240,240) (255,239,239) (239,255,234) (234,234,255) (232,233,232) (255,230,230) (230,255,240) (240,240,255) (222,215,178) (255,164,103) (11,255,164) (103,11,255) (164,103,11) (255,164,103) (11,255,174) (116,14,255) (164,103,11) (255,174,116) (14,255,164) (103,11,255) (174,116,14) (255,174,116) (14,255,174) (116,14,255) (174,116,14) (255,174,116) (14,255,174) (116,14,255) (174,116,14) (255,174,116) (14,255,181) (130,18,255) (181,130,18) (255,181,130) (18,255,181) (130,18,255) (181,130,18) (255,181,130) (18,255,181) (130,18,255) (181,130,18) (255,191,146) (21,255,182) (133,46,255) (191,146,21) (255,191,146) (21,255,195) (155,38,255) (195,155,38) (255,195,155) (38,255,195) (155,38,255) (201,166,54) (255,201,166) (54,255,201) (166,54,255) (201,166,54) (255,201,166) (54,255,201) (166,54,255) (208,176,71) (255,208,176) (71,255,208) (176,71,255) (208,176,71) (255,204,179) (89,255,222) (192,83,255) (215,190,100) (255,215,190) (100,255,215) (190,100,255) (215,190,100) (255,225,198) (101,255,225) (198,101,255) (225,198,101) (255,225,198) (101,255,231) (208,119,255) (231,208,119) (255,234,214) (130,255,234) (214,130,255) (234,217,142) (255,232,207) (104,255,225) (193,58,255) (222,192,83) (255,225,193) (58,255,225) (193,58,255) (219,182,43) (255,225,198) (101,255,234) (220,161,255) (240,240,231) (255,253,254) (254,255,234) (233,215,255) (242,242,242) (255,253,254) (254,255,253) (254,254,255) (243,245,237) (255,240,240) (231,255,246) (248,242,255) (243,245,237) (255,231,226) (191,255,231) (226,191,255) (231,226,191) (255,234,223) (175,255,231) (226,191,255) (234,223,175) (255,234,214) (130,255,243) (235,192,255) (240,228,165) (255,241,231) (179,255,244) (242,226,255) (237,222,151) (255,225,193) (58,255,233) (211,74,255) (231,208,119) (255,234,217) (142,255,232) (207,104,255) (233,211,74) (255,232,207) (104,255,232) (207,104,255) (234,214,130) (255,241,231) (179,255,241) (236,205,255) (243,245,237) (255,246,248) (242,255,246) (248,242,255) (246,248,242) (255,231,231) (231,255,232) (233,232,255) (234,234,234) (255,240,240) (240,255,221) (221,221,255) (184,185,184) (255,204,204) (204,255,223) (223,223,255) (215,215,215) (255,153,153) (153,255,170) (171,170,255) (184,185,184) (255,193,194) (193,255,200) (201,200,255) (203,203,203) (255,203,203) (203,255,204) (204,204,255) (204,204,204) (255,204,204) (204,255,204) (204,204,255) (204,204,204) (255,204,204) (204,255,206) (206,206,255) (206,206,206) (255,206,206) (206,255,206) (206,206,255) (206,206,206) (255,207,207) (207,255,207) (207,207,255) (207,207,207) (255,207,207) (207,255,207) (207,207,255) (207,207,207) (255,209,209) (209,255,209) (209,209,255) (209,209,209) (255,209,209) (209,255,210) (210,210,255) (210,210,210) (255,210,210) (210,255,210) (210,210,255) (210,210,210) (255,210,210) (210,255,212) (212,212,255) (212,212,212) (255,212,212) (212,255,212) (212,212,255) 
(76,112,71) (0,76,112) (71,0,76) (112,71,0) (76,112,71) (0,76,112) (71,0,76) (112,71,0) (76,112,71) (0,76,112) (71,0,76) (112,71,0) (76,112,71) (0,76,112) (71,0,76) (112,71,0) (76,112,71) (0,76,112) (71,0,76) (112,71,0) (76,112,71) (0,76,112) (71,0,76) (112,71,0) (76,112,71) (0,76,112) (71,0,76) (112,71,0) (76,112,71) (0,76,112) (71,0,2) (2,2,11) (2,2,2) (17,2,2) (2,31,1) (1,1,51) (6,6,6) (74,232,232) (232,234,240) (240,240,255) (236,236,236) (255,228,228) (228,255,219) (219,219,255) (210,210,210) (255,207,195) (153,255,155) (97,33,255) (234,233,215) (255,240,240) (240,255,234) (234,234,255) (232,233,232) (255,230,230) (230,255,238) (239,238,255) (227,225,205) (255,155,86) (7,255,155) (86,7,255) (155,86,7) (255,164,103) (11,255,164) (103,11,255) (155,86,7) (255,164,103) (11,255,164) (103,11,255) (164,103,11) (255,164,103) (11,255,164) (103,11,255) (164,103,11) (255,164,103) (11,255,164) (103,11,255) (174,116,14) (255,164,103) (11,255,164) (103,11,255) (174,116,14) (255,164,103) (11,255,174) (116,14,255) (174,116,14) (255,174,116) (14,255,174) (116,14,255) (181,130,18) (255,181,130) (18,255,181) (130,18,255) (181,130,18) (255,182,133) (46,255,182) (133,46,255) (182,133,46) (255,195,155) (38,255,182) (133,46,255) (195,155,38) (255,189,144) (61,255,195) (155,38,255) (189,144,61) (255,201,166) (54,255,199) (159,72,255) (199,159,72) (255,199,159) (72,255,208) (176,71,255) (208,176,71) (255,208,176) (71,255,204) (179,89,255) (208,176,71) (255,204,179) (89,255,222) (192,83,255) (215,190,100) (255,215,190) (100,255,215) (190,100,255) (215,190,100) (255,225,198) (101,255,225) (198,101,255) (215,190,100) (255,225,198) (101,255,225) (198,101,255) (222,192,83) (255,209,168) (27,255,222) (192,83,255) (231,208,119) (255,225,193) (58,255,225) (193,58,255) (225,193,58) (255,241,236) (205,255,253) (254,254,255) (253,254,254) (255,250,250) (250,255,234) (233,215,255) (240,240,231) (255,243,245) (237,255,243) (245,237,255) (235,236,225) (255,246,248) (242,255,253) (254,254,255) (250,250,250) (255,242,239) (216,255,243) (235,192,255) (231,226,191) (255,243,235) (192,255,242) (239,216,255) (242,239,216) (255,244,242) (226,255,250) (250,250,255) (246,248,242) (255,253,254) (254,255,253) (254,254,255) (234,214,130) (255,233,211) (74,255,234) (217,142,255) (242,239,216) (255,241,236) (205,255,234) (217,142,255) (234,217,142) (255,241,236) (205,255,234) (220,161,255) (240,228,165) (255,243,235) (192,255,240) (228,165,255) (241,236,205) (255,243,245) (237,255,242) (239,216,255) (243,235,192) (255,235,236) (225,255,232) (233,232,255) (234,234,234) (255,240,240) (240,255,228) (228,228,255) (184,185,184) (255,204,204) (204,255,221) (221,221,255) (212,212,212) (255,153,153) (153,255,170) (171,170,255) (184,185,184) (255,193,194) (193,255,200) (201,200,255) (204,204,204) (255,204,204) (204,255,204) (204,204,255) (204,204,204) (255,204,204) (204,255,204) (204,204,255) (206,206,206) (255,204,204) (204,255,206) (206,206,255) (206,206,206) (255,206,206) (206,255,206) (206,206,255) (207,207,207) (255,207,207) (207,255,207) (207,207,255) (207,207,207) (255,207,207) (207,255,207) (207,207,255) (209,209,209) (255,209,209) (209,255,209) (209,209,255) (209,209,209) (255,210,210) (210,255,210) (210,210,255) (210,210,210) (255,210,210) (210,255,212) (212,212,255) (210,210,210) (255,212,212) (212,255,212) (212,212,255) (212,212,212) (255,212,212) (212,255,212) (212,212,255) 
(76,112,71) (0,76,112) (71,0,76) (112,71,0) (76,112,71) (0,76,112) (71,0,76) (112,71,0) (76,112,71) (0,76,112) (71,0,76) (112,71,0) (76,112,71) (0,76,112) (71,0,76) (112,71,0) (76,112,71) (0,76,112) (71,0,76) (112,71,0) (76,112,71) (0,76,112) (71,0,76) (112,71,0) (76,112,71) (0,76,112) (71,0,76) (112,71,0) (76,112,71) (0,1,1) (1,1,1) (1,1,5) (2,2,2) (17,2,2) (2,31,8) (8,8,42) (1,1,1) (62,197,197) (197,209,242) (242,242,255) (236,236,236) (255,230,230) (230,255,219) (219,219,255) (207,207,207) (255,200,201) (200,255,168) (119,50,255) (219,217,192) (255,240,240) (240,255,234) (234,234,255) (231,231,231) (255,228,228) (228,255,234) (234,234,255) (235,236,225) (255,155,86) (7,255,155) (86,7,255) (155,86,7) (255,155,86) (7,255,155) (86,7,255) (155,86,7) (255,155,86) (7,255,155) (86,7,255) (155,86,7) (255,164,103) (11,255,155) (86,7,255) (164,103,11) (255,164,103) (11,255,164) (103,11,255) (164,103,11) (255,164,103) (11,255,164) (103,11,255) (164,103,11) (255,164,103) (11,255,174) (116,14,255) (174,116,14) (255,174,116) (14,255,174) (116,14,255) (174,116,14) (255,174,116) (14,255,181) (130,18,255) (181,130,18) (255,181,130) (18,255,181) (130,18,255) (182,133,46) (255,181,130) (18,255,182) (133,46,255) (182,133,46) (255,182,133) (46,255,195) (155,38,255) (189,144,61) (255,189,144) (61,255,195) (155,38,255) (199,159,72) (255,201,166) (54,255,199) (159,72,255) (199,159,72) (255,199,159) (72,255,208) (176,71,255) (199,159,72) (255,204,179) (89,255,204) (179,89,255) (204,179,89) (255,215,190) (100,255,215) (190,100,255) (215,190,100) (255,215,190) (100,255,217) (199,126,255) (234,217,142) (255,225,198) (101,255,217) (199,126,255) (234,223,175) (255,208,176) (71,255,222) (215,178,255) (222,215,178) (255,222,192) (83,255,219) (182,43,255) (219,182,43) (255,231,208) (119,255,241) (236,205,255) (231,226,191) (255,234,233) (215,255,246) (248,242,255) (246,248,242) (255,231,226) (191,255,234) (217,142,255) (241,236,205) (255,249,249) (249,255,250) (250,250,255) (246,248,242) (255,243,245) (237,255,244) (242,226,255) (243,245,237) (255,253,254) (254,255,253) (254,254,255) (252,252,252) (255,247,248) (247,255,246) (248,242,255) (250,250,250) (255,253,254) (254,255,244) (242,226,255) (234,220,161) (255,240,228) (165,255,244) (242,226,255) (246,248,242) (255,242,239) (216,255,231) (208,119,255) (241,231,179) (255,243,245) (237,255,240) (228,165,255) (243,235,192) (255,241,236) (205,255,237) (222,151,255) (241,231,179) (255,242,239) (216,255,241) (236,205,255) (241,231,179) (255,234,233) (215,255,231) (231,231,255) (234,234,234) (255,239,239) (239,255,240) (240,240,255) (179,179,179) (255,203,203) (203,255,219) (219,219,255) (206,206,206) (255,153,153) (153,255,170) (171,170,255) (184,185,184) (255,193,194) (193,255,200) (201,200,255) (204,204,204) (255,204,204) (204,255,204) (204,204,255) (204,204,204) (255,204,204) (204,255,206) (206,206,255) (206,206,206) (255,206,206) (206,255,206) (206,206,255) (206,206,206) (255,207,207) (207,255,207) (207,207,255) (207,207,207) (255,207,207) (207,255,207) (207,207,255) (207,207,207) (255,209,209) (209,255,209) (209,209,255) (209,209,209) (255,209,209) (209,255,210) (210,210,255) (210,210,210) (255,210,210) (210,255,210) (210,210,255) (210,210,210) (255,210,210) (210,255,210) (210,210,255) (212,212,212) (255,212,212) (212,255,212) (212,212,255) (212,212,212) (255,212,212) (212,255,212) (212,212,255) 
(76,112,71) (0,76,112) (71,0,76) (112,71,0) (76,112,71) (0,76,112) (71,0,76) (112,71,0) (76,112,71) (0,76,112) (71,0,76) (112,71,0) (76,112,71) (0,76,112) (71,0,76) (112,71,0) (76,112,71) (0,76,112) (71,0,76) (112,71,0) (76,112,71) (0,76,112) (71,0,76) (112,71,0) (76,112,71) (0,76,112) (71,0,76) (112,71,0) (76,112,71) (0,1,1) (1,1,1) (1,1,5) (2,2,2) (11,8,8) (8,24,8) (8,8,42) (1,1,1) (62,164,164) (164,162,243) (244,243,255) (238,239,238) (255,230,230) (230,255,221) (221,221,255) (209,209,209) (255,204,204) (204,255,179) (152,108,255) (211,207,173) (255,240,240) (240,255,234) (234,234,255) (231,231,231) (255,228,228) (228,255,232) (233,232,255) (249,249,249) (255,143,72) (10,255,143) (72,10,255) (155,86,7) (255,143,72) (10,255,143) (72,10,255) (155,86,7) (255,155,86) (7,255,155) (86,7,255) (155,86,7) (255,155,86) (7,255,155) (86,7,255) (155,86,7) (255,155,86) (7,255,155) (86,7,255) (155,86,7) (255,164,103) (11,255,155) (86,7,255) (164,103,11) (255,164,103) (11,255,164) (103,11,255) (164,103,11) (255,164,103) (11,255,164) (103,11,255) (164,103,11) (255,174,116) (14,255,174) (116,14,255) (168,119,50) (255,181,130) (18,255,174) (116,14,255) (182,133,46) (255,181,130) (18,255,182) (133,46,255) (182,133,46) (255,182,133) (46,255,182) (133,46,255) (182,133,46) (255,189,144) (61,255,189) (144,61,255) (189,144,61) (255,189,144) (61,255,199) (159,72,255) (199,159,72) (255,199,159) (72,255,199) (159,72,255) (199,159,72) (255,199,159) (72,255,199) (159,72,255) (199,159,72) (255,199,159) (72,255,208) (176,71,255) (204,179,89) (255,220,208) (154,255,240) (240,231,255) (235,236,225) (255,231,226) (191,255,234) (234,234,255) (237,238,237) (255,222,215) (178,255,222) (215,178,255) (220,208,154) (255,222,215) (178,255,217) (199,126,255) (209,168,27) (255,209,168) (27,255,209) (168,27,255) (209,168,27) (255,244,242) (226,255,253) (254,254,255) (253,254,254) (255,244,242) (226,255,234) (223,175,255) (244,242,226) (255,249,249) (249,255,246) (248,242,255) (240,240,231) (255,240,240) (231,255,249) (249,249,255) (249,249,249) (255,253,254) (254,255,253) (254,254,255) (253,254,254) (255,243,245) (237,255,246) (248,242,255) (253,254,254) (255,253,254) (254,255,244) (242,226,255) (240,228,165) (255,237,222) (151,255,241) (236,205,255) (241,236,205) (255,243,235) (192,255,240) (228,165,255) (240,240,231) (255,244,242) (226,255,231) (208,119,255) (234,214,130) (255,246,237) (123,255,234) (214,130,255) (240,228,165) (255,237,222) (151,255,237) (222,151,255) (246,237,123) (255,231,226) (191,255,231) (231,231,255) (234,234,234) (255,238,239) (238,255,243) (244,243,255) (179,179,179) (255,200,201) (200,255,219) (219,219,255) (200,201,200) (255,153,153) (153,255,170) (171,170,255) (184,185,184) (255,193,194) (193,255,203) (203,203,255) (204,204,204) (255,204,204) (204,255,206) (206,206,255) (204,204,204) (255,206,206) (206,255,206) (206,206,255) (206,206,206) (255,206,206) (206,255,207) (207,207,255) (207,207,207) (255,207,207) (207,255,207) (207,207,255) (207,207,207) (255,209,209) (209,255,207) (207,207,255) (209,209,209) (255,209,209) (209,255,209) (209,209,255) (210,210,210) (255,210,210) (210,255,210) (210,210,255) (210,210,210) (255,210,210) (210,255,212) (212,212,255) (210,210,210) (255,212,212) (212,255,212) (212,212,255) (212,212,212) (255,212,212) (212,255,212) (212,212,255) (214,214,214) (255,212,212) (212,255,214) (214,214,255) 
(76,112,71) (0,76,112) (71,0,76) (112,71,0) (76,112,71) (0,76,112) (71,0,76) (112,71,0) (76,112,71) (0,76,112) (71,0,76) (112,71,0) (76,112,71) (0,76,112) (71,0,76) (112,71,0) (76,112,71) (0,76,112) (71,0,76) (112,71,0) (76,112,71) (0,76,112) (71,0,76) (112,71,0) (76,112,71) (0,76,112) (71,0,76) (112,71,0) (76,112,71) (0,1,1) (1,1,1) (1,1,5) (2,2,2) (11,8,8) (8,24,8) (8,8,42) (1,1,1) (51,62,62) (62,102,245) (245,245,255) (239,239,239) (255,231,231) (231,255,223) (223,223,255) (210,210,210) (255,203,203) (203,255,201) (179,130,255) (207,195,153) (255,240,240) (240,255,234) (234,234,255) (231,231,231) (255,228,228) (228,255,228) (228,228,255) (253,254,254) (255,143,72) (10,255,143) (72,10,255) (143,72,10) (255,143,72) (10,255,143) (72,10,255) (143,72,10) (255,143,72) (10,255,143) (72,10,255) (143,72,10) (255,155,86) (7,255,143) (72,10,255) (155,86,7) (255,155,86) (7,255,155) (86,7,255) (155,86,7) (255,155,86) (7,255,155) (86,7,255) (155,86,7) (255,155,86) (7,255,164) (103,11,255) (155,86,7) (255,164,103) (11,255,164) (103,11,255) (164,103,11) (255,174,116) (14,255,155) (97,33,255) (174,116,14) (255,174,116) (14,255,182) (133,46,255) (174,116,14) (255,182,133) (46,255,181) (130,18,255) (182,133,46) (255,182,133) (46,255,182) (133,46,255) (182,133,46) (255,182,133) (46,255,189) (144,61,255) (189,144,61) (255,189,144) (61,255,189) (144,61,255) (199,159,72) (255,199,159) (72,255,199) (159,72,255) (199,159,72) (255,204,179) (89,255,220) (208,154,255) (231,226,191) (255,234,223) (175,255,220) (208,154,255) (217,199,126) (255,234,223) (175,255,231) (226,191,255) (220,208,154) (255,217,199) (126,255,220) (208,154,255) (234,217,142) (255,217,199) (126,255,215) (190,100,255) (201,166,54) (255,209,168) (27,255,201) (166,54,255) (208,176,71) (255,217,199) (126,255,208) (176,71,255) (220,208,154) (255,240,240) (240,255,234) (233,215,255) (220,208,154) (255,234,223) (175,255,241) (236,205,255) (231,226,191) (255,240,240) (231,255,243) (245,237,255) (243,245,237) (255,244,242) (226,255,242) (239,216,255) (244,242,226) (255,246,248) (242,255,250) (250,250,255) (246,248,242) (255,244,242) (226,255,244) (242,226,255) (242,239,216) (255,243,235) (192,255,237) (222,151,255) (231,208,119) (255,232,207) (104,255,232) (207,104,255) (233,211,74) (255,232,207) (104,255,234) (214,130,255) (240,228,165) (255,234,214) (130,255,240) (224,97,255) (240,224,97) (255,240,224) (97,255,240) (224,97,255) (240,224,97) (255,240,224) (97,255,246) (237,123,255) (246,237,123) (255,241,231) (179,255,228) (228,228,255) (232,233,232) (255,237,238) (237,255,243) (244,243,255) (184,185,184) (255,200,201) (200,255,219) (219,219,255) (196,196,197) (255,153,153) (153,255,174) (175,175,255) (184,185,184) (255,196,196) (197,255,203) (203,203,255) (204,204,204) (255,204,204) (204,255,204) (204,204,255) (206,206,206) (255,206,206) (206,255,206) (206,206,255) (206,206,206) (255,207,207) (207,255,207) (207,207,255) (207,207,207) (255,207,207) (207,255,207) (207,207,255) (207,207,207) (255,209,209) (209,255,209) (209,209,255) (209,209,209) (255,209,209) (209,255,210) (210,210,255) (210,210,210) (255,210,210) (210,255,210) (210,210,255) (210,210,210) (255,212,212) (212,255,212) (212,212,255) (212,212,212) (255,212,212) (212,255,212) (212,212,255) (212,212,212) (255,212,212) (212,255,214) (214,214,255) (214,214,214) (255,214,214) (214,255,214) (214,214,255) 
(76,112,71) (0,76,112) (71,0,76) (112,71,0) (76,112,71) (0,76,112) (71,0,76) (112,71,0) (76,112,71) (0,76,112) (71,0,76) (112,71,0) (76,112,71) (0,76,112) (71,0,76) (112,71,0) (76,112,71) (0,76,112) (71,0,76) (112,71,0) (76,112,71) (0,76,112) (71,0,76) (112,71,0) (76,112,71) (0,76,112) (71,0,76) (112,71,0) (76,112,71) (0,76,112) (71,0,76) (112,71,0) (2,2,2) (11,2,2) (2,17,2) (2,2,31) (1,1,1) (51,6,6) (6,74,232) (232,232,234) (240,240,240) (255,232,233) (232,255,223) (223,223,255) (210,210,210) (255,200,201) (200,255,189) (190,190,255) (201,179,130) (255,240,240) (240,255,234) (234,234,255) (231,231,231) (255,228,228) (228,255,228) (228,228,255) (253,254,254) (255,155,97) (33,255,134) (56,7,255) (134,56,7) (255,134,56) (7,255,134) (56,7,255) (134,56,7) (255,134,56) (7,255,143) (72,10,255) (134,56,7) (255,134,56) (7,255,143) (72,10,255) (143,72,10) (255,143,72) (10,255,143) (72,10,255) (143,72,10) (255,155,86) (7,255,155) (86,7,255) (155,86,7) (255,155,86) (7,255,155) (86,7,255) (155,86,7) (255,155,86) (7,255,164) (103,11,255) (164,103,11) (255,155,97) (33,255,164) (103,11,255) (164,103,11) (255,164,103) (11,255,174) (116,14,255) (168,119,50) (255,174,116) (14,255,168) (119,50,255) (168,119,50) (255,182,133) (46,255,182) (133,46,255) (182,133,46) (255,182,133) (46,255,182) (133,46,255) (189,144,61) (255,189,144) (61,255,199) (159,72,255) (189,144,61) (255,189,144) (61,255,199) (159,72,255) (199,159,72) (255,222,215) (178,255,240) (240,231,255) (234,233,215) (255,234,233) (215,255,222) (215,178,255) (215,190,100) (255,208,176) (71,255,201) (166,54,255) (195,155,38) (255,191,146) (21,255,191) (146,21,255) (191,146,21) (255,191,146) (21,255,191) (146,21,255) (191,146,21) (255,208,176) (71,255,234) (220,161,255) (240,240,231) (255,242,242) (242,255,235) (236,225,255) (234,233,215) (255,231,226) (191,255,220) (208,154,255) (234,217,142) (255,231,226) (191,255,234) (223,175,255) (234,223,175) (255,241,236) (205,255,231) (226,191,255) (234,233,215) (255,241,236) (205,255,241) (236,205,255) (242,239,216) (255,242,239) (216,255,242) (239,216,255) (249,249,249) (255,246,248) (242,255,242) (239,216,255) (241,231,179) (255,232,207) (104,255,225) (193,58,255) (225,193,58) (255,225,193) (58,255,233) (211,74,255) (233,211,74) (255,233,211) (74,255,233) (211,74,255) (233,211,74) (255,233,211) (74,255,240) (224,97,255) (240,224,97) (255,240,224) (97,255,240) (224,97,255) (240,224,97) (255,240,224) (97,255,240) (224,97,255) (246,237,123) (255,241,231) (179,255,228) (228,228,255) (232,233,232) (255,237,238) (237,255,243) (244,243,255) (189,190,190) (255,196,196) (197,255,217) (217,217,255) (189,190,190) (255,153,153) (153,255,170) (171,170,255) (184,185,184) (255,193,194) (193,255,200) (201,200,255) (204,204,204) (255,204,204) (204,255,204) (204,204,255) (204,204,204) (255,204,204) (204,255,204) (204,204,255) (204,204,204) (255,206,206) (206,255,206) (206,206,255) (206,206,206) (255,207,207) (207,255,207) (207,207,255) (207,207,207) (255,207,207) (207,255,207) (207,207,255) (207,207,207) (255,207,207) (207,255,209) (209,209,255) (209,209,209) (255,209,209) (209,255,210) (210,210,255) (210,210,210) (255,210,210) (210,255,210) (210,210,255) (210,210,210) (255,210,210) (210,255,212) (212,212,255) (212,212,212) (255,212,212) (212,255,212) (212,212,255) (212,212,212) (255,212,212) (212,255,212) (212,212,255) 
(76,112,71) (0,76,112) (71,0,76) (112,71,0) (76,112,71) (0,76,112) (71,0,76) (112,71,0) (76,112,71) (0,76,112) (71,0,76) (112,71,0) (76,112,71) (0,76,112) (71,0,76) (112,71,0) (76,112,71) (0,76,112) (71,0,76) (112,71,0) (76,112,71) (0,76,112) (71,0,76) (112,71,0) (76,112,71) (0,76,112) (71,0,76) (112,71,0) (76,112,71) (0,76,112) (71,0,1) (1,1,1) (1,1,1) (5,2,2) (2,17,2) (2,2,31) (8,8,8) (42,6,6) (6,74,218) (218,218,198) (240,240,240) (255,234,234) (234,255,223) (223,223,255) (212,212,212) (255,196,196) (197,255,196) (196,197,255) (201,179,130) (255,240,240) (240,255,236) (236,236,255) (231,231,231) (255,228,228) (228,255,228) (228,228,255) (250,250,250) (255,155,97) (33,255,121) (47,4,255) (134,56,7) (255,134,56) (7,255,134) (56,7,255) (134,56,7) (255,134,56) (7,255,134) (56,7,255) (134,56,7) (255,134,56) (7,255,134) (56,7,255) (134,56,7) (255,134,56) (7,255,134) (56,7,255) (143,72,10) (255,143,72) (10,255,143) (72,10,255) (143,72,10) (255,143,72) (10,255,155) (86,7,255) (143,72,10) (255,155,86) (7,255,155) (86,7,255) (155,86,7) (255,155,97) (33,255,164) (103,11,255) (155,97,33) (255,155,97) (33,255,155) (97,33,255) (164,103,11) (255,168,119) (50,255,174) (116,14,255) (168,119,50) (255,182,133) (46,255,168) (119,50,255) (182,133,46) (255,182,133) (46,255,182) (133,46,255) (189,144,61) (255,189,144) (61,255,189) (144,61,255) (189,144,61) (255,199,159) (72,255,204) (179,89,255) (204,179,89) (255,204,179) (89,255,204) (179,89,255) (199,159,72) (255,199,159) (72,255,199) (159,72,255) (181,130,18) (255,181,130) (18,255,181) (130,18,255) (181,130,18) (255,181,130) (18,255,191) (146,21,255) (181,130,18) (255,191,146) (21,255,191) (146,21,255) (215,190,100) (255,227,225) (205,255,242) (250,254,255) (234,233,215) (255,219,217) (192,255,234) (233,215,255) (222,215,178) (255,215,190) (100,255,215) (190,100,255) (227,225,205) (255,231,226) (191,255,234) (220,161,255) (234,223,175) (255,231,226) (191,255,231) (226,191,255) (234,233,215) (255,235,236) (225,255,234) (223,175,255) (231,208,119) (255,225,198) (101,255,241) (236,205,255) (253,254,254) (255,240,240) (231,255,242) (239,216,255) (234,220,161) (255,225,198) (101,255,219) (182,43,255) (225,193,58) (255,233,211) (74,255,225) (193,58,255) (233,211,74) (255,232,207) (104,255,240) (224,97,255) (232,207,104) (255,240,224) (97,255,233) (211,74,255) (240,224,97) (255,240,224) (97,255,240) (224,97,255) (240,224,97) (255,240,224) (97,255,246) (237,123,255) (246,237,123) (255,241,231) (179,255,228) (228,228,255) (232,233,232) (255,236,236) (236,255,242) (242,242,255) (196,196,197) (255,193,194) (193,255,215) (215,215,255) (184,185,184) (255,153,153) (153,255,170) (171,170,255) (184,185,184) (255,196,196) (197,255,203) (203,203,255) (204,204,204) (255,204,204) (204,255,204) (204,204,255) (204,204,204) (255,206,206) (206,255,206) (206,206,255) (206,206,206) (255,206,206) (206,255,207) (207,207,255) (207,207,207) (255,207,207) (207,255,207) (207,207,255) (207,207,207) (255,207,207) (207,255,209) (209,209,255) (209,209,209) (255,209,209) (209,255,209) (209,209,255) (210,210,210) (255,210,210) (210,255,210) (210,210,255) (210,210,210) (255,210,210) (210,255,210) (210,210,255) (212,212,212) (255,212,212) (212,255,212) (212,212,255) (212,212,212) (255,212,212) (212,255,212) (212,212,255) (212,212,212) (255,214,214) (214,255,214) (214,214,255) 
(76,112,71) (0,76,112) (71,0,76) (112,71,0) (76,112,71) (0,76,112) (71,0,76) (112,71,0) (76,112,71) (0,76,112) (71,0,76) (112,71,0) (76,112,71) (0,76,112) (71,0,76) (112,71,0) (76,112,71) (0,76,112) (71,0,76) (112,71,0) (76,112,71) (0,76,112) (71,0,76) (112,71,0) (76,112,71) (0,76,112) (71,0,76) (112,71,0) (76,112,71) (0,76,112) (71,0,1) (1,1,1) (1,1,1) (5,2,2) (2,11,8) (8,8,24) (8,8,8) (42,1,1) (1,62,164) (164,164,162) (243,244,243) (255,234,234) (234,255,226) (226,226,255) (212,212,212) (255,196,196) (197,255,193) (194,193,255) (201,179,130) (255,240,240) (240,255,234) (234,234,255) (231,231,231) (255,228,228) (228,255,226) (226,226,255) (250,250,250) (255,168,119) (50,255,121) (47,4,255) (121,47,4) (255,121,47) (4,255,121) (47,4,255) (121,47,4) (255,121,47) (4,255,134) (56,7,255) (134,56,7) (255,134,56) (7,255,134) (56,7,255) (134,56,7) (255,134,56) (7,255,134) (56,7,255) (134,56,7) (255,134,56) (7,255,134) (56,7,255) (134,56,7) (255,143,72) (10,255,143) (72,10,255) (143,72,10) (255,143,72) (10,255,143) (72,10,255) (155,86,7) (255,155,86) (7,255,155) (86,7,255) (155,97,33) (255,164,103) (11,255,155) (97,33,255) (164,103,11) (255,155,97) (33,255,168) (119,50,255) (174,116,14) (255,168,119) (50,255,182) (133,46,255) (168,119,50) (255,168,119) (50,255,182) (133,46,255) (182,133,46) (255,182,133) (46,255,189) (144,61,255) (189,144,61) (255,189,144) (61,255,189) (144,61,255) (189,144,61) (255,199,159) (72,255,199) (159,72,255) (199,159,72) (255,182,133) (46,255,174) (116,14,255) (174,116,14) (255,174,116) (14,255,181) (130,18,255) (174,116,14) (255,181,130) (18,255,181) (130,18,255) (181,130,18) (255,181,130) (18,255,174) (116,14,255) (204,179,89) (255,235,236) (225,255,234) (233,215,255) (215,190,100) (255,209,168) (27,255,208) (176,71,255) (215,190,100) (255,217,199) (126,255,217) (199,126,255) (234,223,175) (255,234,220) (161,255,220) (208,154,255) (234,233,215) (255,242,239) (216,255,234) (223,175,255) (227,225,205) (255,231,226) (191,255,222) (192,83,255) (209,168,27) (255,209,168) (27,255,225) (198,101,255) (234,220,161) (255,234,217) (142,255,240) (228,165,255) (225,198,101) (255,219,182) (43,255,219) (182,43,255) (225,193,58) (255,219,182) (43,255,225) (193,58,255) (225,193,58) (255,225,193) (58,255,225) (193,58,255) (233,211,74) (255,233,211) (74,255,233) (211,74,255) (233,211,74) (255,233,211) (74,255,240) (224,97,255) (240,224,97) (255,240,224) (97,255,246) (237,123,255) (246,237,123) (255,240,228) (165,255,228) (228,228,255) (231,231,231) (255,234,234) (234,255,240) (240,240,255) (200,201,200) (255,193,194) (193,255,214) (214,214,255) (184,185,184) (255,153,153) (153,255,174) (175,175,255) (184,185,184) (255,196,196) (197,255,203) (203,203,255) (204,204,204) (255,204,204) (204,255,204) (204,204,255) (206,206,206) (255,206,206) (206,255,206) (206,206,255) (206,206,206) (255,207,207) (207,255,207) (207,207,255) (207,207,207) (255,207,207) (207,255,207) (207,207,255) (207,207,207) (255,209,209) (209,255,209) (209,209,255) (209,209,209) (255,210,210) (210,255,210) (210,210,255) (210,210,210) (255,210,210) (210,255,210) (210,210,255) (212,212,212) (255,210,210) (210,255,212) (212,212,255) (212,212,212) (255,212,212) (212,255,212) (212,212,255) (212,212,212) (255,214,214) (214,255,212) (212,212,255) (214,214,214) (255,214,214) (214,255,214) (214,214,255) 
(76,112,71) (0,76,112) (71,0,76) (112,71,0) (76,112,71) (0,76,112) (71,0,76) (112,71,0) (76,112,71) (0,76,112) (71,0,76) (112,71,0) (76,112,71) (0,76,112) (71,0,76) (112,71,0) (76,112,71) (0,76,112) (71,0,76) (112,71,0) (76,112,71) (0,76,112) (71,0,76) (112,71,0) (76,112,71) (0,76,112) (71,0,76) (112,71,0) (76,112,71) (0,76,112) (71,0,1) (1,1,1) (1,1,1) (5,2,2) (2,11,8) (8,8,24) (8,8,8) (42,1,1) (1,62,103) (103,103,125) (243,244,243) (255,236,236) (236,255,226) (226,226,255) (212,212,212) (255,200,201) (200,255,189) (190,190,255) (201,179,130) (255,242,242) (242,255,236) (236,236,255) (231,231,231) (255,228,228) (228,255,226) (226,226,255) (246,247,246) (255,179,152) (108,255,121) (47,4,255) (121,47,4) (255,121,47) (4,255,121) (47,4,255) (121,47,4) (255,121,47) (4,255,121) (47,4,255) (134,56,7) (255,121,47) (4,255,134) (56,7,255) (121,47,4) (255,134,56) (7,255,134) (56,7,255) (134,56,7) (255,134,56) (7,255,134) (56,7,255) (134,56,7) (255,134,56) (7,255,134) (56,7,255) (143,72,10) (255,143,72) (10,255,143) (72,10,255) (143,72,10) (255,155,86) (7,255,155) (97,33,255) (155,86,7) (255,155,97) (33,255,155) (97,33,255) (155,97,33) (255,155,97) (33,255,168) (119,50,255) (155,97,33) (255,168,119) (50,255,168) (119,50,255) (168,119,50) (255,182,133) (46,255,168) (119,50,255) (189,144,61) (255,168,119) (50,255,182) (133,46,255) (207,195,153) (255,222,215) (178,255,220) (208,154,255) (199,159,72) (255,189,144) (61,255,189) (144,61,255) (168,119,50) (255,174,116) (14,255,174) (116,14,255) (174,116,14) (255,174,116) (14,255,174) (116,14,255) (174,116,14) (255,174,116) (14,255,174) (116,14,255) (174,116,14) (255,181,130) (18,255,181) (130,18,255) (220,208,154) (255,227,225) (205,255,220) (208,154,255) (217,199,126) (255,201,166) (54,255,181) (130,18,255) (195,155,38) (255,215,190) (100,255,220) (208,154,255) (231,226,191) (255,231,226) (191,255,241) (236,205,255) (234,233,215) (255,231,226) (191,255,220) (208,154,255) (234,223,175) (255,222,192) (83,255,209) (168,27,255) (219,182,43) (255,219,182) (43,255,219) (182,43,255) (209,168,27) (255,209,168) (27,255,219) (182,43,255) (209,168,27) (255,219,182) (43,255,219) (182,43,255) (219,182,43) (255,219,182) (43,255,219) (182,43,255) (219,182,43) (255,219,182) (43,255,225) (193,58,255) (225,193,58) (255,225,193) (58,255,233) (211,74,255) (233,211,74) (255,233,211) (74,255,240) (224,97,255) (233,211,74) (255,240,224) (97,255,240) (224,97,255) (246,237,123) (255,246,237) (123,255,230) (230,230,255) (230,230,230) (255,234,234) (234,255,240) (240,240,255) (206,206,206) (255,189,190) (190,255,212) (212,212,255) (179,179,179) (255,157,158) (158,255,174) (175,175,255) (184,185,184) (255,196,196) (197,255,203) (203,203,255) (204,204,204) (255,206,206) (206,255,206) (206,206,255) (206,206,206) (255,206,206) (206,255,207) (207,207,255) (207,207,207) (255,207,207) (207,255,207) (207,207,255) (207,207,207) (255,207,207) (207,255,209) (209,209,255) (209,209,209) (255,209,209) (209,255,209) (209,209,255) (210,210,210) (255,210,210) (210,255,210) (210,210,255) (210,210,210) (255,210,210) (210,255,210) (210,210,255) (212,212,212) (255,212,212) (212,255,212) (212,212,255) (212,212,212) (255,212,212) (212,255,212) (212,212,255) (214,214,214) (255,214,214) (214,255,214) (214,214,255) (214,214,214) (255,214,214) (214,255,215) (215,215,255) 
(76,112,71) (0,76,112) (71,0,76) (112,71,0) (76,112,71) (0,76,112) (71,0,76) (112,71,0) (76,112,71) (0,76,112) (71,0,76) (112,71,0) (76,112,71) (0,76,112) (71,0,76) (112,71,0) (76,112,71) (0,76,112) (71,0,76) (112,71,0) (76,112,71) (0,76,112) (71,0,76) (112,71,0) (76,112,71) (0,76,112) (71,0,76) (112,71,0) (76,112,71) (0,76,112) (71,0,76) (112,71,0) (76,112,71) (0,2,2) (2,11,2) (2,2,17) (2,2,2) (31,1,1) (1,51,6) (6,6,74) (234,234,234) (255,237,238) (237,255,228) (228,228,255) (215,215,215) (255,200,201) (200,255,184) (185,184,255) (170,171,170) (255,243,244) (243,255,236) (236,236,255) (231,231,231) (255,228,228) (228,255,226) (226,226,255) (245,245,245) (255,179,152) (108,255,106) (36,1,255) (106,36,1) (255,121,47) (4,255,121) (47,4,255) (121,47,4) (255,121,47) (4,255,121) (47,4,255) (121,47,4) (255,121,47) (4,255,121) (47,4,255) (121,47,4) (255,121,47) (4,255,134) (56,7,255) (134,56,7) (255,134,56) (7,255,134) (56,7,255) (134,56,7) (255,143,72) (10,255,134) (56,7,255) (134,56,7) (255,143,72) (10,255,143) (72,10,255) (143,72,10) (255,143,72) (10,255,143) (72,10,255) (155,86,7) (255,155,97) (33,255,155) (97,33,255) (155,97,33) (255,155,97) (33,255,155) (97,33,255) (155,97,33) (255,168,119) (50,255,168) (119,50,255) (168,119,50) (255,168,119) (50,255,182) (133,46,255) (168,119,50) (255,168,119) (50,255,201) (179,130,255) (238,239,238) (255,242,250) (254,255,242) (250,254,255) (211,207,173) (255,204,179) (89,255,168) (147,62,255) (126,96,20) (255,121,47) (4,255,126) (96,20,255) (164,103,11) (255,164,103) (11,255,174) (116,14,255) (191,146,21) (255,181,130) (18,255,174) (116,14,255) (181,130,18) (255,201,166) (54,255,201) (166,54,255) (217,199,126) (255,204,179) (89,255,191) (146,21,255) (195,155,38) (255,191,146) (21,255,174) (116,14,255) (181,130,18) (255,215,190) (100,255,227) (225,205,255) (222,215,178) (255,222,215) (178,255,220) (208,154,255) (222,215,178) (255,225,198) (101,255,209) (168,27,255) (222,192,83) (255,219,182) (43,255,209) (168,27,255) (219,182,43) (255,219,182) (43,255,209) (168,27,255) (219,182,43) (255,219,182) (43,255,209) (168,27,255) (209,168,27) (255,219,182) (43,255,219) (182,43,255) (219,182,43) (255,219,182) (43,255,219) (182,43,255) (219,182,43) (255,225,193) (58,255,225) (193,58,255) (225,193,58) (255,225,193) (58,255,233) (211,74,255) (233,211,74) (255,233,211) (74,255,233) (211,74,255) (240,224,97) (255,240,224) (97,255,240) (224,97,255) (240,228,165) (255,243,235) (192,255,228) (228,228,255) (230,230,230) (255,234,234) (234,255,240) (240,240,255) (210,210,210) (255,189,190) (190,255,212) (212,212,255) (170,171,170) (255,157,158) (158,255,174) (175,175,255) (189,190,190) (255,200,201) (200,255,203) (203,203,255) (206,206,206) (255,206,206) (206,255,206) (206,206,255) (207,207,207) (255,207,207) (207,255,207) (207,207,255) (207,207,207) (255,207,207) (207,255,209) (209,209,255) (207,207,207) (255,209,209) (209,255,209) (209,209,255) (209,209,209) (255,210,210) (210,255,210) (210,210,255) (210,210,210) (255,210,210) (210,255,210) (210,210,255) (212,212,212) (255,210,210) (210,255,212) (212,212,255) (212,212,212) (255,212,212) (212,255,212) (212,212,255) (212,212,212) (255,214,214) (214,255,212) (212,212,255) (214,214,214) (255,214,214) (214,255,214) (214,214,255) (215,215,215) (255,215,215) (215,255,215) (215,215,255) 
(76,112,71) (0,76,112) (71,0,76) (112,71,0) (76,112,71) (0,76,112) (71,0,76) (112,71,0) (76,112,71) (0,76,112) (71,0,76) (112,71,0) (76,112,71) (0,76,112) (71,0,76) (112,71,0) (76,112,71) (0,76,112) (71,0,76) (112,71,0) (76,112,71) (0,76,112) (71,0,76) (112,71,0) (76,112,71) (0,76,112) (71,0,76) (112,71,0) (76,112,71) (0,76,112) (71,0,76) (112,71,0) (1,1,1) (1,1,1) (1,5,2) (2,2,17) (2,2,2) (31,1,1) (1,51,6) (6,6,74) (218,218,218) (198,239,239) (239,255,228) (228,228,255) (217,217,217) (255,203,203) (203,255,184) (185,184,255) (179,179,179) (255,243,244) (243,255,236) (236,236,255) (231,231,231) (255,228,228) (228,255,226) (226,226,255) (240,240,240) (255,201,179) (130,255,106) (36,1,255) (106,36,1) (255,106,36) (1,255,106) (36,1,255) (106,36,1) (255,121,47) (4,255,106) (36,1,255) (121,47,4) (255,121,47) (4,255,121) (47,4,255) (121,47,4) (255,121,47) (4,255,121) (47,4,255) (121,47,4) (255,134,56) (7,255,134) (56,7,255) (134,56,7) (255,134,56) (7,255,134) (56,7,255) (134,56,7) (255,134,56) (7,255,143) (72,10,255) (143,72,10) (255,143,72) (10,255,143) (72,10,255) (143,72,10) (255,155,97) (33,255,155) (97,33,255) (155,86,7) (255,155,97) (33,255,155) (97,33,255) (155,97,33) (255,155,97) (33,255,168) (119,50,255) (168,119,50) (255,168,119) (50,255,168) (119,50,255) (168,147,62) (255,222,215) (178,255,242) (250,254,255) (253,254,254) (255,253,254) (254,255,242) (250,254,255) (227,225,205) (255,201,179) (130,255,199) (159,72,255) (168,147,62) (255,126,96) (20,255,126) (96,20,255) (148,119,28) (255,148,119) (28,255,148) (119,28,255) (182,133,46) (255,181,130) (18,255,181) (130,18,255) (181,130,18) (255,181,130) (18,255,181) (130,18,255) (181,130,18) (255,181,130) (18,255,164) (103,11,255) (174,116,14) (255,201,166) (54,255,201) (166,54,255) (220,208,154) (255,234,233) (215,255,222) (215,178,255) (222,215,178) (255,220,208) (154,255,204) (179,89,255) (220,208,154) (255,225,198) (101,255,201) (166,54,255) (191,146,21) (255,195,155) (38,255,209) (168,27,255) (195,155,38) (255,209,168) (27,255,209) (168,27,255) (209,168,27) (255,209,168) (27,255,209) (168,27,255) (209,168,27) (255,209,168) (27,255,219) (182,43,255) (219,182,43) (255,219,182) (43,255,219) (182,43,255) (219,182,43) (255,225,193) (58,255,225) (193,58,255) (225,193,58) (255,225,193) (58,255,225) (193,58,255) (233,211,74) (255,233,211) (74,255,240) (224,97,255) (240,224,97) (255,240,224) (97,255,246) (237,123,255) (246,237,123) (255,237,222) (151,255,226) (226,226,255) (228,228,228) (255,232,233) (232,255,239) (239,239,255) (217,217,217) (255,184,185) (184,255,210) (210,210,255) (167,168,167) (255,157,158) (158,255,174) (175,175,255) (189,190,190) (255,196,196) (197,255,203) (203,203,255) (204,204,204) (255,204,204) (204,255,204) (204,204,255) (206,206,206) (255,206,206) (206,255,206) (206,206,255) (206,206,206) (255,207,207) (207,255,207) (207,207,255) (207,207,207) (255,207,207) (207,255,207) (207,207,255) (207,207,207) (255,209,209) (209,255,209) (209,209,255) (209,209,209) (255,210,210) (210,255,210) (210,210,255) (210,210,210) (255,210,210) (210,255,210) (210,210,255) (210,210,210) (255,212,212) (212,255,212) (212,212,255) (212,212,212) (255,212,212) (212,255,212) (212,212,255) (212,212,212) (255,212,212) (212,255,212) (212,212,255) (214,214,214) (255,214,214) (214,255,214) (214,214,255) 
(76,112,71) (0,76,112) (71,0,76) (112,71,0) (76,112,71) (0,76,112) (71,0,76) (112,71,0) (76,112,71) (0,76,112) (71,0,76) (112,71,0) (76,112,71) (0,76,112) (71,0,76) (112,71,0) (76,112,71) (0,76,112) (71,0,76) (112,71,0) (76,112,71) (0,76,112) (71,0,76) (112,71,0) (76,112,71) (0,76,112) (71,0,76) (112,71,0) (76,112,71) (0,76,112) (71,0,76) (112,71,0) (1,1,1) (1,1,1) (1,5,2) (2,2,11) (8,8,8) (24,8,8) (8,42,1) (1,1,62) (164,164,164) (162,240,240) (240,255,230) (230,230,255) (217,217,217) (255,203,203) (203,255,184) (185,184,255) (179,179,179) (255,242,242) (242,255,236) (236,236,255) (231,231,231) (255,228,228) (228,255,226) (226,226,255) (238,239,238) (255,207,195) (153,255,106) (36,1,255) (106,36,1) (255,106,36) (1,255,106) (36,1,255) (106,36,1) (255,106,36) (1,255,106) (36,1,255) (106,36,1) (255,106,36) (1,255,121) (47,4,255) (121,47,4) (255,121,47) (4,255,121) (47,4,255) (121,47,4) (255,121,47) (4,255,121) (47,4,255) (134,56,7) (255,134,56) (7,255,134) (56,7,255) (134,56,7) (255,134,56) (7,255,134) (56,7,255) (134,56,7) (255,143,72) (10,255,143) (72,10,255) (143,72,10) (255,143,72) (10,255,143) (72,10,255) (143,72,10) (255,155,97) (33,255,155) (97,33,255) (155,97,33) (255,155,97) (33,255,155) (97,33,255) (118,102,57) (255,95,95) (57,255,118) (102,57,255) (226,227,216) (255,253,254) (254,255,253) (254,254,255) (253,254,254) (255,242,250) (254,255,237) (238,237,255) (226,226,226) (255,220,208) (154,255,199) (159,72,255) (189,144,61) (255,195,155) (38,255,182) (133,46,255) (148,119,28) (255,91,97) (22,255,87) (57,8,255) (126,96,20) (255,164,103) (11,255,174) (116,14,255) (174,116,14) (255,174,116) (14,255,174) (116,14,255) (174,116,14) (255,174,116) (14,255,181) (130,18,255) (181,130,18) (255,201,166) (54,255,220) (208,154,255) (227,225,205) (255,222,215) (178,255,207) (195,153,255) (220,208,154) (255,220,208) (154,255,208) (176,71,255) (208,176,71) (255,201,166) (54,255,191) (146,21,255) (191,146,21) (255,191,146) (21,255,191) (146,21,255) (191,146,21) (255,191,146) (21,255,191) (146,21,255) (191,146,21) (255,191,146) (21,255,195) (155,38,255) (209,168,27) (255,209,168) (27,255,209) (168,27,255) (219,182,43) (255,219,182) (43,255,209) (168,27,255) (219,182,43) (255,209,168) (27,255,219) (182,43,255) (219,182,43) (255,219,182) (43,255,225) (193,58,255) (233,211,74) (255,233,211) (74,255,240) (224,97,255) (240,224,97) (255,240,224) (97,255,246) (237,123,255) (240,224,97) (255,240,224) (97,255,226) (227,216,255) (228,228,228) (255,232,233) (232,255,238) (239,238,255) (223,223,223) (255,184,185) (184,255,209) (209,209,255) (164,164,164) (255,153,153) (153,255,174) (175,175,255) (189,190,190) (255,200,201) (200,255,203) (203,203,255) (204,204,204) (255,204,204) (204,255,206) (206,206,255) (206,206,206) (255,206,206) (206,255,207) (207,207,255) (207,207,207) (255,207,207) (207,255,207) (207,207,255) (209,209,209) (255,207,207) (207,255,209) (209,209,255) (209,209,209) (255,209,209) (209,255,210) (210,210,255) (210,210,210) (255,210,210) (210,255,210) (210,210,255) (210,210,210) (255,212,212) (212,255,210) (210,210,255) (212,212,212) (255,212,212) (212,255,212) (212,212,255) (212,212,212) (255,212,212) (212,255,214) (214,214,255) (212,212,212) (255,214,214) (214,255,214) (214,214,255) (214,214,214) (255,214,214) (214,255,215) (215,215,255) 
(76,112,71) (0,76,112) (71,0,76) (112,71,0) (76,112,71) (0,76,112) (71,0,76) (112,71,0) (76,112,71) (0,76,112) (71,0,76) (112,71,0) (76,112,71) (0,76,112) (71,0,76) (112,71,0) (76,112,71) (0,76,112) (71,0,76) (112,71,0) (76,112,71) (0,76,112) (71,0,76) (112,71,0) (76,112,71) (0,76,112) (71,0,76) (112,71,0) (76,112,71) (0,76,112) (71,0,76) (112,71,0) (1,1,1) (1,1,1) (1,5,2) (2,2,11) (8,8,8) (24,8,8) (8,42,1) (1,1,62) (103,103,103) (125,242,242) (242,255,232) (233,232,255) (219,219,219) (255,204,204) (204,255,189) (190,190,255) (179,179,179) (255,234,234) (234,255,236) (236,236,255) (231,231,231) (255,226,226) (226,255,226) (226,226,255) (234,234,234) (255,219,217) (192,255,106) (36,1,255) (106,36,1) (255,106,36) (1,255,106) (36,1,255) (106,36,1) (255,121,47) (4,255,106) (36,1,255) (121,47,4) (255,121,47) (4,255,106) (36,1,255) (121,47,4) (255,121,47) (4,255,121) (47,4,255) (121,47,4) (255,121,47) (4,255,121) (47,4,255) (134,56,7) (255,121,47) (4,255,134) (56,7,255) (134,56,7) (255,134,56) (7,255,134) (56,7,255) (134,56,7) (255,143,72) (10,255,134) (56,7,255) (143,72,10) (255,143,72) (10,255,118) (102,57,255) (143,72,10) (255,155,97) (33,255,168) (119,50,255) (155,97,33) (255,118,102) (57,255,95) (95,57,255) (116,122,73) (255,75,82) (50,255,179) (152,108,255) (253,254,254) (255,253,254) (254,255,253) (254,254,255) (246,247,246) (255,237,244) (242,255,226) (227,216,255) (231,241,241) (255,219,217) (192,255,168) (147,62,255) (126,96,20) (255,87,57) (8,255,87) (57,8,255) (87,57,8) (255,91,97) (22,255,87) (57,8,255) (126,96,20) (255,168,147) (62,255,191) (146,21,255) (181,130,18) (255,174,116) (14,255,174) (116,14,255) (174,116,14) (255,181,130) (18,255,191) (146,21,255) (181,130,18) (255,195,155) (38,255,201) (166,54,255) (195,155,38) (255,199,159) (72,255,208) (176,71,255) (195,155,38) (255,195,155) (38,255,191) (146,21,255) (191,146,21) (255,181,130) (18,255,181) (130,18,255) (181,130,18) (255,181,130) (18,255,181) (130,18,255) (181,130,18) (255,181,130) (18,255,191) (146,21,255) (191,146,21) (255,191,146) (21,255,191) (146,21,255) (195,155,38) (255,191,146) (21,255,181) (130,18,255) (209,168,27) (255,209,168) (27,255,209) (168,27,255) (209,168,27) (255,219,182) (43,255,219) (182,43,255) (219,182,43) (255,219,182) (43,255,225) (193,58,255) (233,211,74) (255,233,211) (74,255,240) (224,97,255) (240,224,97) (255,240,224) (97,255,246) (237,123,255) (246,237,123) (255,246,237) (123,255,227) (225,205,255) (226,226,226) (255,231,231) (231,255,237) (238,237,255) (230,230,230) (255,179,179) (179,255,207) (207,207,255) (161,162,161) (255,157,158) (158,255,174) (175,175,255) (189,190,190) (255,200,201) (200,255,203) (203,203,255) (206,206,206) (255,206,206) (206,255,206) (206,206,255) (207,207,207) (255,207,207) (207,255,207) (207,207,255) (207,207,207) (255,207,207) (207,255,207) (207,207,255) (209,209,209) (255,209,209) (209,255,209) (209,209,255) (209,209,209) (255,210,210) (210,255,210) (210,210,255) (210,210,210) (255,210,210) (210,255,210) (210,210,255) (210,210,210) (255,212,212) (212,255,212) (212,212,255) (212,212,212) (255,212,212) (212,255,212) (212,212,255) (212,212,212) (255,214,214) (214,255,214) (214,214,255) (214,214,214) (255,214,214) (214,255,214) (214,214,255) (215,215,215) (255,215,215) (215,255,215) (215,215,255) 
(76,112,71) (0,76,112) (71,0,76) (112,71,0) (76,112,71) (0,76,112) (71,0,76) (112,71,0) (76,112,71) (0,76,112) (71,0,76) (112,71,0) (76,112,71) (0,76,112) (71,0,76) (112,71,0) (76,112,71) (0,76,112) (71,0,76) (112,71,0) (76,112,71) (0,76,112) (71,0,76) (112,71,0) (76,112,71) (0,76,112) (71,0,76) (112,71,0) (76,112,71) (0,76,112) (71,0,76) (112,71,0) (76,112,71) (0,1,1) (1,1,2) (2,2,11) (2,2,2) (17,2,2) (2,31,1) (1,1,51) (6,6,6) (74,236,236) (236,255,232) (233,232,255) (221,221,221) (255,207,207) (207,255,189) (190,190,255) (174,175,175) (255,228,228) (228,255,237) (238,237,255) (231,231,231) (255,226,226) (226,255,226) (226,226,255) (232,233,232) (255,226,227) (216,255,106) (36,1,255) (106,36,1) (255,106,36) (1,255,106) (36,1,255) (106,36,1) (255,106,36) (1,255,106) (36,1,255) (106,36,1) (255,106,36) (1,255,106) (36,1,255) (121,47,4) (255,106,36) (1,255,121) (47,4,255) (121,47,4) (255,121,47) (4,255,121) (47,4,255) (121,47,4) (255,134,56) (7,255,121) (47,4,255) (121,47,4) (255,134,56) (7,255,134) (56,7,255) (134,56,7) (255,143,72) (10,255,143) (72,10,255) (143,72,10) (255,143,72) (10,255,134) (56,7,255) (168,147,62) (255,190,197) (124,255,141) (140,81,255) (95,95,57) (255,95,95) (57,255,118) (102,57,255) (168,147,62) (255,95,95) (57,255,141) (140,81,255) (234,234,234) (255,237,244) (242,255,243) (244,243,255) (238,239,238) (255,226,227) (216,255,226) (233,231,255) (232,233,232) (255,201,179) (130,255,148) (119,28,255) (87,57,8) (255,50,49) (12,255,59) (78,20,255) (116,122,73) (255,165,173) (88,255,179) (152,108,255) (190,197,124) (255,204,179) (89,255,191) (146,21,255) (181,130,18) (255,174,116) (14,255,174) (116,14,255) (164,103,11) (255,174,116) (14,255,164) (103,11,255) (174,116,14) (255,164,103) (11,255,174) (116,14,255) (164,103,11) (255,174,116) (14,255,174) (116,14,255) (174,116,14) (255,174,116) (14,255,181) (130,18,255) (181,130,18) (255,174,116) (14,255,181) (130,18,255) (174,116,14) (255,181,130) (18,255,181) (130,18,255) (181,130,18) (255,181,130) (18,255,191) (146,21,255) (191,146,21) (255,191,146) (21,255,191) (146,21,255) (181,130,18) (255,164,103) (11,255,164) (103,11,255) (181,130,18) (255,168,147) (62,255,225) (198,101,255) (233,211,74) (255,225,193) (58,255,225) (193,58,255) (225,193,58) (255,225,193) (58,255,233) (211,74,255) (233,211,74) (255,233,211) (74,255,240) (224,97,255) (240,224,97) (255,240,224) (97,255,240) (224,97,255) (208,176,71) (255,201,166) (54,255,219) (217,192,255) (226,226,226) (255,231,231) (231,255,236) (236,236,255) (237,238,237) (255,179,179) (179,255,206) (206,206,255) (153,153,153) (255,157,158) (158,255,179) (179,179,255) (189,190,190) (255,200,201) (200,255,204) (204,204,255) (206,206,206) (255,206,206) (206,255,207) (207,207,255) (207,207,207) (255,207,207) (207,255,207) (207,207,255) (209,209,209) (255,207,207) (207,255,209) (209,209,255) (209,209,209) (255,209,209) (209,255,210) (210,210,255) (210,210,210) (255,210,210) (210,255,210) (210,210,255) (210,210,210) (255,210,210) (210,255,212) (212,212,255) (212,212,212) (255,212,212) (212,255,212) (212,212,255) (212,212,212) (255,212,212) (212,255,214) (214,214,255) (212,212,212) (255,214,214) (214,255,214) (214,214,255) (214,214,214) (255,214,214) (214,255,215) (215,215,255) (215,215,215) (255,215,215) (215,255,215) (215,215,255) 
(76,112,71) (0,76,112) (71,0,76) (112,71,0) (76,112,71) (0,76,112) (71,0,76) (112,71,0) (76,112,71) (0,76,112) (71,0,76) (112,71,0) (76,112,71) (0,76,112) (71,0,76) (112,71,0) (76,112,71) (0,76,112) (71,0,76) (112,71,0) (76,112,71) (0,76,112) (71,0,76) (112,71,0) (76,112,71) (0,76,112) (71,0,76) (112,71,0) (76,112,71) (0,76,112) (71,0,76) (112,71,0) (76,112,71) (0,1,1) (1,1,1) (1,1,5) (2,2,2) (17,2,2) (2,31,1) (1,1,51) (6,6,6) (74,218,218) (218,198,234) (234,234,255) (223,223,223) (255,207,207) (207,255,189) (190,190,255) (170,171,170) (255,223,223) (223,255,238) (239,238,255) (232,233,232) (255,228,228) (228,255,226) (226,226,255) (230,230,230) (255,242,242) (242,255,106) (36,1,255) (106,36,1) (255,106,36) (1,255,106) (36,1,255) (106,36,1) (255,106,36) (1,255,106) (36,1,255) (106,36,1) (255,106,36) (1,255,121) (47,4,255) (106,36,1) (255,106,36) (1,255,106) (36,1,255) (106,36,1) (255,106,36) (1,255,121) (47,4,255) (121,47,4) (255,121,47) (4,255,134) (56,7,255) (134,56,7) (255,134,56) (7,255,134) (56,7,255) (126,96,20) (255,134,56) (7,255,118) (102,57,255) (134,56,7) (255,134,56) (7,255,168) (119,50,255) (220,208,154) (255,174,180) (118,255,148) (119,28,255) (179,152,108) (255,204,179) (89,255,179) (152,108,255) (168,147,62) (255,118,102) (57,255,179) (152,108,255) (236,236,236) (255,243,244) (243,255,237) (244,242,255) (226,227,216) (255,207,195) (153,255,181) (200,161,255) (207,195,153) (255,141,140) (81,255,133) (139,44,255) (141,140,81) (255,174,180) (118,255,181) (200,161,255) (181,200,161) (255,181,200) (161,255,190) (197,124,255) (168,147,62) (255,174,116) (14,255,174) (116,14,255) (174,116,14) (255,164,103) (11,255,164) (103,11,255) (164,103,11) (255,164,103) (11,255,164) (103,11,255) (164,103,11) (255,164,103) (11,255,164) (103,11,255) (164,103,11) (255,174,116) (14,255,164) (103,11,255) (174,116,14) (255,174,116) (14,255,174) (116,14,255) (181,130,18) (255,174,116) (14,255,174) (116,14,255) (174,116,14) (255,174,116) (14,255,174) (116,14,255) (181,130,18) (255,181,130) (18,255,191) (146,21,255) (191,146,21) (255,191,146) (21,255,191) (146,21,255) (195,155,38) (255,191,146) (21,255,209) (168,27,255) (201,166,54) (255,222,192) (83,255,225) (193,58,255) (225,193,58) (255,225,193) (58,255,225) (193,58,255) (233,211,74) (255,240,224) (97,255,240) (224,97,255) (240,224,97) (255,225,193) (58,255,195) (155,38,255) (201,166,54) (255,195,155) (38,255,182) (133,46,255) (164,103,11) (255,174,116) (14,255,207) (195,153,255) (226,226,226) (255,230,230) (230,255,236) (236,236,255) (243,244,243) (255,174,175) (175,255,203) (203,203,255) (153,153,153) (255,157,158) (158,255,174) (175,175,255) (193,194,193) (255,200,201) (200,255,204) (204,204,255) (207,207,207) (255,207,207) (207,255,207) (207,207,255) (207,207,207) (255,207,207) (207,255,209) (209,209,255) (209,209,209) (255,209,209) (209,255,209) (209,209,255) (210,210,210) (255,210,210) (210,255,210) (210,210,255) (210,210,210) (255,210,210) (210,255,210) (210,210,255) (212,212,212) (255,212,212) (212,255,212) (212,212,255) (212,212,212) (255,212,212) (212,255,212) (212,212,255) (214,214,214) (255,212,212) (212,255,214) (214,214,255) (214,214,214) (255,214,214) (214,255,214) (214,214,255) (215,215,215) (255,215,215) (215,255,215) (215,215,255) (215,215,215) (255,215,215) (215,255,217) (217,217,255) 
(76,112,71) (0,76,112) (71,0,76) (112,71,0) (76,112,71) (0,76,112) (71,0,76) (112,71,0) (76,112,71) (0,76,112) (71,0,76) (112,71,0) (76,112,71) (0,76,112) (71,0,76) (112,71,0) (76,112,71) (0,76,112) (71,0,76) (112,71,0) (76,112,71) (0,76,112) (71,0,76) (112,71,0) (76,112,71) (0,76,112) (71,0,76) (112,71,0) (76,112,71) (0,76,112) (71,0,76) (112,71,0) (76,112,71) (0,1,1) (1,1,1) (1,1,5) (2,2,2) (11,8,8) (8,24,8) (8,8,42) (1,1,1) (62,183,183) (183,180,237) (238,237,255) (226,226,226) (255,210,210) (210,255,189) (190,190,255) (174,175,175) (255,217,217) (217,255,238) (239,238,255) (232,233,232) (255,226,226) (226,255,226) (226,226,255) (226,226,226) (255,253,254) (254,255,106) (36,1,255) (106,36,1) (255,106,36) (1,255,106) (36,1,255) (106,36,1) (255,106,36) (1,255,106) (36,1,255) (121,47,4) (255,106,36) (1,255,106) (36,1,255) (106,36,1) (255,106,36) (1,255,106) (36,1,255) (143,72,10) (255,143,72) (10,255,106) (36,1,255) (106,36,1) (255,106,36) (1,255,121) (47,4,255) (121,47,4) (255,121,47) (4,255,134) (56,7,255) (134,56,7) (255,121,47) (4,255,121) (47,4,255) (134,56,7) (255,201,179) (130,255,243) (245,237,255) (226,227,216) (255,211,207) (173,255,222) (215,178,255) (201,179,130) (255,168,147) (62,255,174) (180,118,255) (179,152,108) (255,179,152) (108,255,219) (217,192,255) (237,244,242) (255,230,238) (237,255,226) (227,216,255) (207,195,153) (255,174,180) (118,255,174) (180,118,255) (168,147,62) (255,148,119) (28,255,168) (147,62,255) (165,173,88) (255,168,147) (62,255,168) (119,50,255) (148,119,28) (255,155,86) (7,255,155) (86,7,255) (155,86,7) (255,155,86) (7,255,155) (86,7,255) (155,86,7) (255,155,86) (7,255,155) (86,7,255) (155,86,7) (255,155,86) (7,255,155) (86,7,255) (164,103,11) (255,155,86) (7,255,155) (86,7,255) (164,103,11) (255,164,103) (11,255,174) (116,14,255) (174,116,14) (255,174,116) (14,255,174) (116,14,255) (174,116,14) (255,174,116) (14,255,174) (116,14,255) (174,116,14) (255,174,116) (14,255,181) (130,18,255) (181,130,18) (255,191,146) (21,255,181) (130,18,255) (191,146,21) (255,191,146) (21,255,191) (146,21,255) (209,168,27) (255,209,168) (27,255,209) (168,27,255) (209,168,27) (255,209,168) (27,255,209) (168,27,255) (209,168,27) (255,219,182) (43,255,233) (211,74,255) (240,224,97) (255,215,190) (100,255,168) (147,62,255) (164,103,11) (255,174,116) (14,255,164) (103,11,255) (155,97,33) (255,164,103) (11,255,164) (103,11,255) (155,97,33) (255,174,116) (14,255,201) (179,130,255) (226,226,226) (255,228,228) (228,255,234) (234,234,255) (242,242,242) (255,179,179) (179,255,200) (201,200,255) (148,148,148) (255,157,158) (158,255,179) (179,179,255) (193,194,193) (255,200,201) (200,255,206) (206,206,255) (207,207,207) (255,207,207) (207,255,207) (207,207,255) (207,207,207) (255,209,209) (209,255,209) (209,209,255) (209,209,209) (255,209,209) (209,255,210) (210,210,255) (210,210,210) (255,210,210) (210,255,210) (210,210,255) (210,210,210) (255,210,210) (210,255,212) (212,212,255) (212,212,212) (255,212,212) (212,255,212) (212,212,255) (212,212,212) (255,214,214) (214,255,212) (212,212,255) (214,214,214) (255,214,214) (214,255,214) (214,214,255) (214,214,214) (255,215,215) (215,255,215) (215,215,255) (215,215,215) (255,215,215) (215,255,215) (215,215,255) (215,215,215) (255,215,215) (215,255,215) (215,215,255) 
(76,112,71) (0,76,112) (71,0,76) (112,71,0) (76,112,71) (0,76,112) (71,0,76) (112,71,0) (76,112,71) (0,76,112) (71,0,76) (112,71,0) (76,112,71) (0,76,112) (71,0,76) (112,71,0) (76,112,71) (0,76,112) (71,0,76) (112,71,0) (76,112,71) (0,76,112) (71,0,76) (112,71,0) (76,112,71) (0,76,112) (71,0,76) (112,71,0) (76,112,71) (0,76,112) (71,0,76) (112,71,0) (76,112,71) (0,1,1) (1,1,1) (1,1,5) (2,2,2) (11,8,8) (8,24,8) (8,8,42) (1,1,1) (62,103,103) (103,125,239) (239,239,255) (226,226,226) (255,210,210) (210,255,193) (194,193,255) (174,175,175) (255,210,210) (210,255,238) (239,238,255) (232,233,232) (255,226,226) (226,255,226) (226,226,255) (223,223,223) (255,253,254) (254,255,121) (47,4,255) (106,36,1) (255,106,36) (1,255,106) (36,1,255) (106,36,1) (255,106,36) (1,255,106) (36,1,255) (106,36,1) (255,106,36) (1,255,106) (36,1,255) (106,36,1) (255,106,36) (1,255,207) (195,153,255) (242,250,254) (255,235,236) (225,255,220) (208,154,255) (168,119,50) (255,121,47) (4,255,121) (47,4,255) (121,47,4) (255,121,47) (4,255,168) (119,50,255) (182,133,46) (255,134,56) (7,255,155) (97,33,255) (179,152,108) (255,230,238) (237,255,227) (247,251,255) (230,238,237) (255,231,231) (231,255,228) (228,228,255) (207,195,153) (255,168,119) (50,255,189) (144,61,255) (204,179,89) (255,201,179) (130,255,201) (179,130,255) (201,179,130) (255,179,152) (108,255,168) (147,62,255) (155,86,7) (255,143,72) (10,255,155) (86,7,255) (143,72,10) (255,134,56) (7,255,143) (72,10,255) (143,72,10) (255,134,56) (7,255,134) (56,7,255) (134,56,7) (255,143,72) (10,255,143) (72,10,255) (155,86,7) (255,155,86) (7,255,155) (86,7,255) (155,86,7) (255,155,86) (7,255,155) (86,7,255) (155,86,7) (255,155,86) (7,255,155) (86,7,255) (155,86,7) (255,155,86) (7,255,164) (103,11,255) (164,103,11) (255,164,103) (11,255,164) (103,11,255) (164,103,11) (255,174,116) (14,255,174) (116,14,255) (174,116,14) (255,174,116) (14,255,174) (116,14,255) (181,130,18) (255,181,130) (18,255,181) (130,18,255) (191,146,21) (255,191,146) (21,255,191) (146,21,255) (209,168,27) (255,191,146) (21,255,209) (168,27,255) (191,146,21) (255,209,168) (27,255,191) (146,21,255) (209,168,27) (255,209,168) (27,255,219) (182,43,255) (234,217,142) (255,243,235) (192,255,222) (215,178,255) (168,147,62) (255,126,96) (20,255,155) (97,33,255) (155,97,33) (255,155,97) (33,255,126) (96,20,255) (155,97,33) (255,148,119) (28,255,155) (97,33,255) (155,97,33) (255,148,119) (28,255,201) (179,130,255) (226,226,226) (255,228,228) (228,255,234) (234,234,255) (240,240,240) (255,184,185) (184,255,200) (201,200,255) (140,141,141) (255,157,158) (158,255,179) (179,179,255) (189,190,190) (255,200,201) (200,255,204) (204,204,255) (206,206,206) (255,207,207) (207,255,207) (207,207,255) (207,207,207) (255,207,207) (207,255,207) (207,207,255) (207,207,207) (255,209,209) (209,255,209) (209,209,255) (209,209,209) (255,210,210) (210,255,210) (210,210,255) (210,210,210) (255,210,210) (210,255,210) (210,210,255) (210,210,210) (255,210,210) (210,255,212) (212,212,255) (212,212,212) (255,212,212) (212,255,212) (212,212,255) (212,212,212) (255,212,212) (212,255,212) (212,212,255) (214,214,214) (255,214,214) (214,255,214) (214,214,255) (214,214,214) (255,214,214) (214,255,215) (215,215,255) (215,215,215) (255,215,215) (215,255,215) (215,215,255) 
(76,112,71) (0,76,112) (71,0,76) (112,71,0) (76,112,71) (0,76,112) (71,0,76) (112,71,0) (76,112,71) (0,76,112) (71,0,76) (112,71,0) (76,112,71) (0,76,112) (71,0,76) (112,71,0) (76,112,71) (0,76,112) (71,0,76) (112,71,0) (76,112,71) (0,76,112) (71,0,76) (112,71,0) (76,112,71) (0,76,112) (71,0,76) (112,71,0) (76,112,71) (0,76,112) (71,0,76) (112,71,0) (76,112,71) (0,76,112) (71,0,1) (1,1,1) (2,2,2) (11,2,2) (2,17,2) (2,2,31) (1,1,1) (51,6,6) (6,74,236) (236,236,255) (228,228,228) (255,212,212) (212,255,193) (194,193,255) (174,175,175) (255,200,201) (200,255,239) (239,239,255) (232,233,232) (255,228,228) (228,255,226) (226,226,255) (223,223,223) (255,250,250) (250,255,118) (102,57,255) (87,57,8) (255,87,57) (8,255,87) (57,8,255) (87,57,8) (255,87,57) (8,255,106) (36,1,255) (87,57,8) (255,106,36) (1,255,87) (57,8,255) (106,36,1) (255,179,152) (108,255,242) (250,254,255) (227,247,251) (255,227,247) (251,255,227) (247,251,255) (174,180,118) (255,143,72) (10,255,121) (47,4,255) (134,56,7) (255,155,97) (33,255,168) (119,50,255) (126,96,20) (255,168,119) (50,255,211) (207,173,255) (209,209,209) (255,217,217) (217,255,215) (229,230,255) (221,221,221) (255,221,221) (221,255,212) (212,212,255) (201,179,130) (255,168,147) (62,255,155) (97,33,255) (155,97,33) (255,168,119) (50,255,155) (97,33,255) (121,47,4) (255,121,47) (4,255,121) (47,4,255) (121,47,4) (255,121,47) (4,255,106) (36,1,255) (121,47,4) (255,121,47) (4,255,121) (47,4,255) (121,47,4) (255,134,56) (7,255,143) (72,10,255) (143,72,10) (255,143,72) (10,255,143) (72,10,255) (143,72,10) (255,143,72) (10,255,155) (86,7,255) (143,72,10) (255,155,86) (7,255,155) (86,7,255) (155,86,7) (255,143,72) (10,255,155) (86,7,255) (155,86,7) (255,155,86) (7,255,155) (86,7,255) (155,86,7) (255,155,86) (7,255,164) (103,11,255) (164,103,11) (255,164,103) (11,255,181) (130,18,255) (181,130,18) (255,181,130) (18,255,181) (130,18,255) (181,130,18) (255,191,146) (21,255,195) (155,38,255) (201,166,54) (255,208,176) (71,255,201) (166,54,255) (208,176,71) (255,204,179) (89,255,222) (192,83,255) (222,192,83) (255,222,192) (83,255,222) (192,83,255) (208,176,71) (255,222,192) (83,255,217) (199,126,255) (207,195,153) (255,179,152) (108,255,168) (119,50,255) (148,119,28) (255,126,96) (20,255,155) (97,33,255) (155,97,33) (255,155,97) (33,255,155) (97,33,255) (148,119,28) (255,148,119) (28,255,155) (97,33,255) (148,119,28) (255,155,97) (33,255,179) (152,108,255) (226,226,226) (255,228,228) (228,255,232) (233,232,255) (240,240,240) (255,189,190) (190,255,193) (194,193,255) (140,141,141) (255,157,158) (158,255,179) (179,179,255) (193,194,193) (255,203,203) (203,255,206) (206,206,255) (207,207,207) (255,207,207) (207,255,207) (207,207,255) (207,207,207) (255,209,209) (209,255,207) (207,207,255) (209,209,209) (255,209,209) (209,255,209) (209,209,255) (210,210,210) (255,210,210) (210,255,210) (210,210,255) (210,210,210) (255,210,210) (210,255,210) (210,210,255) (212,212,212) (255,212,212) (212,255,212) (212,212,255) (212,212,212) (255,212,212) (212,255,212) (212,212,255) (212,212,212) (255,214,214) (214,255,214) (214,214,255) (214,214,214) (255,214,214) (214,255,214) (214,214,255) (215,215,215) (255,215,215) (215,255,215) (215,215,255) (215,215,215) (255,215,215) (215,255,215) (215,215,255) 
(76,112,71) (0,76,112) (71,0,76) (112,71,0) (76,112,71) (0,76,112) (71,0,76) (112,71,0) (76,112,71) (0,76,112) (71,0,76) (112,71,0) (76,112,71) (0,76,112) (71,0,76) (112,71,0) (76,112,71) (0,76,112) (71,0,76) (112,71,0) (76,112,71) (0,76,112) (71,0,76) (112,71,0) (76,112,71) (0,76,112) (71,0,76) (112,71,0) (76,112,71) (0,76,112) (71,0,76) (112,71,0) (76,112,71) (0,76,112) (71,0,1) (1,1,1) (1,1,1) (5,2,2) (2,17,2) (2,2,31) (1,1,1) (51,6,6) (6,74,221) (221,221,222) (230,230,230) (255,215,215) (215,255,196) (196,197,255) (179,179,179) (255,189,190) (190,255,239) (239,239,255) (232,233,232) (255,226,226) (226,255,223) (223,223,255) (223,223,223) (255,247,248) (247,255,118) (102,57,255) (50,49,12) (255,50,49) (12,255,23) (24,23,255) (50,49,12) (255,50,49) (12,255,50) (49,12,255) (50,49,12) (255,23,24) (23,255,87) (57,8,255) (170,171,170) (255,215,229) (230,255,215) (229,230,255) (215,215,215) (255,185,219) (223,255,210) (210,210,255) (174,180,118) (255,148,119) (28,255,126) (96,20,255) (126,96,20) (255,126,96) (20,255,87) (57,8,255) (126,96,20) (255,190,197) (124,255,200) (201,200,255) (200,201,200) (255,200,201) (200,255,193) (194,193,255) (181,200,161) (255,211,207) (173,255,174) (180,118,255) (168,119,50) (255,118,102) (57,255,118) (102,57,255) (118,102,57) (255,118,102) (57,255,87) (57,8,255) (87,57,8) (255,87,57) (8,255,87) (57,8,255) (87,57,8) (255,87,57) (8,255,87) (57,8,255) (87,57,8) (255,87,57) (8,255,121) (47,4,255) (87,57,8) (255,121,47) (4,255,87) (57,8,255) (143,72,10) (255,126,96) (20,255,126) (96,20,255) (143,72,10) (255,126,96) (20,255,143) (72,10,255) (143,72,10) (255,126,96) (20,255,155) (86,7,255) (126,96,20) (255,143,72) (10,255,126) (96,20,255) (126,96,20) (255,155,86) (7,255,155) (97,33,255) (164,103,11) (255,148,119) (28,255,164) (103,11,255) (148,119,28) (255,148,119) (28,255,168) (119,50,255) (181,130,18) (255,168,119) (50,255,191) (146,21,255) (168,147,62) (255,168,147) (62,255,207) (195,153,255) (211,207,173) (255,219,217) (192,255,211) (207,173,255) (174,180,118) (255,190,197) (124,255,207) (195,153,255) (211,207,173) (255,174,180) (118,255,133) (139,44,255) (103,126,38) (255,133,139) (44,255,133) (139,44,255) (133,139,44) (255,126,96) (20,255,126) (96,20,255) (126,96,20) (255,168,119) (50,255,148) (119,28,255) (148,119,28) (255,148,119) (28,255,148) (119,28,255) (148,119,28) (255,148,119) (28,255,126) (96,20,255) (148,119,28) (255,148,119) (28,255,179) (152,108,255) (223,223,223) (255,226,226) (226,255,232) (233,232,255) (239,239,239) (255,193,194) (193,255,193) (194,193,255) (133,133,133) (255,157,158) (158,255,179) (179,179,255) (193,194,193) (255,203,203) (203,255,206) (206,206,255) (207,207,207) (255,207,207) (207,255,207) (207,207,255) (209,209,209) (255,209,209) (209,255,209) (209,209,255) (209,209,209) (255,210,210) (210,255,210) (210,210,255) (210,210,210) (255,210,210) (210,255,210) (210,210,255) (210,210,210) (255,212,212) (212,255,212) (212,212,255) (212,212,212) (255,212,212) (212,255,212) (212,212,255) (212,212,212) (255,214,214) (214,255,212) (212,212,255) (215,215,215) (255,214,214) (214,255,214) (214,214,255) (214,214,214) (255,215,215) (215,255,215) (215,215,255) (215,215,215) (255,215,215) (215,255,215) (215,215,255) (215,215,215) (255,217,217) (217,255,215) (215,215,255) 
(76,112,71) (0,76,112) (71,0,76) (112,71,0) (76,112,71) (0,76,112) (71,0,76) (112,71,0) (76,112,71) (0,76,112) (71,0,76) (112,71,0) (76,112,71) (0,76,112) (71,0,76) (112,71,0) (76,112,71) (0,76,112) (71,0,76) (112,71,0) (76,112,71) (0,76,112) (71,0,76) (112,71,0) (76,112,71) (0,76,112) (71,0,76) (112,71,0) (76,112,71) (0,76,112) (71,0,76) (112,71,0) (76,112,71) (0,76,112) (71,0,1) (1,1,1) (1,1,1) (5,2,2) (2,17,8) (8,8,24) (8,8,8) (42,1,1) (1,62,183) (183,183,180) (232,233,232) (255,217,217) (217,255,200) (201,200,255) (179,179,179) (255,184,185) (184,255,240) (240,240,255) (232,233,232) (255,228,228) (228,255,223) (223,223,255) (223,223,223) (255,245,245) (245,255,120) (120,119,255) (87,57,8) (255,116,122) (73,255,91) (97,22,255) (50,49,12) (255,106,36) (1,255,50) (49,12,255) (23,24,23) (255,50,49) (12,255,133) (133,133,255) (163,204,195) (255,163,204) (195,255,184) (185,184,255) (184,185,184) (255,174,175) (175,255,161) (162,161,255) (140,141,141) (255,141,140) (81,255,133) (139,44,255) (118,102,57) (255,87,57) (8,255,87) (57,8,255) (141,140,81) (255,174,180) (118,255,181) (200,161,255) (181,200,161) (255,181,200) (161,255,174) (180,118,255) (165,173,88) (255,165,173) (88,255,141) (140,81,255) (118,102,57) (255,118,102) (57,255,118) (102,57,255) (118,102,57) (255,87,57) (8,255,87) (57,8,255) (87,57,8) (255,87,57) (8,255,87) (57,8,255) (87,57,8) (255,87,57) (8,255,87) (57,8,255) (87,57,8) (255,87,57) (8,255,87) (57,8,255) (87,57,8) (255,87,57) (8,255,87) (57,8,255) (91,97,22) (255,121,47) (4,255,91) (97,22,255) (126,96,20) (255,126,96) (20,255,126) (96,20,255) (126,96,20) (255,126,96) (20,255,126) (96,20,255) (126,96,20) (255,126,96) (20,255,155) (97,33,255) (126,96,20) (255,126,96) (20,255,148) (119,28,255) (148,119,28) (255,148,119) (28,255,148) (119,28,255) (148,119,28) (255,148,119) (28,255,133) (139,44,255) (148,119,28) (255,133,139) (44,255,133) (139,44,255) (148,119,28) (255,148,119) (28,255,168) (147,62,255) (165,173,88) (255,174,180) (118,255,181) (200,161,255) (190,197,124) (255,174,180) (118,255,165) (173,88,255) (141,140,81) (255,103,126) (38,255,91) (97,22,255) (103,126,38) (255,133,139) (44,255,141) (140,81,255) (133,139,44) (255,133,139) (44,255,133) (139,44,255) (133,139,44) (255,165,173) (88,255,174) (180,118,255) (190,197,124) (255,181,200) (161,255,174) (180,118,255) (165,173,88) (255,168,147) (62,255,168) (147,62,255) (165,173,88) (255,190,197) (124,255,201) (179,130,255) (223,223,223) (255,226,226) (226,255,232) (233,232,255) (239,239,239) (255,200,201) (200,255,189) (190,190,255) (133,133,133) (255,157,158) (158,255,179) (179,179,255) (193,194,193) (255,203,203) (203,255,207) (207,207,255) (207,207,207) (255,207,207) (207,255,209) (209,209,255) (209,209,209) (255,209,209) (209,255,210) (210,210,255) (210,210,210) (255,210,210) (210,255,210) (210,210,255) (210,210,210) (255,212,212) (212,255,210) (210,210,255) (212,212,212) (255,212,212) (212,255,212) (212,212,255) (212,212,212) (255,212,212) (212,255,214) (214,214,255) (212,212,212) (255,214,214) (214,255,214) (214,214,255) (214,214,214) (255,214,214) (214,255,215) (215,215,255) (215,215,215) (255,215,215) (215,255,215) (215,215,255) (215,215,215) (255,215,215) (215,255,217) (217,217,255) (215,215,215) (255,215,215) (215,255,215) (215,215,255) 
(76,112,71) (0,76,112) (71,0,76) (112,71,0) (76,112,71) (0,76,112) (71,0,76) (112,71,0) (76,112,71) (0,76,112) (71,0,76) (112,71,0) (76,112,71) (0,76,112) (71,0,76) (112,71,0) (76,112,71) (0,76,112) (71,0,76) (112,71,0) (76,112,71) (0,76,112) (71,0,76) (112,71,0) (76,112,71) (0,76,112) (71,0,76) (112,71,0) (76,112,71) (0,76,112) (71,0,76) (112,71,0) (76,112,71) (0,76,112) (71,0,1) (1,1,1) (1,1,1) (5,2,2) (2,11,8) (8,8,24) (8,8,8) (42,1,1) (1,62,137) (137,137,134) (234,234,234) (255,217,217) (217,255,200) (201,200,255) (179,179,179) (255,179,179) (179,255,240) (240,240,255) (232,233,232) (255,228,228) (228,255,226) (226,226,255) (223,223,223) (255,243,244) (243,255,153) (153,153,255) (104,161,121) (255,138,175) (149,255,116) (122,73,255) (59,78,20) (255,50,49) (12,255,50) (49,12,255) (50,49,12) (255,95,95) (57,255,138) (175,149,255) (148,148,148) (255,138,175) (149,255,138) (175,149,255) (133,133,133) (255,116,122) (73,255,118) (102,57,255) (116,122,73) (255,141,140) (81,255,116) (122,73,255) (75,82,50) (255,75,82) (50,255,95) (95,57,255) (116,122,73) (255,141,140) (81,255,141) (140,81,255) (141,140,81) (255,116,122) (73,255,118) (102,57,255) (118,102,57) (255,116,122) (73,255,95) (95,57,255) (118,102,57) (255,118,102) (57,255,116) (122,73,255) (95,95,57) (255,87,57) (8,255,59) (78,20,255) (87,57,8) (255,87,57) (8,255,87) (57,8,255) (87,57,8) (255,87,57) (8,255,87) (57,8,255) (87,57,8) (255,87,57) (8,255,87) (57,8,255) (87,57,8) (255,87,57) (8,255,87) (57,8,255) (87,57,8) (255,126,96) (20,255,91) (97,22,255) (91,97,22) (255,126,96) (20,255,126) (96,20,255) (91,97,22) (255,126,96) (20,255,91) (97,22,255) (126,96,20) (255,126,96) (20,255,126) (96,20,255) (148,119,28) (255,126,96) (20,255,148) (119,28,255) (182,133,46) (255,148,119) (28,255,133) (139,44,255) (148,119,28) (255,133,139) (44,255,133) (139,44,255) (133,139,44) (255,133,139) (44,255,133) (139,44,255) (148,119,28) (255,126,96) (20,255,126) (96,20,255) (148,119,28) (255,133,139) (44,255,141) (140,81,255) (168,147,62) (255,165,173) (88,255,174) (180,118,255) (165,173,88) (255,165,173) (88,255,165) (173,88,255) (165,173,88) (255,190,197) (124,255,181) (200,161,255) (163,204,195) (255,138,175) (149,255,165) (173,88,255) (174,180,118) (255,181,200) (161,255,190) (197,124,255) (190,197,124) (255,190,197) (124,255,225) (198,101,255) (190,197,124) (255,190,197) (124,255,204) (179,89,255) (215,190,100) (255,215,190) (100,255,217) (199,126,255) (223,223,223) (255,226,226) (226,255,231) (231,231,255) (238,239,238) (255,206,206) (206,255,179) (179,179,255) (133,133,133) (255,157,158) (158,255,179) (179,179,255) (193,194,193) (255,204,204) (204,255,207) (207,207,255) (207,207,207) (255,210,210) (210,255,209) (209,209,255) (209,209,209) (255,210,210) (210,255,210) (210,210,255) (210,210,210) (255,210,210) (210,255,210) (210,210,255) (210,210,210) (255,212,212) (212,255,212) (212,212,255) (212,212,212) (255,212,212) (212,255,212) (212,212,255) (212,212,212) (255,212,212) (212,255,214) (214,214,255) (214,214,214) (255,214,214) (214,255,214) (214,214,255) (214,214,214) (255,215,215) (215,255,215) (215,215,255) (215,215,215) (255,215,215) (215,255,215) (215,215,255) (215,215,215) (255,215,215) (215,255,215) (215,215,255) (215,215,215) (255,217,217) (217,255,217) (217,217,255) 
(76,112,71) (0,76,112) (71,0,76) (112,71,0) (76,112,71) (0,76,112) (71,0,76) (112,71,0) (76,112,71) (0,76,112) (71,0,76) (112,71,0) (76,112,71) (0,76,112) (71,0,76) (112,71,0) (76,112,71) (0,76,112) (71,0,76) (112,71,0) (76,112,71) (0,76,112) (71,0,76) (112,71,0) (76,112,71) (0,76,112) (71,0,76) (112,71,0) (76,112,71) (0,76,112) (71,0,76) (112,71,0) (76,112,71) (0,76,112) (71,0,76) (112,71,0) (1,1,1) (5,2,2) (2,11,2) (2,2,17) (2,2,2) (31,1,1) (1,51,6) (6,6,74) (234,234,234) (255,221,221) (221,255,203) (203,203,255) (184,185,184) (255,170,171) (170,255,240) (240,240,255) (232,233,232) (255,228,228) (228,255,223) (223,223,255) (221,221,221) (255,240,240) (240,255,181) (200,161,255) (108,110,109) (255,116,122) (73,255,75) (82,50,255) (50,49,12) (255,75,82) (50,255,95) (95,57,255) (75,82,50) (255,95,95) (57,255,108) (110,109,255) (108,110,109) (255,108,110) (109,255,95) (95,57,255) (95,95,57) (255,95,95) (57,255,95) (95,57,255) (95,95,57) (255,116,122) (73,255,95) (95,57,255) (59,78,20) (255,75,82) (50,255,75) (82,50,255) (75,82,50) (255,95,95) (57,255,95) (95,57,255) (75,82,50) (255,95,95) (57,255,75) (82,50,255) (95,95,57) (255,95,95) (57,255,95) (95,57,255) (95,95,57) (255,118,102) (57,255,95) (95,57,255) (59,78,20) (255,59,78) (20,255,59) (78,20,255) (59,78,20) (255,59,78) (20,255,91) (97,22,255) (59,78,20) (255,59,78) (20,255,59) (78,20,255) (59,78,20) (255,87,57) (8,255,59) (78,20,255) (87,57,8) (255,59,78) (20,255,87) (57,8,255) (59,78,20) (255,91,97) (22,255,91) (97,22,255) (103,126,38) (255,72,136) (51,255,103) (126,38,255) (103,126,38) (255,103,126) (38,255,103) (126,38,255) (103,126,38) (255,103,126) (38,255,103) (126,38,255) (103,126,38) (255,103,126) (38,255,133) (139,44,255) (133,139,44) (255,103,126) (38,255,133) (139,44,255) (133,139,44) (255,133,139) (44,255,133) (139,44,255) (133,139,44) (255,133,139) (44,255,133) (139,44,255) (133,139,44) (255,103,126) (38,255,126) (96,20,255) (133,139,44) (255,133,139) (44,255,103) (126,38,255) (133,139,44) (255,133,139) (44,255,133) (139,44,255) (133,139,44) (255,133,139) (44,255,133) (139,44,255) (133,139,44) (255,133,139) (44,255,165) (173,88,255) (174,180,118) (255,174,180) (118,255,174) (180,118,255) (190,197,124) (255,190,197) (124,255,204) (179,89,255) (208,176,71) (255,204,179) (89,255,204) (179,89,255) (208,176,71) (255,208,176) (71,255,208) (176,71,255) (208,176,71) (255,222,192) (83,255,217) (199,126,255) (223,223,223) (255,226,226) (226,255,230) (230,230,255) (236,236,236) (255,210,210) (210,255,174) (175,175,255) (133,133,133) (255,157,158) (158,255,179) (179,179,255) (193,194,193) (255,204,204) (204,255,209) (209,209,255) (209,209,209) (255,209,209) (209,255,210) (210,210,255) (210,210,210) (255,210,210) (210,255,210) (210,210,255) (210,210,210) (255,210,210) (210,255,212) (212,212,255) (212,212,212) (255,212,212) (212,255,212) (212,212,255) (212,212,212) (255,212,212) (212,255,214) (214,214,255) (212,212,212) (255,214,214) (214,255,214) (214,214,255) (214,214,214) (255,214,214) (214,255,215) (215,215,255) (215,215,215) (255,215,215) (215,255,215) (215,215,255) (215,215,215) (255,215,215) (215,255,217) (217,217,255) (215,215,215) (255,217,217) (217,255,215) (215,215,255) (217,217,217) (255,217,217) (217,255,217) (217,217,255) 
(76,112,71) (0,76,112) (71,0,76) (112,71,0) (76,112,71) (0,76,112) (71,0,76) (112,71,0) (76,112,71) (0,76,112) (71,0,76) (112,71,0) (76,112,71) (0,76,112) (71,0,76) (112,71,0) (76,112,71) (0,76,112) (71,0,76) (112,71,0) (76,112,71) (0,76,112) (71,0,76) (112,71,0) (76,112,71) (0,76,112) (71,0,76) (112,71,0) (76,112,71) (0,76,112) (71,0,76) (112,71,0) (76,112,71) (0,76,112) (71,0,76) (112,71,0) (1,1,1) (1,1,1) (1,5,2) (2,2,17) (2,2,2) (31,1,1) (1,51,6) (6,6,74) (221,221,221) (222,221,221) (221,255,206) (206,206,255) (184,185,184) (255,167,168) (167,255,242) (242,242,255) (234,234,234) (255,228,228) (228,255,223) (223,223,255) (221,221,221) (255,236,236) (236,255,189) (190,190,255) (75,82,50) (255,56,58) (55,255,56) (58,55,255) (75,82,50) (255,75,82) (50,255,54) (95,79,255) (75,82,50) (255,54,95) (79,255,75) (82,50,255) (75,82,50) (255,75,82) (50,255,59) (78,20,255) (56,58,55) (255,75,82) (50,255,75) (82,50,255) (75,82,50) (255,75,82) (50,255,59) (78,20,255) (59,78,20) (255,75,82) (50,255,87) (57,8,255) (75,82,50) (255,75,82) (50,255,75) (82,50,255) (75,82,50) (255,75,82) (50,255,75) (82,50,255) (95,95,57) (255,95,95) (57,255,95) (95,57,255) (95,95,57) (255,95,95) (57,255,59) (78,20,255) (50,49,12) (255,59,78) (20,255,50) (49,12,255) (59,78,20) (255,91,97) (22,255,52) (111,37,255) (59,78,20) (255,59,78) (20,255,91) (97,22,255) (52,111,37) (255,52,111) (37,255,59) (78,20,255) (59,78,20) (255,59,78) (20,255,59) (78,20,255) (87,57,8) (255,59,78) (20,255,59) (78,20,255) (91,97,22) (255,72,136) (51,255,103) (126,38,255) (104,152,56) (255,72,136) (51,255,72) (136,51,255) (103,126,38) (255,104,152) (56,255,104) (152,56,255) (133,139,44) (255,104,152) (56,255,103) (126,38,255) (103,126,38) (255,103,126) (38,255,104) (152,56,255) (104,152,56) (255,104,152) (56,255,104) (152,56,255) (104,152,56) (255,104,152) (56,255,104) (152,56,255) (165,173,88) (255,104,152) (56,255,104) (152,56,255) (103,126,38) (255,103,126) (38,255,103) (126,38,255) (103,126,38) (255,103,126) (38,255,103) (126,38,255) (103,126,38) (255,133,139) (44,255,103) (126,38,255) (103,126,38) (255,103,126) (38,255,103) (126,38,255) (133,139,44) (255,204,179) (89,255,204) (179,89,255) (204,179,89) (255,165,173) (88,255,165) (173,88,255) (165,173,88) (255,204,179) (89,255,174) (180,118,255) (165,173,88) (255,165,173) (88,255,204) (179,89,255) (215,190,100) (255,217,199) (126,255,220) (208,154,255) (223,223,223) (255,226,226) (226,255,230) (230,230,255) (236,236,236) (255,217,217) (217,255,167) (168,167,255) (126,127,127) (255,157,158) (158,255,179) (179,179,255) (193,194,193) (255,204,204) (204,255,207) (207,207,255) (207,207,207) (255,209,209) (209,255,209) (209,209,255) (209,209,209) (255,209,209) (209,255,210) (210,210,255) (210,210,210) (255,210,210) (210,255,210) (210,210,255) (210,210,210) (255,210,210) (210,255,210) (210,210,255) (212,212,212) (255,212,212) (212,255,212) (212,212,255) (212,212,212) (255,212,212) (212,255,212) (212,212,255) (212,212,212) (255,214,214) (214,255,214) (214,214,255) (214,214,214) (255,214,214) (214,255,215) (215,215,255) (215,215,215) (255,215,215) (215,255,215) (215,215,255) (215,215,215) (255,215,215) (215,255,215) (215,215,255) (215,215,215) (255,215,215) (215,255,215) (215,215,255) 
(76,112,71) (0,76,112) (71,0,76) (112,71,0) (76,112,71) (0,76,112) (71,0,76) (112,71,0) (76,112,71) (0,76,112) (71,0,76) (112,71,0) (76,112,71) (0,76,112) (71,0,76) (112,71,0) (76,112,71) (0,76,112) (71,0,76) (112,71,0) (76,112,71) (0,76,112) (71,0,76) (112,71,0) (76,112,71) (0,76,112) (71,0,76) (112,71,0) (76,112,71) (0,76,112) (71,0,76) (112,71,0) (76,112,71) (0,76,112) (71,0,76) (112,71,0) (1,1,1) (1,1,1) (1,5,2) (2,2,17) (8,8,8) (24,8,8) (8,42,1) (1,1,62) (183,183,183) (180,226,226) (226,255,207) (207,207,255) (184,185,184) (255,164,164) (164,255,234) (234,234,255) (234,234,234) (255,228,228) (228,255,223) (223,223,255) (221,221,221) (255,234,234) (234,255,200) (201,200,255) (28,29,28) (255,50,49) (12,255,50) (49,12,255) (30,55,37) (255,50,50) (50,255,30) (55,37,255) (30,55,37) (255,50,49) (12,255,56) (58,55,255) (43,75,58) (255,56,58) (55,255,50) (49,12,255) (50,49,12) (255,50,49) (12,255,50) (49,12,255) (50,49,12) (255,50,49) (12,255,50) (49,12,255) (50,50,50) (255,59,78) (20,255,75) (82,50,255) (75,82,50) (255,59,78) (20,255,75) (82,50,255) (75,82,50) (255,75,82) (50,255,75) (82,50,255) (75,82,50) (255,75,82) (50,255,95) (95,57,255) (95,95,57) (255,59,78) (20,255,50) (49,12,255) (59,78,20) (255,52,111) (37,255,59) (78,20,255) (59,78,20) (255,59,78) (20,255,52) (111,37,255) (59,78,20) (255,59,78) (20,255,59) (78,20,255) (59,78,20) (255,59,78) (20,255,59) (78,20,255) (59,78,20) (255,59,78) (20,255,59) (78,20,255) (59,78,20) (255,59,78) (20,255,59) (78,20,255) (59,78,20) (255,59,78) (20,255,52) (111,37,255) (72,136,51) (255,72,136) (51,255,72) (136,51,255) (59,78,20) (255,72,136) (51,255,104) (152,56,255) (103,126,38) (255,72,136) (51,255,72) (136,51,255) (72,136,51) (255,72,136) (51,255,52) (111,37,255) (104,152,56) (255,72,136) (51,255,104) (152,56,255) (104,152,56) (255,104,152) (56,255,104) (152,56,255) (104,152,56) (255,104,152) (56,255,104) (152,56,255) (52,111,37) (255,103,126) (38,255,91) (97,22,255) (91,97,22) (255,91,97) (22,255,103) (126,38,255) (103,126,38) (255,103,126) (38,255,103) (126,38,255) (103,126,38) (255,103,126) (38,255,104) (152,56,255) (104,152,56) (255,174,180) (118,255,165) (173,88,255) (174,180,118) (255,190,197) (124,255,190) (197,124,255) (190,197,124) (255,190,197) (124,255,190) (197,124,255) (190,197,124) (255,217,199) (126,255,190) (197,124,255) (217,199,126) (255,217,199) (126,255,217) (199,126,255) (227,225,205) (255,226,226) (226,255,228) (228,228,255) (234,234,234) (255,226,226) (226,255,161) (162,161,255) (126,127,127) (255,157,158) (158,255,179) (179,179,255) (196,196,197) (255,204,204) (204,255,207) (207,207,255) (209,209,209) (255,209,209) (209,255,209) (209,209,255) (210,210,210) (255,210,210) (210,255,210) (210,210,255) (210,210,210) (255,210,210) (210,255,212) (212,212,255) (210,210,210) (255,212,212) (212,255,212) (212,212,255) (212,212,212) (255,212,212) (212,255,212) (212,212,255) (214,214,214) (255,212,212) (212,255,214) (214,214,255) (214,214,214) (255,214,214) (214,255,214) (214,214,255) (214,214,214) (255,215,215) (215,255,215) (215,215,255) (215,215,215) (255,215,215) (215,255,215) (215,215,255) (215,215,215) (255,215,215) (215,255,217) (217,217,255) (215,215,215) (255,217,217) (217,255,215) (215,215,255) 
(76,112,71) (0,76,112) (71,0,76) (112,71,0) (76,112,71) (0,76,112) (71,0,76) (112,71,0) (76,112,71) (0,76,112) (71,0,76) (112,71,0) (76,112,71) (0,76,112) (71,0,76) (112,71,0) (76,112,71) (0,76,112) (71,0,76) (112,71,0) (76,112,71) (0,76,112) (71,0,76) (112,71,0) (76,112,71) (0,76,112) (71,0,76) (112,71,0) (76,112,71) (0,76,112) (71,0,76) (112,71,0) (76,112,71) (0,76,112) (71,0,76) (112,71,0) (1,1,1) (1,1,1) (1,5,2) (2,2,11) (8,8,8) (24,8,8) (8,42,1) (1,1,62) (137,137,137) (134,228,228) (228,255,210) (210,210,255) (189,190,190) (255,167,168) (167,255,228) (228,228,255) (234,234,234) (255,228,228) (228,255,223) (223,223,255) (221,221,221) (255,230,230) (230,255,217) (217,217,255) (8,44,19) (255,8,44) (19,255,8) (44,19,255) (5,35,14) (255,8,44) (19,255,50) (49,12,255) (8,44,19) (255,50,49) (12,255,8) (44,19,255) (28,29,28) (255,50,49) (12,255,30) (55,37,255) (50,49,12) (255,33,34) (33,255,50) (49,12,255) (39,39,39) (255,50,49) (12,255,50) (50,50,255) (50,49,12) (255,56,58) (55,255,59) (78,20,255) (56,58,55) (255,75,82) (50,255,75) (82,50,255) (75,82,50) (255,75,82) (50,255,95) (95,57,255) (75,82,50) (255,95,95) (57,255,75) (77,78,255) (75,82,50) (255,50,49) (12,255,30) (55,37,255) (50,49,12) (255,30,55) (37,255,59) (78,20,255) (8,75,30) (255,50,49) (12,255,59) (78,20,255) (59,78,20) (255,8,75) (30,255,50) (49,12,255) (50,49,12) (255,50,49) (12,255,59) (78,20,255) (52,111,37) (255,59,78) (20,255,50) (49,12,255) (59,78,20) (255,52,111) (37,255,52) (111,37,255) (59,78,20) (255,59,78) (20,255,59) (78,20,255) (52,111,37) (255,72,136) (51,255,72) (136,51,255) (52,111,37) (255,72,136) (51,255,104) (152,56,255) (72,136,51) (255,52,111) (37,255,52) (111,37,255) (52,111,37) (255,72,136) (51,255,52) (111,37,255) (52,111,37) (255,72,136) (51,255,73) (155,80,255) (72,136,51) (255,73,155) (80,255,73) (155,80,255) (73,155,80) (255,72,136) (51,255,73) (155,80,255) (104,152,56) (255,73,155) (80,255,72) (136,51,255) (52,111,37) (255,72,136) (51,255,72) (136,51,255) (72,136,51) (255,72,136) (51,255,72) (136,51,255) (52,111,37) (255,72,136) (51,255,72) (136,51,255) (72,136,51) (255,72,136) (51,255,72) (136,51,255) (165,173,88) (255,190,197) (124,255,181) (200,161,255) (181,200,161) (255,220,208) (154,255,220) (208,154,255) (220,208,154) (255,220,208) (154,255,220) (208,154,255) (217,199,126) (255,220,208) (154,255,220) (208,154,255) (227,225,205) (255,223,223) (223,255,228) (228,228,255) (234,234,234) (255,232,233) (232,255,153) (153,153,255) (126,127,127) (255,157,158) (158,255,179) (179,179,255) (196,196,197) (255,206,206) (206,255,209) (209,209,255) (209,209,209) (255,210,210) (210,255,210) (210,210,255) (210,210,210) (255,210,210) (210,255,210) (210,210,255) (210,210,210) (255,212,212) (212,255,212) (212,212,255) (212,212,212) (255,212,212) (212,255,212) (212,212,255) (212,212,212) (255,212,212) (212,255,212) (212,212,255) (212,212,212) (255,214,214) (214,255,214) (214,214,255) (214,214,214) (255,214,214) (214,255,215) (215,215,255) (215,215,215) (255,215,215) (215,255,215) (215,215,255) (215,215,215) (255,215,215) (215,255,215) (215,215,255) (217,217,217) (255,215,215) (215,255,215) (215,215,255) (215,215,215) (255,217,217) (217,255,217) (217,217,255) 
(76,112,71) (0,76,112) (71,0,76) (112,71,0) (76,112,71) (0,76,112) (71,0,76) (112,71,0) (76,112,71) (0,76,112) (71,0,76) (112,71,0) (76,112,71) (0,76,112) (71,0,76) (112,71,0) (76,112,71) (0,76,112) (71,0,76) (112,71,0) (76,112,71) (0,76,112) (71,0,76) (112,71,0) (76,112,71) (0,76,112) (71,0,76) (112,71,0) (76,112,71) (0,76,112) (71,0,76) (112,71,0) (76,112,71) (0,76,112) (71,0,76) (112,71,0) (1,1,1) (1,1,1) (1,5,2) (2,2,11) (2,2,2) (17,2,2) (2,31,1) (1,1,51) (62,62,62) (102,230,230) (230,255,212) (212,212,255) (193,194,193) (255,170,171) (170,255,219) (219,219,255) (234,234,234) (255,228,228) (228,255,223) (223,223,255) (221,221,221) (255,226,226) (226,255,237) (238,237,255) (8,44,19) (255,5,35) (14,255,23) (24,23,255) (7,23,10) (255,5,35) (14,255,5) (35,14,255) (5,35,14) (255,8,44) (19,255,50) (49,12,255) (8,44,19) (255,8,44) (19,255,8) (44,19,255) (30,55,37) (255,33,34) (33,255,28) (29,28,255) (33,34,33) (255,30,55) (37,255,30) (55,37,255) (50,49,12) (255,30,55) (37,255,56) (58,55,255) (43,75,58) (255,43,75) (58,255,43) (75,58,255) (75,82,50) (255,54,95) (79,255,75) (82,50,255) (75,77,78) (255,54,95) (79,255,75) (82,50,255) (8,44,19) (255,8,44) (19,255,8) (44,19,255) (8,44,19) (255,8,44) (19,255,30) (55,37,255) (15,98,43) (255,5,55) (26,255,15) (98,43,255) (52,111,37) (255,15,98) (43,255,5) (55,26,255) (30,55,37) (255,5,55) (26,255,8) (75,30,255) (30,55,37) (255,8,75) (30,255,30) (55,37,255) (8,75,30) (255,5,55) (26,255,8) (75,30,255) (8,75,30) (255,8,75) (30,255,8) (75,30,255) (15,98,43) (255,52,111) (37,255,52) (111,37,255) (13,135,66) (255,52,111) (37,255,72) (136,51,255) (72,136,51) (255,52,111) (37,255,52) (111,37,255) (15,98,43) (255,52,111) (37,255,72) (136,51,255) (52,111,37) (255,72,136) (51,255,73) (155,80,255) (73,155,80) (255,73,155) (80,255,73) (155,80,255) (52,111,37) (255,52,111) (37,255,73) (155,80,255) (72,136,51) (255,73,155) (80,255,73) (155,80,255) (72,136,51) (255,52,111) (37,255,52) (111,37,255) (52,111,37) (255,59,78) (20,255,52) (111,37,255) (52,111,37) (255,52,111) (37,255,52) (111,37,255) (52,111,37) (255,52,111) (37,255,72) (136,51,255) (73,155,80) (255,104,161) (121,255,138) (175,149,255) (181,200,161) (255,193,194) (193,255,211) (207,173,255) (222,215,178) (255,222,215) (178,255,222) (215,178,255) (222,215,178) (255,231,226) (191,255,231) (226,191,255) (226,227,216) (255,223,223) (223,255,226) (226,226,255) (232,233,232) (255,240,240) (240,255,148) (148,148,255) (126,127,127) (255,153,153) (153,255,179) (179,179,255) (196,196,197) (255,206,206) (206,255,209) (209,209,255) (210,210,210) (255,210,210) (210,255,210) (210,210,255) (210,210,210) (255,210,210) (210,255,212) (212,212,255) (210,210,210) (255,212,212) (212,255,212) (212,212,255) (212,212,212) (255,212,212) (212,255,212) (212,212,255) (214,214,214) (255,212,212) (212,255,214) (214,214,255) (214,214,214) (255,214,214) (214,255,214) (214,214,255) (215,215,215) (255,215,215) (215,255,215) (215,215,255) (215,215,215) (255,215,215) (215,255,215) (215,215,255) (215,215,215) (255,217,217) (217,255,215) (215,215,255) (215,215,215) (255,215,215) (215,255,217) (217,217,255) (217,217,217) (255,217,217) (217,255,217) (217,217,255) 
(76,112,71) (0,76,112) (71,0,76) (112,71,0) (76,112,71) (0,76,112) (71,0,76) (112,71,0) (76,112,71) (0,76,112) (71,0,76) (112,71,0) (76,112,71) (0,76,112) (71,0,76) (112,71,0) (76,112,71) (0,76,112) (71,0,76) (112,71,0) (76,112,71) (0,76,112) (71,0,76) (112,71,0) (76,112,71) (0,76,112) (71,0,76) (112,71,0) (76,112,71) (0,76,112) (71,0,76) (112,71,0) (76,112,71) (0,76,112) (71,0,76) (112,71,0) (76,112,71) (0,1,1) (1,1,2) (2,2,11) (2,2,2) (17,2,2) (2,31,1) (1,1,51) (6,6,6) (74,213,213) (213,238,215) (215,215,255) (193,194,193) (255,170,171) (170,255,212) (212,212,255) (236,236,236) (255,228,228) (228,255,223) (223,223,255) (221,221,221) (255,223,223) (223,255,253) (254,254,255) (7,23,10) (255,5,5) (5,255,7) (23,10,255) (7,23,10) (255,5,35) (14,255,7) (23,10,255) (5,35,14) (255,5,35) (14,255,5) (35,14,255) (8,44,19) (255,8,44) (19,255,30) (55,37,255) (8,44,19) (255,30,55) (37,255,8) (44,19,255) (30,55,37) (255,30,55) (37,255,33) (34,33,255) (30,55,37) (255,30,55) (37,255,30) (55,37,255) (43,75,58) (255,59,78) (20,255,43) (75,58,255) (43,75,58) (255,75,82) (50,255,54) (95,79,255) (54,95,79) (255,54,95) (79,255,30) (55,37,255) (8,44,19) (255,5,35) (14,255,8) (44,19,255) (8,44,19) (255,8,44) (19,255,5) (55,26,255) (15,98,43) (255,8,44) (19,255,8) (75,30,255) (8,75,30) (255,15,98) (43,255,5) (55,26,255) (5,35,14) (255,5,35) (14,255,15) (98,43,255) (15,98,43) (255,12,114) (57,255,15) (98,43,255) (15,98,43) (255,8,75) (30,255,8) (82,45,255) (104,161,121) (255,15,98) (43,255,8) (75,30,255) (8,75,30) (255,8,75) (30,255,12) (114,57,255) (15,98,43) (255,8,75) (30,255,15) (98,43,255) (12,114,57) (255,52,111) (37,255,13) (135,66,255) (15,98,43) (255,73,155) (80,255,72) (136,51,255) (73,155,80) (255,13,135) (66,255,15) (98,43,255) (12,114,57) (255,15,98) (43,255,12) (114,57,255) (15,98,43) (255,15,98) (43,255,15) (98,43,255) (15,98,43) (255,8,75) (30,255,8) (75,30,255) (8,75,30) (255,8,75) (30,255,59) (78,20,255) (15,98,43) (255,8,75) (30,255,15) (98,43,255) (15,98,43) (255,52,111) (37,255,12) (114,57,255) (12,114,57) (255,13,135) (66,255,14) (150,98,255) (14,150,98) (255,111,191) (178,255,163) (204,195,255) (185,219,223) (255,185,219) (223,255,185) (219,223,255) (185,219,223) (255,185,219) (223,255,215) (215,215,255) (235,236,225) (255,237,244) (242,255,252) (252,252,255) (226,233,231) (255,223,223) (223,255,226) (226,226,255) (232,233,232) (255,240,240) (240,255,153) (153,153,255) (126,127,127) (255,153,153) (153,255,179) (179,179,255) (196,196,197) (255,207,207) (207,255,210) (210,210,255) (210,210,210) (255,210,210) (210,255,210) (210,210,255) (210,210,210) (255,212,212) (212,255,212) (212,212,255) (212,212,212) (255,212,212) (212,255,212) (212,212,255) (212,212,212) (255,214,214) (214,255,212) (212,212,255) (214,214,214) (255,214,214) (214,255,214) (214,214,255) (214,214,214) (255,214,214) (214,255,215) (215,215,255) (215,215,215) (255,215,215) (215,255,215) (215,215,255) (215,215,215) (255,215,215) (215,255,215) (215,215,255) (215,215,215) (255,215,215) (215,255,215) (215,215,255) (217,217,217) (255,217,217) (217,255,217) (217,217,255) (217,217,217) (255,217,217) (217,255,217) (217,217,255) 
(76,112,71) (0,76,112) (71,0,76) (112,71,0) (76,112,71) (0,76,112) (71,0,76) (112,71,0) (76,112,71) (0,76,112) (71,0,76) (112,71,0) (76,112,71) (0,76,112) (71,0,76) (112,71,0) (76,112,71) (0,76,112) (71,0,76) (112,71,0) (76,112,71) (0,76,112) (71,0,76) (112,71,0) (76,112,71) (0,76,112) (71,0,76) (112,71,0) (76,112,71) (0,76,112) (71,0,76) (112,71,0) (76,112,71) (0,76,112) (71,0,76) (112,71,0) (76,112,71) (0,1,1) (1,1,1) (1,1,5) (2,2,2) (17,2,2) (2,31,8) (8,8,42) (6,6,6) (74,183,183) (183,180,217) (217,217,255) (196,196,197) (255,174,175) (175,255,204) (204,204,255) (236,236,236) (255,228,228) (228,255,223) (223,223,255) (221,221,221) (255,219,219) (219,255,253) (254,254,255) (30,55,37) (255,7,23) (10,255,5) (5,5,255) (5,5,5) (255,7,7) (7,255,7) (23,10,255) (8,44,19) (255,7,23) (10,255,7) (23,10,255) (7,23,10) (255,23,24) (23,255,8) (44,19,255) (8,44,19) (255,5,55) (26,255,30) (55,37,255) (5,55,26) (255,30,55) (37,255,30) (55,37,255) (30,55,37) (255,30,55) (37,255,30) (55,37,255) (43,75,58) (255,43,75) (58,255,43) (75,58,255) (54,95,79) (255,43,75) (58,255,54) (95,79,255) (54,95,79) (255,43,75) (58,255,8) (44,19,255) (8,44,19) (255,8,44) (19,255,8) (44,19,255) (5,35,14) (255,5,35) (14,255,5) (55,26,255) (8,75,30) (255,8,44) (19,255,8) (75,30,255) (5,55,26) (255,8,75) (30,255,8) (75,30,255) (8,44,19) (255,5,35) (14,255,8) (75,30,255) (8,75,30) (255,8,82) (45,255,8) (75,30,255) (15,98,43) (255,8,75) (30,255,73) (155,80,255) (163,204,195) (255,12,114) (57,255,8) (75,30,255) (8,75,30) (255,8,44) (19,255,15) (98,43,255) (8,75,30) (255,5,55) (26,255,8) (82,45,255) (15,98,43) (255,12,114) (57,255,8) (82,45,255) (8,75,30) (255,12,114) (57,255,15) (98,43,255) (13,135,66) (255,14,150) (98,255,13) (135,66,255) (8,75,30) (255,8,44) (19,255,5) (55,26,255) (5,55,26) (255,8,75) (30,255,15) (98,43,255) (8,75,30) (255,5,55) (26,255,8) (75,30,255) (15,98,43) (255,8,75) (30,255,15) (98,43,255) (15,98,43) (255,8,75) (30,255,15) (98,43,255) (12,114,57) (255,14,150) (98,255,10) (165,124,255) (10,177,148) (255,14,150) (98,255,14) (150,98,255) (114,207,214) (255,145,229) (228,255,202) (225,241,255) (205,247,251) (255,205,247) (251,255,205) (247,251,255) (205,247,251) (255,205,247) (251,255,205) (247,251,255) (205,247,251) (255,145,229) (228,255,97) (166,158,255) (138,175,149) (255,221,221) (221,255,226) (226,226,255) (231,231,231) (255,239,239) (239,255,157) (158,158,255) (120,120,119) (255,153,153) (153,255,179) (179,179,255) (196,196,197) (255,207,207) (207,255,210) (210,210,255) (210,210,210) (255,212,212) (212,255,210) (210,210,255) (212,212,212) (255,212,212) (212,255,212) (212,212,255) (212,212,212) (255,212,212) (212,255,214) (214,214,255) (212,212,212) (255,212,212) (212,255,214) (214,214,255) (214,214,214) (255,214,214) (214,255,214) (214,214,255) (215,215,215) (255,215,215) (215,255,215) (215,215,255) (215,215,215) (255,215,215) (215,255,215) (215,215,255) (215,215,215) (255,217,217) (217,255,215) (215,215,255) (217,217,217) (255,215,215) (215,255,217) (217,217,255) (217,217,217) (255,217,217) (217,255,217) (217,217,255) (217,217,217) (255,217,217) (217,255,217) (217,217,255) 
(76,112,71) (0,76,112) (71,0,76) (112,71,0) (76,112,71) (0,76,112) (71,0,76) (112,71,0) (76,112,71) (0,76,112) (71,0,76) (112,71,0) (76,112,71) (0,76,112) (71,0,76) (112,71,0) (76,112,71) (0,76,112) (71,0,76) (112,71,0) (76,112,71) (0,76,112) (71,0,76) (112,71,0) (76,112,71) (0,76,112) (71,0,76) (112,71,0) (76,112,71) (0,76,112) (71,0,76) (112,71,0) (76,112,71) (0,76,112) (71,0,76) (112,71,0) (76,112,71) (0,1,1) (1,1,1) (1,1,5) (2,2,2) (11,8,8) (8,24,8) (8,8,42) (1,1,1) (62,137,137) (137,134,219) (219,219,255) (200,201,200) (255,179,179) (179,255,200) (201,200,255) (237,238,237) (255,228,228) (228,255,223) (223,223,255) (221,221,221) (255,219,219) (219,255,252) (252,252,255) (54,95,79) (255,7,64) (38,255,5) (55,26,255) (5,55,26) (255,5,35) (14,255,8) (44,19,255) (8,44,19) (255,7,23) (10,255,7) (23,10,255) (5,35,14) (255,23,24) (23,255,5) (35,14,255) (28,29,28) (255,8,44) (19,255,30) (55,37,255) (30,55,37) (255,8,44) (19,255,30) (55,37,255) (30,55,37) (255,43,75) (58,255,30) (55,37,255) (43,75,58) (255,30,55) (37,255,56) (58,55,255) (43,75,58) (255,54,95) (79,255,43) (75,58,255) (54,95,79) (255,5,55) (26,255,8) (44,19,255) (8,44,19) (255,5,55) (26,255,5) (55,26,255) (5,35,14) (255,5,35) (14,255,8) (44,19,255) (15,98,43) (255,8,75) (30,255,8) (75,30,255) (8,44,19) (255,5,35) (14,255,7) (64,38,255) (8,82,45) (255,8,44) (19,255,5) (55,26,255) (5,35,14) (255,5,55) (26,255,8) (75,30,255) (15,98,43) (255,12,114) (57,255,15) (98,43,255) (15,98,43) (255,8,82) (45,255,8) (82,45,255) (8,75,30) (255,5,55) (26,255,8) (75,30,255) (13,135,66) (255,13,135) (66,255,15) (98,43,255) (8,82,45) (255,13,135) (66,255,13) (135,66,255) (8,82,45) (255,8,82) (45,255,11) (93,58,255) (8,82,45) (255,12,114) (57,255,11) (106,74,255) (8,75,30) (255,5,35) (14,255,5) (55,26,255) (5,55,26) (255,5,55) (26,255,5) (55,26,255) (8,75,30) (255,8,75) (30,255,8) (75,30,255) (8,75,30) (255,5,55) (26,255,8) (75,30,255) (8,82,45) (255,15,98) (43,255,12) (114,57,255) (13,135,66) (255,14,150) (98,255,13) (135,66,255) (10,165,124) (255,14,150) (98,255,13) (135,66,255) (40,214,206) (255,40,214) (206,255,167) (236,240,255) (227,247,251) (255,227,247) (251,255,114) (207,214,255) (114,207,214) (255,163,204) (195,255,41) (127,118,255) (11,93,58) (255,8,75) (30,255,8) (44,19,255) (99,99,99) (255,221,221) (221,255,226) (226,226,255) (231,231,231) (255,239,239) (239,255,161) (162,161,255) (120,120,119) (255,153,153) (153,255,179) (179,179,255) (196,196,197) (255,207,207) (207,255,210) (210,210,255) (212,212,212) (255,210,210) (210,255,212) (212,212,255) (212,212,212) (255,212,212) (212,255,212) (212,212,255) (212,212,212) (255,212,212) (212,255,212) (212,212,255) (214,214,214) (255,214,214) (214,255,214) (214,214,255) (214,214,214) (255,215,215) (215,255,215) (215,215,255) (215,215,215) (255,215,215) (215,255,215) (215,215,255) (215,215,215) (255,215,215) (215,255,217) (217,217,255) (215,215,215) (255,215,215) (215,255,215) (215,215,255) (217,217,217) (255,217,217) (217,255,217) (217,217,255) (217,217,217) (255,217,217) (217,255,217) (217,217,255) (217,217,217) (255,217,217) (217,255,217) (217,217,255) 
(76,112,71) (0,76,112) (71,0,76) (112,71,0) (76,112,71) (0,76,112) (71,0,76) (112,71,0) (76,112,71) (0,76,112) (71,0,76) (112,71,0) (76,112,71) (0,76,112) (71,0,76) (112,71,0) (76,112,71) (0,76,112) (71,0,76) (112,71,0) (76,112,71) (0,76,112) (71,0,76) (112,71,0) (76,112,71) (0,76,112) (71,0,76) (112,71,0) (76,112,71) (0,76,112) (71,0,76) (112,71,0) (76,112,71) (0,76,112) (71,0,76) (112,71,0) (76,112,71) (0,1,1) (1,1,1) (1,1,5) (2,2,2) (11,8,8) (8,24,2) (2,2,31) (1,1,1) (62,62,62) (62,102,223) (223,223,255) (203,203,203) (255,179,179) (179,255,189) (190,190,255) (238,239,238) (255,230,230) (230,255,226) (226,226,255) (221,221,221) (255,219,219) (219,255,249) (249,249,255) (41,127,118) (255,8,82) (45,255,8) (82,45,255) (8,82,45) (255,7,64) (38,255,5) (55,26,255) (7,23,10) (255,7,23) (10,255,5) (35,14,255) (7,23,10) (255,8,44) (19,255,8) (44,19,255) (28,29,28) (255,8,44) (19,255,30) (55,37,255) (30,55,37) (255,30,55) (37,255,30) (55,37,255) (43,75,58) (255,43,75) (58,255,43) (75,58,255) (43,75,58) (255,43,75) (58,255,56) (58,55,255) (43,75,58) (255,43,75) (58,255,54) (95,79,255) (43,75,58) (255,8,44) (19,255,8) (44,19,255) (8,44,19) (255,5,55) (26,255,8) (44,19,255) (8,44,19) (255,8,44) (19,255,8) (44,19,255) (8,75,30) (255,8,82) (45,255,8) (44,19,255) (5,35,14) (255,5,35) (14,255,8) (44,19,255) (8,44,19) (255,5,35) (14,255,5) (55,26,255) (5,35,14) (255,5,55) (26,255,8) (82,45,255) (8,75,30) (255,8,82) (45,255,11) (93,58,255) (9,123,88) (255,9,123) (88,255,11) (106,74,255) (12,114,57) (255,8,82) (45,255,8) (82,45,255) (11,93,58) (255,8,75) (30,255,8) (75,30,255) (8,44,19) (255,8,44) (19,255,8) (82,45,255) (15,98,43) (255,8,82) (45,255,11) (93,58,255) (13,135,66) (255,15,98) (43,255,8) (75,30,255) (5,55,26) (255,8,44) (19,255,8) (44,19,255) (8,44,19) (255,8,44) (19,255,8) (44,19,255) (5,55,26) (255,8,44) (19,255,5) (55,26,255) (8,75,30) (255,8,44) (19,255,11) (93,58,255) (11,93,58) (255,8,75) (30,255,12) (114,57,255) (13,135,66) (255,12,114) (57,255,15) (98,43,255) (14,150,98) (255,14,150) (98,255,12) (114,57,255) (10,165,124) (255,10,177) (148,255,10) (165,124,255) (111,191,178) (255,205,247) (251,255,54) (182,172,255) (11,93,58) (255,8,82) (45,255,5) (35,14,255) (8,44,19) (255,5,35) (14,255,8) (44,19,255) (54,95,79) (255,221,221) (221,255,226) (226,226,255) (230,230,230) (255,238,239) (238,255,167) (168,167,255) (120,120,119) (255,148,148) (148,255,174) (175,175,255) (196,196,197) (255,207,207) (207,255,210) (210,210,255) (210,210,210) (255,210,210) (210,255,210) (210,210,255) (210,210,210) (255,212,212) (212,255,212) (212,212,255) (212,212,212) (255,212,212) (212,255,212) (212,212,255) (212,212,212) (255,212,212) (212,255,212) (212,212,255) (212,212,212) (255,214,214) (214,255,214) (214,214,255) (214,214,214) (255,214,214) (214,255,214) (214,214,255) (215,215,215) (255,215,215) (215,255,215) (215,215,255) (215,215,215) (255,215,215) (215,255,215) (215,215,255) (215,215,215) (255,215,215) (215,255,215) (215,215,255) (215,215,215) (255,215,215) (215,255,215) (215,215,255) (217,217,217) (255,217,217) (217,255,217) (217,217,255) 
(76,112,71) (0,76,112) (71,0,76) (112,71,0) (76,112,71) (0,76,112) (71,0,76) (112,71,0) (76,112,71) (0,76,112) (71,0,76) (112,71,0) (76,112,71) (0,76,112) (71,0,76) (112,71,0) (76,112,71) (0,76,112) (71,0,76) (112,71,0) (76,112,71) (0,76,112) (71,0,76) (112,71,0) (76,112,71) (0,76,112) (71,0,76) (112,71,0) (76,112,71) (0,76,112) (71,0,76) (112,71,0) (76,112,71) (0,76,112) (71,0,76) (112,71,0) (76,112,71) (0,76,112) (71,0,1) (1,1,1) (2,2,2) (11,2,2) (2,17,2) (2,2,31) (1,1,1) (51,3,3) (3,87,213) (213,213,238) (204,204,204) (255,179,179) (179,255,184) (185,184,255) (238,239,238) (255,230,230) (230,255,223) (223,223,255) (219,219,219) (255,219,219) (219,255,245) (245,245,255) (104,161,121) (255,15,98) (43,255,8) (75,30,255) (8,82,45) (255,8,82) (45,255,8) (44,19,255) (7,23,10) (255,7,23) (10,255,7) (23,10,255) (23,24,23) (255,5,35) (14,255,8) (44,19,255) (23,24,23) (255,8,44) (19,255,30) (55,37,255) (30,55,37) (255,33,34) (33,255,30) (55,37,255) (30,55,37) (255,43,75) (58,255,43) (75,58,255) (43,75,58) (255,43,75) (58,255,43) (75,58,255) (56,58,55) (255,43,75) (58,255,43) (75,58,255) (5,55,26) (255,8,44) (19,255,5) (35,14,255) (8,44,19) (255,8,44) (19,255,8) (44,19,255) (5,55,26) (255,5,55) (26,255,8) (75,30,255) (15,98,43) (255,13,135) (66,255,15) (98,43,255) (8,75,30) (255,5,55) (26,255,5) (35,14,255) (7,23,10) (255,8,44) (19,255,8) (75,30,255) (5,55,26) (255,8,82) (45,255,8) (82,45,255) (8,75,30) (255,8,75) (30,255,7) (64,38,255) (11,93,58) (255,11,93) (58,255,9) (123,88,255) (14,150,98) (255,14,150) (98,255,41) (127,118,255) (11,106,74) (255,8,82) (45,255,12) (114,57,255) (15,98,43) (255,8,75) (30,255,11) (93,58,255) (11,93,58) (255,8,82) (45,255,8) (82,45,255) (11,93,58) (255,12,114) (57,255,15) (98,43,255) (15,98,43) (255,5,55) (26,255,8) (44,19,255) (8,44,19) (255,5,35) (14,255,8) (44,19,255) (5,55,26) (255,8,82) (45,255,9) (123,88,255) (10,177,148) (255,9,123) (88,255,49) (154,144,255) (54,182,172) (255,14,150) (98,255,14) (150,98,255) (14,150,98) (255,15,98) (43,255,15) (98,43,255) (14,150,98) (255,14,150) (98,255,10) (165,124,255) (14,150,98) (255,12,114) (57,255,9) (123,88,255) (11,106,74) (255,111,191) (178,255,97) (166,158,255) (41,127,118) (255,11,93) (58,255,8) (75,30,255) (49,154,144) (255,8,82) (45,255,9) (123,88,255) (88,127,130) (255,219,219) (219,255,223) (223,223,255) (228,228,228) (255,237,238) (237,255,174) (175,175,255) (120,120,119) (255,148,148) (148,255,174) (175,175,255) (193,194,193) (255,207,207) (207,255,210) (210,210,255) (210,210,210) (255,212,212) (212,255,212) (212,212,255) (212,212,212) (255,212,212) (212,255,212) (212,212,255) (212,212,212) (255,214,214) (214,255,212) (212,212,255) (214,214,214) (255,212,212) (212,255,215) (215,215,255) (214,214,214) (255,214,214) (214,255,214) (214,214,255) (214,214,214) (255,215,215) (215,255,215) (215,215,255) (215,215,215) (255,215,215) (215,255,215) (215,215,255) (215,215,215) (255,215,215) (215,255,217) (217,217,255) (215,215,215) (255,217,217) (217,255,215) (215,215,255) (217,217,217) (255,215,215) (215,255,217) (217,217,255) (217,217,217) (255,217,217) (217,255,217) (217,217,255) 
(76,112,71) (0,76,112) (71,0,76) (112,71,0) (76,112,71) (0,76,112) (71,0,76) (112,71,0) (76,112,71) (0,76,112) (71,0,76) (112,71,0) (76,112,71) (0,76,112) (71,0,76) (112,71,0) (76,112,71) (0,76,112) (71,0,76) (112,71,0) (76,112,71) (0,76,112) (71,0,76) (112,71,0) (76,112,71) (0,76,112) (71,0,76) (112,71,0) (76,112,71) (0,76,112) (71,0,76) (112,71,0) (76,112,71) (0,76,112) (71,0,76) (112,71,0) (76,112,71) (0,76,112) (71,0,1) (1,1,1) (1,1,1) (5,2,2) (2,17,2) (2,2,31) (1,1,1) (51,6,6) (6,74,178) (178,178,208) (207,207,207) (255,184,185) (184,255,179) (179,179,255) (239,239,239) (255,231,231) (231,255,226) (226,226,255) (221,221,221) (255,219,219) (219,255,240) (240,240,255) (104,161,121) (255,11,93) (58,255,5) (55,26,255) (8,44,19) (255,5,55) (26,255,8) (44,19,255) (8,44,19) (255,7,23) (10,255,23) (24,23,255) (7,23,10) (255,28,29) (28,255,8) (44,19,255) (28,29,28) (255,28,29) (28,255,30) (55,37,255) (30,55,37) (255,30,55) (37,255,30) (55,37,255) (30,55,37) (255,30,55) (37,255,43) (75,58,255) (43,75,58) (255,43,75) (58,255,54) (95,79,255) (54,95,79) (255,64,66) (65,255,30) (55,37,255) (5,35,14) (255,5,35) (14,255,8) (44,19,255) (8,44,19) (255,5,55) (26,255,5) (35,14,255) (8,44,19) (255,7,64) (38,255,8) (75,30,255) (15,98,43) (255,13,135) (66,255,13) (135,66,255) (12,114,57) (255,8,82) (45,255,5) (55,26,255) (8,44,19) (255,5,55) (26,255,8) (44,19,255) (8,44,19) (255,8,75) (30,255,8) (75,30,255) (8,75,30) (255,7,64) (38,255,7) (64,38,255) (7,64,38) (255,7,64) (38,255,11) (106,74,255) (9,123,88) (255,12,114) (57,255,12) (114,57,255) (15,98,43) (255,15,98) (43,255,13) (135,66,255) (12,114,57) (255,5,55) (26,255,5) (55,26,255) (8,44,19) (255,7,64) (38,255,8) (82,45,255) (15,98,43) (255,7,64) (38,255,8) (82,45,255) (12,114,57) (255,8,75) (30,255,8) (44,19,255) (5,35,14) (255,8,44) (19,255,8) (44,19,255) (15,98,43) (255,114,207) (214,255,13) (200,182,255) (13,200,182) (255,40,214) (206,255,13) (200,182,255) (40,214,206) (255,40,214) (206,255,13) (200,182,255) (49,154,144) (255,8,75) (30,255,5) (55,26,255) (12,114,57) (255,14,150) (98,255,12) (114,57,255) (12,114,57) (255,14,150) (98,255,54) (182,172,255) (114,207,214) (255,73,191) (196,255,145) (229,228,255) (167,236,240) (255,49,154) (144,255,49) (154,144,255) (73,191,196) (255,54,182) (172,255,73) (191,196,255) (97,166,158) (255,219,219) (219,255,223) (223,223,255) (228,228,228) (255,236,236) (236,255,184) (185,184,255) (108,110,109) (255,148,148) (148,255,174) (175,175,255) (196,196,197) (255,207,207) (207,255,210) (210,210,255) (210,210,210) (255,212,212) (212,255,212) (212,212,255) (212,212,212) (255,212,212) (212,255,212) (212,212,255) (212,212,212) (255,212,212) (212,255,212) (212,212,255) (214,214,214) (255,214,214) (214,255,214) (214,214,255) (214,214,214) (255,214,214) (214,255,215) (215,215,255) (215,215,215) (255,215,215) (215,255,215) (215,215,255) (215,215,215) (255,215,215) (215,255,215) (215,215,255) (215,215,215) (255,215,215) (215,255,215) (215,215,255) (215,215,215) (255,215,215) (215,255,215) (215,215,255) (217,217,217) (255,217,217) (217,255,217) (217,217,255) (217,217,217) (255,217,217) (217,255,217) (217,217,255) 
(76,112,71) (0,76,112) (71,0,76) (112,71,0) (76,112,71) (0,76,112) (71,0,76) (112,71,0) (76,112,71) (0,76,112) (71,0,76) (112,71,0) (76,112,71) (0,76,112) (71,0,76) (112,71,0) (76,112,71) (0,76,112) (71,0,76) (112,71,0) (76,112,71) (0,76,112) (71,0,76) (112,71,0) (76,112,71) (0,76,112) (71,0,76) (112,71,0) (76,112,71) (0,76,112) (71,0,76) (112,71,0) (76,112,71) (0,76,112) (71,0,76) (112,71,0) (76,112,71) (0,76,112) (71,0,1) (1,1,1) (1,1,1) (5,2,2) (2,11,8) (8,8,24) (8,8,8) (42,6,6) (6,74,125) (125,125,164) (210,210,210) (255,184,185) (184,255,174) (175,175,255) (239,239,239) (255,231,231) (231,255,226) (226,226,255) (221,221,221) (255,219,219) (219,255,239) (239,239,255) (138,175,149) (255,8,75) (30,255,7) (64,38,255) (7,64,38) (255,5,55) (26,255,5) (55,26,255) (7,64,38) (255,8,44) (19,255,5) (35,14,255) (7,23,10) (255,23,24) (23,255,28) (29,28,255) (28,29,28) (255,8,44) (19,255,30) (55,37,255) (30,55,37) (255,30,55) (37,255,30) (55,37,255) (43,75,58) (255,43,75) (58,255,43) (75,58,255) (43,75,58) (255,54,95) (79,255,54) (95,79,255) (54,95,79) (255,54,95) (79,255,5) (35,14,255) (7,23,10) (255,7,23) (10,255,8) (44,19,255) (8,44,19) (255,5,35) (14,255,5) (35,14,255) (5,35,14) (255,7,64) (38,255,15) (98,43,255) (13,135,66) (255,13,135) (66,255,13) (135,66,255) (13,135,66) (255,13,135) (66,255,12) (114,57,255) (7,64,38) (255,5,55) (26,255,7) (23,10,255) (7,23,10) (255,8,44) (19,255,8) (75,30,255) (5,55,26) (255,5,55) (26,255,8) (75,30,255) (8,75,30) (255,7,64) (38,255,8) (75,30,255) (7,64,38) (255,8,75) (30,255,12) (114,57,255) (12,114,57) (255,12,114) (57,255,11) (93,58,255) (15,98,43) (255,8,75) (30,255,8) (75,30,255) (5,55,26) (255,8,44) (19,255,8) (75,30,255) (8,82,45) (255,7,64) (38,255,5) (55,26,255) (12,114,57) (255,8,75) (30,255,8) (75,30,255) (8,44,19) (255,11,93) (58,255,10) (165,124,255) (10,165,124) (255,13,200) (182,255,10) (165,124,255) (10,177,148) (255,13,200) (182,255,10) (177,148,255) (13,200,182) (255,13,200) (182,255,13) (200,182,255) (54,182,172) (255,8,82) (45,255,9) (123,88,255) (14,150,98) (255,12,114) (57,255,5) (55,26,255) (14,150,98) (255,13,200) (182,255,73) (191,196,255) (145,229,228) (255,114,207) (214,255,54) (182,172,255) (114,207,214) (255,114,207) (214,255,114) (207,214,255) (114,207,214) (255,167,236) (240,255,167) (236,240,255) (54,182,172) (255,219,219) (219,255,223) (223,223,255) (228,228,228) (255,234,234) (234,255,196) (196,197,255) (108,110,109) (255,140,141) (141,255,170) (171,170,255) (193,194,193) (255,206,206) (206,255,212) (212,212,255) (212,212,212) (255,212,212) (212,255,212) (212,212,255) (212,212,212) (255,212,212) (212,255,214) (214,214,255) (212,212,212) (255,214,214) (214,255,214) (214,214,255) (214,214,214) (255,214,214) (214,255,214) (214,214,255) (214,214,214) (255,215,215) (215,255,215) (215,215,255) (215,215,215) (255,215,215) (215,255,215) (215,215,255) (215,215,215) (255,215,215) (215,255,217) (217,217,255) (215,215,215) (255,217,217) (217,255,215) (215,215,255) (217,217,217) (255,217,217) (217,255,217) (217,217,255) (217,217,217) (255,217,217) (217,255,217) (217,217,255) (217,217,217) (255,217,217) (217,255,217) (217,217,255) 
(76,112,71) (0,76,112) (71,0,76) (112,71,0) (76,112,71) (0,76,112) (71,0,76) (112,71,0) (76,112,71) (0,76,112) (71,0,76) (112,71,0) (76,112,71) (0,76,112) (71,0,76) (112,71,0) (76,112,71) (0,76,112) (71,0,76) (112,71,0) (76,112,71) (0,76,112) (71,0,76) (112,71,0) (76,112,71) (0,76,112) (71,0,76) (112,71,0) (76,112,71) (0,76,112) (71,0,76) (112,71,0) (76,112,71) (0,76,112) (71,0,76) (112,71,0) (76,112,71) (0,76,112) (71,0,1) (1,1,1) (1,1,1) (5,2,2) (2,11,8) (8,8,24) (8,8,8) (42,1,1) (1,62,67) (67,67,131) (212,212,212) (255,189,190) (190,255,167) (168,167,255) (240,240,240) (255,232,233) (232,255,226) (226,226,255) (221,221,221) (255,219,219) (219,255,234) (234,234,255) (170,171,170) (255,8,82) (45,255,8) (82,45,255) (7,64,38) (255,5,55) (26,255,5) (55,26,255) (30,55,37) (255,8,44) (19,255,8) (44,19,255) (23,24,23) (255,23,24) (23,255,33) (34,33,255) (8,44,19) (255,33,34) (33,255,30) (55,37,255) (30,55,37) (255,30,55) (37,255,30) (55,37,255) (43,75,58) (255,43,75) (58,255,43) (75,58,255) (43,75,58) (255,43,75) (58,255,43) (75,58,255) (54,95,79) (255,43,75) (58,255,5) (55,26,255) (5,55,26) (255,7,7) (7,255,7) (23,10,255) (5,35,14) (255,5,35) (14,255,7) (23,10,255) (5,55,26) (255,8,82) (45,255,12) (114,57,255) (12,114,57) (255,12,114) (57,255,13) (135,66,255) (13,135,66) (255,13,135) (66,255,13) (135,66,255) (13,135,66) (255,15,98) (43,255,5) (55,26,255) (7,23,10) (255,7,23) (10,255,8) (44,19,255) (8,82,45) (255,8,82) (45,255,5) (55,26,255) (8,75,30) (255,5,55) (26,255,5) (55,26,255) (5,35,14) (255,8,44) (19,255,8) (82,45,255) (8,82,45) (255,8,75) (30,255,15) (98,43,255) (15,98,43) (255,8,82) (45,255,15) (98,43,255) (12,114,57) (255,8,75) (30,255,5) (55,26,255) (5,55,26) (255,7,64) (38,255,8) (44,19,255) (15,98,43) (255,8,75) (30,255,15) (98,43,255) (15,98,43) (255,11,93) (58,255,10) (165,124,255) (10,177,148) (255,10,165) (124,255,9) (123,88,255) (9,123,88) (255,9,123) (88,255,10) (165,124,255) (10,177,148) (255,10,177) (148,255,13) (200,182,255) (40,214,206) (255,13,200) (182,255,40) (214,206,255) (10,177,148) (255,12,114) (57,255,11) (106,74,255) (14,150,98) (255,10,177) (148,255,54) (182,172,255) (54,182,172) (255,13,200) (182,255,54) (182,172,255) (114,207,214) (255,73,191) (196,255,73) (191,196,255) (54,182,172) (255,145,229) (228,255,114) (207,214,255) (73,191,196) (255,217,217) (217,255,221) (221,221,255) (226,226,226) (255,234,234) (234,255,212) (212,212,255) (108,110,109) (255,140,141) (141,255,170) (171,170,255) (193,194,193) (255,207,207) (207,255,212) (212,212,255) (212,212,212) (255,212,212) (212,255,212) (212,212,255) (214,214,214) (255,212,212) (212,255,212) (212,212,255) (214,214,214) (255,214,214) (214,255,214) (214,214,255) (214,214,214) (255,214,214) (214,255,215) (215,215,255) (215,215,215) (255,215,215) (215,255,215) (215,215,255) (215,215,215) (255,215,215) (215,255,215) (215,215,255) (217,217,217) (255,215,215) (215,255,215) (215,215,255) (215,215,215) (255,215,215) (215,255,215) (215,215,255) (217,217,217) (255,217,217) (217,255,217) (217,217,255) (217,217,217) (255,217,217) (217,255,217) (217,217,255) (217,217,217) (255,217,217) (217,255,217) (217,217,255) 
(76,112,71) (0,76,112) (71,0,76) (112,71,0) (76,112,71) (0,76,112) (71,0,76) (112,71,0) (76,112,71) (0,76,112) (71,0,76) (112,71,0) (76,112,71) (0,76,112) (71,0,76) (112,71,0) (76,112,71) (0,76,112) (71,0,76) (112,71,0) (76,112,71) (0,76,112) (71,0,76) (112,71,0) (76,112,71) (0,76,112) (71,0,76) (112,71,0) (76,112,71) (0,76,112) (71,0,76) (112,71,0) (76,112,71) (0,76,112) (71,0,76) (112,71,0) (76,112,71) (0,76,112) (71,0,76) (112,71,0) (1,1,1) (1,2,2) (2,11,2) (2,2,17) (2,2,2) (31,1,1) (1,62,9) (9,9,106) (203,203,203) (255,189,190) (190,255,167) (168,167,255) (238,239,238) (255,232,233) (232,255,226) (226,226,255) (219,219,219) (255,217,217) (217,255,232) (233,232,255) (193,194,193) (255,8,82) (45,255,11) (106,74,255) (7,64,38) (255,5,55) (26,255,7) (64,38,255) (5,55,26) (255,7,64) (38,255,5) (55,26,255) (23,24,23) (255,23,24) (23,255,8) (44,19,255) (33,34,33) (255,33,34) (33,255,30) (55,37,255) (43,75,58) (255,30,55) (37,255,30) (55,37,255) (43,75,58) (255,43,75) (58,255,43) (75,58,255) (43,75,58) (255,64,66) (65,255,54) (95,79,255) (54,95,79) (255,5,55) (26,255,5) (55,26,255) (7,64,38) (255,8,44) (19,255,8) (82,45,255) (5,55,26) (255,5,55) (26,255,7) (23,10,255) (5,55,26) (255,8,82) (45,255,15) (98,43,255) (8,82,45) (255,8,75) (30,255,12) (114,57,255) (12,114,57) (255,13,135) (66,255,13) (135,66,255) (13,135,66) (255,12,114) (57,255,9) (123,88,255) (8,75,30) (255,5,35) (14,255,5) (35,14,255) (5,55,26) (255,8,44) (19,255,5) (35,14,255) (8,82,45) (255,11,106) (74,255,7) (64,38,255) (5,35,14) (255,5,35) (14,255,5) (55,26,255) (7,64,38) (255,5,55) (26,255,8) (44,19,255) (5,55,26) (255,7,64) (38,255,8) (82,45,255) (15,98,43) (255,15,98) (43,255,8) (82,45,255) (8,75,30) (255,11,93) (58,255,8) (82,45,255) (8,82,45) (255,8,75) (30,255,8) (82,45,255) (5,55,26) (255,5,55) (26,255,11) (93,58,255) (10,177,148) (255,14,150) (98,255,11) (106,74,255) (9,123,88) (255,9,123) (88,255,13) (135,66,255) (14,150,98) (255,10,177) (148,255,13) (200,182,255) (13,200,182) (255,13,200) (182,255,40) (214,206,255) (10,165,124) (255,11,106) (74,255,11) (67,102,255) (11,106,74) (255,10,165) (124,255,54) (182,172,255) (10,177,148) (255,54,182) (172,255,73) (191,196,255) (73,191,196) (255,114,207) (214,255,114) (207,214,255) (49,154,144) (255,54,182) (172,255,114) (207,214,255) (73,191,196) (255,217,217) (217,255,221) (221,221,255) (226,226,226) (255,232,233) (232,255,223) (223,223,255) (108,110,109) (255,140,141) (141,255,170) (171,170,255) (193,194,193) (255,207,207) (207,255,212) (212,212,255) (212,212,212) (255,214,214) (214,255,212) (212,212,255) (212,212,212) (255,214,214) (214,255,214) (214,214,255) (214,214,214) (255,214,214) (214,255,214) (214,214,255) (215,215,215) (255,215,215) (215,255,215) (215,215,255) (215,215,215) (255,215,215) (215,255,215) (215,215,255) (215,215,215) (255,215,215) (215,255,215) (215,215,255) (215,215,215) (255,217,217) (217,255,215) (215,215,255) (217,217,217) (255,217,217) (217,255,217) (217,217,255) (217,217,217) (255,217,217) (217,255,217) (217,217,255) (217,217,217) (255,217,217) (217,255,217) (217,217,255) (217,217,217) (255,217,217) (217,255,217) (217,217,255) 
(76,112,71) (0,76,112) (71,0,76) (112,71,0) (76,112,71) (0,76,112) (71,0,76) (112,71,0) (76,112,71) (0,76,112) (71,0,76) (112,71,0) (76,112,71) (0,76,112) (71,0,76) (112,71,0) (76,112,71) (0,76,112) (71,0,76) (112,71,0) (76,112,71) (0,76,112) (71,0,76) (112,71,0) (76,112,71) (0,76,112) (71,0,76) (112,71,0) (76,112,71) (0,76,112) (71,0,76) (112,71,0) (76,112,71) (0,76,112) (71,0,76) (112,71,0) (76,112,71) (0,76,112) (71,0,76) (112,71,0) (1,1,1) (1,1,1) (1,5,2) (2,2,17) (2,2,2) (31,1,1) (1,62,3) (3,3,87) (178,178,178) (208,193,194) (193,255,170) (171,170,255) (228,228,228) (255,232,233) (232,255,226) (226,226,255) (221,221,221) (255,217,217) (217,255,228) (228,228,255) (214,214,214) (255,8,82) (45,255,11) (93,58,255) (5,55,26) (255,7,64) (38,255,7) (64,38,255) (7,64,38) (255,8,82) (45,255,11) (93,58,255) (11,93,58) (255,11,93) (58,255,30) (55,37,255) (33,34,33) (255,30,55) (37,255,30) (55,37,255) (30,55,37) (255,30,55) (37,255,43) (44,43,254) (43,75,58) (255,43,75) (58,255,54) (95,79,255) (54,95,79) (255,54,95) (79,255,64) (66,65,255) (43,75,58) (255,5,35) (14,255,8) (44,19,255) (7,64,38) (255,12,114) (57,255,11) (106,74,255) (11,106,74) (255,11,93) (58,255,11) (93,58,255) (7,64,38) (255,8,75) (30,255,8) (75,30,255) (8,44,19) (255,5,35) (14,255,11) (93,58,255) (12,114,57) (255,12,114) (57,255,13) (135,66,255) (12,114,57) (255,8,75) (30,255,8) (82,45,255) (11,93,58) (255,7,64) (38,255,7) (64,38,255) (11,93,58) (255,8,44) (19,255,5) (35,14,255) (7,64,38) (255,8,82) (45,255,11) (93,58,255) (7,64,38) (255,5,55) (26,255,7) (64,38,255) (5,55,26) (255,8,44) (19,255,5) (35,14,255) (5,35,14) (255,8,44) (19,255,8) (75,30,255) (5,55,26) (255,15,98) (43,255,11) (93,58,255) (11,93,58) (255,8,82) (45,255,5) (55,26,255) (7,64,38) (255,7,64) (38,255,14) (150,98,255) (41,127,118) (255,41,127) (118,255,11) (93,58,255) (9,123,88) (255,9,123) (88,255,11) (106,74,255) (9,123,88) (255,9,123) (88,255,11) (106,74,255) (9,123,88) (255,10,165) (124,255,10) (177,148,255) (10,177,148) (255,13,200) (182,255,40) (214,206,255) (10,177,148) (255,11,67) (102,255,41) (127,118,255) (49,154,144) (255,11,67) (102,255,49) (154,144,255) (40,214,206) (255,40,214) (206,255,73) (191,196,255) (54,182,172) (255,114,207) (214,255,145) (229,228,255) (73,191,196) (255,54,182) (172,255,73) (191,196,255) (114,207,214) (255,215,215) (215,255,221) (221,221,255) (226,226,226) (255,232,233) (232,255,232) (233,232,255) (108,110,109) (255,140,141) (141,255,170) (171,170,255) (189,190,190) (255,207,207) (207,255,212) (212,212,255) (212,212,212) (255,212,212) (212,255,212) (212,212,255) (214,214,214) (255,214,214) (214,255,214) (214,214,255) (214,214,214) (255,214,214) (214,255,215) (215,215,255) (215,215,215) (255,214,214) (214,255,214) (214,214,255) (214,214,214) (255,215,215) (215,255,215) (215,215,255) (215,215,215) (255,215,215) (215,255,215) (215,215,255) (215,215,215) (255,215,215) (215,255,215) (215,215,255) (215,215,215) (255,215,215) (215,255,215) (215,215,255) (217,217,217) (255,217,217) (217,255,217) (217,217,255) (217,217,217) (255,217,217) (217,255,217) (217,217,255) (217,217,217) (255,219,219) (219,255,217) (217,217,255) 
(76,112,71) (0,76,112) (71,0,76) (112,71,0) (76,112,71) (0,76,112) (71,0,76) (112,71,0) (76,112,71) (0,76,112) (71,0,76) (112,71,0) (76,112,71) (0,76,112) (71,0,76) (112,71,0) (76,112,71) (0,76,112) (71,0,76) (112,71,0) (76,112,71) (0,76,112) (71,0,76) (112,71,0) (76,112,71) (0,76,112) (71,0,76) (112,71,0) (76,112,71) (0,76,112) (71,0,76) (112,71,0) (76,112,71) (0,76,112) (71,0,76) (112,71,0) (76,112,71) (0,76,112) (71,0,76) (112,71,0) (1,1,1) (1,1,1) (1,5,2) (2,2,17) (2,2,2) (31,1,1) (1,51,3) (3,3,87) (125,125,125) (164,200,201) (200,255,174) (175,175,255) (223,223,223) (255,232,233) (232,255,226) (226,226,255) (221,221,221) (255,219,219) (219,255,226) (226,226,255) (230,238,237) (255,11,93) (58,255,11) (93,58,255) (5,55,26) (255,7,64) (38,255,8) (82,45,255) (8,44,19) (255,7,23) (10,255,23) (24,23,255) (7,64,38) (255,11,106) (74,255,11) (93,58,255) (30,55,37) (255,30,55) (37,255,37) (37,37,255) (30,55,37) (255,43,75) (58,255,43) (75,58,255) (54,95,79) (255,54,95) (79,255,9) (123,88,255) (54,95,79) (255,54,95) (79,255,54) (95,79,255) (30,55,37) (255,5,35) (14,255,8) (44,19,255) (8,82,45) (255,13,135) (66,255,11) (106,74,255) (7,64,38) (255,7,64) (38,255,11) (93,58,255) (8,44,19) (255,11,93) (58,255,12) (114,57,255) (8,82,45) (255,11,93) (58,255,12) (114,57,255) (15,98,43) (255,13,135) (66,255,10) (165,124,255) (11,93,58) (255,5,55) (26,255,8) (82,45,255) (12,114,57) (255,12,114) (57,255,8) (82,45,255) (11,106,74) (255,14,150) (98,255,11) (93,58,255) (7,64,38) (255,7,64) (38,255,11) (93,58,255) (11,93,58) (255,8,75) (30,255,5) (55,26,255) (8,44,19) (255,5,35) (14,255,5) (35,14,255) (5,35,14) (255,7,64) (38,255,7) (64,38,255) (5,55,26) (255,8,82) (45,255,8) (82,45,255) (8,82,45) (255,8,82) (45,255,11) (93,58,255) (8,82,45) (255,7,64) (38,255,11) (106,74,255) (10,165,124) (255,10,177) (148,255,10) (165,124,255) (9,123,88) (255,9,123) (88,255,11) (106,74,255) (9,123,88) (255,11,106) (74,255,9) (123,88,255) (9,123,88) (255,14,150) (98,255,10) (177,148,255) (13,200,182) (255,13,200) (182,255,10) (177,148,255) (41,127,118) (255,41,127) (118,255,41) (127,118,255) (6,89,142) (255,41,127) (118,255,11) (67,102,255) (10,177,148) (255,13,200) (182,255,40) (214,206,255) (73,191,196) (255,185,219) (223,255,114) (207,214,255) (114,207,214) (255,145,229) (228,255,114) (207,214,255) (185,219,223) (255,219,219) (219,255,221) (221,221,255) (226,226,226) (255,232,233) (232,255,240) (240,240,255) (108,110,109) (255,140,141) (141,255,167) (168,167,255) (189,190,190) (255,207,207) (207,255,212) (212,212,255) (212,212,212) (255,212,212) (212,255,212) (212,212,255) (212,212,212) (255,212,212) (212,255,212) (212,212,255) (214,214,214) (255,214,214) (214,255,214) (214,214,255) (212,212,212) (255,212,212) (212,255,212) (212,212,255) (212,212,212) (255,212,212) (212,255,212) (212,212,255) (212,212,212) (255,212,212) (212,255,212) (212,212,255) (212,212,212) (255,212,212) (212,255,214) (214,214,255) (214,214,214) (255,214,214) (214,255,215) (215,215,255) (215,215,215) (255,215,215) (215,255,215) (215,215,255) (215,215,215) (255,215,215) (215,255,215) (215,215,255) (215,215,215) (255,215,215) (215,255,215) (215,215,255) 
(76,112,71) (0,76,112) (71,0,76) (112,71,0) (76,112,71) (0,76,112) (71,0,76) (112,71,0) (76,112,71) (0,76,112) (71,0,76) (112,71,0) (76,112,71) (0,76,112) (71,0,76) (112,71,0) (76,112,71) (0,76,112) (71,0,76) (112,71,0) (76,112,71) (0,76,112) (71,0,76) (112,71,0) (76,112,71) (0,76,112) (71,0,76) (112,71,0) (76,112,71) (0,76,112) (71,0,76) (112,71,0) (76,112,71) (0,76,112) (71,0,76) (112,71,0) (76,112,71) (0,76,112) (71,0,76) (112,71,0) (1,1,1) (1,1,1) (1,5,2) (2,2,11) (8,8,8) (24,1,1) (1,51,3) (3,3,87) (57,57,57) (155,203,203) (203,255,174) (175,175,255) (214,214,214) (255,234,234) (234,255,226) (226,226,255) (221,221,221) (255,219,219) (219,255,221) (221,221,255) (250,250,250) (255,11,93) (58,255,11) (93,58,255) (5,55,26) (255,7,64) (38,255,5) (55,26,255) (7,23,10) (255,23,24) (23,255,23) (24,23,255) (23,24,23) (255,30,55) (37,255,8) (82,45,255) (33,34,33) (255,33,34) (33,255,30) (55,37,255) (43,75,58) (255,43,75) (58,255,54) (95,79,255) (43,75,58) (255,54,95) (79,255,54) (95,79,255) (54,95,79) (255,41,127) (118,255,54) (95,79,255) (8,82,45) (255,8,82) (45,255,5) (55,26,255) (7,64,38) (255,13,135) (66,255,11) (106,74,255) (7,64,38) (255,5,55) (26,255,5) (55,26,255) (7,64,38) (255,8,82) (45,255,9) (123,88,255) (11,93,58) (255,11,93) (58,255,13) (135,66,255) (12,114,57) (255,11,93) (58,255,10) (165,124,255) (14,150,98) (255,14,150) (98,255,12) (114,57,255) (13,135,66) (255,13,135) (66,255,12) (114,57,255) (12,114,57) (255,9,123) (88,255,9) (123,88,255) (15,98,43) (255,11,106) (74,255,54) (182,172,255) (41,127,118) (255,11,93) (58,255,8) (82,45,255) (5,55,26) (255,5,55) (26,255,5) (55,26,255) (8,82,45) (255,12,114) (57,255,11) (93,58,255) (5,55,26) (255,5,35) (14,255,8) (44,19,255) (7,64,38) (255,15,98) (43,255,8) (82,45,255) (8,44,19) (255,7,23) (10,255,8) (44,19,255) (11,106,74) (255,14,150) (98,255,10) (165,124,255) (9,123,88) (255,9,123) (88,255,5) (55,26,255) (11,106,74) (255,9,123) (88,255,10) (177,148,255) (9,123,88) (255,14,150) (98,255,10) (177,148,255) (10,177,148) (255,40,214) (206,255,49) (154,144,255) (88,127,130) (255,97,166) (158,255,111) (191,178,255) (97,166,158) (255,163,204) (195,255,163) (204,195,255) (202,225,241) (255,215,229) (230,255,245) (245,245,255) (252,252,252) (255,247,248) (247,255,246) (247,246,255) (240,240,240) (255,239,239) (239,255,226) (226,226,255) (221,221,221) (255,221,221) (221,255,223) (223,223,255) (228,228,228) (255,234,234) (234,255,243) (244,243,255) (120,120,119) (255,140,141) (141,255,170) (171,170,255) (193,194,193) (255,207,207) (207,255,212) (212,212,255) (212,212,212) (255,212,212) (212,255,214) (214,214,255) (212,212,212) (255,214,214) (214,255,214) (214,214,255) (214,214,214) (255,214,214) (214,255,212) (212,212,255) (214,214,214) (255,212,212) (212,255,210) (210,210,255) (212,212,212) (255,210,210) (210,255,210) (210,210,255) (209,209,209) (255,209,209) (209,255,209) (209,209,255) (210,210,210) (255,212,212) (212,255,212) (212,212,255) (212,212,212) (255,212,212) (212,255,212) (212,212,255) (212,212,212) (255,212,212) (212,255,212) (212,212,255) (212,212,212) (255,214,214) (214,255,215) (215,215,255) (215,215,215) (255,215,215) (215,255,215) (215,215,255) 
(76,112,71) (0,76,112) (71,0,76) (112,71,0) (76,112,71) (0,76,112) (71,0,76) (112,71,0) (76,112,71) (0,76,112) (71,0,76) (112,71,0) (76,112,71) (0,76,112) (71,0,76) (112,71,0) (76,112,71) (0,76,112) (71,0,76) (112,71,0) (76,112,71) (0,76,112) (71,0,76) (112,71,0) (76,112,71) (0,76,112) (71,0,76) (112,71,0) (76,112,71) (0,76,112) (71,0,76) (112,71,0) (76,112,71) (0,76,112) (71,0,76) (112,71,0) (76,112,71) (0,76,112) (71,0,76) (112,71,0) (76,112,71) (0,1,1) (1,5,2) (2,2,11) (8,8,8) (24,1,1) (1,51,3) (3,3,87) (3,3,3) (133,193,194) (193,255,179) (179,179,255) (207,207,207) (255,234,234) (234,255,226) (226,226,255) (221,221,221) (255,217,217) (217,255,217) (217,217,255) (253,254,254) (255,11,93) (58,255,8) (82,45,255) (11,93,58) (255,11,106) (74,255,8) (44,19,255) (7,23,10) (255,5,55) (26,255,7) (64,38,255) (8,82,45) (255,43,75) (58,255,8) (82,45,255) (43,75,58) (255,43,75) (58,255,11) (93,58,255) (43,75,58) (255,43,75) (58,255,43) (75,58,255) (43,75,58) (255,43,75) (58,255,43) (75,58,255) (54,95,79) (255,54,95) (79,255,43) (75,58,255) (5,55,26) (255,7,64) (38,255,8) (82,45,255) (5,55,26) (255,8,82) (45,255,11) (106,74,255) (5,55,26) (255,5,55) (26,255,7) (64,38,255) (5,55,26) (255,7,64) (38,255,8) (82,45,255) (11,106,74) (255,5,55) (26,255,12) (114,57,255) (12,114,57) (255,9,123) (88,255,10) (177,148,255) (10,165,124) (255,10,165) (124,255,14) (150,98,255) (13,135,66) (255,9,123) (88,255,11) (106,74,255) (14,150,98) (255,9,123) (88,255,8) (82,45,255) (8,75,30) (255,14,150) (98,255,9) (123,88,255) (5,55,26) (255,7,64) (38,255,8) (82,45,255) (41,127,118) (255,54,182) (172,255,49) (154,144,255) (11,106,74) (255,7,64) (38,255,8) (82,45,255) (11,93,58) (255,11,106) (74,255,11) (106,74,255) (11,93,58) (255,9,123) (88,255,5) (55,26,255) (7,23,10) (255,8,44) (19,255,11) (106,74,255) (9,123,88) (255,9,123) (88,255,9) (123,88,255) (8,82,45) (255,41,127) (118,255,49) (154,144,255) (97,166,158) (255,111,191) (178,255,138) (175,149,255) (163,204,195) (255,185,219) (223,255,205) (247,251,255) (227,247,251) (255,253,254) (254,255,247) (248,247,255) (247,248,247) (255,240,240) (240,255,242) (242,242,255) (234,234,234) (255,234,234) (234,255,228) (228,228,255) (228,228,228) (255,223,223) (223,255,221) (221,221,255) (221,221,221) (255,221,221) (221,255,223) (223,223,255) (223,223,223) (255,223,223) (223,255,223) (223,223,255) (226,226,226) (255,226,226) (226,255,228) (228,228,255) (232,233,232) (255,238,239) (238,255,245) (245,245,255) (133,133,133) (255,148,148) (148,255,170) (171,170,255) (193,194,193) (255,207,207) (207,255,212) (212,212,255) (214,214,214) (255,212,212) (212,255,212) (212,212,255) (214,214,214) (255,214,214) (214,255,214) (214,214,255) (214,214,214) (255,212,212) (212,255,212) (212,212,255) (210,210,210) (255,212,212) (212,255,210) (210,210,255) (207,207,207) (255,206,206) (206,255,206) (206,206,255) (204,204,204) (255,204,204) (204,255,204) (204,204,255) (204,204,204) (255,228,228) (228,255,238) (239,238,255) (228,228,228) (255,219,219) (219,255,210) (210,210,255) (210,210,210) (255,210,210) (210,255,212) (212,212,255) (212,212,212) (255,212,212) (212,255,212) (212,212,255) (212,212,212) (255,212,212) (212,255,212) (212,212,255) 
(76,112,71) (0,76,112) (71,0,76) (112,71,0) (76,112,71) (0,76,112) (71,0,76) (112,71,0) (76,112,71) (0,76,112) (71,0,76) (112,71,0) (76,112,71) (0,76,112) (71,0,76) (112,71,0) (76,112,71) (0,76,112) (71,0,76) (112,71,0) (76,112,71) (0,76,112) (71,0,76) (112,71,0) (76,112,71) (0,76,112) (71,0,76) (112,71,0) (76,112,71) (0,76,112) (71,0,76) (112,71,0) (76,112,71) (0,76,112) (71,0,76) (112,71,0) (76,112,71) (0,76,112) (71,0,76) (112,71,0) (76,112,71) (0,1,1) (1,1,2) (2,2,11) (8,8,8) (24,1,1) (1,51,3) (3,3,87) (3,3,3) (133,164,164) (164,255,179) (179,179,255) (200,201,200) (255,234,234) (234,255,226) (226,226,255) (221,221,221) (255,217,217) (217,255,217) (217,217,255) (252,252,252) (255,54,95) (79,255,11) (93,58,255) (11,93,58) (255,8,82) (45,255,7) (23,10,255) (5,55,26) (255,7,64) (38,255,30) (55,37,255) (8,82,45) (255,43,75) (58,255,7) (64,38,255) (43,75,58) (255,43,75) (58,255,11) (93,58,255) (43,75,58) (255,43,75) (58,255,30) (55,37,255) (56,58,55) (255,56,58) (55,255,43) (75,58,255) (54,95,79) (255,54,95) (79,255,30) (55,37,255) (5,55,26) (255,7,64) (38,255,7) (64,38,255) (7,64,38) (255,8,44) (19,255,8) (82,45,255) (5,55,26) (255,8,44) (19,255,8) (44,19,255) (8,44,19) (255,7,64) (38,255,7) (64,38,255) (11,93,58) (255,8,82) (45,255,11) (93,58,255) (11,106,74) (255,9,123) (88,255,14) (150,98,255) (11,93,58) (255,11,93) (58,255,10) (165,124,255) (9,123,88) (255,11,106) (74,255,14) (150,98,255) (10,177,148) (255,14,150) (98,255,7) (23,10,255) (5,55,26) (255,11,93) (58,255,5) (35,14,255) (5,5,5) (255,7,64) (38,255,5) (55,26,255) (11,106,74) (255,54,182) (172,255,54) (182,172,255) (11,106,74) (255,5,35) (14,255,11) (106,74,255) (11,106,74) (255,11,106) (74,255,41) (127,118,255) (41,127,118) (255,88,127) (130,255,97) (166,158,255) (138,175,149) (255,163,204) (195,255,185) (219,223,255) (215,229,230) (255,215,229) (230,255,253) (254,254,255) (247,248,247) (255,247,248) (247,255,242) (242,242,255) (240,240,240) (255,236,236) (236,255,234) (234,234,255) (230,230,230) (255,226,226) (226,255,226) (226,226,255) (221,221,221) (255,221,221) (221,255,221) (221,221,255) (223,223,223) (255,223,223) (223,255,223) (223,223,255) (223,223,223) (255,226,226) (226,255,226) (226,226,255) (226,226,226) (255,226,226) (226,255,226) (226,226,255) (228,228,228) (255,228,228) (228,255,228) (228,228,255) (230,230,230) (255,230,230) (230,255,231) (231,231,255) (232,233,232) (255,232,233) (232,255,234) (234,234,255) (239,239,239) (255,243,244) (243,255,226) (226,226,255) (120,120,119) (255,148,148) (148,255,174) (175,175,255) (196,196,197) (255,207,207) (207,255,212) (212,212,255) (212,212,212) (255,214,214) (214,255,214) (214,214,255) (214,214,214) (255,214,214) (214,255,214) (214,214,255) (212,212,212) (255,214,214) (214,255,212) (212,212,255) (212,212,212) (255,209,209) (209,255,206) (206,206,255) (204,204,204) (255,200,201) (200,255,196) (196,197,255) (196,196,197) (255,196,196) (197,255,196) (196,197,255) (196,196,197) (255,230,230) (230,255,247) (248,247,255) (247,248,247) (255,247,248) (247,255,247) (248,247,255) (236,236,236) (255,228,228) (228,255,223) (223,223,255) (215,215,215) (255,209,209) (209,255,207) (207,207,255) (207,207,207) (255,207,207) (207,255,207) (207,207,255) 
(76,112,71) (0,76,112) (71,0,76) (112,71,0) (76,112,71) (0,76,112) (71,0,76) (112,71,0) (76,112,71) (0,76,112) (71,0,76) (112,71,0) (76,112,71) (0,76,112) (71,0,76) (112,71,0) (76,112,71) (0,76,112) (71,0,76) (112,71,0) (76,112,71) (0,76,112) (71,0,76) (112,71,0) (76,112,71) (0,76,112) (71,0,76) (112,71,0) (76,112,71) (0,76,112) (71,0,76) (112,71,0) (76,112,71) (0,76,112) (71,0,76) (112,71,0) (76,112,71) (0,76,112) (71,0,76) (112,71,0) (76,112,71) (0,1,1) (1,1,2) (2,2,11) (8,8,8) (24,1,1) (1,51,3) (3,3,87) (3,3,3) (133,153,153) (153,255,184) (185,184,255) (193,194,193) (255,236,236) (236,255,228) (228,228,255) (221,221,221) (255,217,217) (217,255,217) (217,217,255) (249,249,249) (255,66,97) (116,255,7) (64,38,255) (7,64,38) (255,7,64) (38,255,28) (29,28,255) (5,55,26) (255,8,44) (19,255,23) (24,23,255) (33,34,33) (255,8,82) (45,255,43) (75,58,255) (11,93,58) (255,43,75) (58,255,43) (75,58,255) (43,75,58) (255,43,75) (58,255,56) (58,55,255) (43,75,58) (255,56,58) (55,255,56) (58,55,255) (64,66,65) (255,54,95) (79,255,5) (35,14,255) (5,35,14) (255,5,55) (26,255,8) (75,30,255) (7,64,38) (255,7,64) (38,255,11) (93,58,255) (7,64,38) (255,5,55) (26,255,5) (55,26,255) (7,64,38) (255,5,55) (26,255,8) (44,19,255) (8,44,19) (255,11,93) (58,255,11) (93,58,255) (7,64,38) (255,8,44) (19,255,5) (35,14,255) (7,23,10) (255,8,44) (19,255,7) (64,38,255) (11,93,58) (255,11,93) (58,255,10) (165,124,255) (10,177,148) (255,11,106) (74,255,5) (5,5,255) (5,35,14) (255,8,44) (19,255,5) (5,5,255) (54,95,79) (255,215,229) (230,255,185) (219,223,255) (163,204,195) (255,111,191) (178,255,163) (204,195,255) (163,204,195) (255,215,229) (230,255,212) (212,212,255) (252,252,252) (255,249,249) (249,255,247) (248,247,255) (243,244,243) (255,240,240) (240,255,237) (238,237,255) (234,234,234) (255,232,233) (232,255,226) (226,226,255) (226,226,226) (255,221,221) (221,255,221) (221,221,255) (221,221,221) (255,223,223) (223,255,223) (223,223,255) (223,223,223) (255,223,223) (223,255,223) (223,223,255) (226,226,226) (255,226,226) (226,255,226) (226,226,255) (226,226,226) (255,226,226) (226,255,228) (228,228,255) (228,228,228) (255,228,228) (228,255,230) (230,230,255) (231,231,231) (255,231,231) (231,255,232) (233,232,255) (232,233,232) (255,234,234) (234,255,234) (234,234,255) (236,236,236) (255,237,238) (237,255,237) (238,237,255) (238,239,238) (255,239,239) (239,255,240) (240,240,255) (217,217,217) (255,212,212) (212,255,203) (203,203,255) (193,194,193) (255,189,190) (190,255,120) (120,119,255) (133,133,133) (255,157,158) (158,255,179) (179,179,255) (196,196,197) (255,209,209) (209,255,214) (214,214,255) (214,214,214) (255,214,214) (214,255,214) (214,214,255) (214,214,214) (255,214,214) (214,255,215) (215,215,255) (214,214,214) (255,212,212) (212,255,212) (212,212,255) (210,210,210) (255,206,206) (206,255,203) (203,203,255) (196,196,197) (255,193,194) (193,255,189) (190,190,255) (184,185,184) (255,184,185) (184,255,184) (185,184,255) (184,185,184) (255,236,236) (236,255,247) (248,247,255) (247,248,247) (255,245,245) (245,255,245) (245,245,255) (246,247,246) (255,245,245) (245,255,245) (245,245,255) (246,247,246) (255,246,247) (246,255,240) (240,240,255) (234,234,234) (255,226,226) (226,255,223) (223,223,255) 
(76,112,71) (0,76,112) (71,0,76) (112,71,0) (76,112,71) (0,76,112) (71,0,76) (112,71,0) (76,112,71) (0,76,112) (71,0,76) (112,71,0) (76,112,71) (0,76,112) (71,0,76) (112,71,0) (76,112,71) (0,76,112) (71,0,76) (112,71,0) (76,112,71) (0,76,112) (71,0,76) (112,71,0) (76,112,71) (0,76,112) (71,0,76) (112,71,0) (76,112,71) (0,76,112) (71,0,76) (112,71,0) (76,112,71) (0,76,112) (71,0,76) (112,71,0) (76,112,71) (0,76,112) (71,0,76) (112,71,0) (1,1,1) (1,1,1) (1,5,2) (2,2,11) (8,8,8) (24,1,1) (1,51,3) (3,3,87) (3,3,3) (133,140,141) (141,255,189) (190,190,255) (189,190,190) (255,237,238) (237,255,228) (228,228,255) (221,221,221) (255,219,219) (219,255,217) (217,217,255) (245,245,245) (255,108,110) (109,255,7) (64,38,255) (7,64,38) (255,7,64) (38,255,8) (82,45,255) (8,44,19) (255,23,24) (23,255,23) (24,23,255) (28,29,28) (255,30,55) (37,255,43) (75,58,255) (43,75,58) (255,8,82) (45,255,43) (75,58,255) (43,75,58) (255,43,75) (58,255,43) (75,58,255) (43,75,58) (255,43,75) (58,255,43) (75,58,255) (54,95,79) (255,43,75) (58,255,5) (35,14,255) (8,44,19) (255,7,64) (38,255,11) (93,58,255) (8,82,45) (255,8,75) (30,255,12) (114,57,255) (12,114,57) (255,8,75) (30,255,7) (64,38,255) (7,64,38) (255,5,55) (26,255,5) (55,26,255) (7,64,38) (255,8,82) (45,255,7) (64,38,255) (8,44,19) (255,7,23) (10,255,5) (35,14,255) (5,55,26) (255,7,23) (10,255,56) (58,55,255) (41,127,118) (255,97,166) (158,255,97) (166,158,255) (163,204,195) (255,174,175) (175,255,193) (194,193,255) (206,206,206) (255,242,242) (242,255,250) (250,250,255) (247,248,247) (255,245,245) (245,255,240) (240,240,255) (239,239,239) (255,234,234) (234,255,234) (234,234,255) (226,226,226) (255,228,228) (228,255,221) (221,221,255) (221,221,221) (255,221,221) (221,255,221) (221,221,255) (223,223,223) (255,223,223) (223,255,223) (223,223,255) (223,223,223) (255,226,226) (226,255,226) (226,226,255) (226,226,226) (255,226,226) (226,255,226) (226,226,255) (228,228,228) (255,228,228) (228,255,228) (228,228,255) (230,230,230) (255,231,231) (231,255,231) (231,231,255) (232,233,232) (255,232,233) (232,255,234) (234,234,255) (234,234,234) (255,234,234) (234,255,236) (236,236,255) (237,238,237) (255,238,239) (238,255,239) (239,239,255) (240,240,240) (255,223,223) (223,255,200) (201,200,255) (189,190,190) (255,145,163) (185,255,145) (163,185,255) (88,127,130) (255,88,127) (130,255,66) (97,116,255) (66,97,116) (255,8,45) (87,255,8) (45,87,255) (75,77,78) (255,108,110) (109,255,120) (120,119,255) (140,141,141) (255,153,153) (153,255,120) (120,119,255) (140,141,141) (255,164,164) (164,255,184) (185,184,255) (200,201,200) (255,210,210) (210,255,214) (214,214,255) (214,214,214) (255,214,214) (214,255,214) (214,214,255) (215,215,215) (255,215,215) (215,255,215) (215,215,255) (214,214,214) (255,212,212) (212,255,210) (210,210,255) (207,207,207) (255,204,204) (204,255,200) (201,200,255) (189,190,190) (255,184,185) (184,255,179) (179,179,255) (174,175,175) (255,174,175) (175,255,174) (175,175,255) (174,175,175) (255,243,244) (243,255,246) (247,246,255) (245,245,245) (255,243,244) (243,255,243) (244,243,255) (243,244,243) (255,243,244) (243,255,243) (244,243,255) (243,244,243) (255,243,244) (243,255,243) (244,243,255) (243,244,243) (255,243,244) (243,255,243) (244,243,255) 
(76,112,71) (0,76,112) (71,0,76) (112,71,0) (76,112,71) (0,76,112) (71,0,76) (112,71,0) (76,112,71) (0,76,112) (71,0,76) (112,71,0) (76,112,71) (0,76,112) (71,0,76) (112,71,0) (76,112,71) (0,76,112) (71,0,76) (112,71,0) (76,112,71) (0,76,112) (71,0,76) (112,71,0) (76,112,71) (0,76,112) (71,0,76) (112,71,0) (76,112,71) (0,76,112) (71,0,76) (112,71,0) (76,112,71) (0,76,112) (71,0,76) (112,71,0) (76,112,71) (0,76,112) (71,0,76) (112,71,0) (1,1,1) (1,1,1) (1,1,2) (2,2,11) (8,8,8) (24,1,1) (1,51,3) (3,3,87) (57,57,57) (155,126,127) (127,255,189) (190,190,255) (184,185,184) (255,237,238) (237,255,228) (228,228,255) (221,221,221) (255,219,219) (219,255,217) (217,217,255) (242,242,242) (255,104,161) (121,255,11) (93,58,255) (5,55,26) (255,8,82) (45,255,11) (93,58,255) (11,93,58) (255,8,82) (45,255,33) (34,33,255) (30,55,37) (255,30,55) (37,255,30) (55,37,255) (43,75,58) (255,43,75) (58,255,43) (75,58,255) (30,55,37) (255,43,75) (58,255,43) (75,58,255) (64,66,65) (255,43,75) (58,255,64) (66,65,255) (54,95,79) (255,43,75) (58,255,8) (44,19,255) (5,35,14) (255,5,55) (26,255,5) (55,26,255) (8,82,45) (255,8,82) (45,255,8) (75,30,255) (8,44,19) (255,7,23) (10,255,7) (23,10,255) (43,75,58) (255,43,75) (58,255,108) (110,109,255) (88,127,130) (255,138,175) (149,255,161) (162,161,255) (184,185,184) (255,207,207) (207,255,230) (230,230,255) (253,254,254) (255,247,248) (247,255,247) (248,247,255) (240,240,240) (255,240,240) (240,255,232) (233,232,255) (232,233,232) (255,226,226) (226,255,228) (228,228,255) (221,221,221) (255,221,221) (221,255,221) (221,221,255) (221,221,221) (255,221,221) (221,255,221) (221,221,255) (223,223,223) (255,223,223) (223,255,223) (223,223,255) (226,226,226) (255,226,226) (226,255,226) (226,226,255) (226,226,226) (255,226,226) (226,255,228) (228,228,255) (228,228,228) (255,228,228) (228,255,230) (230,230,255) (231,231,231) (255,231,231) (231,255,232) (233,232,255) (232,233,232) (255,234,234) (234,255,234) (234,234,255) (236,236,236) (255,237,238) (237,255,237) (238,237,255) (238,239,238) (255,239,239) (239,255,232) (233,232,255) (217,217,217) (255,215,215) (215,255,184) (185,184,255) (179,179,179) (255,124,139) (160,255,88) (127,130,255) (66,97,116) (255,66,97) (116,255,11) (67,102,255) (8,45,87) (255,8,45) (87,255,8) (45,87,255) (11,67,102) (255,11,67) (102,255,11) (67,102,255) (11,67,102) (255,11,67) (102,255,8) (45,87,255) (11,67,102) (255,8,45) (87,255,8) (45,87,255) (66,97,116) (255,133,133) (133,255,148) (148,148,255) (157,158,158) (255,179,179) (179,255,126) (127,127,255) (153,153,153) (255,170,171) (170,255,189) (190,190,255) (204,204,204) (255,210,210) (210,255,214) (214,214,255) (214,214,214) (255,214,214) (214,255,215) (215,215,255) (215,215,215) (255,215,215) (215,255,215) (215,215,255) (214,214,214) (255,212,212) (212,255,210) (210,210,255) (206,206,206) (255,200,201) (200,255,193) (194,193,255) (184,185,184) (255,174,175) (175,255,170) (171,170,255) (164,164,164) (255,161,162) (161,255,161) (162,161,255) (179,179,179) (255,247,248) (247,255,245) (245,245,255) (243,244,243) (255,243,244) (243,255,243) (244,243,255) (243,244,243) (255,242,242) (242,255,242) (242,242,255) (242,242,242) (255,240,240) (240,255,242) (242,242,255) (242,242,242) (255,240,240) (240,255,240) (240,240,255) 
(76,112,71) (0,76,112) (71,0,76) (112,71,0) (76,112,71) (0,76,112) (71,0,76) (112,71,0) (76,112,71) (0,76,112) (71,0,76) (112,71,0) (76,112,71) (0,76,112) (71,0,76) (112,71,0) (76,112,71) (0,76,112) (71,0,76) (112,71,0) (76,112,71) (0,76,112) (71,0,76) (112,71,0) (76,112,71) (0,76,112) (71,0,76) (112,71,0) (76,112,71) (0,76,112) (71,0,76) (112,71,0) (76,112,71) (0,76,112) (71,0,76) (112,71,0) (76,112,71) (0,76,112) (71,0,76) (112,71,0) (1,1,1) (1,1,1) (1,5,2) (2,2,11) (8,8,8) (24,1,1) (1,51,3) (3,3,87) (140,141,141) (255,126,127) (127,255,170) (171,170,255) (179,179,179) (255,238,239) (238,255,228) (228,228,255) (223,223,223) (255,219,219) (219,255,217) (217,217,255) (239,239,239) (255,138,175) (149,255,7) (64,38,255) (7,64,38) (255,11,93) (58,255,9) (123,88,255) (9,123,88) (255,11,106) (74,255,28) (29,28,255) (28,29,28) (255,30,55) (37,255,30) (55,37,255) (43,75,58) (255,11,93) (58,255,43) (75,58,255) (56,58,55) (255,43,75) (58,255,56) (58,55,255) (43,75,58) (255,64,66) (65,255,54) (95,79,255) (75,77,78) (255,43,75) (58,255,43) (75,58,255) (87,88,88) (255,108,110) (109,255,140) (141,141,255) (167,168,167) (255,163,204) (195,255,212) (212,212,255) (219,219,219) (255,253,254) (254,255,247) (248,247,255) (247,248,247) (255,240,240) (240,255,240) (240,240,255) (234,234,234) (255,232,233) (232,255,228) (228,228,255) (226,226,226) (255,223,223) (223,255,221) (221,221,255) (221,221,221) (255,221,221) (221,255,221) (221,221,255) (221,221,221) (255,223,223) (223,255,223) (223,223,255) (223,223,223) (255,223,223) (223,255,226) (226,226,255) (226,226,226) (255,226,226) (226,255,226) (226,226,255) (228,228,228) (255,228,228) (228,255,228) (228,228,255) (230,230,230) (255,231,231) (231,255,231) (231,231,255) (232,233,232) (255,232,233) (232,255,234) (234,234,255) (234,234,234) (255,236,236) (236,255,236) (236,236,255) (237,238,237) (255,238,239) (238,255,239) (239,239,255) (237,238,237) (255,215,215) (215,255,217) (217,217,255) (193,194,193) (255,193,194) (193,255,179) (179,179,255) (174,175,175) (255,161,162) (161,255,153) (153,153,255) (140,141,141) (255,108,110) (109,255,66) (97,116,255) (11,67,102) (255,8,45) (87,255,8) (45,87,255) (8,45,87) (255,8,45) (87,255,8) (45,87,255) (8,45,87) (255,11,67) (102,255,11) (67,102,255) (11,67,102) (255,11,67) (102,255,11) (66,127,255) (11,66,127) (255,11,66) (127,255,11) (66,127,255) (11,66,127) (255,11,66) (127,255,11) (66,127,255) (11,66,127) (255,11,66) (127,255,11) (66,127,255) (88,127,130) (255,157,158) (158,255,170) (171,170,255) (184,185,184) (255,196,196) (197,255,133) (133,133,255) (157,158,158) (255,179,179) (179,255,193) (194,193,255) (206,206,206) (255,210,210) (210,255,212) (212,212,255) (212,212,212) (255,214,214) (214,255,214) (214,214,255) (214,214,214) (255,214,214) (214,255,214) (214,214,255) (212,212,212) (255,210,210) (210,255,207) (207,207,255) (204,204,204) (255,196,196) (197,255,184) (185,184,255) (179,179,179) (255,167,168) (167,255,157) (158,158,255) (153,153,153) (255,148,148) (148,255,148) (148,148,255) (193,194,193) (255,245,245) (245,255,243) (244,243,255) (243,244,243) (255,242,242) (242,255,240) (240,240,255) (240,240,240) (255,240,240) (240,255,240) (240,240,255) (240,240,240) (255,240,240) (240,255,240) (240,240,255) (240,240,240) (255,239,239) (239,255,239) (239,239,255) 
(76,112,71) (0,76,112) (71,0,76) (112,71,0) (76,112,71) (0,76,112) (71,0,76) (112,71,0) (76,112,71) (0,76,112) (71,0,76) (112,71,0) (76,112,71) (0,76,112) (71,0,76) (112,71,0) (76,112,71) (0,76,112) (71,0,76) (112,71,0) (76,112,71) (0,76,112) (71,0,76) (112,71,0) (76,112,71) (0,76,112) (71,0,76) (112,71,0) (76,112,71) (0,76,112) (71,0,76) (112,71,0) (76,112,71) (0,76,112) (71,0,76) (112,71,0) (76,112,71) (0,76,112) (71,0,1) (1,1,1) (1,1,1) (1,1,1) (1,5,2) (2,2,11) (2,2,2) (31,1,1) (1,51,3) (3,3,87) (167,168,167) (255,120,120) (119,255,153) (153,153,255) (174,175,175) (255,239,239) (239,255,230) (230,230,255) (223,223,223) (255,219,219) (219,255,217) (217,217,255) (236,236,236) (255,200,201) (200,255,7) (64,38,255) (7,64,38) (255,30,55) (37,255,11) (106,74,255) (11,93,58) (255,30,55) (37,255,30) (55,37,255) (33,34,33) (255,33,34) (33,255,64) (66,65,255) (87,88,88) (255,104,161) (121,255,140) (141,141,255) (148,148,148) (255,174,175) (175,255,179) (179,179,255) (217,217,217) (255,219,219) (219,255,253) (254,254,255) (250,250,250) (255,247,248) (247,255,242) (242,242,255) (240,240,240) (255,236,236) (236,255,232) (233,232,255) (231,231,231) (255,226,226) (226,255,226) (226,226,255) (219,219,219) (255,221,221) (221,255,221) (221,221,255) (221,221,221) (255,221,221) (221,255,223) (223,223,255) (223,223,223) (255,223,223) (223,255,223) (223,223,255) (226,226,226) (255,226,226) (226,255,226) (226,226,255) (226,226,226) (255,228,228) (228,255,228) (228,228,255) (228,228,228) (255,230,230) (230,255,230) (230,230,255) (231,231,231) (255,232,233) (232,255,232) (233,232,255) (234,234,234) (255,234,234) (234,255,234) (234,234,255) (236,236,236) (255,237,238) (237,255,238) (239,238,255) (239,239,239) (255,240,240) (240,255,215) (215,215,255) (217,217,217) (255,200,201) (200,255,193) (194,193,255) (179,179,179) (255,170,171) (170,255,161) (162,161,255) (148,148,148) (255,140,141) (141,255,126) (127,127,255) (133,133,133) (255,133,133) (133,255,140) (141,141,255) (140,141,141) (255,140,141) (141,255,140) (141,141,255) (120,120,119) (255,66,97) (116,255,11) (67,102,255) (8,45,87) (255,8,45) (87,255,11) (67,102,255) (11,67,102) (255,11,67) (102,255,11) (67,102,255) (11,67,102) (255,11,67) (102,255,11) (66,127,255) (11,66,127) (255,11,66) (127,255,6) (89,142,255) (6,89,142) (255,6,89) (142,255,6) (89,142,255) (6,89,142) (255,6,89) (142,255,11) (107,165,255) (6,89,142) (255,11,107) (165,255,6) (89,142,255) (11,66,127) (255,13,62) (173,255,11) (66,127,255) (102,116,176) (255,184,185) (184,255,189) (190,190,255) (203,203,203) (255,210,210) (210,255,148) (148,148,255) (164,164,164) (255,184,185) (184,255,196) (196,197,255) (207,207,207) (255,212,212) (212,255,214) (214,214,255) (214,214,214) (255,214,214) (214,255,214) (214,214,255) (214,214,214) (255,214,214) (214,255,212) (212,212,255) (212,212,212) (255,210,210) (210,255,207) (207,207,255) (203,203,203) (255,193,194) (193,255,184) (185,184,255) (170,171,170) (255,161,162) (161,255,153) (153,153,255) (140,141,141) (255,140,141) (141,255,133) (133,133,255) (221,221,221) (255,245,245) (245,255,243) (244,243,255) (242,242,242) (255,240,240) (240,255,240) (240,240,255) (240,240,240) (255,240,240) (240,255,240) (240,240,255) (239,239,239) (255,239,239) (239,255,238) (239,238,255) (238,239,238) (255,238,239) (238,255,237) (238,237,255) 
(76,112,71) (0,76,112) (71,0,76) (112,71,0) (76,112,71) (0,76,112) (71,0,76) (112,71,0) (76,112,71) (0,76,112) (71,0,76) (112,71,0) (76,112,71) (0,76,112) (71,0,76) (112,71,0) (76,112,71) (0,76,112) (71,0,76) (112,71,0) (76,112,71) (0,76,112) (71,0,76) (112,71,0) (76,112,71) (0,76,112) (71,0,76) (112,71,0) (76,112,71) (0,76,112) (71,0,76) (112,71,0) (76,112,71) (0,76,112) (71,0,76) (112,71,0) (76,112,71) (0,76,112) (71,0,1) (1,1,1) (1,1,1) (1,1,1) (1,5,2) (2,2,17) (2,2,2) (31,1,1) (1,62,67) (67,67,131) (174,175,175) (255,120,120) (119,255,133) (133,133,255) (174,175,175) (255,238,239) (238,255,230) (230,230,255) (223,223,223) (255,219,219) (219,255,217) (217,217,255) (226,226,226) (255,253,254) (254,255,163) (204,195,255) (120,120,119) (255,120,120) (119,255,170) (171,170,255) (170,171,170) (255,206,206) (206,255,212) (212,212,255) (243,244,243) (255,252,252) (252,255,249) (249,249,255) (246,247,246) (255,242,242) (242,255,240) (240,240,255) (237,238,237) (255,237,238) (237,255,232) (233,232,255) (232,233,232) (255,228,228) (228,255,228) (228,228,255) (228,228,228) (255,221,221) (221,255,221) (221,221,255) (223,223,223) (255,223,223) (223,255,223) (223,223,255) (223,223,223) (255,226,226) (226,255,226) (226,226,255) (226,226,226) (255,226,226) (226,255,226) (226,226,255) (228,228,228) (255,228,228) (228,255,228) (228,228,255) (230,230,230) (255,231,231) (231,255,232) (233,232,255) (232,233,232) (255,234,234) (234,255,234) (234,234,255) (234,234,234) (255,236,236) (236,255,237) (238,237,255) (238,239,238) (255,239,239) (239,255,240) (240,240,255) (212,212,212) (255,206,206) (206,255,163) (204,195,255) (174,175,175) (255,145,163) (185,255,145) (163,185,255) (161,162,161) (255,148,148) (148,255,153) (153,153,255) (133,133,133) (255,133,133) (133,255,126) (127,127,255) (126,127,127) (255,133,133) (133,255,133) (133,133,255) (140,141,141) (255,140,141) (141,255,140) (141,141,255) (148,148,148) (255,148,148) (148,255,153) (153,153,255) (157,158,158) (255,148,148) (148,255,126) (127,127,255) (66,97,116) (255,11,67) (102,255,11) (67,102,255) (11,67,102) (255,11,67) (102,255,11) (67,102,255) (11,67,102) (255,11,66) (127,255,11) (67,102,255) (11,66,127) (255,6,89) (142,255,6) (89,142,255) (6,89,142) (255,6,89) (142,255,6) (89,142,255) (6,89,142) (255,11,107) (165,255,11) (107,165,255) (11,107,165) (255,11,107) (165,255,11) (107,165,255) (2,95,192) (255,11,107) (165,255,14) (124,186,255) (14,124,186) (255,2,95) (192,255,13) (62,173,255) (13,62,173) (255,13,62) (173,255,13) (62,173,255) (145,163,185) (255,200,201) (200,255,206) (206,206,255) (217,217,217) (255,215,215) (215,255,153) (153,153,255) (170,171,170) (255,184,185) (184,255,200) (201,200,255) (210,210,210) (255,212,212) (212,255,214) (214,214,255) (214,214,214) (255,214,214) (214,255,214) (214,214,255) (214,214,214) (255,214,214) (214,255,215) (215,215,255) (212,212,212) (255,212,212) (212,255,207) (207,207,255) (200,201,200) (255,189,190) (190,255,179) (179,179,255) (167,168,167) (255,153,153) (153,255,148) (148,148,255) (133,133,133) (255,126,127) (127,255,133) (133,133,255) (243,244,243) (255,243,244) (243,255,242) (242,242,255) (240,240,240) (255,240,240) (240,255,240) (240,240,255) (240,240,240) (255,239,239) (239,255,239) (239,239,255) (238,239,238) (255,238,239) (238,255,238) (239,238,255) (237,238,237) (255,237,238) (237,255,237) (238,237,255) 
(76,112,71) (0,76,112) (71,0,76) (112,71,0) (76,112,71) (0,76,112) (71,0,76) (112,71,0) (76,112,71) (0,76,112) (71,0,76) (112,71,0) (76,112,71) (0,76,112) (71,0,76) (112,71,0) (76,112,71) (0,76,112) (71,0,76) (112,71,0) (76,112,71) (0,76,112) (71,0,76) (112,71,0) (76,112,71) (0,76,112) (71,0,76) (112,71,0) (76,112,71) (0,76,112) (71,0,76) (112,71,0) (76,112,71) (0,76,112) (71,0,76) (112,71,0) (76,112,71) (0,76,112) (71,0,1) (1,1,1) (1,1,1) (5,2,2) (2,11,2) (2,2,17) (2,2,2) (31,1,1) (1,62,178) (178,178,208) (174,175,175) (255,120,120) (119,255,120) (120,119,255) (179,179,179) (255,231,231) (231,255,232) (233,232,255) (226,226,226) (255,221,221) (221,255,219) (219,219,255) (219,219,219) (255,232,233) (232,255,240) (240,240,255) (240,240,240) (255,234,234) (234,255,236) (236,236,255) (230,230,230) (255,230,230) (230,255,226) (226,226,255) (226,226,226) (255,226,226) (226,255,226) (226,226,255) (226,226,226) (255,228,228) (228,255,228) (228,228,255) (228,228,228) (255,230,230) (230,255,231) (231,231,255) (232,233,232) (255,232,233) (232,255,234) (234,234,255) (231,231,231) (255,228,228) (228,255,228) (228,228,255) (228,228,228) (255,230,230) (230,255,231) (231,231,255) (232,233,232) (255,232,233) (232,255,232) (233,232,255) (234,234,234) (255,234,234) (234,255,236) (236,236,255) (237,238,237) (255,238,239) (238,255,239) (239,239,255) (240,240,240) (255,221,221) (221,255,203) (203,203,255) (179,179,179) (255,153,153) (153,255,140) (141,141,255) (88,127,130) (255,88,127) (130,255,54) (95,79,255) (54,95,79) (255,8,45) (87,255,54) (95,79,255) (54,95,79) (255,88,127) (130,255,88) (127,130,255) (140,141,141) (255,148,148) (148,255,140) (141,141,255) (140,141,141) (255,140,141) (141,255,140) (141,141,255) (148,148,148) (255,148,148) (148,255,148) (148,148,255) (153,153,153) (255,157,158) (158,255,161) (162,161,255) (164,164,164) (255,167,168) (167,255,170) (171,170,255) (161,162,161) (255,124,139) (160,255,66) (97,116,255) (11,67,102) (255,11,67) (102,255,11) (67,102,255) (11,67,102) (255,11,66) (127,255,11) (67,102,255) (6,89,142) (255,6,89) (142,255,6) (89,142,255) (6,89,142) (255,6,89) (142,255,11) (107,165,255) (11,107,165) (255,11,107) (165,255,11) (107,165,255) (11,107,165) (255,11,107) (165,255,14) (124,186,255) (14,124,186) (255,14,124) (186,255,2) (95,192,255) (2,95,192) (255,2,95) (192,255,2) (95,192,255) (2,95,192) (255,14,124) (186,255,6) (121,209,255) (14,124,186) (255,2,95) (192,255,13) (62,173,255) (13,62,173) (255,13,62) (173,255,13) (62,173,255) (145,163,185) (255,209,209) (209,255,215) (215,215,255) (226,226,226) (255,219,219) (219,255,157) (158,158,255) (174,175,175) (255,189,190) (190,255,203) (203,203,255) (210,210,210) (255,214,214) (214,255,214) (214,214,255) (214,214,214) (255,214,214) (214,255,214) (214,214,255) (215,215,215) (255,215,215) (215,255,214) (214,214,255) (212,212,212) (255,210,210) (210,255,206) (206,206,255) (200,201,200) (255,189,190) (190,255,179) (179,179,255) (164,164,164) (255,153,153) (153,255,140) (141,141,255) (126,127,127) (255,120,120) (119,255,167) (168,167,255) (245,245,245) (255,243,244) (243,255,240) (240,240,255) (240,240,240) (255,239,239) (239,255,239) (239,239,255) (239,239,239) (255,238,239) (238,255,238) (239,238,255) (238,239,238) (255,237,238) (237,255,237) (238,237,255) (237,238,237) (255,236,236) (236,255,236) (236,236,255) 
(76,112,71) (0,76,112) (71,0,76) (112,71,0) (76,112,71) (0,76,112) (71,0,76) (112,71,0) (76,112,71) (0,76,112) (71,0,76) (112,71,0) (76,112,71) (0,76,112) (71,0,76) (112,71,0) (76,112,71) (0,76,112) (71,0,76) (112,71,0) (76,112,71) (0,76,112) (71,0,76) (112,71,0) (76,112,71) (0,76,112) (71,0,76) (112,71,0) (76,112,71) (0,76,112) (71,0,76) (112,71,0) (76,112,71) (0,76,112) (71,0,76) (112,71,0) (76,112,71) (0,76,112) (71,0,1) (1,1,1) (1,1,1) (5,2,2) (2,11,8) (8,8,24) (8,8,8) (42,1,1) (1,62,212) (212,212,255) (170,171,170) (255,120,120) (119,255,120) (120,119,255) (170,171,170) (255,226,226) (226,255,234) (234,234,255) (228,228,228) (255,223,223) (223,255,221) (221,221,255) (223,223,223) (255,223,223) (223,255,223) (223,223,255) (223,223,223) (255,226,226) (226,255,226) (226,226,255) (226,226,226) (255,228,228) (228,255,228) (228,228,255) (230,230,230) (255,230,230) (230,255,231) (231,231,255) (232,233,232) (255,234,234) (234,255,234) (234,234,255) (234,234,234) (255,236,236) (236,255,237) (238,237,255) (238,239,238) (255,239,239) (239,255,239) (239,239,255) (237,238,237) (255,236,236) (236,255,237) (238,237,255) (238,239,238) (255,239,239) (239,255,223) (223,223,255) (209,209,209) (255,203,203) (203,255,181) (200,161,255) (181,200,161) (255,138,175) (149,255,138) (175,149,255) (104,161,121) (255,104,161) (121,255,73) (155,80,255) (73,155,80) (255,73,155) (80,255,41) (127,118,255) (54,95,79) (255,33,34) (33,255,23) (24,23,255) (28,29,28) (255,7,64) (38,255,54) (95,79,255) (66,97,116) (255,88,127) (130,255,140) (141,141,255) (148,148,148) (255,157,158) (158,255,153) (153,153,255) (153,153,153) (255,153,153) (153,255,157) (158,158,255) (161,162,161) (255,164,164) (164,255,167) (168,167,255) (170,171,170) (255,174,175) (175,255,179) (179,179,255) (179,179,179) (255,184,185) (184,255,170) (171,170,255) (124,139,160) (255,66,97) (116,255,11) (67,102,255) (8,45,87) (255,11,67) (102,255,11) (67,102,255) (11,66,127) (255,11,67) (102,255,6) (89,142,255) (6,89,142) (255,6,89) (142,255,6) (89,142,255) (11,107,165) (255,11,107) (165,255,11) (107,165,255) (11,107,165) (255,14,124) (186,255,11) (107,165,255) (14,124,186) (255,14,124) (186,255,14) (124,186,255) (14,124,186) (255,14,124) (186,255,6) (121,209,255) (14,124,186) (255,6,121) (209,255,2) (95,192,255) (2,95,192) (255,2,95) (192,255,2) (95,192,255) (6,121,209) (255,6,121) (209,255,6) (121,209,255) (2,95,192) (255,2,95) (192,255,13) (62,173,255) (13,62,173) (255,13,62) (173,255,13) (62,173,255) (161,173,207) (255,217,217) (217,255,221) (221,221,255) (230,230,230) (255,219,219) (219,255,161) (162,161,255) (179,179,179) (255,193,194) (193,255,204) (204,204,255) (210,210,210) (255,214,214) (214,255,214) (214,214,255) (214,214,214) (255,215,215) (215,255,215) (215,215,255) (215,215,215) (255,215,215) (215,255,214) (214,214,255) (212,212,212) (255,210,210) (210,255,206) (206,206,255) (200,201,200) (255,184,185) (184,255,174) (175,175,255) (161,162,161) (255,148,148) (148,255,133) (133,133,255) (126,127,127) (255,120,120) (119,255,210) (210,210,255) (243,244,243) (255,242,242) (242,255,240) (240,240,255) (239,239,239) (255,239,239) (239,255,238) (239,238,255) (238,239,238) (255,238,239) (238,255,237) (238,237,255) (237,238,237) (255,237,238) (237,255,236) (236,236,255) (236,236,236) (255,234,234) (234,255,234) (234,234,255) 
(76,112,71) (0,76,112) (71,0,76) (112,71,0) (76,112,71) (0,76,112) (71,0,76) (112,71,0) (76,112,71) (0,76,112) (71,0,76) (112,71,0) (76,112,71) (0,76,112) (71,0,76) (112,71,0) (76,112,71) (0,76,112) (71,0,76) (112,71,0) (76,112,71) (0,76,112) (71,0,76) (112,71,0) (76,112,71) (0,76,112) (71,0,76) (112,71,0) (76,112,71) (0,76,112) (71,0,76) (112,71,0) (76,112,71) (0,76,112) (71,0,76) (112,71,0) (76,112,71) (0,1,1) (1,1,1) (1,1,1) (1,1,1) (5,2,2) (2,17,8) (8,8,24) (8,8,8) (42,103,103) (103,125,219) (219,219,255) (167,168,167) (255,126,127) (127,255,133) (133,133,255) (157,158,158) (255,221,221) (221,255,240) (240,240,255) (234,234,234) (255,230,230) (230,255,228) (228,228,255) (228,228,228) (255,230,230) (230,255,230) (230,230,255) (231,231,231) (255,232,233) (232,255,232) (233,232,255) (234,234,234) (255,236,236) (236,255,237) (238,237,255) (237,238,237) (255,238,239) (238,255,239) (239,239,255) (240,240,240) (255,240,240) (240,255,242) (242,242,255) (236,236,236) (255,215,215) (215,255,215) (215,215,255) (184,185,184) (255,184,185) (184,255,161) (162,161,255) (148,148,148) (255,120,120) (119,255,116) (122,73,255) (59,78,20) (255,50,49) (12,255,50) (49,12,255) (50,49,12) (255,72,136) (51,255,73) (155,80,255) (72,136,51) (255,73,155) (80,255,73) (155,80,255) (73,155,80) (255,73,155) (80,255,73) (155,80,255) (73,155,80) (255,104,161) (121,255,104) (161,121,255) (104,161,121) (255,97,166) (158,255,88) (127,130,255) (148,148,148) (255,179,179) (179,255,174) (175,175,255) (170,171,170) (255,167,168) (167,255,164) (164,164,255) (170,171,170) (255,170,171) (170,255,174) (175,175,255) (179,179,179) (255,179,179) (179,255,184) (185,184,255) (184,185,184) (255,189,190) (190,255,193) (194,193,255) (200,201,200) (255,179,179) (179,255,124) (139,160,255) (66,97,116) (255,11,67) (102,255,8) (45,87,255) (8,45,87) (255,11,67) (102,255,11) (67,102,255) (11,66,127) (255,11,66) (127,255,6) (89,142,255) (6,89,142) (255,6,89) (142,255,11) (107,165,255) (11,107,165) (255,11,107) (165,255,14) (124,186,255) (14,124,186) (255,14,124) (186,255,14) (124,186,255) (14,124,186) (255,14,124) (186,255,14) (124,186,255) (14,124,186) (255,20,143) (216,255,14) (124,186,255) (6,121,209) (255,6,121) (209,255,6) (121,209,255) (6,121,209) (255,6,121) (209,255,6) (121,209,255) (6,121,209) (255,6,121) (209,255,20) (143,216,255) (6,121,209) (255,6,121) (209,255,6) (121,209,255) (2,95,192) (255,13,62) (173,255,13) (62,173,255) (13,62,173) (255,13,62) (173,255,13) (62,173,255) (161,173,207) (255,219,219) (219,255,226) (226,226,255) (232,233,232) (255,219,219) (219,255,161) (162,161,255) (179,179,179) (255,193,194) (193,255,204) (204,204,255) (210,210,210) (255,214,214) (214,255,214) (214,214,255) (215,215,215) (255,215,215) (215,255,215) (215,215,255) (215,215,215) (255,215,215) (215,255,214) (214,214,255) (212,212,212) (255,210,210) (210,255,204) (204,204,255) (196,196,197) (255,184,185) (184,255,174) (175,175,255) (157,158,158) (255,148,148) (148,255,133) (133,133,255) (126,127,127) (255,133,133) (133,255,245) (245,245,255) (242,242,242) (255,240,240) (240,255,240) (240,240,255) (238,239,238) (255,238,239) (238,255,238) (239,238,255) (237,238,237) (255,237,238) (237,255,236) (236,236,255) (236,236,236) (255,236,236) (236,255,234) (234,234,255) (234,234,234) (255,234,234) (234,255,234) (234,234,255) 
(76,112,71) (0,76,112) (71,0,76) (112,71,0) (76,112,71) (0,76,112) (71,0,76) (112,71,0) (76,112,71) (0,76,112) (71,0,76) (112,71,0) (76,112,71) (0,76,112) (71,0,76) (112,71,0) (76,112,71) (0,76,112) (71,0,76) (112,71,0) (76,112,71) (0,76,112) (71,0,76) (112,71,0) (76,112,71) (0,76,112) (71,0,76) (112,71,0) (76,112,71) (0,76,112) (71,0,76) (112,71,0) (76,112,71) (0,76,112) (71,0,76) (112,71,0) (76,112,71) (0,1,1) (1,1,1) (1,1,5) (2,2,2) (11,2,2) (2,17,2) (2,2,31) (8,8,8) (42,218,218) (218,198,219) (219,219,255) (167,168,167) (255,133,133) (133,255,140) (141,141,255) (148,148,148) (255,204,204) (204,255,245) (245,245,255) (240,240,240) (255,239,239) (239,255,237) (238,237,255) (237,238,237) (255,238,239) (238,255,239) (239,239,255) (240,240,240) (255,240,240) (240,255,212) (212,212,255) (210,210,210) (255,179,179) (179,255,174) (175,175,255) (148,148,148) (255,133,133) (133,255,108) (110,109,255) (87,88,88) (255,75,77) (78,255,75) (82,50,255) (95,95,57) (255,95,95) (57,255,95) (95,57,255) (95,95,57) (255,95,95) (57,255,95) (95,57,255) (118,102,57) (255,95,95) (57,255,95) (95,57,255) (50,49,12) (255,50,49) (12,255,50) (49,12,255) (50,49,12) (255,59,78) (20,255,72) (136,51,255) (73,155,80) (255,73,155) (80,255,73) (155,80,255) (73,155,80) (255,104,161) (121,255,104) (161,121,255) (138,175,149) (255,138,175) (149,255,179) (179,179,255) (184,185,184) (255,184,185) (184,255,184) (185,184,255) (179,179,179) (255,179,179) (179,255,179) (179,179,255) (184,185,184) (255,184,185) (184,255,189) (190,190,255) (189,190,190) (255,196,196) (197,255,200) (201,200,255) (203,203,203) (255,204,204) (204,255,210) (210,210,255) (179,179,179) (255,124,139) (160,255,66) (97,116,255) (8,45,87) (255,8,45) (87,255,8) (45,87,255) (8,45,87) (255,11,67) (102,255,11) (67,102,255) (11,67,102) (255,11,66) (127,255,11) (66,127,255) (6,89,142) (255,6,89) (142,255,6) (89,142,255) (11,107,165) (255,11,107) (165,255,14) (124,186,255) (14,124,186) (255,14,124) (186,255,14) (124,186,255) (20,143,216) (255,14,124) (186,255,20) (143,216,255) (20,143,216) (255,20,143) (216,255,20) (143,216,255) (20,143,216) (255,20,143) (216,255,6) (121,209,255) (20,143,216) (255,20,143) (216,255,6) (121,209,255) (6,121,209) (255,6,121) (209,255,6) (121,209,255) (6,121,209) (255,20,143) (216,255,6) (121,209,255) (6,121,209) (255,20,143) (216,255,2) (95,192,255) (2,95,192) (255,13,62) (173,255,13) (62,173,255) (13,62,173) (255,13,62) (173,255,13) (62,173,255) (161,173,207) (255,221,221) (221,255,226) (226,226,255) (232,233,232) (255,214,214) (214,255,164) (164,164,255) (179,179,179) (255,193,194) (193,255,204) (204,204,255) (210,210,210) (255,215,215) (215,255,215) (215,215,255) (215,215,215) (255,215,215) (215,255,215) (215,215,255) (215,215,215) (255,214,214) (214,255,214) (214,214,255) (212,212,212) (255,209,209) (209,255,204) (204,204,255) (193,194,193) (255,184,185) (184,255,170) (171,170,255) (157,158,158) (255,140,141) (141,255,133) (133,133,255) (120,120,119) (255,189,190) (190,255,243) (244,243,255) (240,240,240) (255,239,239) (239,255,238) (239,238,255) (238,239,238) (255,237,238) (237,255,237) (238,237,255) (236,236,236) (255,236,236) (236,255,236) (236,236,255) (234,234,234) (255,234,234) (234,255,234) (234,234,255) (234,234,234) (255,234,234) (234,255,232) (233,232,255) 
(76,112,71) (0,76,112) (71,0,76) (112,71,0) (76,112,71) (0,76,112) (71,0,76) (112,71,0) (76,112,71) (0,76,112) (71,0,76) (112,71,0) (76,112,71) (0,76,112) (71,0,76) (112,71,0) (76,112,71) (0,76,112) (71,0,76) (112,71,0) (76,112,71) (0,76,112) (71,0,76) (112,71,0) (76,112,71) (0,76,112) (71,0,76) (112,71,0) (76,112,71) (0,76,112) (71,0,76) (112,71,0) (76,112,71) (0,76,112) (71,0,76) (112,71,0) (76,112,71) (0,1,1) (1,1,1) (1,1,5) (2,2,2) (11,2,2) (2,17,2) (2,2,31) (8,8,8) (42,236,236) (236,255,217) (217,217,255) (174,175,175) (255,140,141) (141,255,153) (153,153,255) (140,141,141) (255,179,179) (179,255,193) (194,193,255) (204,204,204) (255,189,190) (190,255,174) (175,175,255) (167,168,167) (255,157,158) (158,255,97) (166,158,255) (88,127,130) (255,88,127) (130,255,88) (127,130,255) (54,95,79) (255,43,75) (58,255,43) (75,58,255) (43,75,58) (255,43,75) (58,255,50) (50,50,255) (43,44,43) (254,50,50) (50,255,50) (50,50,255) (75,82,50) (255,118,102) (57,255,118) (102,57,255) (118,102,57) (255,118,102) (57,255,116) (122,73,255) (116,122,73) (255,116,122) (73,255,103) (126,38,255) (59,78,20) (255,59,78) (20,255,50) (49,12,255) (50,49,12) (255,50,49) (12,255,59) (78,20,255) (72,136,51) (255,104,161) (121,255,138) (175,149,255) (181,200,161) (255,189,190) (190,255,196) (196,197,255) (200,201,200) (255,193,194) (193,255,189) (190,190,255) (189,190,190) (255,189,190) (190,255,193) (194,193,255) (196,196,197) (255,200,201) (200,255,203) (203,203,255) (206,206,206) (255,207,207) (207,255,212) (212,212,255) (215,215,215) (255,217,217) (217,255,189) (190,190,255) (124,139,160) (255,66,97) (116,255,8) (45,87,255) (8,45,87) (255,8,45) (87,255,8) (45,87,255) (8,45,87) (255,8,45) (87,255,11) (67,102,255) (11,67,102) (255,11,66) (127,255,11) (66,127,255) (11,66,127) (255,6,89) (142,255,6) (89,142,255) (6,89,142) (255,11,107) (165,255,11) (107,165,255) (14,124,186) (255,14,124) (186,255,14) (124,186,255) (20,143,216) (255,20,143) (216,255,20) (143,216,255) (20,143,216) (255,20,143) (216,255,20) (143,216,255) (20,143,216) (255,20,143) (216,255,20) (143,216,255) (20,143,216) (255,20,143) (216,255,20) (143,216,255) (6,121,209) (255,20,143) (216,255,6) (121,209,255) (6,121,209) (255,6,121) (209,255,6) (121,209,255) (6,121,209) (255,6,121) (209,255,6) (121,209,255) (6,121,209) (255,6,121) (209,255,2) (95,192,255) (2,95,192) (255,13,62) (173,255,13) (62,173,255) (13,62,173) (255,13,62) (173,255,13) (62,173,255) (200,201,200) (255,219,219) (219,255,226) (226,226,255) (232,233,232) (255,210,210) (210,255,164) (164,164,255) (179,179,179) (255,196,196) (197,255,206) (206,206,255) (212,212,212) (255,215,215) (215,255,215) (215,215,255) (215,215,215) (255,215,215) (215,255,215) (215,215,255) (215,215,215) (255,214,214) (214,255,212) (212,212,255) (212,212,212) (255,207,207) (207,255,203) (203,203,255) (193,194,193) (255,184,185) (184,255,167) (168,167,255) (153,153,153) (255,140,141) (141,255,126) (127,127,255) (133,133,133) (255,240,240) (240,255,240) (240,240,255) (240,240,240) (255,239,239) (239,255,237) (238,237,255) (237,238,237) (255,236,236) (236,255,236) (236,236,255) (236,236,236) (255,234,234) (234,255,234) (234,234,255) (234,234,234) (255,234,234) (234,255,234) (234,234,255) (232,233,232) (255,232,233) (232,255,232) (233,232,255) 
(76,112,71) (0,76,112) (71,0,76) (112,71,0) (76,112,71) (0,76,112) (71,0,76) (112,71,0) (76,112,71) (0,76,112) (71,0,76) (112,71,0) (76,112,71) (0,76,112) (71,0,76) (112,71,0) (76,112,71) (0,76,112) (71,0,76) (112,71,0) (76,112,71) (0,76,112) (71,0,76) (112,71,0) (76,112,71) (0,76,112) (71,0,76) (112,71,0) (76,112,71) (0,76,112) (71,0,76) (112,71,0) (76,112,71) (0,76,112) (71,0,76) (112,71,0) (76,112,71) (0,1,1) (1,1,1) (1,1,5) (2,2,2) (11,2,2) (2,17,2) (2,2,31) (8,8,8) (42,239,239) (239,255,223) (223,223,255) (189,190,190) (255,153,153) (153,255,164) (164,164,255) (148,148,148) (255,179,179) (179,255,170) (171,170,255) (157,158,158) (255,148,148) (148,255,140) (141,141,255) (140,141,141) (255,157,158) (158,255,97) (166,158,255) (97,166,158) (255,97,166) (158,255,97) (166,158,255) (97,166,158) (255,41,127) (118,255,54) (95,79,255) (54,95,79) (255,64,66) (65,255,43) (75,58,255) (56,58,55) (255,56,58) (55,255,56) (58,55,255) (64,66,65) (255,95,95) (57,255,141) (140,81,255) (116,122,73) (255,141,140) (81,255,141) (140,81,255) (141,140,81) (255,141,140) (81,255,103) (126,38,255) (91,97,22) (255,91,97) (22,255,91) (97,22,255) (95,95,57) (255,116,122) (73,255,140) (141,141,255) (184,185,184) (255,209,209) (209,255,210) (210,210,255) (204,204,204) (255,200,201) (200,255,196) (196,197,255) (200,201,200) (255,203,203) (203,255,206) (206,206,255) (207,207,207) (255,210,210) (210,255,214) (214,214,255) (217,217,217) (255,219,219) (219,255,223) (223,223,255) (226,226,226) (255,196,196) (197,255,170) (171,170,255) (124,139,160) (255,88,127) (130,255,88) (127,130,255) (88,127,130) (255,88,127) (130,255,66) (97,116,255) (54,95,79) (255,66,97) (116,255,66) (97,116,255) (66,97,116) (255,66,97) (116,255,66) (97,116,255) (66,97,116) (255,6,89) (142,255,6) (89,142,255) (11,107,165) (255,11,107) (165,255,11) (107,165,255) (11,107,165) (255,14,124) (186,255,14) (124,186,255) (14,124,186) (255,14,124) (186,255,20) (143,216,255) (20,143,216) (255,20,143) (216,255,20) (143,216,255) (20,143,216) (255,20,143) (216,255,20) (143,216,255) (20,143,216) (255,20,143) (216,255,20) (143,216,255) (20,143,216) (255,20,143) (216,255,20) (143,216,255) (20,143,216) (255,6,121) (209,255,6) (121,209,255) (6,121,209) (255,6,121) (209,255,6) (121,209,255) (6,121,209) (255,6,121) (209,255,6) (121,209,255) (6,121,209) (255,2,95) (192,255,2) (95,192,255) (13,62,173) (255,13,62) (173,255,13) (62,173,255) (13,62,173) (255,13,62) (173,255,13) (62,173,255) (212,212,212) (255,219,219) (219,255,226) (226,226,255) (232,233,232) (255,207,207) (207,255,164) (164,164,255) (179,179,179) (255,196,196) (197,255,206) (206,206,255) (210,210,210) (255,214,214) (214,255,214) (214,214,255) (214,214,214) (255,214,214) (214,255,214) (214,214,255) (214,214,214) (255,212,212) (212,255,214) (214,214,255) (210,210,210) (255,207,207) (207,255,200) (201,200,255) (189,190,190) (255,179,179) (179,255,164) (164,164,255) (148,148,148) (255,140,141) (141,255,126) (127,127,255) (179,179,179) (255,242,242) (242,255,240) (240,240,255) (238,239,238) (255,237,238) (237,255,236) (236,236,255) (236,236,236) (255,236,236) (236,255,234) (234,234,255) (234,234,234) (255,234,234) (234,255,234) (234,234,255) (234,234,234) (255,232,233) (232,255,232) (233,232,255) (232,233,232) (255,232,233) (232,255,231) (231,231,255) 
(76,112,71) (0,76,112) (71,0,76) (112,71,0) (76,112,71) (0,76,112) (71,0,76) (112,71,0) (76,112,71) (0,76,112) (71,0,76) (112,71,0) (76,112,71) (0,76,112) (71,0,76) (112,71,0) (76,112,71) (0,76,112) (71,0,76) (112,71,0) (76,112,71) (0,76,112) (71,0,76) (112,71,0) (76,112,71) (0,76,112) (71,0,76) (112,71,0) (76,112,71) (0,76,112) (71,0,76) (112,71,0) (76,112,71) (0,76,112) (71,0,76) (112,71,0) (76,112,71) (0,1,1) (1,1,1) (1,1,5) (2,2,2) (11,2,2) (2,17,2) (2,2,31) (8,8,8) (42,137,137) (137,134,225) (225,225,244) (203,203,203) (255,174,175) (175,255,170) (171,170,255) (161,162,161) (255,174,175) (175,255,189) (190,190,255) (174,175,175) (255,167,168) (167,255,161) (162,161,255) (161,162,161) (255,179,179) (179,255,111) (191,178,255) (111,191,178) (255,111,191) (178,255,111) (191,178,255) (111,191,178) (255,97,166) (158,255,88) (127,130,255) (54,95,79) (255,54,95) (79,255,54) (95,79,255) (64,66,65) (255,64,66) (65,255,64) (66,65,255) (64,66,65) (255,75,77) (78,255,95) (95,57,255) (141,140,81) (255,141,140) (81,255,141) (140,81,255) (141,140,81) (255,141,140) (81,255,141) (140,81,255) (141,140,81) (255,174,180) (118,255,181) (200,161,255) (196,196,197) (255,206,206) (206,255,207) (207,207,255) (206,206,206) (255,204,204) (204,255,207) (207,207,255) (210,210,210) (255,212,212) (212,255,215) (215,215,255) (217,217,217) (255,219,219) (219,255,223) (223,223,255) (226,226,226) (255,228,228) (228,255,230) (230,230,255) (204,204,204) (255,179,179) (179,255,148) (148,148,255) (126,127,127) (255,126,127) (127,255,133) (133,133,255) (140,141,141) (255,148,148) (148,255,153) (153,153,255) (157,158,158) (255,161,162) (161,255,174) (175,175,255) (179,179,179) (255,174,175) (175,255,174) (175,175,255) (184,185,184) (255,189,190) (190,255,189) (190,190,255) (196,196,197) (255,221,221) (221,255,215) (215,215,255) (196,196,197) (255,185,219) (223,255,185) (219,223,255) (185,219,223) (255,185,219) (223,255,185) (219,223,255) (185,219,223) (255,185,219) (223,255,145) (229,228,255) (145,229,228) (255,167,236) (240,255,145) (229,228,255) (114,207,214) (255,114,207) (214,255,114) (207,214,255) (114,207,214) (255,114,207) (214,255,114) (207,214,255) (114,207,214) (255,73,191) (196,255,20) (143,216,255) (20,143,216) (255,73,191) (196,255,20) (143,216,255) (20,143,216) (255,20,143) (216,255,20) (143,216,255) (20,143,216) (255,20,143) (216,255,20) (143,216,255) (20,143,216) (255,2,95) (192,255,2) (95,192,255) (13,62,173) (255,2,95) (192,255,13) (62,173,255) (13,62,173) (255,13,62) (173,255,102) (116,176,255) (214,214,214) (255,219,219) (219,255,226) (226,226,255) (234,234,234) (255,203,203) (203,255,164) (164,164,255) (184,185,184) (255,196,196) (197,255,206) (206,206,255) (210,210,210) (255,214,214) (214,255,214) (214,214,255) (214,214,214) (255,214,214) (214,255,214) (214,214,255) (214,214,214) (255,214,214) (214,255,212) (212,212,255) (209,209,209) (255,204,204) (204,255,196) (196,197,255) (184,185,184) (255,174,175) (175,255,161) (162,161,255) (148,148,148) (255,133,133) (133,255,133) (133,133,255) (237,238,237) (255,240,240) (240,255,239) (239,239,255) (237,238,237) (255,236,236) (236,255,236) (236,236,255) (234,234,234) (255,234,234) (234,255,234) (234,234,255) (234,234,234) (255,234,234) (234,255,232) (233,232,255) (232,233,232) (255,232,233) (232,255,232) (233,232,255) (231,231,231) (255,231,231) (231,255,231) (231,231,255) 
(76,112,71) (0,76,112) (71,0,76) (112,71,0) (76,112,71) (0,76,112) (71,0,76) (112,71,0) (76,112,71) (0,76,112) (71,0,76) (112,71,0) (76,112,71) (0,76,112) (71,0,76) (112,71,0) (76,112,71) (0,76,112) (71,0,76) (112,71,0) (76,112,71) (0,76,112) (71,0,76) (112,71,0) (76,112,71) (0,76,112) (71,0,76) (112,71,0) (76,112,71) (0,76,112) (71,0,76) (112,71,0) (76,112,71) (0,76,112) (71,0,76) (112,71,0) (76,112,71) (0,1,1) (1,1,1) (1,1,5) (2,2,2) (11,2,2) (2,17,8) (8,8,24) (8,8,8) (42,1,1) (1,62,3) (3,3,87) (9,9,9) (106,3,3) (3,133,53) (53,53,200) (117,117,117) (225,164,164) (164,255,207) (207,207,255) (193,194,193) (255,184,185) (184,255,184) (185,184,255) (179,179,179) (255,196,196) (197,255,163) (204,195,255) (114,207,214) (255,114,207) (214,255,114) (207,214,255) (114,207,214) (255,114,207) (214,255,111) (191,178,255) (88,127,130) (255,66,97) (116,255,54) (95,79,255) (75,77,78) (255,64,66) (65,255,75) (77,78,255) (75,77,78) (255,75,77) (78,255,87) (88,88,255) (120,120,119) (255,174,180) (118,255,207) (195,153,255) (219,217,192) (255,228,228) (228,255,232) (233,232,255) (226,226,226) (255,217,217) (217,255,212) (212,212,255) (212,212,212) (255,214,214) (214,255,215) (215,215,255) (217,217,217) (255,221,221) (221,255,223) (223,223,255) (226,226,226) (255,228,228) (228,255,231) (231,231,255) (232,233,232) (255,232,233) (232,255,206) (206,206,255) (179,179,179) (255,153,153) (153,255,133) (133,133,255) (133,133,133) (255,133,133) (133,255,140) (141,141,255) (140,141,141) (255,148,148) (148,255,153) (153,153,255) (161,162,161) (255,164,164) (164,255,170) (171,170,255) (174,175,175) (255,179,179) (179,255,184) (185,184,255) (184,185,184) (255,189,190) (190,255,193) (194,193,255) (196,196,197) (255,200,201) (200,255,204) (204,204,255) (206,206,206) (255,207,207) (207,255,210) (210,210,255) (212,212,212) (255,214,214) (214,255,215) (215,215,255) (215,215,215) (255,217,217) (217,255,221) (221,221,255) (226,226,226) (255,226,226) (226,255,226) (226,226,255) (226,226,226) (255,226,226) (226,255,232) (233,232,255) (234,234,234) (255,234,234) (234,255,223) (235,240,255) (215,229,230) (255,231,241) (241,255,223) (235,240,255) (223,235,240) (255,242,242) (242,255,242) (242,242,255) (231,241,241) (255,202,225) (241,255,223) (235,240,255) (223,235,240) (255,202,225) (241,255,202) (225,241,255) (223,235,240) (255,202,225) (241,255,202) (225,241,255) (202,225,241) (255,202,225) (241,255,202) (225,241,255) (161,173,207) (255,161,173) (207,255,161) (173,207,255) (161,173,207) (255,145,163) (185,255,196) (196,197,255) (217,217,217) (255,221,221) (221,255,226) (226,226,255) (234,234,234) (255,200,201) (200,255,167) (168,167,255) (184,185,184) (255,196,196) (197,255,206) (206,206,255) (212,212,212) (255,214,214) (214,255,214) (214,214,255) (214,214,214) (255,215,215) (215,255,215) (215,215,255) (214,214,214) (255,212,212) (212,255,212) (212,212,255) (207,207,207) (255,203,203) (203,255,193) (194,193,255) (184,185,184) (255,170,171) (170,255,157) (158,158,255) (140,141,141) (255,133,133) (133,255,200) (201,200,255) (240,240,240) (255,239,239) (239,255,237) (238,237,255) (237,238,237) (255,234,234) (234,255,234) (234,234,255) (234,234,234) (255,234,234) (234,255,234) (234,234,255) (232,233,232) (255,232,233) (232,255,232) (233,232,255) (232,233,232) (255,231,231) (231,255,231) (231,231,255) (231,231,231) (255,230,230) (230,255,230) (230,230,255) 
(76,112,71) (0,76,112) (71,0,76) (112,71,0) (76,112,71) (0,76,112) (71,0,76) (112,71,0) (76,112,71) (0,76,112) (71,0,76) (112,71,0) (76,112,71) (0,76,112) (71,0,76) (112,71,0) (76,112,71) (0,76,112) (71,0,76) (112,71,0) (76,112,71) (0,76,112) (71,0,76) (112,71,0) (76,112,71) (0,76,112) (71,0,76) (112,71,0) (76,112,71) (0,76,112) (71,0,76) (112,71,0) (76,112,71) (0,76,112) (71,0,76) (112,71,0) (76,112,71) (0,1,1) (1,1,1) (1,1,5) (1,1,1) (5,2,2) (2,11,8) (8,8,24) (2,2,2) (31,1,1) (1,51,6) (6,6,74) (3,3,3) (87,9,9) (9,106,3) (3,3,133) (2,2,2) (161,53,53) (53,200,219) (219,219,255) (210,210,210) (255,203,203) (203,255,196) (196,197,255) (196,196,197) (255,207,207) (207,255,185) (219,223,255) (145,229,228) (255,145,229) (228,255,145) (229,228,255) (145,229,228) (255,145,229) (228,255,145) (229,228,255) (97,166,158) (255,88,127) (130,255,66) (97,116,255) (87,88,88) (255,75,77) (78,255,87) (88,88,255) (120,120,119) (255,148,148) (148,255,184) (185,184,255) (210,210,210) (255,230,230) (230,255,234) (234,234,255) (232,233,232) (255,230,230) (230,255,221) (221,221,255) (219,219,219) (255,219,219) (219,255,221) (221,221,255) (223,223,223) (255,226,226) (226,255,228) (228,228,255) (231,231,231) (255,232,233) (232,255,236) (236,236,255) (232,233,232) (255,207,207) (207,255,179) (179,179,255) (157,158,158) (255,133,133) (133,255,140) (141,141,255) (140,141,141) (255,148,148) (148,255,153) (153,153,255) (157,158,158) (255,161,162) (161,255,167) (168,167,255) (174,175,175) (255,174,175) (175,255,179) (179,179,255) (184,185,184) (255,189,190) (190,255,193) (194,193,255) (196,196,197) (255,200,201) (200,255,204) (204,204,255) (207,207,207) (255,210,210) (210,255,214) (214,214,255) (215,215,215) (255,217,217) (217,255,219) (219,219,255) (221,221,221) (255,223,223) (223,255,223) (223,223,255) (223,223,223) (255,226,226) (226,255,226) (226,226,255) (226,226,226) (255,226,226) (226,255,226) (226,226,255) (226,226,226) (255,226,226) (226,255,226) (226,226,255) (226,226,226) (255,223,223) (223,255,223) (223,223,255) (226,226,226) (255,223,223) (223,255,223) (223,223,255) (223,223,223) (255,223,223) (223,255,223) (223,223,255) (221,221,221) (255,221,221) (221,255,221) (221,221,255) (223,223,223) (255,223,223) (223,255,221) (221,221,255) (221,221,221) (255,221,221) (221,255,221) (221,221,255) (221,221,221) (255,221,221) (221,255,219) (219,219,255) (219,219,219) (255,226,226) (226,255,226) (226,226,255) (228,228,228) (255,228,228) (228,255,215) (229,230,255) (217,217,217) (255,219,219) (219,255,219) (219,219,255) (221,221,221) (255,223,223) (223,255,228) (228,228,255) (237,238,237) (255,196,196) (197,255,167) (168,167,255) (184,185,184) (255,196,196) (197,255,206) (206,206,255) (212,212,212) (255,214,214) (214,255,214) (214,214,255) (215,215,215) (255,215,215) (215,255,214) (214,214,255) (214,214,214) (255,212,212) (212,255,210) (210,210,255) (206,206,206) (255,200,201) (200,255,189) (190,190,255) (179,179,179) (255,164,164) (164,255,153) (153,153,255) (140,141,141) (255,157,158) (158,255,242) (242,242,255) (239,239,239) (255,238,239) (238,255,236) (236,236,255) (234,234,234) (255,234,234) (234,255,234) (234,234,255) (234,234,234) (255,232,233) (232,255,232) (233,232,255) (232,233,232) (255,232,233) (232,255,231) (231,231,255) (231,231,231) (255,231,231) (231,255,230) (230,230,255) (230,230,230) (255,228,228) (228,255,228) (228,228,255) 
(76,112,71) (0,76,112) (71,0,76) (112,71,0) (76,112,71) (0,76,112) (71,0,76) (112,71,0) (76,112,71) (0,76,112) (71,0,76) (112,71,0) (76,112,71) (0,76,112) (71,0,76) (112,71,0) (76,112,71) (0,76,112) (71,0,76) (112,71,0) (76,112,71) (0,76,112) (71,0,76) (112,71,0) (76,112,71) (0,76,112) (71,0,76) (112,71,0) (76,112,71) (0,76,112) (71,0,76) (112,71,0) (76,112,71) (0,76,112) (71,0,76) (112,71,0) (76,112,71) (0,1,1) (1,1,1) (1,1,1) (1,1,1) (5,2,2) (2,11,2) (2,2,17) (8,8,8) (24,2,2) (2,31,1) (1,1,51) (6,6,6) (74,3,3) (3,87,9) (9,9,106) (3,3,3) (133,2,2) (2,161,213) (213,213,238) (221,221,221) (255,214,214) (214,255,210) (210,210,255) (209,209,209) (255,214,214) (214,255,223) (235,240,255) (167,236,240) (255,145,229) (228,255,145) (229,228,255) (145,229,228) (255,145,229) (228,255,145) (229,228,255) (145,229,228) (255,97,166) (158,255,124) (139,160,255) (157,158,158) (255,189,190) (190,255,214) (214,214,255) (230,230,230) (255,237,238) (237,255,234) (234,234,255) (231,231,231) (255,232,233) (232,255,234) (234,234,255) (234,234,234) (255,238,239) (238,255,228) (228,228,255) (228,228,228) (255,230,230) (230,255,232) (233,232,255) (236,236,236) (255,238,239) (238,255,228) (228,228,255) (189,190,190) (255,153,153) (153,255,108) (110,109,255) (75,77,78) (255,87,88) (88,255,99) (99,99,255) (99,99,99) (255,108,110) (109,255,108) (110,109,255) (108,110,109) (255,133,133) (133,255,140) (141,141,255) (140,141,141) (255,148,148) (148,255,148) (148,148,255) (174,175,175) (255,179,179) (179,255,184) (185,184,255) (184,185,184) (255,189,190) (190,255,212) (212,212,255) (219,219,219) (255,223,223) (223,255,226) (226,226,255) (226,226,226) (255,228,228) (228,255,230) (230,230,255) (231,231,231) (255,232,233) (232,255,232) (233,232,255) (234,234,234) (255,234,234) (234,255,234) (234,234,255) (234,234,234) (255,234,234) (234,255,234) (234,234,255) (234,234,234) (255,234,234) (234,255,232) (233,232,255) (232,233,232) (255,231,231) (231,255,231) (231,231,255) (232,233,232) (255,231,231) (231,255,231) (231,231,255) (230,230,230) (255,230,230) (230,255,230) (230,230,255) (228,228,228) (255,228,228) (228,255,228) (228,228,255) (228,228,228) (255,228,228) (228,255,228) (228,228,255) (228,228,228) (255,226,226) (226,255,226) (226,226,255) (226,226,226) (255,226,226) (226,255,226) (226,226,255) (226,226,226) (255,226,226) (226,255,226) (226,226,255) (226,226,226) (255,226,226) (226,255,226) (226,226,255) (223,223,223) (255,223,223) (223,255,223) (223,223,255) (223,223,223) (255,223,223) (223,255,223) (223,223,255) (223,223,223) (255,226,226) (226,255,232) (233,232,255) (240,240,240) (255,196,196) (197,255,170) (171,170,255) (184,185,184) (255,196,196) (197,255,207) (207,207,255) (212,212,212) (255,215,215) (215,255,215) (215,215,255) (215,215,215) (255,215,215) (215,255,214) (214,214,255) (212,212,212) (255,212,212) (212,255,207) (207,207,255) (203,203,203) (255,196,196) (197,255,184) (185,184,255) (170,171,170) (255,161,162) (161,255,148) (148,148,255) (140,141,141) (255,231,231) (231,255,240) (240,240,255) (238,239,238) (255,236,236) (236,255,234) (234,234,255) (234,234,234) (255,232,233) (232,255,232) (233,232,255) (232,233,232) (255,232,233) (232,255,232) (233,232,255) (231,231,231) (255,231,231) (231,255,231) (231,231,255) (230,230,230) (255,230,230) (230,255,228) (228,228,255) (228,228,228) (255,228,228) (228,255,228) (228,228,255) 
(76,112,71) (0,76,112) (71,0,76) (112,71,0) (76,112,71) (0,76,112) (71,0,76) (112,71,0) (76,112,71) (0,76,112) (71,0,76) (112,71,0) (76,112,71) (0,76,112) (71,0,76) (112,71,0) (76,112,71) (0,76,112) (71,0,76) (112,71,0) (76,112,71) (0,76,112) (71,0,76) (112,71,0) (76,112,71) (0,76,112) (71,0,76) (112,71,0) (76,112,71) (0,76,112) (71,0,76) (112,71,0) (76,112,71) (0,76,112) (71,0,76) (112,71,0) (76,112,71) (0,1,1) (1,1,1) (1,1,1) (1,1,1) (5,1,1) (1,5,2) (2,2,11) (2,2,2) (17,8,8) (8,24,2) (2,2,31) (1,1,1) (51,6,6) (6,74,3) (3,3,87) (9,9,9) (106,3,3) (3,133,178) (178,178,208) (231,231,231) (255,223,223) (223,255,219) (219,219,255) (217,217,217) (255,217,217) (217,255,245) (245,245,255) (205,247,251) (255,167,236) (240,255,145) (229,228,255) (145,229,228) (255,167,236) (240,255,205) (247,251,255) (227,247,251) (255,237,244) (242,255,247) (248,247,255) (240,240,240) (255,236,236) (236,255,231) (231,231,255) (232,233,232) (255,234,234) (234,255,234) (234,234,255) (237,238,237) (255,239,239) (239,255,240) (240,240,255) (240,240,240) (255,243,244) (243,255,238) (239,238,255) (238,239,238) (255,226,226) (226,255,184) (185,184,255) (148,148,148) (255,108,110) (109,255,75) (77,78,255) (87,88,88) (255,87,88) (88,255,87) (88,88,255) (87,88,88) (255,87,88) (88,255,87) (88,88,255) (99,99,99) (255,99,99) (99,255,99) (99,99,255) (99,99,99) (255,99,99) (99,255,99) (99,99,255) (108,110,109) (255,108,110) (109,255,108) (110,109,255) (108,110,109) (255,108,110) (109,255,108) (110,109,255) (108,110,109) (255,108,110) (109,255,108) (110,109,255) (108,110,109) (255,108,110) (109,255,108) (110,109,255) (108,110,109) (255,126,127) (127,255,140) (141,141,255) (140,141,141) (255,140,141) (141,255,140) (141,141,255) (153,153,153) (255,164,164) (164,255,164) (164,164,255) (164,164,164) (255,164,164) (164,255,174) (175,175,255) (189,190,190) (255,189,190) (190,255,189) (190,190,255) (189,190,190) (255,193,194) (193,255,215) (215,215,255) (215,215,215) (255,214,214) (214,255,214) (214,214,255) (215,215,215) (255,240,240) (240,255,239) (239,239,255) (239,239,239) (255,239,239) (239,255,238) (239,238,255) (238,239,238) (255,237,238) (237,255,237) (238,237,255) (237,238,237) (255,236,236) (236,255,236) (236,236,255) (236,236,236) (255,234,234) (234,255,234) (234,234,255) (234,234,234) (255,234,234) (234,255,234) (234,234,255) (232,233,232) (255,232,233) (232,255,232) (233,232,255) (232,233,232) (255,232,233) (232,255,231) (231,231,255) (231,231,231) (255,231,231) (231,255,231) (231,231,255) (231,231,231) (255,234,234) (234,255,239) (239,239,255) (245,245,245) (255,184,185) (184,255,174) (175,175,255) (184,185,184) (255,200,201) (200,255,209) (209,209,255) (212,212,212) (255,215,215) (215,255,215) (215,215,255) (215,215,215) (255,214,214) (214,255,212) (212,212,255) (212,212,212) (255,210,210) (210,255,206) (206,206,255) (200,201,200) (255,189,190) (190,255,179) (179,179,255) (167,168,167) (255,153,153) (153,255,140) (141,141,255) (210,210,210) (255,240,240) (240,255,238) (239,238,255) (236,236,236) (255,234,234) (234,255,232) (233,232,255) (232,233,232) (255,232,233) (232,255,232) (233,232,255) (232,233,232) (255,231,231) (231,255,231) (231,231,255) (231,231,231) (255,230,230) (230,255,230) (230,230,255) (228,228,228) (255,228,228) (228,255,228) (228,228,255) (228,228,228) (255,225,225) (225,244,103) (103,103,125) 
(76,112,71) (0,76,112) (71,0,76) (112,71,0) (76,112,71) (0,76,112) (71,0,76) (112,71,0) (76,112,71) (0,76,112) (71,0,76) (112,71,0) (76,112,71) (0,76,112) (71,0,76) (112,71,0) (76,112,71) (0,76,112) (71,0,76) (112,71,0) (76,112,71) (0,76,112) (71,0,76) (112,71,0) (76,112,71) (0,76,112) (71,0,76) (112,71,0) (76,112,71) (0,76,112) (71,0,76) (112,71,0) (76,112,71) (0,76,112) (71,0,76) (112,71,0) (76,112,71) (0,1,1) (1,1,1) (1,1,1) (1,1,1) (5,1,1) (1,5,2) (2,2,11) (2,2,2) (11,2,2) (2,17,8) (8,8,24) (2,2,2) (31,1,1) (1,51,6) (6,6,74) (3,3,3) (87,9,9) (9,106,148) (148,148,183) (238,239,238) (255,231,231) (231,255,226) (226,226,255) (223,223,223) (255,221,221) (221,255,240) (240,240,255) (252,252,252) (255,227,247) (251,255,205) (247,251,255) (227,247,251) (255,237,244) (242,255,238) (239,238,255) (234,234,234) (255,230,230) (230,255,232) (233,232,255) (232,233,232) (255,234,234) (234,255,236) (236,236,255) (238,239,238) (255,239,239) (239,255,240) (240,240,255) (242,242,242) (255,243,244) (243,255,243) (244,243,255) (228,228,228) (255,184,185) (184,255,99) (99,99,255) (35,35,35) (255,23,24) (23,255,28) (29,28,255) (37,37,37) (255,56,58) (55,255,64) (66,65,255) (87,88,88) (255,108,110) (109,255,120) (120,119,255) (126,127,127) (255,126,127) (127,255,126) (127,127,255) (126,127,127) (255,133,133) (133,255,133) (133,133,255) (133,133,133) (255,133,133) (133,255,133) (133,133,255) (133,133,133) (255,133,133) (133,255,133) (133,133,255) (133,133,133) (255,133,133) (133,255,133) (133,133,255) (140,141,141) (255,133,133) (133,255,133) (133,133,255) (133,133,133) (255,133,133) (133,255,133) (133,133,255) (133,133,133) (255,133,133) (133,255,126) (127,127,255) (133,133,133) (255,126,127) (127,255,126) (127,127,255) (126,127,127) (255,126,127) (127,255,126) (127,127,255) (126,127,127) (255,126,127) (127,255,126) (127,127,255) (120,120,119) (255,126,127) (127,255,120) (120,119,255) (120,120,119) (255,120,120) (119,255,120) (120,119,255) (120,120,119) (255,120,120) (119,255,120) (120,119,255) (120,120,119) (255,120,120) (119,255,120) (120,119,255) (120,120,119) (255,120,120) (119,255,120) (120,119,255) (140,141,141) (255,140,141) (141,255,140) (141,141,255) (140,141,141) (255,140,141) (141,255,161) (162,161,255) (167,168,167) (255,167,168) (167,255,164) (164,164,255) (164,164,164) (255,184,185) (184,255,189) (190,190,255) (189,190,190) (255,189,190) (190,255,189) (190,190,255) (203,203,203) (255,215,215) (215,255,215) (215,215,255) (215,215,215) (255,215,215) (215,255,226) (226,226,255) (240,240,240) (255,243,244) (243,255,245) (245,245,255) (209,209,209) (255,164,164) (164,255,179) (179,179,255) (189,190,190) (255,203,203) (203,255,209) (209,209,255) (212,212,212) (255,215,215) (215,255,215) (215,215,255) (214,214,214) (255,214,214) (214,255,212) (212,212,255) (210,210,210) (255,207,207) (207,255,200) (201,200,255) (193,194,193) (255,184,185) (184,255,170) (171,170,255) (161,162,161) (255,148,148) (148,255,184) (185,184,255) (240,240,240) (255,238,239) (238,255,236) (236,236,255) (234,234,234) (255,232,233) (232,255,232) (233,232,255) (232,233,232) (255,232,233) (232,255,231) (231,231,255) (231,231,231) (255,231,231) (231,255,230) (230,230,255) (230,230,230) (255,228,228) (228,255,228) (228,228,255) (228,228,228) (255,228,228) (228,255,226) (226,226,255) (183,183,183) (180,9,9) (9,106,3) (3,3,87) 
(76,112,71) (0,76,112) (71,0,76) (112,71,0) (76,112,71) (0,76,112) (71,0,76) (112,71,0) (76,112,71) (0,76,112) (71,0,76) (112,71,0) (76,112,71) (0,76,112) (71,0,76) (112,71,0) (76,112,71) (0,76,112) (71,0,76) (112,71,0) (76,112,71) (0,76,112) (71,0,76) (112,71,0) (76,112,71) (0,76,112) (71,0,76) (112,71,0) (76,112,71) (0,76,112) (71,0,76) (112,71,0) (76,112,71) (0,76,112) (71,0,76) (112,71,0) (76,112,71) (0,76,112) (71,0,1) (1,1,1) (1,1,1) (1,1,1) (1,5,1) (1,1,5) (1,1,1) (5,2,2) (2,11,2) (2,2,17) (8,8,8) (24,2,2) (2,31,1) (1,1,51) (1,1,1) (62,3,3) (3,87,67) (67,67,131) (240,240,240) (255,234,234) (234,255,228) (228,228,255) (226,226,226) (255,223,223) (223,255,226) (226,226,255) (234,234,234) (255,238,239) (238,255,232) (233,232,255) (228,228,228) (255,231,231) (231,255,232) (233,232,255) (232,233,232) (255,234,234) (234,255,236) (236,236,255) (238,239,238) (255,240,240) (240,255,240) (240,240,255) (243,244,243) (255,245,245) (245,255,226) (226,226,255) (179,179,179) (255,120,120) (119,255,56) (58,55,255) (23,24,23) (255,7,7) (7,255,5) (5,5,255) (5,5,5) (255,5,5) (5,255,5) (5,5,255) (5,5,5) (255,5,5) (5,255,5) (5,5,255) (5,5,5) (255,5,5) (5,255,7) (7,7,255) (31,31,31) (255,50,50) (50,255,56) (58,55,255) (87,88,88) (255,99,99) (99,255,126) (127,127,255) (164,164,164) (255,170,171) (170,255,170) (171,170,255) (170,171,170) (255,170,171) (170,255,170) (171,170,255) (170,171,170) (255,167,168) (167,255,167) (168,167,255) (167,168,167) (255,164,164) (164,255,164) (164,164,255) (161,162,161) (255,161,162) (161,255,157) (158,158,255) (157,158,158) (255,157,158) (158,255,157) (158,158,255) (153,153,153) (255,153,153) (153,255,153) (153,153,255) (153,153,153) (255,148,148) (148,255,148) (148,148,255) (148,148,148) (255,148,148) (148,255,148) (148,148,255) (148,148,148) (255,140,141) (141,255,140) (141,141,255) (140,141,141) (255,140,141) (141,255,140) (141,141,255) (140,141,141) (255,140,141) (141,255,140) (141,141,255) (140,141,141) (255,133,133) (133,255,140) (141,141,255) (133,133,133) (255,133,133) (133,255,133) (133,133,255) (133,133,133) (255,133,133) (133,255,133) (133,133,255) (133,133,133) (255,133,133) (133,255,133) (133,133,255) (133,133,133) (255,126,127) (127,255,133) (133,133,255) (126,127,127) (255,126,127) (127,255,126) (127,127,255) (126,127,127) (255,126,127) (127,255,126) (127,127,255) (126,127,127) (255,126,127) (127,255,126) (127,127,255) (120,120,119) (255,120,120) (119,255,126) (127,127,255) (126,127,127) (255,133,133) (133,255,140) (141,141,255) (153,153,153) (255,170,171) (170,255,184) (185,184,255) (196,196,197) (255,204,204) (204,255,210) (210,210,255) (214,214,214) (255,215,215) (215,255,214) (214,214,255) (214,214,214) (255,212,212) (212,255,212) (212,212,255) (207,207,207) (255,204,204) (204,255,196) (196,197,255) (189,190,190) (255,179,179) (179,255,167) (168,167,255) (153,153,153) (255,170,171) (170,255,239) (239,239,255) (238,239,238) (255,236,236) (236,255,234) (234,234,255) (234,234,234) (255,232,233) (232,255,232) (233,232,255) (231,231,231) (255,231,231) (231,255,230) (230,230,255) (230,230,230) (255,230,230) (230,255,228) (228,228,255) (228,228,228) (255,228,228) (228,255,228) (228,228,255) (228,228,228) (255,178,178) (178,208,9) (9,9,106) (3,3,3) (87,6,6) (6,74,6) (6,6,74) 
(76,112,71) (0,76,112) (71,0,76) (112,71,0) (76,112,71) (0,76,112) (71,0,76) (112,71,0) (76,112,71) (0,76,112) (71,0,76) (112,71,0) (76,112,71) (0,76,112) (71,0,76) (112,71,0) (76,112,71) (0,76,112) (71,0,76) (112,71,0) (76,112,71) (0,76,112) (71,0,76) (112,71,0) (76,112,71) (0,76,112) (71,0,76) (112,71,0) (76,112,71) (0,76,112) (71,0,76) (112,71,0) (76,112,71) (0,76,112) (71,0,76) (112,71,0) (76,112,71) (0,76,112) (71,0,1) (1,1,1) (1,1,1) (1,1,1) (1,1,1) (1,1,1) (1,1,1) (5,1,1) (1,5,1) (1,1,5) (2,2,2) (11,2,2) (2,17,2) (2,2,31) (1,1,1) (51,6,6) (6,74,3) (3,3,87) (230,230,230) (255,236,236) (236,255,231) (231,231,255) (226,226,226) (255,226,226) (226,255,226) (226,226,255) (228,228,228) (255,230,230) (230,255,231) (231,231,255) (232,233,232) (255,234,234) (234,255,236) (236,236,255) (238,239,238) (255,240,240) (240,255,242) (242,242,255) (243,244,243) (255,217,217) (217,255,164) (164,164,255) (108,110,109) (255,35,35) (35,255,5) (5,5,255) (5,5,5) (255,5,5) (5,255,5) (5,5,255) (5,5,5) (255,5,5) (5,255,5) (5,5,255) (5,5,5) (255,5,5) (5,255,5) (5,5,255) (5,5,5) (255,5,5) (5,255,5) (5,5,255) (5,5,5) (255,5,5) (5,255,5) (5,5,255) (5,5,5) (255,5,5) (5,255,5) (5,5,255) (5,5,5) (255,5,5) (5,255,5) (5,5,255) (5,5,5) (255,23,24) (23,255,39) (39,39,255) (64,66,65) (255,75,77) (78,255,99) (99,99,255) (133,133,133) (255,148,148) (148,255,196) (196,197,255) (196,196,197) (255,193,194) (193,255,193) (194,193,255) (189,190,190) (255,189,190) (190,255,184) (185,184,255) (184,185,184) (255,184,185) (184,255,179) (179,179,255) (179,179,179) (255,179,179) (179,255,179) (179,179,255) (174,175,175) (255,174,175) (175,255,174) (175,175,255) (170,171,170) (255,170,171) (170,255,170) (171,170,255) (167,168,167) (255,167,168) (167,255,167) (168,167,255) (164,164,164) (255,164,164) (164,255,161) (162,161,255) (161,162,161) (255,161,162) (161,255,157) (158,158,255) (161,162,161) (255,157,158) (158,255,157) (158,158,255) (157,158,158) (255,157,158) (158,255,157) (158,158,255) (153,153,153) (255,153,153) (153,255,153) (153,153,255) (153,153,153) (255,153,153) (153,255,153) (153,153,255) (148,148,148) (255,148,148) (148,255,148) (148,148,255) (148,148,148) (255,148,148) (148,255,148) (148,148,255) (148,148,148) (255,140,141) (141,255,148) (148,148,255) (140,141,141) (255,140,141) (141,255,140) (141,141,255) (140,141,141) (255,140,141) (141,255,140) (141,141,255) (148,148,148) (255,153,153) (153,255,157) (158,158,255) (167,168,167) (255,179,179) (179,255,189) (190,190,255) (200,201,200) (255,207,207) (207,255,212) (212,212,255) (214,214,214) (255,215,215) (215,255,214) (214,214,255) (212,212,212) (255,212,212) (212,255,209) (209,209,255) (206,206,206) (255,200,201) (200,255,189) (190,190,255) (184,185,184) (255,170,171) (170,255,157) (158,158,255) (167,168,167) (255,237,238) (237,255,238) (239,238,255) (236,236,236) (255,234,234) (234,255,232) (233,232,255) (232,233,232) (255,231,231) (231,255,231) (231,231,255) (230,230,230) (255,230,230) (230,255,230) (230,230,255) (228,228,228) (255,228,228) (228,255,228) (228,228,255) (228,228,228) (255,228,228) (228,255,197) (197,197,209) (9,9,9) (106,3,3) (3,87,3) (3,3,87) (6,6,6) (74,1,1) (1,62,1) (1,1,51) 
(76,112,71) (0,76,112) (71,0,76) (112,71,0) (76,112,71) (0,76,112) (71,0,76) (112,71,0) (76,112,71) (0,76,112) (71,0,76) (112,71,0) (76,112,71) (0,76,112) (71,0,76) (112,71,0) (76,112,71) (0,76,112) (71,0,76) (112,71,0) (76,112,71) (0,76,112) (71,0,76) (112,71,0) (76,112,71) (0,76,112) (71,0,76) (112,71,0) (76,112,71) (0,76,112) (71,0,76) (112,71,0) (76,112,71) (0,76,112) (71,0,76) (112,71,0) (76,112,71) (0,76,112) (71,0,76) (112,71,0) (76,112,71) (0,1,1) (1,1,1) (1,1,1) (1,1,1) (1,1,1) (1,1,1) (1,1,1) (1,1,1) (5,2,2) (2,11,2) (2,2,17) (2,2,2) (31,1,1) (1,51,6) (6,6,74) (218,218,218) (198,240,240) (240,255,234) (234,234,255) (232,233,232) (255,231,231) (231,255,232) (233,232,255) (234,234,234) (255,234,234) (234,255,238) (239,238,255) (239,239,239) (255,240,240) (240,255,243) (244,243,255) (217,217,217) (255,161,162) (161,255,99) (99,99,255) (39,39,39) (255,7,7) (7,255,7) (7,7,255) (5,5,5) (255,5,5) (5,255,5) (5,5,255) (5,5,5) (255,5,5) (5,255,5) (5,5,255) (5,5,5) (255,5,5) (5,255,5) (5,5,255) (5,5,5) (255,5,5) (5,255,5) (5,5,255) (5,5,5) (255,5,5) (5,255,5) (5,5,255) (5,5,5) (255,5,5) (5,255,5) (5,5,255) (5,5,5) (255,5,5) (5,255,5) (5,5,255) (5,5,5) (255,5,5) (5,255,5) (5,5,255) (5,5,5) (255,5,5) (5,255,5) (5,5,255) (5,5,5) (255,5,5) (5,255,7) (7,7,255) (5,5,5) (255,5,5) (5,255,5) (5,5,255) (23,24,23) (255,43,44) (43,254,75) (77,78,255) (87,88,88) (255,120,120) (119,255,148) (148,148,255) (170,171,170) (255,210,210) (210,255,207) (207,207,255) (206,206,206) (255,204,204) (204,255,203) (203,203,255) (200,201,200) (255,200,201) (200,255,196) (196,197,255) (196,196,197) (255,193,194) (193,255,189) (190,190,255) (189,190,190) (255,189,190) (190,255,184) (185,184,255) (184,185,184) (255,184,185) (184,255,184) (185,184,255) (184,185,184) (255,184,185) (184,255,179) (179,179,255) (179,179,179) (255,179,179) (179,255,179) (179,179,255) (174,175,175) (255,174,175) (175,255,174) (175,175,255) (174,175,175) (255,174,175) (175,255,174) (175,175,255) (174,175,175) (255,170,171) (170,255,170) (171,170,255) (170,171,170) (255,170,171) (170,255,170) (171,170,255) (170,171,170) (255,167,168) (167,255,167) (168,167,255) (167,168,167) (255,167,168) (167,255,167) (168,167,255) (164,164,164) (255,164,164) (164,255,164) (164,164,255) (164,164,164) (255,161,162) (161,255,164) (164,164,255) (164,164,164) (255,170,171) (170,255,174) (175,175,255) (184,185,184) (255,189,190) (190,255,200) (201,200,255) (204,204,204) (255,209,209) (209,255,212) (212,212,255) (214,214,214) (255,214,214) (214,255,212) (212,212,255) (212,212,212) (255,210,210) (210,255,207) (207,207,255) (200,201,200) (255,193,194) (193,255,184) (185,184,255) (174,175,175) (255,164,164) (164,255,164) (164,164,255) (232,233,232) (255,238,239) (238,255,236) (236,236,255) (234,234,234) (255,232,233) (232,255,231) (231,231,255) (231,231,231) (255,230,230) (230,255,230) (230,230,255) (230,230,230) (255,228,228) (228,255,228) (228,228,255) (228,228,228) (255,228,228) (228,255,225) (225,225,244) (183,183,183) (180,9,9) (9,106,3) (3,3,87) (3,3,3) (87,6,6) (6,74,1) (1,1,62) (1,1,1) (51,8,8) (8,42,8) (8,8,42) 
(76,112,71) (0,76,112) (71,0,76) (112,71,0) (76,112,71) (0,76,112) (71,0,76) (112,71,0) (76,112,71) (0,76,112) (71,0,76) (112,71,0) (76,112,71) (0,76,112) (71,0,76) (112,71,0) (76,112,71) (0,76,112) (71,0,76) (112,71,0) (76,112,71) (0,76,112) (71,0,76) (112,71,0) (76,112,71) (0,76,112) (71,0,76) (112,71,0) (76,112,71) (0,76,112) (71,0,76) (112,71,0) (76,112,71) (0,76,112) (71,0,76) (112,71,0) (76,112,71) (0,76,112) (71,0,76) (112,71,0) (76,112,71) (0,76,112) (71,0,76) (112,71,0) (76,112,71) (0,76,112) (71,0,76) (112,71,0) (1,1,1) (1,1,1) (1,5,2) (2,2,11) (8,8,8) (24,8,8) (8,42,1) (1,1,62) (164,164,164) (162,246,247) (246,255,240) (240,240,255) (238,239,238) (255,237,238) (237,255,239) (239,239,255) (240,240,240) (255,243,244) (243,255,224) (224,224,234) (178,178,178) (208,125,125) (125,164,57) (57,57,155) (8,8,8) (219,5,5) (5,255,7) (7,7,255) (7,7,7) (255,7,7) (7,255,5) (5,5,255) (5,5,5) (255,5,5) (5,255,5) (5,5,255) (5,5,5) (255,5,5) (5,255,5) (5,5,255) (5,5,5) (255,5,5) (5,255,5) (5,5,255) (5,5,5) (255,5,5) (5,255,5) (5,5,255) (5,5,5) (255,5,5) (5,255,7) (7,7,255) (7,7,7) (255,7,7) (7,255,5) (5,5,255) (5,5,5) (255,5,5) (5,255,5) (5,5,255) (5,5,5) (255,5,5) (5,255,5) (5,5,255) (5,5,5) (255,5,5) (5,255,5) (5,5,255) (5,5,5) (255,5,5) (5,255,5) (5,5,255) (5,5,5) (255,5,5) (5,255,5) (5,5,255) (5,5,5) (255,5,5) (5,255,5) (5,5,255) (5,5,5) (255,5,5) (5,255,5) (5,5,255) (5,5,5) (255,5,5) (5,255,28) (29,28,255) (43,44,43) (254,87,88) (88,255,99) (99,99,255) (120,120,119) (255,164,164) (164,255,184) (185,184,255) (219,219,219) (255,217,217) (217,255,215) (215,215,255) (212,212,212) (255,212,212) (212,255,210) (210,210,255) (209,209,209) (255,207,207) (207,255,206) (206,206,255) (204,204,204) (255,203,203) (203,255,203) (203,203,255) (200,201,200) (255,200,201) (200,255,196) (196,197,255) (196,196,197) (255,196,196) (197,255,193) (194,193,255) (193,194,193) (255,189,190) (190,255,189) (190,190,255) (189,190,190) (255,189,190) (190,255,189) (190,190,255) (189,190,190) (255,184,185) (184,255,184) (185,184,255) (184,185,184) (255,184,185) (184,255,184) (185,184,255) (184,185,184) (255,184,185) (184,255,179) (179,179,255) (179,179,179) (255,179,179) (179,255,179) (179,179,255) (179,179,179) (255,179,179) (179,255,179) (179,179,255) (179,179,179) (255,184,185) (184,255,184) (185,184,255) (193,194,193) (255,196,196) (197,255,203) (203,203,255) (207,207,207) (255,210,210) (210,255,212) (212,212,255) (212,212,212) (255,212,212) (212,255,210) (210,210,255) (210,210,210) (255,206,206) (206,255,203) (203,203,255) (193,194,193) (255,184,185) (184,255,179) (179,179,255) (167,168,167) (255,161,162) (161,255,226) (226,226,255) (238,239,238) (255,234,234) (234,255,234) (234,234,255) (232,233,232) (255,231,231) (231,255,230) (230,230,255) (230,230,230) (255,230,230) (230,255,228) (228,228,255) (228,228,228) (255,228,228) (228,255,228) (228,228,255) (210,210,210) (224,125,125) (125,164,9) (9,9,106) (3,3,3) (87,3,3) (3,87,6) (6,6,74) (1,1,1) (62,1,1) (1,51,1) (1,1,51) (8,8,8) (42,2,2) (2,31,8) (8,8,24) 
(76,112,71) (0,76,112) (71,0,76) (112,71,0) (76,112,71) (0,76,112) (71,0,76) (112,71,0) (76,112,71) (0,76,112) (71,0,76) (112,71,0) (76,112,71) (0,76,112) (71,0,76) (112,71,0) (76,112,71) (0,76,112) (71,0,76) (112,71,0) (76,112,71) (0,76,112) (71,0,76) (112,71,0) (76,112,71) (0,76,112) (71,0,76) (112,71,0) (76,112,71) (0,76,112) (71,0,76) (112,71,0) (76,112,71) (0,76,112) (71,0,76) (112,71,0) (76,112,71) (0,76,112) (71,0,76) (112,71,0) (76,112,71) (0,76,112) (71,0,76) (112,71,0) (76,112,71) (0,76,112) (71,0,76) (112,71,0) (1,1,1) (1,1,1) (1,5,2) (2,2,11) (2,2,2) (17,2,2) (2,31,1) (1,1,51) (68,68,68) (76,232,232) (232,234,247) (248,247,255) (246,247,246) (255,221,221) (221,222,178) (178,178,208) (125,125,125) (164,9,9) (9,106,9) (9,9,106) (9,9,9) (106,9,9) (9,106,9) (9,9,106) (8,8,8) (219,7,7) (7,255,5) (5,5,255) (5,5,5) (255,5,5) (5,255,5) (5,5,255) (5,5,5) (255,7,7) (7,255,7) (7,7,255) (7,7,7) (255,7,7) (7,255,7) (7,7,255) (5,5,5) (255,5,5) (5,255,5) (5,5,255) (7,7,7) (255,7,7) (7,255,7) (7,7,255) (7,7,7) (255,7,7) (7,255,7) (7,7,255) (7,7,7) (255,7,7) (7,255,7) (7,7,255) (7,7,7) (255,7,7) (7,255,7) (7,7,255) (7,7,7) (255,7,7) (7,255,7) (7,7,255) (7,7,7) (255,5,5) (5,255,5) (5,5,255) (5,5,5) (255,5,5) (5,255,5) (5,5,255) (5,5,5) (255,5,5) (5,255,5) (5,5,255) (5,5,5) (255,5,5) (5,255,5) (5,5,255) (5,5,5) (255,5,5) (5,255,5) (5,5,255) (5,5,5) (255,5,5) (5,255,5) (5,5,255) (5,5,5) (255,5,5) (5,255,5) (5,5,255) (5,5,5) (255,5,5) (5,255,5) (5,5,255) (5,5,5) (255,35,35) (35,255,56) (58,55,255) (87,88,88) (255,108,110) (109,255,133) (133,133,255) (179,179,179) (255,196,196) (197,255,228) (228,228,255) (226,226,226) (255,223,223) (223,255,221) (221,221,255) (219,219,219) (255,219,219) (219,255,215) (215,215,255) (215,215,215) (255,214,214) (214,255,212) (212,212,255) (212,212,212) (255,210,210) (210,255,210) (210,210,255) (207,207,207) (255,207,207) (207,255,204) (204,204,255) (204,204,204) (255,204,204) (204,255,204) (204,204,255) (203,203,203) (255,200,201) (200,255,200) (201,200,255) (196,196,197) (255,200,201) (200,255,196) (196,197,255) (196,196,197) (255,196,196) (197,255,193) (194,193,255) (193,194,193) (255,196,196) (197,255,193) (194,193,255) (196,196,197) (255,196,196) (197,255,200) (201,200,255) (203,203,203) (255,204,204) (204,255,207) (207,207,255) (210,210,210) (255,212,212) (212,255,212) (212,212,255) (212,212,212) (255,212,212) (212,255,210) (210,210,255) (207,207,207) (255,203,203) (203,255,196) (196,197,255) (189,190,190) (255,179,179) (179,255,170) (171,170,255) (161,162,161) (255,221,221) (221,255,238) (239,238,255) (236,236,236) (255,232,233) (232,255,232) (233,232,255) (230,230,230) (255,230,230) (230,255,230) (230,230,255) (228,228,228) (255,228,228) (228,255,228) (228,228,255) (223,223,223) (255,178,178) (178,208,67) (67,67,131) (9,9,9) (106,3,3) (3,87,6) (6,6,74) (6,6,6) (74,1,1) (1,62,1) (1,1,51) (1,1,1) (51,8,8) (8,42,2) (2,2,31) (8,8,8) (24,2,2) (2,17,2) (2,2,17) 
(76,112,71) (0,76,112) (71,0,76) (112,71,0) (76,112,71) (0,76,112) (71,0,76) (112,71,0) (76,112,71) (0,76,112) (71,0,76) (112,71,0) (76,112,71) (0,76,112) (71,0,76) (112,71,0) (76,112,71) (0,76,112) (71,0,76) (112,71,0) (76,112,71) (0,76,112) (71,0,76) (112,71,0) (76,112,71) (0,76,112) (71,0,76) (112,71,0) (76,112,71) (0,76,112) (71,0,76) (112,71,0) (76,112,71) (0,76,112) (71,0,76) (112,71,0) (76,112,71) (0,76,112) (71,0,76) (112,71,0) (76,112,71) (0,76,112) (71,0,76) (112,71,0) (76,112,71) (0,76,112) (71,0,76) (112,71,0) (76,112,71) (0,1,1) (1,1,1) (1,1,5) (2,2,2) (17,8,8) (8,24,8) (8,8,42) (1,1,1) (62,6,6) (6,74,103) (103,103,125) (62,62,62) (102,9,9) (9,106,9) (9,9,106) (3,3,3) (87,3,3) (3,87,3) (3,3,87) (6,6,6) (74,3,3) (3,87,9) (9,9,106) (8,8,8) (219,7,7) (7,255,5) (5,5,255) (7,7,7) (255,7,7) (7,255,7) (7,7,255) (7,7,7) (255,7,7) (7,255,7) (7,7,255) (7,7,7) (255,7,7) (7,255,7) (7,7,255) (7,7,7) (255,7,7) (7,255,7) (7,7,255) (7,7,7) (255,7,7) (7,255,7) (7,7,255) (7,7,7) (255,7,7) (7,255,7) (7,7,255) (7,7,7) (255,7,7) (7,255,7) (7,7,255) (7,7,7) (255,7,7) (7,255,7) (7,7,255) (7,7,7) (255,7,7) (7,255,7) (7,7,255) (7,7,7) (255,7,7) (7,255,7) (7,7,255) (7,7,7) (255,7,7) (7,255,7) (7,7,255) (7,7,7) (255,7,7) (7,255,7) (7,7,255) (5,5,5) (255,5,5) (5,255,5) (5,5,255) (5,5,5) (255,5,5) (5,255,5) (5,5,255) (5,5,5) (255,5,5) (5,255,5) (5,5,255) (5,5,5) (255,5,5) (5,255,5) (5,5,255) (5,5,5) (255,5,5) (5,255,5) (5,5,255) (5,5,5) (255,5,5) (5,255,5) (5,5,255) (7,7,7) (255,5,5) (5,255,5) (5,5,255) (5,5,5) (255,5,5) (5,255,5) (5,5,255) (43,44,43) (254,64,66) (65,255,87) (88,88,255) (120,120,119) (255,140,141) (141,255,184) (185,184,255) (214,214,214) (255,232,233) (232,255,230) (230,230,255) (228,228,228) (255,228,228) (228,255,226) (226,226,255) (226,226,226) (255,223,223) (223,255,221) (221,221,255) (221,221,221) (255,219,219) (219,255,217) (217,217,255) (217,217,217) (255,215,215) (215,255,214) (214,214,255) (214,214,214) (255,212,212) (212,255,212) (212,212,255) (210,210,210) (255,210,210) (210,255,210) (210,210,255) (209,209,209) (255,209,209) (209,255,207) (207,207,255) (207,207,207) (255,207,207) (207,255,207) (207,207,255) (210,210,210) (255,210,210) (210,255,212) (212,212,255) (212,212,212) (255,212,212) (212,255,212) (212,212,255) (212,212,212) (255,210,210) (210,255,207) (207,207,255) (206,206,206) (255,200,201) (200,255,193) (194,193,255) (184,185,184) (255,174,175) (175,255,167) (168,167,255) (215,215,215) (255,238,239) (238,255,234) (234,234,255) (232,233,232) (255,231,231) (231,255,230) (230,230,255) (230,230,230) (255,228,228) (228,255,228) (228,228,255) (228,228,228) (255,213,213) (213,238,148) (148,148,183) (9,9,9) (106,3,3) (3,87,3) (3,3,87) (6,6,6) (74,6,6) (6,74,1) (1,1,62) (1,1,1) (51,8,8) (8,42,8) (8,8,42) (2,2,2) (31,8,8) (8,24,2) (2,2,17) (2,2,2) (17,2,2) (2,11,2) (2,2,11) 
(76,112,71) (0,76,112) (71,0,76) (112,71,0) (76,112,71) (0,76,112) (71,0,76) (112,71,0) (76,112,71) (0,76,112) (71,0,76) (112,71,0) (76,112,71) (0,76,112) (71,0,76) (112,71,0) (76,112,71) (0,76,112) (71,0,76) (112,71,0) (76,112,71) (0,76,112) (71,0,76) (112,71,0) (76,112,71) (0,76,112) (71,0,76) (112,71,0) (76,112,71) (0,76,112) (71,0,76) (112,71,0) (76,112,71) (0,76,112) (71,0,76) (112,71,0) (76,112,71) (0,76,112) (71,0,76) (112,71,0) (76,112,71) (0,76,112) (71,0,76) (112,71,0) (76,112,71) (0,76,112) (71,0,76) (112,71,0) (76,112,71) (0,1,1) (1,1,1) (1,1,5) (2,2,2) (11,2,2) (2,17,2) (2,2,31) (8,8,8) (42,1,1) (1,62,1) (1,1,62) (6,6,6) (74,6,6) (6,74,6) (6,6,74) (6,6,6) (74,1,1) (1,62,1) (1,1,62) (1,1,1) (51,1,1) (1,62,9) (9,9,106) (8,8,8) (219,7,7) (7,255,7) (7,7,255) (7,7,7) (255,7,7) (7,255,7) (7,7,255) (7,7,7) (255,7,7) (7,255,7) (7,7,255) (7,7,7) (255,7,7) (7,255,7) (7,7,255) (7,7,7) (255,7,7) (7,255,7) (7,7,255) (7,7,7) (255,7,7) (7,255,7) (7,7,255) (7,7,7) (255,7,7) (7,255,7) (7,7,255) (7,7,7) (255,7,7) (7,255,7) (7,7,255) (7,7,7) (255,7,7) (7,255,7) (7,7,255) (7,7,7) (255,7,7) (7,255,7) (7,7,255) (7,7,7) (255,7,7) (7,255,7) (7,7,255) (7,7,7) (255,7,7) (7,255,7) (7,7,255) (7,7,7) (255,7,7) (7,255,7) (7,7,255) (7,7,7) (255,7,7) (7,255,7) (7,7,255) (7,7,7) (255,7,7) (7,255,7) (7,7,255) (7,7,7) (255,7,7) (7,255,5) (5,5,255) (5,5,5) (255,5,5) (5,255,5) (5,5,255) (5,5,5) (255,5,5) (5,255,5) (5,5,255) (5,5,5) (255,5,5) (5,255,5) (5,5,255) (5,5,5) (255,5,5) (5,255,5) (5,5,255) (7,7,7) (255,7,7) (7,255,9) (9,9,246) (9,9,9) (246,9,9) (9,246,9) (9,9,246) (23,24,23) (255,8,8) (8,219,8) (8,8,219) (8,8,8) (219,6,6) (6,196,53) (53,53,200) (53,53,53) (200,117,117) (117,225,148) (148,148,255) (167,168,167) (255,196,196) (197,255,226) (226,226,255) (237,238,237) (255,234,234) (234,255,232) (233,232,255) (232,233,232) (255,231,231) (231,255,228) (228,228,255) (228,228,228) (255,226,226) (226,255,226) (226,226,255) (223,223,223) (255,223,223) (223,255,221) (221,221,255) (219,219,219) (255,219,219) (219,255,219) (219,219,255) (219,219,219) (255,217,217) (217,255,217) (217,217,255) (217,217,217) (255,217,217) (217,255,217) (217,217,255) (217,217,217) (255,215,215) (215,255,215) (215,215,255) (214,214,214) (255,214,214) (214,255,209) (209,209,255) (204,204,204) (255,196,196) (197,255,189) (190,190,255) (179,179,179) (255,170,171) (170,255,219) (219,219,255) (237,238,237) (255,234,234) (234,255,232) (233,232,255) (231,231,231) (255,230,230) (230,255,228) (228,228,255) (228,228,228) (255,210,210) (210,224,164) (164,164,162) (9,9,9) (106,9,9) (9,106,3) (3,3,87) (3,3,3) (87,6,6) (6,74,1) (1,1,62) (1,1,1) (62,1,1) (1,51,8) (8,8,42) (8,8,8) (42,2,2) (2,31,8) (8,8,24) (2,2,2) (17,2,2) (2,17,2) (2,2,11) (2,2,2) (11,1,1) (1,5,1) (1,1,5) 
(76,112,71) (0,76,112) (71,0,76) (112,71,0) (76,112,71) (0,76,112) (71,0,76) (112,71,0) (76,112,71) (0,76,112) (71,0,76) (112,71,0) (76,112,71) (0,76,112) (71,0,76) (112,71,0) (76,112,71) (0,76,112) (71,0,76) (112,71,0) (76,112,71) (0,76,112) (71,0,76) (112,71,0) (76,112,71) (0,76,112) (71,0,76) (112,71,0) (76,112,71) (0,76,112) (71,0,76) (112,71,0) (76,112,71) (0,76,112) (71,0,76) (112,71,0) (76,112,71) (0,76,112) (71,0,76) (112,71,0) (76,112,71) (0,76,112) (71,0,76) (112,71,0) (76,112,71) (0,76,112) (71,0,76) (112,71,0) (76,112,71) (0,1,1) (1,1,1) (1,1,5) (2,2,2) (11,2,2) (2,17,8) (8,8,24) (2,2,2) (31,8,8) (8,42,1) (1,1,51) (1,1,1) (51,1,1) (1,51,1) (1,1,51) (1,1,1) (51,8,8) (8,42,8) (8,8,42) (2,2,2) (31,8,8) (8,42,6) (6,6,74) (9,9,9) (246,7,7) (7,255,7) (7,7,255) (7,7,7) (255,7,7) (7,255,7) (7,7,255) (7,7,7) (255,7,7) (7,255,7) (7,7,255) (7,7,7) (255,7,7) (7,255,7) (7,7,255) (7,7,7) (255,7,7) (7,255,7) (7,7,255) (7,7,7) (255,7,7) (7,255,7) (7,7,255) (7,7,7) (255,7,7) (7,255,7) (7,7,255) (7,7,7) (255,7,7) (7,255,7) (7,7,255) (7,7,7) (255,7,7) (7,255,7) (7,7,255) (7,7,7) (255,7,7) (7,255,7) (7,7,255) (7,7,7) (255,7,7) (7,255,7) (7,7,255) (7,7,7) (255,7,7) (7,255,7) (7,7,255) (7,7,7) (255,7,7) (7,255,7) (7,7,255) (7,7,7) (255,7,7) (7,255,7) (7,7,255) (7,7,7) (255,7,7) (7,255,7) (7,7,255) (7,7,7) (255,7,7) (7,255,7) (7,7,255) (7,7,7) (255,7,7) (7,255,7) (7,7,255) (7,7,7) (255,7,7) (7,255,7) (7,7,255) (9,9,9) (246,9,9) (9,246,9) (9,9,246) (9,9,9) (246,9,9) (9,246,8) (8,8,219) (6,6,6) (196,6,6) (6,196,6) (6,6,196) (6,6,6) (196,6,6) (6,196,2) (2,2,161) (2,2,2) (161,2,2) (2,161,2) (2,2,161) (2,2,2) (161,2,2) (2,161,2) (2,2,161) (2,2,2) (161,2,2) (2,161,3) (3,3,133) (3,3,3) (133,3,3) (3,133,3) (3,3,133) (3,3,3) (133,57,57) (57,155,125) (125,125,164) (148,148,148) (183,178,178) (178,208,197) (197,197,209) (213,213,213) (238,232,233) (232,255,237) (238,237,255) (236,236,236) (255,234,234) (234,255,234) (234,234,255) (232,233,232) (255,231,231) (231,255,230) (230,230,255) (228,228,228) (255,228,228) (228,255,226) (226,226,255) (226,226,226) (255,226,226) (226,255,226) (226,226,255) (223,223,223) (255,221,221) (221,255,221) (221,221,255) (219,219,219) (255,217,217) (217,255,212) (212,212,255) (206,206,206) (255,200,201) (200,255,189) (190,190,255) (184,185,184) (255,221,221) (221,255,238) (239,238,255) (234,234,234) (255,232,233) (232,255,231) (231,231,255) (226,226,226) (255,197,197) (197,209,125) (125,125,164) (9,9,9) (106,9,9) (9,106,3) (3,3,87) (3,3,3) (87,6,6) (6,74,6) (6,6,74) (1,1,1) (62,1,1) (1,51,1) (1,1,51) (8,8,8) (42,2,2) (2,31,2) (2,2,31) (8,8,8) (24,2,2) (2,17,2) (2,2,17) (2,2,2) (11,2,2) (2,11,1) (1,1,5) (1,1,1) (5,1,1) (1,1,1) (1,1,1) 
(76,112,71) (0,76,112) (71,0,76) (112,71,0) (76,112,71) (0,76,112) (71,0,76) (112,71,0) (76,112,71) (0,76,112) (71,0,76) (112,71,0) (76,112,71) (0,76,112) (71,0,76) (112,71,0) (76,112,71) (0,76,112) (71,0,76) (112,71,0) (76,112,71) (0,76,112) (71,0,76) (112,71,0) (76,112,71) (0,76,112) (71,0,76) (112,71,0) (76,112,71) (0,76,112) (71,0,76) (112,71,0) (76,112,71) (0,76,112) (71,0,76) (112,71,0) (76,112,71) (0,76,112) (71,0,76) (112,71,0) (76,112,71) (0,76,112) (71,0,76) (112,71,0) (76,112,71) (0,76,112) (71,0,76) (112,71,0) (76,112,71) (0,1,1) (1,1,1) (1,1,1) (1,1,1) (5,2,2) (2,11,2) (2,2,17) (2,2,2) (17,8,8) (8,24,2) (2,2,31) (2,2,2) (31,2,2) (2,31,2) (2,2,31) (2,2,2) (31,8,8) (8,24,8) (8,8,24) (8,8,8) (24,2,2) (2,31,1) (1,1,62) (23,24,23) (255,7,7) (7,255,7) (7,7,255) (7,7,7) (255,7,7) (7,255,7) (7,7,255) (7,7,7) (255,7,7) (7,255,7) (7,7,255) (7,7,7) (255,7,7) (7,255,7) (7,7,255) (7,7,7) (255,7,7) (7,255,7) (7,7,255) (7,7,7) (255,7,7) (7,255,7) (7,7,255) (7,7,7) (255,7,7) (7,255,7) (7,7,255) (7,7,7) (255,7,7) (7,255,7) (7,7,255) (7,7,7) (255,7,7) (7,255,7) (7,7,255) (7,7,7) (255,7,7) (7,255,7) (7,7,255) (7,7,7) (255,7,7) (7,255,7) (7,7,255) (7,7,7) (255,7,7) (7,255,7) (7,7,255) (7,7,7) (255,7,7) (7,255,7) (7,7,255) (7,7,7) (255,7,7) (7,255,7) (7,7,255) (7,7,7) (255,7,7) (7,255,7) (7,7,255) (7,7,7) (255,7,7) (7,255,9) (9,9,246) (9,9,9) (246,9,9) (9,246,9) (9,9,246) (8,8,8) (219,6,6) (6,196,6) (6,6,196) (6,6,6) (196,6,6) (6,196,2) (2,2,161) (2,2,2) (161,3,3) (3,133,2) (2,2,161) (3,3,3) (133,3,3) (3,133,3) (3,3,133) (3,3,3) (133,3,3) (3,133,3) (3,3,133) (3,3,3) (133,9,9) (9,106,3) (3,3,133) (9,9,9) (106,9,9) (9,106,9) (9,9,106) (9,9,9) (106,9,9) (9,106,9) (9,9,106) (9,9,9) (106,9,9) (9,106,9) (9,9,106) (9,9,9) (106,9,9) (9,106,9) (9,9,106) (9,9,9) (106,9,9) (9,106,9) (9,9,106) (9,9,9) (106,9,9) (9,106,9) (9,9,106) (67,67,67) (131,125,125) (125,164,148) (148,148,183) (178,178,178) (208,197,197) (197,209,210) (210,210,224) (238,239,238) (255,238,239) (238,255,237) (238,237,255) (236,236,236) (255,234,234) (234,255,232) (233,232,255) (231,231,231) (255,230,230) (230,255,226) (226,226,255) (226,226,226) (255,221,221) (221,255,215) (215,215,255) (210,210,210) (255,204,204) (204,255,196) (196,197,255) (228,228,228) (255,238,239) (238,255,232) (233,232,255) (224,224,224) (234,178,178) (178,208,67) (67,67,131) (9,9,9) (106,3,3) (3,87,3) (3,3,87) (3,3,3) (87,6,6) (6,74,6) (6,6,74) (1,1,1) (62,1,1) (1,62,1) (1,1,51) (8,8,8) (42,8,8) (8,42,2) (2,2,31) (2,2,2) (31,8,8) (8,24,2) (2,2,17) (2,2,2) (17,2,2) (2,11,2) (2,2,11) (1,1,1) (5,1,1) (1,5,1) (1,1,1) (1,1,1) (1,1,1) (1,1,1) (1,1,1) 
(76,112,71) (0,76,112) (71,0,76) (112,71,0) (76,112,71) (0,76,112) (71,0,76) (112,71,0) (76,112,71) (0,76,112) (71,0,76) (112,71,0) (76,112,71) (0,76,112) (71,0,76) (112,71,0) (76,112,71) (0,76,112) (71,0,76) (112,71,0) (76,112,71) (0,76,112) (71,0,76) (112,71,0) (76,112,71) (0,76,112) (71,0,76) (112,71,0) (76,112,71) (0,76,112) (71,0,76) (112,71,0) (76,112,71) (0,76,112) (71,0,76) (112,71,0) (76,112,71) (0,76,112) (71,0,76) (112,71,0) (76,112,71) (0,76,112) (71,0,76) (112,71,0) (76,112,71) (0,76,112) (71,0,76) (112,71,0) (76,112,71) (0,76,112) (71,0,1) (1,1,1) (1,1,1) (1,1,1) (1,5,2) (2,2,11) (2,2,2) (11,2,2) (2,17,2) (2,2,17) (2,2,2) (17,8,8) (8,24,2) (2,2,17) (2,2,2) (17,2,2) (2,17,2) (2,2,11) (2,2,2) (11,8,8) (8,24,3) (3,3,87) (8,8,8) (219,7,7) (7,255,7) (7,7,255) (7,7,7) (255,7,7) (7,255,7) (7,7,255) (7,7,7) (255,7,7) (7,255,7) (7,7,255) (7,7,7) (255,7,7) (7,255,7) (7,7,255) (7,7,7) (255,7,7) (7,255,7) (7,7,255) (7,7,7) (255,7,7) (7,255,7) (7,7,255) (7,7,7) (255,7,7) (7,255,7) (7,7,255) (7,7,7) (255,7,7) (7,255,7) (7,7,255) (7,7,7) (255,7,7) (7,255,7) (7,7,255) (7,7,7) (255,7,7) (7,255,7) (7,7,255) (7,7,7) (255,7,7) (7,255,7) (7,7,255) (7,7,7) (255,7,7) (7,255,7) (7,7,255) (7,7,7) (255,7,7) (7,255,7) (7,7,255) (9,9,9) (246,9,9) (9,246,9) (9,9,246) (7,7,7) (255,8,8) (8,219,8) (8,8,219) (6,6,6) (196,6,6) (6,196,6) (6,6,196) (2,2,2) (161,2,2) (2,161,3) (3,3,133) (3,3,3) (133,3,3) (3,133,3) (3,3,133) (3,3,3) (133,9,9) (9,106,3) (3,3,133) (9,9,9) (106,9,9) (9,106,9) (9,9,106) (9,9,9) (106,3,3) (3,87,3) (3,3,87) (3,3,3) (87,3,3) (3,87,6) (6,6,74) (6,6,6) (74,6,6) (6,74,1) (1,1,62) (6,6,6) (74,1,1) (1,62,6) (6,6,74) (1,1,1) (62,1,1) (1,62,1) (1,1,62) (6,6,6) (74,1,1) (1,62,6) (6,6,74) (6,6,6) (74,6,6) (6,74,6) (6,6,74) (6,6,6) (74,6,6) (6,74,3) (3,3,87) (3,3,3) (87,3,3) (3,87,3) (3,3,87) (3,3,3) (87,3,3) (3,87,3) (3,3,87) (9,9,9) (106,9,9) (9,106,9) (9,9,106) (9,9,9) (106,67,67) (67,131,67) (67,67,131) (125,125,125) (164,148,148) (148,183,178) (178,178,208) (210,210,210) (224,221,221) (221,222,237) (238,237,255) (234,234,234) (255,231,231) (231,255,226) (226,226,255) (213,213,213) (238,178,178) (178,208,197) (197,197,209) (164,164,164) (162,67,67) (67,131,9) (9,9,106) (9,9,9) (106,3,3) (3,87,3) (3,3,87) (3,3,3) (87,6,6) (6,74,6) (6,6,74) (1,1,1) (62,1,1) (1,62,1) (1,1,51) (1,1,1) (51,8,8) (8,42,2) (2,2,31) (2,2,2) (31,8,8) (8,24,8) (8,8,24) (2,2,2) (17,2,2) (2,11,2) (2,2,11) (1,1,1) (5,1,1) (1,5,1) (1,1,5) (1,1,1) (1,1,1) (1,1,1) (1,1,1) (1,1,1) (1,76,112) (71,0,76) (112,71,0) 
(76,112,71) (0,76,112) (71,0,76) (112,71,0) (76,112,71) (0,76,112) (71,0,76) (112,71,0) (76,112,71) (0,76,112) (71,0,76) (112,71,0) (76,112,71) (0,76,112) (71,0,76) (112,71,0) (76,112,71) (0,76,112) (71,0,76) (112,71,0) (76,112,71) (0,76,112) (71,0,76) (112,71,0) (76,112,71) (0,76,112) (71,0,76) (112,71,0) (76,112,71) (0,76,112) (71,0,76) (112,71,0) (76,112,71) (0,76,112) (71,0,76) (112,71,0) (76,112,71) (0,76,112) (71,0,76) (112,71,0) (76,112,71) (0,76,112) (71,0,76) (112,71,0) (76,112,71) (0,76,112) (71,0,76) (112,71,0) (76,112,71) (0,76,112) (71,0,1) (1,1,1) (1,1,1) (1,1,1) (1,1,1) (1,1,5) (1,1,1) (5,1,1) (1,5,2) (2,2,11) (2,2,2) (11,2,2) (2,11,2) (2,2,11) (1,1,1) (5,1,1) (1,5,1) (1,1,5) (1,1,1) (5,2,2) (2,17,3) (3,3,87) (9,9,9) (246,7,7) (7,255,7) (7,7,255) (7,7,7) (255,7,7) (7,255,7) (7,7,255) (7,7,7) (255,7,7) (7,255,7) (7,7,255) (7,7,7) (255,7,7) (7,255,7) (7,7,255) (7,7,7) (255,7,7) (7,255,7) (7,7,255) (7,7,7) (255,7,7) (7,255,7) (7,7,255) (7,7,7) (255,7,7) (7,255,7) (7,7,255) (7,7,7) (255,7,7) (7,255,7) (7,7,255) (7,7,7) (255,7,7) (7,255,7) (7,7,255) (7,7,7) (255,7,7) (7,255,7) (7,7,255) (7,7,7) (255,9,9) (9,246,9) (9,9,246) (9,9,9) (246,7,7) (7,255,9) (9,9,246) (8,8,8) (219,6,6) (6,196,6) (6,6,196) (6,6,6) (196,2,2) (2,161,2) (2,2,161) (3,3,3) (133,3,3) (3,133,3) (3,3,133) (3,3,3) (133,9,9) (9,106,9) (9,9,106) (9,9,9) (106,9,9) (9,106,9) (9,9,106) (3,3,3) (87,3,3) (3,87,6) (6,6,74) (6,6,6) (74,6,6) (6,74,1) (1,1,62) (1,1,1) (62,1,1) (1,51,1) (1,1,51) (1,1,1) (51,8,8) (8,42,8) (8,8,42) (8,8,8) (42,8,8) (8,42,8) (8,8,42) (2,2,2) (31,2,2) (2,31,8) (8,8,42) (2,2,2) (31,8,8) (8,42,2) (2,2,31) (8,8,8) (42,8,8) (8,42,8) (8,8,42) (8,8,8) (42,8,8) (8,42,1) (1,1,51) (8,8,8) (42,1,1) (1,51,1) (1,1,51) (1,1,1) (62,1,1) (1,62,1) (1,1,62) (1,1,1) (62,1,1) (1,62,6) (6,6,74) (6,6,6) (74,6,6) (6,74,6) (6,6,74) (6,6,6) (74,3,3) (3,87,3) (3,3,87) (3,3,3) (87,3,3) (3,87,3) (3,3,87) (3,3,3) (87,3,3) (3,87,9) (9,9,106) (9,9,9) (106,9,9) (9,106,9) (9,9,106) (9,9,9) (106,9,9) (9,106,9) (9,9,106) (9,9,9) (106,9,9) (9,106,3) (3,3,87) (3,3,3) (87,3,3) (3,87,3) (3,3,87) (6,6,6) (74,6,6) (6,74,1) (1,1,62) (1,1,1) (62,1,1) (1,51,1) (1,1,51) (8,8,8) (42,8,8) (8,42,2) (2,2,31) (2,2,2) (31,8,8) (8,24,8) (8,8,24) (2,2,2) (17,2,2) (2,17,2) (2,2,11) (2,2,2) (11,1,1) (1,5,1) (1,1,5) (1,1,1) (5,1,1) (1,1,1) (1,1,1) (1,1,1) (1,76,112) (71,0,76) (112,71,0) (76,112,71) (0,76,112) (71,0,76) (112,71,0) 
(76,112,71) (0,76,112) (71,0,76) (112,71,0) (76,112,71) (0,76,112) (71,0,76) (112,71,0) (76,112,71) (0,76,112) (71,0,76) (112,71,0) (76,112,71) (0,76,112) (71,0,76) (112,71,0) (76,112,71) (0,76,112) (71,0,76) (112,71,0) (76,112,71) (0,76,112) (71,0,76) (112,71,0) (76,112,71) (0,76,112) (71,0,76) (112,71,0) (76,112,71) (0,76,112) (71,0,76) (112,71,0) (76,112,71) (0,76,112) (71,0,76) (112,71,0) (76,112,71) (0,76,112) (71,0,76) (112,71,0) (76,112,71) (0,76,112) (71,0,76) (112,71,0) (76,112,71) (0,76,112) (71,0,76) (112,71,0) (76,112,71) (0,76,112) (71,0,76) (112,71,0) (1,1,1) (1,1,1) (1,1,1) (1,1,1) (1,1,1) (1,1,1) (1,1,1) (1,1,1) (1,1,1) (5,1,1) (1,1,1) (1,1,1) (1,1,1) (1,1,1) (1,1,1) (1,1,1) (1,1,1) (5,8,8) (8,24,6) (6,6,74) (7,7,7) (255,7,7) (7,255,7) (7,7,255) (7,7,7) (255,7,7) (7,255,7) (7,7,255) (7,7,7) (255,7,7) (7,255,7) (7,7,255) (7,7,7) (255,7,7) (7,255,7) (7,7,255) (7,7,7) (255,7,7) (7,255,7) (7,7,255) (7,7,7) (255,7,7) (7,255,7) (7,7,255) (7,7,7) (255,7,7) (7,255,7) (7,7,255) (7,7,7) (255,7,7) (7,255,7) (7,7,255) (9,9,9) (246,7,7) (7,255,7) (7,7,255) (7,7,7) (255,8,8) (8,219,8) (8,8,219) (6,6,6) (196,6,6) (6,196,6) (6,6,196) (2,2,2) (161,2,2) (2,161,3) (3,3,133) (3,3,3) (133,3,3) (3,133,3) (3,3,133) (9,9,9) (106,9,9) (9,106,9) (9,9,106) (9,9,9) (106,3,3) (3,87,3) (3,3,87) (6,6,6) (74,6,6) (6,74,6) (6,6,74) (1,1,1) (62,1,1) (1,51,1) (1,1,51) (8,8,8) (42,8,8) (8,42,2) (2,2,31) (2,2,2) (31,2,2) (2,31,8) (8,8,24) (8,8,8) (24,8,8) (8,24,2) (2,2,17) (2,2,2) (17,2,2) (2,17,2) (2,2,17) (2,2,2) (17,2,2) (2,11,2) (2,2,11) (2,2,2) (17,2,2) (2,17,2) (2,2,17) (2,2,2) (17,2,2) (2,17,8) (8,8,24) (8,8,8) (24,8,8) (8,24,8) (8,8,24) (8,8,8) (24,2,2) (2,31,2) (2,2,31) (2,2,2) (31,2,2) (2,31,2) (2,2,31) (2,2,2) (31,8,8) (8,42,8) (8,8,42) (8,8,8) (42,8,8) (8,42,1) (1,1,51) (1,1,1) (51,1,1) (1,51,1) (1,1,51) (1,1,1) (62,1,1) (1,62,1) (1,1,62) (1,1,1) (62,6,6) (6,74,6) (6,6,74) (6,6,6) (74,6,6) (6,74,6) (6,6,74) (3,3,3) (87,6,6) (6,74,3) (3,3,87) (3,3,3) (87,3,3) (3,87,3) (3,3,87) (3,3,3) (87,6,6) (6,74,6) (6,6,74) (6,6,6) (74,1,1) (1,62,1) (1,1,62) (1,1,1) (62,1,1) (1,51,1) (1,1,51) (8,8,8) (42,8,8) (8,42,2) (2,2,31) (2,2,2) (31,8,8) (8,24,8) (8,8,24) (2,2,2) (17,2,2) (2,17,2) (2,2,11) (2,2,2) (11,1,1) (1,5,1) (1,1,5) (1,1,1) (5,1,1) (1,1,1) (1,1,1) (1,1,1) (1,1,1) (1,1,76) (112,71,0) (76,112,71) (0,76,112) (71,0,76) (112,71,0) (76,112,71) (0,76,112) (71,0,76) (112,71,0) 
(76,112,71) (0,76,112) (71,0,76) (112,71,0) (76,112,71) (0,76,112) (71,0,76) (112,71,0) (76,112,71) (0,76,112) (71,0,76) (112,71,0) (76,112,71) (0,76,112) (71,0,76) (112,71,0) (76,112,71) (0,76,112) (71,0,76) (112,71,0) (76,112,71) (0,76,112) (71,0,76) (112,71,0) (76,112,71) (0,76,112) (71,0,76) (112,71,0) (76,112,71) (0,76,112) (71,0,76) (112,71,0) (76,112,71) (0,76,112) (71,0,76) (112,71,0) (76,112,71) (0,76,112) (71,0,76) (112,71,0) (76,112,71) (0,76,112) (71,0,76) (112,71,0) (76,112,71) (0,76,112) (71,0,76) (112,71,0) (76,112,71) (0,76,112) (71,0,76) (112,71,0) (76,112,71) (0,76,112) (71,0,76) (112,71,0) (76,112,71) (0,76,112) (71,0,76) (112,71,0) (76,112,71) (0,76,112) (71,0,76) (112,71,0) (76,112,71) (0,76,112) (71,0,76) (112,71,0) (1,1,1) (5,8,8) (8,24,9) (9,9,106) (9,9,9) (246,7,7) (7,255,7) (7,7,255) (7,7,7) (255,7,7) (7,255,7) (7,7,255) (7,7,7) (255,7,7) (7,255,7) (7,7,255) (7,7,7) (255,7,7) (7,255,7) (7,7,255) (7,7,7) (255,7,7) (7,255,7) (7,7,255) (7,7,7) (255,9,9) (9,246,7) (7,7,255) (7,7,7) (255,7,7) (7,255,9) (9,9,246) (8,8,8) (219,8,8) (8,219,6) (6,6,196) (6,6,6) (196,6,6) (6,196,2) (2,2,161) (3,3,3) (133,3,3) (3,133,3) (3,3,133) (3,3,3) (133,9,9) (9,106,9) (9,9,106) (9,9,9) (106,9,9) (9,106,3) (3,3,87) (3,3,3) (87,3,3) (3,87,6) (6,6,74) (6,6,6) (74,1,1) (1,62,1) (1,1,62) (1,1,1) (51,8,8) (8,42,8) (8,8,42) (2,2,2) (31,2,2) (2,31,2) (2,2,31) (8,8,8) (24,2,2) (2,17,2) (2,2,17) (2,2,2) (11,2,2) (2,11,2) (2,2,11) (2,2,2) (11,1,1) (1,5,1) (1,1,5) (1,1,1) (5,1,1) (1,5,1) (1,1,1) (1,1,1) (1,1,1) (1,5,1) (1,1,5) (1,1,1) (5,1,1) (1,5,1) (1,1,5) (1,1,1) (5,1,1) (1,5,2) (2,2,11) (2,2,2) (11,2,2) (2,11,2) (2,2,11) (2,2,2) (11,2,2) (2,11,2) (2,2,17) (2,2,2) (17,2,2) (2,17,2) (2,2,17) (2,2,2) (17,8,8) (8,24,8) (8,8,24) (8,8,8) (24,8,8) (8,24,2) (2,2,31) (2,2,2) (31,2,2) (2,31,2) (2,2,31) (2,2,2) (31,8,8) (8,42,8) (8,8,42) (8,8,8) (42,8,8) (8,42,8) (8,8,42) (1,1,1) (51,1,1) (1,51,1) (1,1,51) (1,1,1) (51,1,1) (1,51,1) (1,1,62) (1,1,1) (62,1,1) (1,62,1) (1,1,62) (1,1,1) (62,1,1) (1,62,1) (1,1,62) (1,1,1) (62,1,1) (1,62,1) (1,1,51) (1,1,1) (51,1,1) (1,51,8) (8,8,42) (8,8,8) (42,8,8) (8,42,2) (2,2,31) (2,2,2) (31,8,8) (8,24,8) (8,8,24) (2,2,2) (17,2,2) (2,17,2) (2,2,11) (2,2,2) (11,2,2) (2,11,1) (1,1,5) (1,1,1) (5,1,1) (1,5,1) (1,1,1) (1,1,1) (1,1,1) (1,1,76) (112,71,0) (76,112,71) (0,76,112) (71,0,76) (112,71,0) (76,112,71) (0,76,112) (71,0,76) (112,71,0) (76,112,71) (0,76,112) (71,0,76) (112,71,0) 
(76,112,71) (0,76,112) (71,0,76) (112,71,0) (76,112,71) (0,76,112) (71,0,76) (112,71,0) (76,112,71) (0,76,112) (71,0,76) (112,71,0) (76,112,71) (0,76,112) (71,0,76) (112,71,0) (76,112,71) (0,76,112) (71,0,76) (112,71,0) (76,112,71) (0,76,112) (71,0,76) (112,71,0) (76,112,71) (0,76,112) (71,0,76) (112,71,0) (76,112,71) (0,76,112) (71,0,76) (112,71,0) (76,112,71) (0,76,112) (71,0,76) (112,71,0) (76,112,71) (0,76,112) (71,0,76) (112,71,0) (76,112,71) (0,76,112) (71,0,76) (112,71,0) (76,112,71) (0,76,112) (71,0,76) (112,71,0) (76,112,71) (0,76,112) (71,0,76) (112,71,0) (76,112,71) (0,76,112) (71,0,76) (112,71,0) (76,112,71) (0,76,112) (71,0,76) (112,71,0) (76,112,71) (0,76,112) (71,0,76) (112,71,0) (76,112,71) (0,76,112) (71,0,76) (112,71,0) (1,1,1) (1,8,8) (8,24,3) (3,3,133) (7,7,7) (255,7,7) (7,255,7) (7,7,255) (7,7,7) (255,7,7) (7,255,7) (7,7,255) (7,7,7) (255,7,7) (7,255,7) (7,7,255) (9,9,9) (246,7,7) (7,255,7) (7,7,255) (9,9,9) (246,8,8) (8,219,8) (8,8,219) (8,8,8) (219,6,6) (6,196,6) (6,6,196) (2,2,2) (161,3,3) (3,133,3) (3,3,133) (3,3,3) (133,3,3) (3,133,3) (3,3,133) (9,9,9) (106,9,9) (9,106,9) (9,9,106) (9,9,9) (106,3,3) (3,87,3) (3,3,87) (6,6,6) (74,6,6) (6,74,6) (6,6,74) (1,1,1) (62,1,1) (1,51,1) (1,1,51) (8,8,8) (42,8,8) (8,42,2) (2,2,31) (2,2,2) (31,8,8) (8,24,8) (8,8,24) (2,2,2) (17,2,2) (2,17,2) (2,2,11) (2,2,2) (11,2,2) (2,11,1) (1,1,5) (1,1,1) (5,1,1) (1,1,1) (1,1,1) (1,1,1) (1,76,112) (71,0,76) (112,71,0) (76,112,71) (0,76,112) (71,0,76) (112,71,0) (76,112,71) (0,76,112) (71,0,76) (112,71,0) (76,112,71) (0,1,1) (1,1,1) (1,1,1) (1,1,1) (1,1,1) (1,1,1) (1,1,1) (1,1,1) (1,1,1) (1,1,76) (112,71,0) (1,1,1) (5,1,1) (1,5,1) (1,1,5) (1,1,1) (5,1,1) (1,5,1) (1,1,5) (1,1,1) (5,2,2) (2,11,2) (2,2,11) (2,2,2) (11,2,2) (2,11,2) (2,2,11) (2,2,2) (11,2,2) (2,17,2) (2,2,17) (2,2,2) (17,2,2) (2,17,2) (2,2,17) (8,8,8) (24,8,8) (8,24,8) (8,8,24) (8,8,8) (24,2,2) (2,31,2) (2,2,31) (2,2,2) (31,2,2) (2,31,2) (2,2,31) (8,8,8) (42,8,8) (8,42,8) (8,8,42) (8,8,8) (42,8,8) (8,42,8) (8,8,42) (8,8,8) (42,8,8) (8,42,8) (8,8,42) (8,8,8) (42,8,8) (8,42,8) (8,8,42) (2,2,2) (31,2,2) (2,31,2) (2,2,31) (8,8,8) (24,8,8) (8,24,2) (2,2,17) (2,2,2) (17,2,2) (2,17,2) (2,2,11) (2,2,2) (11,2,2) (2,11,1) (1,1,5) (1,1,1) (5,1,1) (1,5,1) (1,1,1) (1,1,1) (1,1,1) (1,1,1) (1,1,1) (76,112,71) (0,76,112) (71,0,76) (112,71,0) (76,112,71) (0,76,112) (71,0,76) (112,71,0) (76,112,71) (0,76,112) (71,0,76) (112,71,0) (76,112,71) (0,76,112) (71,0,76) (112,71,0) 
(76,112,71) (0,76,112) (71,0,76) (112,71,0) (76,112,71) (0,76,112) (71,0,76) (112,71,0) (76,112,71) (0,76,112) (71,0,76) (112,71,0) (76,112,71) (0,76,112) (71,0,76) (112,71,0) (76,112,71) (0,76,112) (71,0,76) (112,71,0) (76,112,71) (0,76,112) (71,0,76) (112,71,0) (76,112,71) (0,76,112) (71,0,76) (112,71,0) (76,112,71) (0,76,112) (71,0,76) (112,71,0) (76,112,71) (0,76,112) (71,0,76) (112,71,0) (76,112,71) (0,76,112) (71,0,76) (112,71,0) (76,112,71) (0,76,112) (71,0,76) (112,71,0) (76,112,71) (0,76,112) (71,0,76) (112,71,0) (76,112,71) (0,76,112) (71,0,76) (112,71,0) (76,112,71) (0,76,112) (71,0,76) (112,71,0) (76,112,71) (0,76,112) (71,0,76) (112,71,0) (76,112,71) (0,76,112) (71,0,76) (112,71,0) (76,112,71) (0,76,112) (71,0,76) (112,71,0) (1,1,1) (5,8,8) (8,24,9) (9,9,106) (7,7,7) (255,9,9) (9,246,7) (7,7,255) (7,7,7) (255,7,7) (7,255,9) (9,9,246) (8,8,8) (219,8,8) (8,219,8) (8,8,219) (6,6,6) (196,6,6) (6,196,2) (2,2,161) (3,3,3) (133,3,3) (3,133,3) (3,3,133) (3,3,3) (133,3,3) (3,133,9) (9,9,106) (9,9,9) (106,9,9) (9,106,9) (9,9,106) (3,3,3) (87,3,3) (3,87,6) (6,6,74) (6,6,6) (74,1,1) (1,62,1) (1,1,62) (1,1,1) (51,8,8) (8,42,8) (8,8,42) (8,8,8) (42,2,2) (2,31,2) (2,2,31) (8,8,8) (24,8,8) (8,24,2) (2,2,17) (2,2,2) (11,2,2) (2,11,2) (2,2,11) (1,1,1) (5,1,1) (1,5,1) (1,1,5) (1,1,1) (1,1,1) (1,1,1) (1,1,1) (1,1,1) (1,76,112) (71,0,76) (112,71,0) (76,112,71) (0,76,112) (71,0,76) (112,71,0) (76,112,71) (0,76,112) (71,0,76) (112,71,0) (76,112,71) (0,76,112) (71,0,76) (112,71,0) (76,112,71) (0,76,112) (71,0,76) (112,71,0) (76,112,71) (0,76,112) (71,0,76) (112,71,0) (76,112,71) (0,76,112) (71,0,76) (112,71,0) (76,112,71) (0,76,112) (71,0,76) (112,71,0) (1,1,1) (1,1,1) (1,1,1) (1,1,1) (1,1,1) (1,1,1) (1,1,1) (1,1,1) (1,1,1) (1,1,1) (1,1,1) (1,1,5) (1,1,1) (5,1,1) (1,5,1) (1,1,5) (1,1,1) (5,1,1) (1,5,2) (2,2,11) (2,2,2) (11,2,2) (2,11,2) (2,2,11) (2,2,2) (11,2,2) (2,11,2) (2,2,17) (2,2,2) (17,2,2) (2,17,2) (2,2,17) (2,2,2) (17,2,2) (2,17,8) (8,8,24) (8,8,8) (24,8,8) (8,24,8) (8,8,24) (8,8,8) (24,2,2) (2,31,2) (2,2,31) (2,2,2) (31,2,2) (2,31,2) (2,2,31) (2,2,2) (31,8,8) (8,24,8) (8,8,24) (8,8,8) (24,2,2) (2,17,2) (2,2,17) (2,2,2) (17,2,2) (2,11,2) (2,2,11) (2,2,2) (11,1,1) (1,5,1) (1,1,5) (1,1,1) (5,1,1) (1,5,1) (1,1,1) (1,1,1) (1,1,1) (1,1,1) (1,1,1) (76,112,71) (0,76,112) (71,0,76) (112,71,0) (76,112,71) (0,76,112) (71,0,76) (112,71,0) (76,112,71) (0,76,112) (71,0,76) (112,71,0) (76,112,71) (0,76,112) (71,0,76) (112,71,0) (76,112,71) (0,76,112) (71,0,76) (112,71,0) 
(76,112,71) (0,76,112) (71,0,76) (112,71,0) (76,112,71) (0,76,112) (71,0,76) (112,71,0) (76,112,71) (0,76,112) (71,0,76) (112,71,0) (76,112,71) (0,76,112) (71,0,76) (112,71,0) (76,112,71) (0,76,112) (71,0,76) (112,71,0) (76,112,71) (0,76,112) (71,0,76) (112,71,0) (76,112,71) (0,76,112) (71,0,76) (112,71,0) (76,112,71) (0,76,112) (71,0,76) (112,71,0) (76,112,71) (0,76,112) (71,0,76) (112,71,0) (76,112,71) (0,76,112) (71,0,76) (112,71,0) (76,112,71) (0,76,112) (71,0,76) (112,71,0) (76,112,71) (0,76,112) (71,0,76) (112,71,0) (76,112,71) (0,76,112) (71,0,76) (112,71,0) (76,112,71) (0,76,112) (71,0,76) (112,71,0) (76,112,71) (0,76,112) (71,0,76) (112,71,0) (76,112,71) (0,76,112) (71,0,76) (112,71,0) (76,112,71) (0,76,112) (71,0,76) (112,71,0) (1,1,1) (5,8,8) (8,24,1) (1,1,62) (3,3,3) (133,6,6) (6,196,6) (6,6,196) (2,2,2) (161,2,2) (2,161,3) (3,3,133) (3,3,3) (133,3,3) (3,133,3) (3,3,133) (9,9,9) (106,9,9) (9,106,9) (9,9,106) (9,9,9) (106,9,9) (9,106,3) (3,3,87) (3,3,3) (87,6,6) (6,74,6) (6,6,74) (1,1,1) (62,1,1) (1,51,1) (1,1,51) (8,8,8) (42,8,8) (8,42,2) (2,2,31) (2,2,2) (31,2,2) (2,31,8) (8,8,24) (2,2,2) (17,2,2) (2,17,2) (2,2,11) (2,2,2) (11,2,2) (2,11,1) (1,1,5) (1,1,1) (5,1,1) (1,1,1) (1,1,1) (1,1,1) (1,1,1) (1,1,1) (1,1,1) (76,112,71) (0,76,112) (71,0,76) (112,71,0) (76,112,71) (0,76,112) (71,0,76) (112,71,0) (76,112,71) (0,76,112) (71,0,76) (112,71,0) (76,112,71) (0,76,112) (71,0,76) (112,71,0) (76,112,71) (0,76,112) (71,0,76) (112,71,0) (76,112,71) (0,76,112) (71,0,76) (112,71,0) (76,112,71) (0,76,112) (71,0,76) (112,71,0) (76,112,71) (0,76,112) (71,0,76) (112,71,0) (76,112,71) (0,76,112) (71,0,76) (112,71,0) (76,112,71) (0,76,112) (71,0,76) (112,71,0) (76,112,71) (0,76,112) (71,0,76) (112,71,0) (76,112,71) (0,76,112) (71,0,76) (112,71,0) (76,112,71) (0,76,112) (71,0,1) (1,1,1) (1,1,1) (1,1,1) (1,1,1) (1,1,1) (1,1,1) (1,1,1) (1,1,76) (112,71,0) (1,1,1) (5,1,1) (1,5,1) (1,1,5) (1,1,1) (5,1,1) (1,5,1) (1,1,5) (1,1,1) (5,2,2) (2,11,2) (2,2,11) (2,2,2) (11,2,2) (2,11,2) (2,2,11) (2,2,2) (11,2,2) (2,17,2) (2,2,17) (2,2,2) (17,2,2) (2,17,2) (2,2,17) (2,2,2) (17,2,2) (2,17,2) (2,2,17) (2,2,2) (17,2,2) (2,17,2) (2,2,17) (2,2,2) (11,2,2) (2,11,2) (2,2,11) (1,1,1) (5,1,1) (1,5,1) (1,1,5) (1,1,1) (5,1,1) (1,1,1) (1,1,1) (1,1,1) (1,1,1) (1,1,1) (1,1,1) (76,112,71) (0,76,112) (71,0,76) (112,71,0) (76,112,71) (0,76,112) (71,0,76) (112,71,0) (76,112,71) (0,76,112) (71,0,76) (112,71,0) (76,112,71) (0,76,112) (71,0,76) (112,71,0) (76,112,71) (0,76,112) (71,0,76) (112,71,0) (76,112,71) (0,76,112) (71,0,76) (112,71,0) 
(76,112,71) (0,76,112) (71,0,76) (112,71,0) (76,112,71) (0,76,112) (71,0,76) (112,71,0) (76,112,71) (0,76,112) (71,0,76) (112,71,0) (76,112,71) (0,76,112) (71,0,76) (112,71,0) (76,112,71) (0,76,112) (71,0,76) (112,71,0) (76,112,71) (0,76,112) (71,0,76) (112,71,0) (76,112,71) (0,76,112) (71,0,76) (112,71,0) (76,112,71) (0,76,112) (71,0,76) (112,71,0) (76,112,71) (0,76,112) (71,0,76) (112,71,0) (76,112,71) (0,76,112) (71,0,76) (112,71,0) (76,112,71) (0,76,112) (71,0,76) (112,71,0) (76,112,71) (0,76,112) (71,0,76) (112,71,0) (76,112,71) (0,76,112) (71,0,76) (112,71,0) (76,112,71) (0,76,112) (71,0,76) (112,71,0) (76,112,71) (0,76,112) (71,0,76) (112,71,0) (76,112,71) (0,76,112) (71,0,76) (112,71,0) (76,112,71) (0,76,112) (71,0,76) (112,71,0) (1,1,1) (5,2,2) (2,17,8) (8,8,42) (3,3,3) (87,9,9) (9,106,9) (9,9,106) (9,9,9) (106,9,9) (9,106,9) (9,9,106) (3,3,3) (87,3,3) (3,87,3) (3,3,87) (6,6,6) (74,6,6) (6,74,1) (1,1,62) (1,1,1) (51,1,1) (1,51,8) (8,8,42) (8,8,8) (42,2,2) (2,31,2) (2,2,31) (8,8,8) (24,8,8) (8,24,2) (2,2,17) (2,2,2) (17,2,2) (2,11,2) (2,2,11) (2,2,2) (11,1,1) (1,5,1) (1,1,5) (1,1,1) (1,1,1) (1,1,1) (1,1,1) (1,1,1) (1,1,1) (1,1,76) (112,71,0) (76,112,71) (0,76,112) (71,0,76) (112,71,0) (76,112,71) (0,76,112) (71,0,76) (112,71,0) (76,112,71) (0,76,112) (71,0,76) (112,71,0) (76,112,71) (0,76,112) (71,0,76) (112,71,0) (76,112,71) (0,76,112) (71,0,76) (112,71,0) (76,112,71) (0,76,112) (71,0,76) (112,71,0) (76,112,71) (0,76,112) (71,0,76) (112,71,0) (76,112,71) (0,76,112) (71,0,76) (112,71,0) (76,112,71) (0,76,112) (71,0,76) (112,71,0) (76,112,71) (0,76,112) (71,0,76) (112,71,0) (76,112,71) (0,76,112) (71,0,76) (112,71,0) (76,112,71) (0,76,112) (71,0,76) (112,71,0) (76,112,71) (0,76,112) (71,0,76) (112,71,0) (76,112,71) (0,76,112) (71,0,76) (112,71,0) (76,112,71) (0,76,112) (71,0,76) (112,71,0) (76,112,71) (0,76,112) (71,0,76) (112,71,0) (76,112,71) (0,76,112) (71,0,76) (112,71,0) (76,112,71) (0,1,1) (1,1,1) (1,1,1) (1,1,1) (1,1,1) (1,1,1) (1,1,1) (1,1,1) (1,1,1) (1,1,1) (1,1,5) (1,1,1) (5,1,1) (1,5,1) (1,1,5) (1,1,1) (5,1,1) (1,5,1) (1,1,5) (1,1,1) (5,2,2) (2,11,2) (2,2,11) (2,2,2) (11,1,1) (1,5,2) (2,2,11) (1,1,1) (5,1,1) (1,5,1) (1,1,5) (1,1,1) (5,1,1) (1,5,1) (1,1,5) (1,1,1) (1,1,1) (1,1,1) (1,1,1) (1,1,1) (1,1,1) (1,1,76) (112,71,0) (76,112,71) (0,76,112) (71,0,76) (112,71,0) (76,112,71) (0,76,112) (71,0,76) (112,71,0) (76,112,71) (0,76,112) (71,0,76) (112,71,0) (76,112,71) (0,76,112) (71,0,76) (112,71,0) (76,112,71) (0,76,112) (71,0,76) (112,71,0) (76,112,71) (0,76,112) (71,0,76) (112,71,0) (76,112,71) (0,76,112) (71,0,76) (112,71,0) 
(76,112,71) (0,76,112) (71,0,76) (112,71,0) (76,112,71) (0,76,112) (71,0,76) (112,71,0) (76,112,71) (0,76,112) (71,0,76) (112,71,0) (76,112,71) (0,76,112) (71,0,76) (112,71,0) (76,112,71) (0,76,112) (71,0,76) (112,71,0) (76,112,71) (0,76,112) (71,0,76) (112,71,0) (76,112,71) (0,76,112) (71,0,76) (112,71,0) (76,112,71) (0,76,112) (71,0,76) (112,71,0) (76,112,71) (0,76,112) (71,0,76) (112,71,0) (76,112,71) (0,76,112) (71,0,76) (112,71,0) (76,112,71) (0,76,112) (71,0,76) (112,71,0) (76,112,71) (0,76,112) (71,0,76) (112,71,0) (76,112,71) (0,76,112) (71,0,76) (112,71,0) (76,112,71) (0,76,112) (71,0,76) (112,71,0) (76,112,71) (0,76,112) (71,0,76) (112,71,0) (76,112,71) (0,76,112) (71,0,76) (112,71,0) (76,112,71) (0,76,112) (71,0,76) (112,71,0) (1,1,1) (1,2,2) (2,11,2) (2,2,31) (1,1,1) (51,1,1) (1,62,6) (6,6,74) (1,1,1) (62,1,1) (1,62,1) (1,1,51) (1,1,1) (51,8,8) (8,42,8) (8,8,42) (2,2,2) (31,2,2) (2,31,8) (8,8,24) (2,2,2) (17,2,2) (2,17,2) (2,2,17) (2,2,2) (11,2,2) (2,11,1) (1,1,5) (1,1,1) (5,1,1) (1,1,1) (1,1,1) (1,1,1) (1,1,1) (1,1,1) (1,1,1) (76,112,71) (0,76,112) (71,0,76) (112,71,0) (76,112,71) (0,76,112) (71,0,76) (112,71,0) (76,112,71) (0,76,112) (71,0,76) (112,71,0) (76,112,71) (0,76,112) (71,0,76) (112,71,0) (76,112,71) (0,76,112) (71,0,76) (112,71,0) (76,112,71) (0,76,112) (71,0,76) (112,71,0) (76,112,71) (0,76,112) (71,0,76) (112,71,0) (76,112,71) (0,76,112) (71,0,76) (112,71,0) (76,112,71) (0,76,112) (71,0,76) (112,71,0) (76,112,71) (0,76,112) (71,0,76) (112,71,0) (76,112,71) (0,76,112) (71,0,76) (112,71,0) (76,112,71) (0,76,112) (71,0,76) (112,71,0) (76,112,71) (0,76,112) (71,0,76) (112,71,0) (76,112,71) (0,76,112) (71,0,76) (112,71,0) (76,112,71) (0,76,112) (71,0,76) (112,71,0) (76,112,71) (0,76,112) (71,0,76) (112,71,0) (76,112,71) (0,76,112) (71,0,76) (112,71,0) (76,112,71) (0,76,112) (71,0,76) (112,71,0) (76,112,71) (0,76,112) (71,0,76) (112,71,0) (76,112,71) (0,76,112) (71,0,76) (112,71,0) (76,112,71) (0,76,112) (71,0,76) (112,71,0) (76,112,71) (0,76,112) (71,0,76) (112,71,0) (76,112,71) (0,76,112) (71,0,76) (112,71,0) (1,1,1) (1,1,1) (1,1,1) (1,1,1) (1,1,1) (1,1,1) (1,1,1) (1,1,1) (1,1,1) (1,1,1) (1,1,76) (112,71,0) (1,1,1) (5,1,1) (1,1,1) (1,1,1) (1,1,1) (1,1,1) (1,1,1) (1,1,1) (1,1,1) (1,1,1) (1,1,1) (1,1,1) (1,1,1) (1,76,112) (71,0,76) (112,71,0) (76,112,71) (0,76,112) (71,0,76) (112,71,0) (76,112,71) (0,76,112) (71,0,76) (112,71,0) (76,112,71) (0,76,112) (71,0,76) (112,71,0) (76,112,71) (0,76,112) (71,0,76) (112,71,0) (76,112,71) (0,76,112) (71,0,76) (112,71,0) (76,112,71) (0,76,112) (71,0,76) (112,71,0) (76,112,71) (0,76,112) (71,0,76) (112,71,0) (76,112,71) (0,76,112) (71,0,76) (112,71,0) 
(76,112,71) (0,76,112) (71,0,76) (112,71,0) (76,112,71) (0,76,112) (71,0,76) (112,71,0) (76,112,71) (0,76,112) (71,0,76) (112,71,0) (76,112,71) (0,76,112) (71,0,76) (112,71,0) (76,112,71) (0,76,112) (71,0,76) (112,71,0) (76,112,71) (0,76,112) (71,0,76) (112,71,0) (76,112,71) (0,76,112) (71,0,76) (112,71,0) (76,112,71) (0,76,112) (71,0,76) (112,71,0) (76,112,71) (0,76,112) (71,0,76) (112,71,0) (76,112,71) (0,76,112) (71,0,76) (112,71,0) (76,112,71) (0,76,112) (71,0,76) (112,71,0) (76,112,71) (0,76,112) (71,0,76) (112,71,0) (76,112,71) (0,76,112) (71,0,76) (112,71,0) (76,112,71) (0,76,112) (71,0,76) (112,71,0) (76,112,71) (0,76,112) (71,0,76) (112,71,0) (76,112,71) (0,76,112) (71,0,76) (112,71,0) (76,112,71) (0,76,112) (71,0,76) (112,71,0) (1,1,1) (1,1,1) (1,5,2) (2,2,11) (8,8,8) (24,2,2) (2,31,2) (2,2,31) (8,8,8) (24,8,8) (8,24,2) (2,2,17) (2,2,2) (17,2,2) (2,11,2) (2,2,11) (2,2,2) (11,1,1) (1,5,1) (1,1,5) (1,1,1) (1,1,1) (1,1,1) (1,1,1) (1,1,1) (1,1,1) (1,1,76) (112,71,0) (76,112,71) (0,76,112) (71,0,76) (112,71,0) (76,112,71) (0,76,112) (71,0,76) (112,71,0) (76,112,71) (0,76,112) (71,0,76) (112,71,0) (76,112,71) (0,76,112) (71,0,76) (112,71,0) (76,112,71) (0,76,112) (71,0,76) (112,71,0) (76,112,71) (0,76,112) (71,0,76) (112,71,0) (76,112,71) (0,76,112) (71,0,76) (112,71,0) (76,112,71) (0,76,112) (71,0,76) (112,71,0) (76,112,71) (0,76,112) (71,0,76) (112,71,0) (76,112,71) (0,76,112) (71,0,76) (112,71,0) (76,112,71) (0,76,112) (71,0,76) (112,71,0) (76,112,71) (0,76,112) (71,0,76) (112,71,0) (76,112,71) (0,76,112) (71,0,76) (112,71,0) (76,112,71) (0,76,112) (71,0,76) (112,71,0) (76,112,71) (0,76,112) (71,0,76) (112,71,0) (76,112,71) (0,76,112) (71,0,76) (112,71,0) (76,112,71) (0,76,112) (71,0,76) (112,71,0) (76,112,71) (0,76,112) (71,0,76) (112,71,0) (76,112,71) (0,76,112) (71,0,76) (112,71,0) (76,112,71) (0,76,112) (71,0,76) (112,71,0) (76,112,71) (0,76,112) (71,0,76) (112,71,0) (76,112,71) (0,76,112) (71,0,76) (112,71,0) (76,112,71) (0,76,112) (71,0,76) (112,71,0) (76,112,71) (0,76,112) (71,0,76) (112,71,0) (76,112,71) (0,76,112) (71,0,76) (112,71,0) (76,112,71) (0,76,112) (71,0,76) (112,71,0) (76,112,71) (0,76,112) (71,0,76) (112,71,0) (76,112,71) (0,76,112) (71,0,76) (112,71,0) (76,112,71) (0,76,112) (71,0,76) (112,71,0) (76,112,71) (0,76,112) (71,0,76) (112,71,0) (76,112,71) (0,76,112) (71,0,76) (112,71,0) (76,112,71) (0,76,112) (71,0,76) (112,71,0) (76,112,71) (0,76,112) (71,0,76) (112,71,0) (76,112,71) (0,76,112) (71,0,76) (112,71,0) (76,112,71) (0,76,112) (71,0,76) (112,71,0) (76,112,71) (0,76,112) (71,0,76) (112,71,0) (76,112,71) (0,76,112) (71,0,76) (112,71,0) (76,112,71) (0,76,112) (71,0,76) (112,71,0) (76,112,71) (0,76,112) (71,0,76) (112,71,0) (76,112,71) (0,76,112) (71,0,76) (112,71,0) 
(76,112,71) (0,76,112) (71,0,76) (112,71,0) (76,112,71) (0,76,112) (71,0,76) (112,71,0) (76,112,71) (0,76,112) (71,0,76) (112,71,0) (76,112,71) (0,76,112) (71,0,76) (112,71,0) (76,112,71) (0,76,112) (71,0,76) (112,71,0) (76,112,71) (0,76,112) (71,0,76) (112,71,0) (76,112,71) (0,76,112) (71,0,76) (112,71,0) (76,112,71) (0,76,112) (71,0,76) (112,71,0) (76,112,71) (0,76,112) (71,0,76) (112,71,0) (76,112,71) (0,76,112) (71,0,76) (112,71,0) (76,112,71) (0,76,112) (71,0,76) (112,71,0) (76,112,71) (0,76,112) (71,0,76) (112,71,0) (76,112,71) (0,76,112) (71,0,76) (112,71,0) (76,112,71) (0,76,112) (71,0,76) (112,71,0) (76,112,71) (0,76,112) (71,0,76) (112,71,0) (76,112,71) (0,76,112) (71,0,76) (112,71,0) (76,112,71) (0,76,112) (71,0,76) (112,71,0) (76,112,71) (0,1,1) (1,1,1) (1,1,1) (1,1,1) (5,1,1) (1,5,1) (1,1,5) (1,1,1) (5,1,1) (1,5,1) (1,1,1) (1,1,1) (1,1,1) (1,1,1) (1,1,1) (76,112,71) (0,76,112) (71,0,76) (112,71,0) (76,112,71) (0,76,112) (71,0,76) (112,71,0) (76,112,71) (0,76,112) (71,0,76) (112,71,0) (76,112,71) (0,76,112) (71,0,76) (112,71,0) (76,112,71) (0,76,112) (71,0,76) (112,71,0) (76,112,71) (0,76,112) (71,0,76) (112,71,0) (76,112,71) (0,76,112) (71,0,76) (112,71,0) (76,112,71) (0,76,112) (71,0,76) (112,71,0) (76,112,71) (0,76,112) (71,0,76) (112,71,0) (76,112,71) (0,76,112) (71,0,76) (112,71,0) (76,112,71) (0,76,112) (71,0,76) (112,71,0) (76,112,71) (0,76,112) (71,0,76) (112,71,0) (76,112,71) (0,76,112) (71,0,76) (112,71,0) (76,112,71) (0,76,112) (71,0,76) (112,71,0) (76,112,71) (0,76,112) (71,0,76) (112,71,0) (76,112,71) (0,76,112) (71,0,76) (112,71,0) (76,112,71) (0,76,112) (71,0,76) (112,71,0) (76,112,71) (0,76,112) (71,0,76) (112,71,0) (76,112,71) (0,76,112) (71,0,76) (112,71,0) (76,112,71) (0,76,112) (71,0,76) (112,71,0) (76,112,71) (0,76,112) (71,0,76) (112,71,0) (76,112,71) (0,76,112) (71,0,76) (112,71,0) (76,112,71) (0,76,112) (71,0,76) (112,71,0) (76,112,71) (0,76,112) (71,0,76) (112,71,0) (76,112,71) (0,76,112) (71,0,76) (112,71,0) (76,112,71) (0,76,112) (71,0,76) (112,71,0) (76,112,71) (0,76,112) (71,0,76) (112,71,0) (76,112,71) (0,76,112) (71,0,76) (112,71,0) (76,112,71) (0,76,112) (71,0,76) (112,71,0) (76,112,71) (0,76,112) (71,0,76) (112,71,0) (76,112,71) (0,76,112) (71,0,76) (112,71,0) (76,112,71) (0,76,112) (71,0,76) (112,71,0) (76,112,71) (0,76,112) (71,0,76) (112,71,0) (76,112,71) (0,76,112) (71,0,76) (112,71,0) (76,112,71) (0,76,112) (71,0,76) (112,71,0) (76,112,71) (0,76,112) (71,0,76) (112,71,0) (76,112,71) (0,76,112) (71,0,76) (112,71,0) (76,112,71) (0,76,112) (71,0,76) (112,71,0) (76,112,71) (0,76,112) (71,0,76) (112,71,0) (76,112,71) (0,76,112) (71,0,76) (112,71,0) (76,112,71) (0,76,112) (71,0,76) (112,71,0) (76,112,71) (0,76,112) (71,0,76) (112,71,0) (76,112,71) (0,76,112) (71,0,76) (112,71,0) 
(76,112,71) (0,76,112) (71,0,76) (112,71,0) (76,112,71) (0,76,112) (71,0,76) (112,71,0) (76,112,71) (0,76,112) (71,0,76) (112,71,0) (76,112,71) (0,76,112) (71,0,76) (112,71,0) (76,112,71) (0,76,112) (71,0,76) (112,71,0) (76,112,71) (0,76,112) (71,0,76) (112,71,0) (76,112,71) (0,76,112) (71,0,76) (112,71,0) (76,112,71) (0,76,112) (71,0,76) (112,71,0) (76,112,71) (0,76,112) (71,0,76) (112,71,0) (76,112,71) (0,76,112) (71,0,76) (112,71,0) (76,112,71) (0,76,112) (71,0,76) (112,71,0) (76,112,71) (0,76,112) (71,0,76) (112,71,0) (76,112,71) (0,76,112) (71,0,76) (112,71,0) (76,112,71) (0,76,112) (71,0,76) (112,71,0) (76,112,71) (0,76,112) (71,0,76) (112,71,0) (76,112,71) (0,76,112) (71,0,76) (112,71,0) (76,112,71) (0,76,112) (71,0,76) (112,71,0) (76,112,71) (0,76,112) (71,0,76) (112,71,0) (76,112,71) (0,76,112) (71,0,76) (112,71,0) (76,112,71) (0,76,112) (71,0,76) (112,71,0) (76,112,71) (0,76,112) (71,0,76) (112,71,0) (76,112,71) (0,76,112) (71,0,76) (112,71,0) (76,112,71) (0,76,112) (71,0,76) (112,71,0) (76,112,71) (0,76,112) (71,0,76) (112,71,0) (76,112,71) (0,76,112) (71,0,76) (112,71,0) (76,112,71) (0,76,112) (71,0,76) (112,71,0) (76,112,71) (0,76,112) (71,0,76) (112,71,0) (76,112,71) (0,76,112) (71,0,76) (112,71,0) (76,112,71) (0,76,112) (71,0,76) (112,71,0) (76,112,71) (0,76,112) (71,0,76) (112,71,0) (76,112,71) (0,76,112) (71,0,76) (112,71,0) (76,112,71) (0,76,112) (71,0,76) (112,71,0) (76,112,71) (0,76,112) (71,0,76) (112,71,0) (76,112,71) (0,76,112) (71,0,76) (112,71,0) (76,112,71) (0,76,112) (71,0,76) (112,71,0) (76,112,71) (0,76,112) (71,0,76) (112,71,0) (76,112,71) (0,76,112) (71,0,76) (112,71,0) (76,112,71) (0,76,112) (71,0,76) (112,71,0) (76,112,71) (0,76,112) (71,0,76) (112,71,0) (76,112,71) (0,76,112) (71,0,76) (112,71,0) (76,112,71) (0,76,112) (71,0,76) (112,71,0) (76,112,71) (0,76,112) (71,0,76) (112,71,0) (76,112,71) (0,76,112) (71,0,76) (112,71,0) (76,112,71) (0,76,112) (71,0,76) (112,71,0) (76,112,71) (0,76,112) (71,0,76) (112,71,0) (76,112,71) (0,76,112) (71,0,76) (112,71,0) (76,112,71) (0,76,112) (71,0,76) (112,71,0) (76,112,71) (0,76,112) (71,0,76) (112,71,0) (76,112,71) (0,76,112) (71,0,76) (112,71,0) (76,112,71) (0,76,112) (71,0,76) (112,71,0) (76,112,71) (0,76,112) (71,0,76) (112,71,0) (76,112,71) (0,76,112) (71,0,76) (112,71,0) (76,112,71) (0,76,112) (71,0,76) (112,71,0) (76,112,71) (0,76,112) (71,0,76) (112,71,0) (76,112,71) (0,76,112) (71,0,76) (112,71,0) (76,112,71) (0,76,112) (71,0,76) (112,71,0) (76,112,71) (0,76,112) (71,0,76) (112,71,0) (76,112,71) (0,76,112) (71,0,76) (112,71,0) (76,112,71) (0,76,112) (71,0,76) (112,71,0) (76,112,71) (0,76,112) (71,0,76) (112,71,0) (76,112,71) (0,76,112) (71,0,76) (112,71,0) (76,112,71) (0,76,112) (71,0,76) (112,71,0) (76,112,71) (0,76,112) (71,0,76) (112,71,0) (76,112,71) (0,76,112) (71,0,76) (112,71,0) 
(76,112,71) (0,76,112) (71,0,76) (112,71,0) (76,112,71) (0,76,112) (71,0,76) (112,71,0) (76,112,71) (0,76,112) (71,0,76) (112,71,0) (76,112,71) (0,76,112) (71,0,76) (112,71,0) (76,112,71) (0,76,112) (71,0,76) (112,71,0) (76,112,71) (0,76,112) (71,0,76) (112,71,0) (76,112,71) (0,76,112) (71,0,76) (112,71,0) (76,112,71) (0,76,112) (71,0,76) (112,71,0) (76,112,71) (0,76,112) (71,0,76) (112,71,0) (76,112,71) (0,76,112) (71,0,76) (112,71,0) (76,112,71) (0,76,112) (71,0,76) (112,71,0) (76,112,71) (0,76,112) (71,0,76) (112,71,0) (76,112,71) (0,76,112) (71,0,76) (112,71,0) (76,112,71) (0,76,112) (71,0,76) (112,71,0) (76,112,71) (0,76,112) (71,0,76) (112,71,0) (76,112,71) (0,76,112) (71,0,76) (112,71,0) (76,112,71) (0,76,112) (71,0,76) (112,71,0) (76,112,71) (0,76,112) (71,0,76) (112,71,0) (76,112,71) (0,76,112) (71,0,76) (112,71,0) (76,112,71) (0,76,112) (71,0,76) (112,71,0) (76,112,71) (0,76,112) (71,0,76) (112,71,0) (76,112,71) (0,76,112) (71,0,76) (112,71,0) (76,112,71) (0,76,112) (71,0,76) (112,71,0) (76,112,71) (0,76,112) (71,0,76) (112,71,0) (76,112,71) (0,76,112) (71,0,76) (112,71,0) (76,112,71) (0,76,112) (71,0,76) (112,71,0) (76,112,71) (0,76,112) (71,0,76) (112,71,0) (76,112,71) (0,76,112) (71,0,76) (112,71,0) (76,112,71) (0,76,112) (71,0,76) (112,71,0) (76,112,71) (0,76,112) (71,0,76) (112,71,0) (76,112,71) (0,76,112) (71,0,76) (112,71,0) (76,112,71) (0,76,112) (71,0,76) (112,71,0) (76,112,71) (0,76,112) (71,0,76) (112,71,0) (76,112,71) (0,76,112) (71,0,76) (112,71,0) (76,112,71) (0,76,112) (71,0,76) (112,71,0) (76,112,71) (0,76,112) (71,0,76) (112,71,0) (76,112,71) (0,76,112) (71,0,76) (112,71,0) (76,112,71) (0,76,112) (71,0,76) (112,71,0) (76,112,71) (0,76,112) (71,0,76) (112,71,0) (76,112,71) (0,76,112) (71,0,76) (112,71,0) (76,112,71) (0,76,112) (71,0,76) (112,71,0) (76,112,71) (0,76,112) (71,0,76) (112,71,0) (76,112,71) (0,76,112) (71,0,76) (112,71,0) (76,112,71) (0,76,112) (71,0,76) (112,71,0) (76,112,71) (0,76,112) (71,0,76) (112,71,0) (76,112,71) (0,76,112) (71,0,76) (112,71,0) (76,112,71) (0,76,112) (71,0,76) (112,71,0) (76,112,71) (0,76,112) (71,0,76) (112,71,0) (76,112,71) (0,76,112) (71,0,76) (112,71,0) (76,112,71) (0,76,112) (71,0,76) (112,71,0) (76,112,71) (0,76,112) (71,0,76) (112,71,0) (76,112,71) (0,76,112) (71,0,76) (112,71,0) (76,112,71) (0,76,112) (71,0,76) (112,71,0) (76,112,71) (0,76,112) (71,0,76) (112,71,0) (76,112,71) (0,76,112) (71,0,76) (112,71,0) (76,112,71) (0,76,112) (71,0,76) (112,71,0) (76,112,71) (0,76,112) (71,0,76) (112,71,0) (76,112,71) (0,76,112) (71,0,76) (112,71,0) (76,112,71) (0,76,112) (71,0,76) (112,71,0) (76,112,71) (0,76,112) (71,0,76) (112,71,0) (76,112,71) (0,76,112) (71,0,76) (112,71,0) (76,112,71) (0,76,112) (71,0,76) (112,71,0) (76,112,71) (0,76,112) (71,0,76) (112,71,0) (76,112,71) (0,76,112) (71,0,76) (112,71,0) 
(76,112,71) (0,76,112) (71,0,76) (112,71,0) (76,112,71) (0,76,112) (71,0,76) (112,71,0) (76,112,71) (0,76,112) (71,0,76) (112,71,0) (76,112,71) (0,76,112) (71,0,76) (112,71,0) (76,112,71) (0,76,112) (71,0,76) (112,71,0) (76,112,71) (0,76,112) (71,0,76) (112,71,0) (76,112,71) (0,76,112) (71,0,76) (112,71,0) (76,112,71) (0,76,112) (71,0,76) (112,71,0) (76,112,71) (0,76,112) (71,0,76) (112,71,0) (76,112,71) (0,76,112) (71,0,76) (112,71,0) (76,112,71) (0,76,112) (71,0,76) (112,71,0) (76,112,71) (0,76,112) (71,0,76) (112,71,0) (76,112,71) (0,76,112) (71,0,76) (112,71,0) (76,112,71) (0,76,112) (71,0,76) (112,71,0) (76,112,71) (0,76,112) (71,0,76) (112,71,0) (76,112,71) (0,76,112) (71,0,76) (112,71,0) (76,112,71) (0,76,112) (71,0,76) (112,71,0) (76,112,71) (0,76,112) (71,0,76) (112,71,0) (76,112,71) (0,76,112) (71,0,76) (112,71,0) (76,112,71) (0,76,112) (71,0,76) (112,71,0) (76,112,71) (0,76,112) (71,0,76) (112,71,0) (76,112,71) (0,76,112) (71,0,76) (112,71,0) (76,112,71) (0,76,112) (71,0,76) (112,71,0) (76,112,71) (0,76,112) (71,0,76) (112,71,0) (76,112,71) (0,76,112) (71,0,76) (112,71,0) (76,112,71) (0,76,112) (71,0,76) (112,71,0) (76,112,71) (0,76,112) (71,0,76) (112,71,0) (76,112,71) (0,76,112) (71,0,76) (112,71,0) (76,112,71) (0,76,112) (71,0,76) (112,71,0) (76,112,71) (0,76,112) (71,0,76) (112,71,0) (76,112,71) (0,76,112) (71,0,76) (112,71,0) (76,112,71) (0,76,112) (71,0,76) (112,71,0) (76,112,71) (0,76,112) (71,0,76) (112,71,0) (76,112,71) (0,76,112) (71,0,76) (112,71,0) (76,112,71) (0,76,112) (71,0,76) (112,71,0) (76,112,71) (0,76,112) (71,0,76) (112,71,0) (76,112,71) (0,76,112) (71,0,76) (112,71,0) (76,112,71) (0,76,112) (71,0,76) (112,71,0) (76,112,71) (0,76,112) (71,0,76) (112,71,0) (76,112,71) (0,76,112) (71,0,76) (112,71,0) (76,112,71) (0,76,112) (71,0,76) (112,71,0) (76,112,71) (0,76,112) (71,0,76) (112,71,0) (76,112,71) (0,76,112) (71,0,76) (112,71,0) (76,112,71) (0,76,112) (71,0,76) (112,71,0) (76,112,71) (0,76,112) (71,0,76) (112,71,0) (76,112,71) (0,76,112) (71,0,76) (112,71,0) (76,112,71) (0,76,112) (71,0,76) (112,71,0) (76,112,71) (0,76,112) (71,0,76) (112,71,0) (76,112,71) (0,76,112) (71,0,76) (112,71,0) (76,112,71) (0,76,112) (71,0,76) (112,71,0) (76,112,71) (0,76,112) (71,0,76) (112,71,0) (76,112,71) (0,76,112) (71,0,76) (112,71,0) (76,112,71) (0,76,112) (71,0,76) (112,71,0) (76,112,71) (0,76,112) (71,0,76) (112,71,0) (76,112,71) (0,76,112) (71,0,76) (112,71,0) (76,112,71) (0,76,112) (71,0,76) (112,71,0) (76,112,71) (0,76,112) (71,0,76) (112,71,0) (76,112,71) (0,76,112) (71,0,76) (112,71,0) (76,112,71) (0,76,112) (71,0,76) (112,71,0) (76,112,71) (0,76,112) (71,0,76) (112,71,0) (76,112,71) (0,76,112) (71,0,76) (112,71,0) (76,112,71) (0,76,112) (71,0,76) (112,71,0) (76,112,71) (0,76,112) (71,0,76) (112,71,0) (76,112,71) (0,76,112) (71,0,76) (112,71,0) 
(76,112,71) (0,76,112) (71,0,76) (112,71,0) (76,112,71) (0,76,112) (71,0,76) (112,71,0) (76,112,71) (0,76,112) (71,0,76) (112,71,0) (76,112,71) (0,76,112) (71,0,76) (112,71,0) (76,112,71) (0,76,112) (71,0,76) (112,71,0) (76,112,71) (0,76,112) (71,0,76) (112,71,0) (76,112,71) (0,76,112) (71,0,76) (112,71,0) (76,112,71) (0,76,112) (71,0,76) (112,71,0) (76,112,71) (0,76,112) (71,0,76) (112,71,0) (76,112,71) (0,76,112) (71,0,76) (112,71,0) (76,112,71) (0,76,112) (71,0,76) (112,71,0) (76,112,71) (0,76,112) (71,0,76) (112,71,0) (76,112,71) (0,76,112) (71,0,76) (112,71,0) (76,112,71) (0,76,112) (71,0,76) (112,71,0) (76,112,71) (0,76,112) (71,0,76) (112,71,0) (76,112,71) (0,76,112) (71,0,76) (112,71,0) (76,112,71) (0,76,112) (71,0,76) (112,71,0) (76,112,71) (0,76,112) (71,0,76) (112,71,0) (76,112,71) (0,76,112) (71,0,76) (112,71,0) (76,112,71) (0,76,112) (71,0,76) (112,71,0) (76,112,71) (0,76,112) (71,0,76) (112,71,0) (76,112,71) (0,76,112) (71,0,76) (112,71,0) (76,112,71) (0,76,112) (71,0,76) (112,71,0) (76,112,71) (0,76,112) (71,0,76) (112,71,0) (76,112,71) (0,76,112) (71,0,76) (112,71,0) (76,112,71) (0,76,112) (71,0,76) (112,71,0) (76,112,71) (0,76,112) (71,0,76) (112,71,0) (76,112,71) (0,76,112) (71,0,76) (112,71,0) (76,112,71) (0,76,112) (71,0,76) (112,71,0) (76,112,71) (0,76,112) (71,0,76) (112,71,0) (76,112,71) (0,76,112) (71,0,76) (112,71,0) (76,112,71) (0,76,112) (71,0,76) (112,71,0) (76,112,71) (0,76,112) (71,0,76) (112,71,0) (76,112,71) (0,76,112) (71,0,76) (112,71,0) (76,112,71) (0,76,112) (71,0,76) (112,71,0) (76,112,71) (0,76,112) (71,0,76) (112,71,0) (76,112,71) (0,76,112) (71,0,76) (112,71,0) (76,112,71) (0,76,112) (71,0,76) (112,71,0) (76,112,71) (0,76,112) (71,0,76) (112,71,0) (76,112,71) (0,76,112) (71,0,76) (112,71,0) (76,112,71) (0,76,112) (71,0,76) (112,71,0) (76,112,71) (0,76,112) (71,0,76) (112,71,0) (76,112,71) (0,76,112) (71,0,76) (112,71,0) (76,112,71) (0,76,112) (71,0,76) (112,71,0) (76,112,71) (0,76,112) (71,0,76) (112,71,0) (76,112,71) (0,76,112) (71,0,76) (112,71,0) (76,112,71) (0,76,112) (71,0,76) (112,71,0) (76,112,71) (0,76,112) (71,0,76) (112,71,0) (76,112,71) (0,76,112) (71,0,76) (112,71,0) (76,112,71) (0,76,112) (71,0,76) (112,71,0) (76,112,71) (0,76,112) (71,0,76) (112,71,0) (76,112,71) (0,76,112) (71,0,76) (112,71,0) (76,112,71) (0,76,112) (71,0,76) (112,71,0) (76,112,71) (0,76,112) (71,0,76) (112,71,0) (76,112,71) (0,76,112) (71,0,76) (112,71,0) (76,112,71) (0,76,112) (71,0,76) (112,71,0) (76,112,71) (0,76,112) (71,0,76) (112,71,0) (76,112,71) (0,76,112) (71,0,76) (112,71,0) (76,112,71) (0,76,112) (71,0,76) (112,71,0) (76,112,71) (0,76,112) (71,0,76) (112,71,0) (76,112,71) (0,76,112) (71,0,76) (112,71,0) (76,112,71) (0,76,112) (71,0,76) (112,71,0) (76,112,71) (0,76,112) (71,0,76) (112,71,0) (76,112,71) (0,76,112) (71,0,76) (112,71,0) 
(76,112,71) (0,76,112) (71,0,76) (112,71,0) (76,112,71) (0,76,112) (71,0,76) (112,71,0) (76,112,71) (0,76,112) (71,0,76) (112,71,0) (76,112,71) (0,76,112) (71,0,76) (112,71,0) (76,112,71) (0,76,112) (71,0,76) (112,71,0) (76,112,71) (0,76,112) (71,0,76) (112,71,0) (76,112,71) (0,76,112) (71,0,76) (112,71,0) (76,112,71) (0,76,112) (71,0,76) (112,71,0) (76,112,71) (0,76,112) (71,0,76) (112,71,0) (76,112,71) (0,76,112) (71,0,76) (112,71,0) (76,112,71) (0,76,112) (71,0,76) (112,71,0) (76,112,71) (0,76,112) (71,0,76) (112,71,0) (76,112,71) (0,76,112) (71,0,76) (112,71,0) (76,112,71) (0,76,112) (71,0,76) (112,71,0) (76,112,71) (0,76,112) (71,0,76) (112,71,0) (76,112,71) (0,76,112) (71,0,76) (112,71,0) (76,112,71) (0,76,112) (71,0,76) (112,71,0) (76,112,71) (0,76,112) (71,0,76) (112,71,0) (76,112,71) (0,76,112) (71,0,76) (112,71,0) (76,112,71) (0,76,112) (71,0,76) (112,71,0) (76,112,71) (0,76,112) (71,0,76) (112,71,0) (76,112,71) (0,76,112) (71,0,76) (112,71,0) (76,112,71) (0,76,112) (71,0,76) (112,71,0) (76,112,71) (0,76,112) (71,0,76) (112,71,0) (76,112,71) (0,76,112) (71,0,76) (112,71,0) (76,112,71) (0,76,112) (71,0,76) (112,71,0) (76,112,71) (0,76,112) (71,0,76) (112,71,0) (76,112,71) (0,76,112) (71,0,76) (112,71,0) (76,112,71) (0,76,112) (71,0,76) (112,71,0) (76,112,71) (0,76,112) (71,0,76) (112,71,0) (76,112,71) (0,76,112) (71,0,76) (112,71,0) (76,112,71) (0,76,112) (71,0,76) (112,71,0) (76,112,71) (0,76,112) (71,0,76) (112,71,0) (76,112,71) (0,76,112) (71,0,76) (112,71,0) (76,112,71) (0,76,112) (71,0,76) (112,71,0) (76,112,71) (0,76,112) (71,0,76) (112,71,0) (76,112,71) (0,76,112) (71,0,76) (112,71,0) (76,112,71) (0,76,112) (71,0,76) (112,71,0) (76,112,71) (0,76,112) (71,0,76) (112,71,0) (76,112,71) (0,76,112) (71,0,76) (112,71,0) (76,112,71) (0,76,112) (71,0,76) (112,71,0) (76,112,71) (0,76,112) (71,0,76) (112,71,0) (76,112,71) (0,76,112) (71,0,76) (112,71,0) (76,112,71) (0,76,112) (71,0,76) (112,71,0) (76,112,71) (0,76,112) (71,0,76) (112,71,0) (76,112,71) (0,76,112) (71,0,76) (112,71,0) (76,112,71) (0,76,112) (71,0,76) (112,71,0) (76,112,71) (0,76,112) (71,0,76) (112,71,0) (76,112,71) (0,76,112) (71,0,76) (112,71,0) (76,112,71) (0,76,112) (71,0,76) (112,71,0) (76,112,71) (0,76,112) (71,0,76) (112,71,0) (76,112,71) (0,76,112) (71,0,76) (112,71,0) (76,112,71) (0,76,112) (71,0,76) (112,71,0) (76,112,71) (0,76,112) (71,0,76) (112,71,0) (76,112,71) (0,76,112) (71,0,76) (112,71,0) (76,112,71) (0,76,112) (71,0,76) (112,71,0) (76,112,71) (0,76,112) (71,0,76) (112,71,0) (76,112,71) (0,76,112) (71,0,76) (112,71,0) (76,112,71) (0,76,112) (71,0,76) (112,71,0) (76,112,71) (0,76,112) (71,0,76) (112,71,0) (76,112,71) (0,76,112) (71,0,76) (112,71,0) (76,112,71) (0,76,112) (71,0,76) (112,71,0) (76,112,71) (0,76,112) (71,0,76) (112,71,0) (76,112,71) (0,76,112) (71,0,76) (112,71,0) 
(76,112,71) (0,76,112) (71,0,76) (112,71,0) (76,112,71) (0,76,112) (71,0,76) (112,71,0) (76,112,71) (0,76,112) (71,0,76) (112,71,0) (76,112,71) (0,76,112) (71,0,76) (112,71,0) (76,112,71) (0,76,112) (71,0,76) (112,71,0) (76,112,71) (0,76,112) (71,0,76) (112,71,0) (76,112,71) (0,76,112) (71,0,76) (112,71,0) (76,112,71) (0,76,112) (71,0,76) (112,71,0) (76,112,71) (0,76,112) (71,0,76) (112,71,0) (76,112,71) (0,76,112) (71,0,76) (112,71,0) (76,112,71) (0,76,112) (71,0,76) (112,71,0) (76,112,71) (0,76,112) (71,0,76) (112,71,0) (76,112,71) (0,76,112) (71,0,76) (112,71,0) (76,112,71) (0,76,112) (71,0,76) (112,71,0) (76,112,71) (0,76,112) (71,0,76) (112,71,0) (76,112,71) (0,76,112) (71,0,76) (112,71,0) (76,112,71) (0,76,112) (71,0,76) (112,71,0) (76,112,71) (0,76,112) (71,0,76) (112,71,0) (76,112,71) (0,76,112) (71,0,76) (112,71,0) (76,112,71) (0,76,112) (71,0,76) (112,71,0) (76,112,71) (0,76,112) (71,0,76) (112,71,0) (76,112,71) (0,76,112) (71,0,76) (112,71,0) (76,112,71) (0,76,112) (71,0,76) (112,71,0) (76,112,71) (0,76,112) (71,0,76) (112,71,0) (76,112,71) (0,76,112) (71,0,76) (112,71,0) (76,112,71) (0,76,112) (71,0,76) (112,71,0) (76,112,71) (0,76,112) (71,0,76) (112,71,0) (76,112,71) (0,76,112) (71,0,76) (112,71,0) (76,112,71) (0,76,112) (71,0,76) (112,71,0) (76,112,71) (0,76,112) (71,0,76) (112,71,0) (76,112,71) (0,76,112) (71,0,76) (112,71,0) (76,112,71) (0,76,112) (71,0,76) (112,71,0) (76,112,71) (0,76,112) (71,0,76) (112,71,0) (76,112,71) (0,76,112) (71,0,76) (112,71,0) (76,112,71) (0,76,112) (71,0,76) (112,71,0) (76,112,71) (0,76,112) (71,0,76) (112,71,0) (76,112,71) (0,76,112) (71,0,76) (112,71,0) (76,112,71) (0,76,112) (71,0,76) (112,71,0) (76,112,71) (0,76,112) (71,0,76) (112,71,0) (76,112,71) (0,76,112) (71,0,76) (112,71,0) (76,112,71) (0,76,112) (71,0,76) (112,71,0) (76,112,71) (0,76,112) (71,0,76) (112,71,0) (76,112,71) (0,76,112) (71,0,76) (112,71,0) (76,112,71) (0,76,112) (71,0,76) (112,71,0) (76,112,71) (0,76,112) (71,0,76) (112,71,0) (76,112,71) (0,76,112) (71,0,76) (112,71,0) (76,112,71) (0,76,112) (71,0,76) (112,71,0) (76,112,71) (0,76,112) (71,0,76) (112,71,0) (76,112,71) (0,76,112) (71,0,76) (112,71,0) (76,112,71) (0,76,112) (71,0,76) (112,71,0) (76,112,71) (0,76,112) (71,0,76) (112,71,0) (76,112,71) (0,76,112) (71,0,76) (112,71,0) (76,112,71) (0,76,112) (71,0,76) (112,71,0) (76,112,71) (0,76,112) (71,0,76) (112,71,0) (76,112,71) (0,76,112) (71,0,76) (112,71,0) (76,112,71) (0,76,112) (71,0,76) (112,71,0) (76,112,71) (0,76,112) (71,0,76) (112,71,0) (76,112,71) (0,76,112) (71,0,76) (112,71,0) (76,112,71) (0,76,112) (71,0,76) (112,71,0) (76,112,71) (0,76,112) (71,0,76) (112,71,0) (76,112,71) (0,76,112) (71,0,76) (112,71,0) (76,112,71) (0,76,112) (71,0,76) (112,71,0) (76,112,71) (0,76,112) (71,0,76) (112,71,0) (76,112,71) (0,76,112) (71,0,76) (112,71,0) 
(76,112,71) (0,76,112) (71,0,76) (112,71,0) (76,112,71) (0,76,112) (71,0,76) (112,71,0) (76,112,71) (0,76,112) (71,0,76) (112,71,0) (76,112,71) (0,76,112) (71,0,76) (112,71,0) (76,112,71) (0,76,112) (71,0,76) (112,71,0) (76,112,71) (0,76,112) (71,0,76) (112,71,0) (76,112,71) (0,76,112) (71,0,76) (112,71,0) (76,112,71) (0,76,112) (71,0,76) (112,71,0) (76,112,71) (0,76,112) (71,0,76) (112,71,0) (76,112,71) (0,76,112) (71,0,76) (112,71,0) (76,112,71) (0,76,112) (71,0,76) (112,71,0) (76,112,71) (0,76,112) (71,0,76) (112,71,0) (76,112,71) (0,76,112) (71,0,76) (112,71,0) (76,112,71) (0,76,112) (71,0,76) (112,71,0) (76,112,71) (0,76,112) (71,0,76) (112,71,0) (76,112,71) (0,76,112) (71,0,76) (112,71,0) (76,112,71) (0,76,112) (71,0,76) (112,71,0) (76,112,71) (0,76,112) (71,0,76) (112,71,0) (76,112,71) (0,76,112) (71,0,76) (112,71,0) (76,112,71) (0,76,112) (71,0,76) (112,71,0) (76,112,71) (0,76,112) (71,0,76) (112,71,0) (76,112,71) (0,76,112) (71,0,76) (112,71,0) (76,112,71) (0,76,112) (71,0,76) (112,71,0) (76,112,71) (0,76,112) (71,0,76) (112,71,0) (76,112,71) (0,76,112) (71,0,76) (112,71,0) (76,112,71) (0,76,112) (71,0,76) (112,71,0) (76,112,71) (0,76,112) (71,0,76) (112,71,0) (76,112,71) (0,76,112) (71,0,76) (112,71,0) (76,112,71) (0,76,112) (71,0,76) (112,71,0) (76,112,71) (0,76,112) (71,0,76) (112,71,0) (76,112,71) (0,76,112) (71,0,76) (112,71,0) (76,112,71) (0,76,112) (71,0,76) (112,71,0) (76,112,71) (0,76,112) (71,0,76) (112,71,0) (76,112,71) (0,76,112) (71,0,76) (112,71,0) (76,112,71) (0,76,112) (71,0,76) (112,71,0) (76,112,71) (0,76,112) (71,0,76) (112,71,0) (76,112,71) (0,76,112) (71,0,76) (112,71,0) (76,112,71) (0,76,112) (71,0,76) (112,71,0) (76,112,71) (0,76,112) (71,0,76) (112,71,0) (76,112,71) (0,76,112) (71,0,76) (112,71,0) (76,112,71) (0,76,112) (71,0,76) (112,71,0) (76,112,71) (0,76,112) (71,0,76) (112,71,0) (76,112,71) (0,76,112) (71,0,76) (112,71,0) (76,112,71) (0,76,112) (71,0,76) (112,71,0) (76,112,71) (0,76,112) (71,0,76) (112,71,0) (76,112,71) (0,76,112) (71,0,76) (112,71,0) (76,112,71) (0,76,112) (71,0,76) (112,71,0) (76,112,71) (0,76,112) (71,0,76) (112,71,0) (76,112,71) (0,76,112) (71,0,76) (112,71,0) (76,112,71) (0,76,112) (71,0,76) (112,71,0) (76,112,71) (0,76,112) (71,0,76) (112,71,0) (76,112,71) (0,76,112) (71,0,76) (112,71,0) (76,112,71) (0,76,112) (71,0,76) (112,71,0) (76,112,71) (0,76,112) (71,0,76) (112,71,0) (76,112,71) (0,76,112) (71,0,76) (112,71,0) (76,112,71) (0,76,112) (71,0,76) (112,71,0) (76,112,71) (0,76,112) (71,0,76) (112,71,0) (76,112,71) (0,76,112) (71,0,76) (112,71,0) (76,112,71) (0,76,112) (71,0,76) (112,71,0) (76,112,71) (0,76,112) (71,0,76) (112,71,0) (76,112,71) (0,76,112) (71,0,76) (112,71,0) (76,112,71) (0,76,112) (71,0,76) (112,71,0) (76,112,71) (0,76,112) (71,0,76) (112,71,0) (76,112,71) (0,76,112) (71,0,76) (112,71,0) 
(76,112,71) (0,76,112) (71,0,76) (112,71,0) (76,112,71) (0,76,112) (71,0,76) (112,71,0) (76,112,71) (0,76,112) (71,0,76) (112,71,0) (76,112,71) (0,76,112) (71,0,76) (112,71,0) (76,112,71) (0,76,112) (71,0,76) (112,71,0) (76,112,71) (0,76,112) (71,0,76) (112,71,0) (76,112,71) (0,76,112) (71,0,76) (112,71,0) (76,112,71) (0,76,112) (71,0,76) (112,71,0) (76,112,71) (0,76,112) (71,0,76) (112,71,0) (76,112,71) (0,76,112) (71,0,76) (112,71,0) (76,112,71) (0,76,112) (71,0,76) (112,71,0) (76,112,71) (0,76,112) (71,0,76) (112,71,0) (76,112,71) (0,76,112) (71,0,76) (112,71,0) (76,112,71) (0,76,112) (71,0,76) (112,71,0) (76,112,71) (0,76,112) (71,0,76) (112,71,0) (76,112,71) (0,76,112) (71,0,76) (112,71,0) (76,112,71) (0,76,112) (71,0,76) (112,71,0) (76,112,71) (0,76,112) (71,0,76) (112,71,0) (76,112,71) (0,76,112) (71,0,76) (112,71,0) (76,112,71) (0,76,112) (71,0,76) (112,71,0) (76,112,71) (0,76,112) (71,0,76) (112,71,0) (76,112,71) (0,76,112) (71,0,76) (112,71,0) (76,112,71) (0,76,112) (71,0,76) (112,71,0) (76,112,71) (0,76,112) (71,0,76) (112,71,0) (76,112,71) (0,76,112) (71,0,76) (112,71,0) (76,112,71) (0,76,112) (71,0,76) (112,71,0) (76,112,71) (0,76,112) (71,0,76) (112,71,0) (76,112,71) (0,76,112) (71,0,76) (112,71,0) (76,112,71) (0,76,112) (71,0,76) (112,71,0) (76,112,71) (0,76,112) (71,0,76) (112,71,0) (76,112,71) (0,76,112) (71,0,76) (112,71,0) (76,112,71) (0,76,112) (71,0,76) (112,71,0) (76,112,71) (0,76,112) (71,0,76) (112,71,0) (76,112,71) (0,76,112) (71,0,76) (112,71,0) (76,112,71) (0,76,112) (71,0,76) (112,71,0) (76,112,71) (0,76,112) (71,0,76) (112,71,0) (76,112,71) (0,76,112) (71,0,76) (112,71,0) (76,112,71) (0,76,112) (71,0,76) (112,71,0) (76,112,71) (0,76,112) (71,0,76) (112,71,0) (76,112,71) (0,76,112) (71,0,76) (112,71,0) (76,112,71) (0,76,112) (71,0,76) (112,71,0) (76,112,71) (0,76,112) (71,0,76) (112,71,0) (76,112,71) (0,76,112) (71,0,76) (112,71,0) (76,112,71) (0,76,112) (71,0,76) (112,71,0) (76,112,71) (0,76,112) (71,0,76) (112,71,0) (76,112,71) (0,76,112) (71,0,76) (112,71,0) (76,112,71) (0,76,112) (71,0,76) (112,71,0) (76,112,71) (0,76,112) (71,0,76) (112,71,0) (76,112,71) (0,76,112) (71,0,76) (112,71,0) (76,112,71) (0,76,112) (71,0,76) (112,71,0) (76,112,71) (0,76,112) (71,0,76) (112,71,0) (76,112,71) (0,76,112) (71,0,76) (112,71,0) (76,112,71) (0,76,112) (71,0,76) (112,71,0) (76,112,71) (0,76,112) (71,0,76) (112,71,0) (76,112,71) (0,76,112) (71,0,76) (112,71,0) (76,112,71) (0,76,112) (71,0,76) (112,71,0) (76,112,71) (0,76,112) (71,0,76) (112,71,0) (76,112,71) (0,76,112) (71,0,76) (112,71,0) (76,112,71) (0,76,112) (71,0,76) (112,71,0) (76,112,71) (0,76,112) (71,0,76) (112,71,0) (76,112,71) (0,76,112) (71,0,76) (112,71,0) (76,112,71) (0,76,112) (71,0,76) (112,71,0) (76,112,71) (0,76,112) (71,0,76) (112,71,0) (76,112,71) (0,76,112) (71,0,76) (112,71,0) 
(76,112,71) (0,76,112) (71,0,76) (112,71,0) (76,112,71) (0,76,112) (71,0,76) (112,71,0) (76,112,71) (0,76,112) (71,0,76) (112,71,0) (76,112,71) (0,76,112) (71,0,76) (112,71,0) (76,112,71) (0,76,112) (71,0,76) (112,71,0) (76,112,71) (0,76,112) (71,0,76) (112,71,0) (76,112,71) (0,76,112) (71,0,76) (112,71,0) (76,112,71) (0,76,112) (71,0,76) (112,71,0) (76,112,71) (0,76,112) (71,0,76) (112,71,0) (76,112,71) (0,76,112) (71,0,76) (112,71,0) (76,112,71) (0,76,112) (71,0,76) (112,71,0) (76,112,71) (0,76,112) (71,0,76) (112,71,0) (76,112,71) (0,76,112) (71,0,76) (112,71,0) (76,112,71) (0,76,112) (71,0,76) (112,71,0) (76,112,71) (0,76,112) (71,0,76) (112,71,0) (76,112,71) (0,76,112) (71,0,76) (112,71,0) (76,112,71) (0,76,112) (71,0,76) (112,71,0) (76,112,71) (0,76,112) (71,0,76) (112,71,0) (76,112,71) (0,76,112) (71,0,76) (112,71,0) (76,112,71) (0,76,112) (71,0,76) (112,71,0) (76,112,71) (0,76,112) (71,0,76) (112,71,0) (76,112,71) (0,76,112) (71,0,76) (112,71,0) (76,112,71) (0,76,112) (71,0,76) (112,71,0) (76,112,71) (0,76,112) (71,0,76) (112,71,0) (76,112,71) (0,76,112) (71,0,76) (112,71,0) (76,112,71) (0,76,112) (71,0,76) (112,71,0) (76,112,71) (0,76,112) (71,0,76) (112,71,0) (76,112,71) (0,76,112) (71,0,76) (112,71,0) (76,112,71) (0,76,112) (71,0,76) (112,71,0) (76,112,71) (0,76,112) (71,0,76) (112,71,0) (76,112,71) (0,76,112) (71,0,76) (112,71,0) (76,112,71) (0,76,112) (71,0,76) (112,71,0) (76,112,71) (0,76,112) (71,0,76) (112,71,0) (76,112,71) (0,76,112) (71,0,76) (112,71,0) (76,112,71) (0,76,112) (71,0,76) (112,71,0) (76,112,71) (0,76,112) (71,0,76) (112,71,0) (76,112,71) (0,76,112) (71,0,76) (112,71,0) (76,112,71) (0,76,112) (71,0,76) (112,71,0) (76,112,71) (0,76,112) (71,0,76) (112,71,0) (76,112,71) (0,76,112) (71,0,76) (112,71,0) (76,112,71) (0,76,112) (71,0,76) (112,71,0) (76,112,71) (0,76,112) (71,0,76) (112,71,0) (76,112,71) (0,76,112) (71,0,76) (112,71,0) (76,112,71) (0,76,112) (71,0,76) (112,71,0) (76,112,71) (0,76,112) (71,0,76) (112,71,0) (76,112,71) (0,76,112) (71,0,76) (112,71,0) (76,112,71) (0,76,112) (71,0,76) (112,71,0) (76,112,71) (0,76,112) (71,0,76) (112,71,0) (76,112,71) (0,76,112) (71,0,76) (112,71,0) (76,112,71) (0,76,112) (71,0,76) (112,71,0) (76,112,71) (0,76,112) (71,0,76) (112,71,0) (76,112,71) (0,76,112) (71,0,76) (112,71,0) (76,112,71) (0,76,112) (71,0,76) (112,71,0) (76,112,71) (0,76,112) (71,0,76) (112,71,0) (76,112,71) (0,76,112) (71,0,76) (112,71,0) (76,112,71) (0,76,112) (71,0,76) (112,71,0) (76,112,71) (0,76,112) (71,0,76) (112,71,0) (76,112,71) (0,76,112) (71,0,76) (112,71,0) (76,112,71) (0,76,112) (71,0,76) (112,71,0) (76,112,71) (0,76,112) (71,0,76) (112,71,0) (76,112,71) (0,76,112) (71,0,76) (112,71,0) (76,112,71) (0,76,112) (71,0,76) (112,71,0) (76,112,71) (0,76,112) (71,0,76) (112,71,0) (76,112,71) (0,76,112) (71,0,76) (112,71,0) 
(76,112,71) (0,76,112) (71,0,76) (112,71,0) (76,112,71) (0,76,112) (71,0,76) (112,71,0) (76,112,71) (0,76,112) (71,0,76) (112,71,0) (76,112,71) (0,76,112) (71,0,76) (112,71,0) (76,112,71) (0,76,112) (71,0,76) (112,71,0) (76,112,71) (0,76,112) (71,0,76) (112,71,0) (76,112,71) (0,76,112) (71,0,76) (112,71,0) (76,112,71) (0,76,112) (71,0,76) (112,71,0) (76,112,71) (0,76,112) (71,0,76) (112,71,0) (76,112,71) (0,76,112) (71,0,76) (112,71,0) (76,112,71) (0,76,112) (71,0,76) (112,71,0) (76,112,71) (0,76,112) (71,0,76) (112,71,0) (76,112,71) (0,76,112) (71,0,76) (112,71,0) (76,112,71) (0,76,112) (71,0,76) (112,71,0) (76,112,71) (0,76,112) (71,0,76) (112,71,0) (76,112,71) (0,76,112) (71,0,76) (112,71,0) (76,112,71) (0,76,112) (71,0,76) (112,71,0) (76,112,71) (0,76,112) (71,0,76) (112,71,0) (76,112,71) (0,76,112) (71,0,76) (112,71,0) (76,112,71) (0,76,112) (71,0,76) (112,71,0) (76,112,71) (0,76,112) (71,0,76) (112,71,0) (76,112,71) (0,76,112) (71,0,76) (112,71,0) (76,112,71) (0,76,112) (71,0,76) (112,71,0) (76,112,71) (0,76,112) (71,0,76) (112,71,0) (76,112,71) (0,76,112) (71,0,76) (112,71,0) (76,112,71) (0,76,112) (71,0,76) (112,71,0) (76,112,71) (0,76,112) (71,0,76) (112,71,0) (76,112,71) (0,76,112) (71,0,76) (112,71,0) (76,112,71) (0,76,112) (71,0,76) (112,71,0) (76,112,71) (0,76,112) (71,0,76) (112,71,0) (76,112,71) (0,76,112) (71,0,76) (112,71,0) (76,112,71) (0,76,112) (71,0,76) (112,71,0) (76,112,71) (0,76,112) (71,0,76) (112,71,0) (76,112,71) (0,76,112) (71,0,76) (112,71,0) (76,112,71) (0,76,112) (71,0,76) (112,71,0) (76,112,71) (0,76,112) (71,0,76) (112,71,0) (76,112,71) (0,76,112) (71,0,76) (112,71,0) (76,112,71) (0,76,112) (71,0,76) (112,71,0) (76,112,71) (0,76,112) (71,0,76) (112,71,0) (76,112,71) (0,76,112) (71,0,76) (112,71,0) (76,112,71) (0,76,112) (71,0,76) (112,71,0) (76,112,71) (0,76,112) (71,0,76) (112,71,0) (76,112,71) (0,76,112) (71,0,76) (112,71,0) (76,112,71) (0,76,112) (71,0,76) (112,71,0) (76,112,71) (0,76,112) (71,0,76) (112,71,0) (76,112,71) (0,76,112) (71,0,76) (112,71,0) (76,112,71) (0,76,112) (71,0,76) (112,71,0) (76,112,71) (0,76,112) (71,0,76) (112,71,0) (76,112,71) (0,76,112) (71,0,76) (112,71,0) (76,112,71) (0,76,112) (71,0,76) (112,71,0) (76,112,71) (0,76,112) (71,0,76) (112,71,0) (76,112,71) (0,76,112) (71,0,76) (112,71,0) (76,112,71) (0,76,112) (71,0,76) (112,71,0) (76,112,71) (0,76,112) (71,0,76) (112,71,0) (76,112,71) (0,76,112) (71,0,76) (112,71,0) (76,112,71) (0,76,112) (71,0,76) (112,71,0) (76,112,71) (0,76,112) (71,0,76) (112,71,0) (76,112,71) (0,76,112) (71,0,76) (112,71,0) (76,112,71) (0,76,112) (71,0,76) (112,71,0) (76,112,71) (0,76,112) (71,0,76) (112,71,0) (76,112,71) (0,76,112) (71,0,76) (112,71,0) (76,112,71) (0,76,112) (71,0,76) (112,71,0) (76,112,71) (0,76,112) (71,0,76) (112,71,0) (76,112,71) (0,76,112) (71,0,76) (112,71,0) 
(76,112,71) (0,76,112) (71,0,76) (112,71,0) (76,112,71) (0,76,112) (71,0,76) (112,71,0) (76,112,71) (0,76,112) (71,0,76) (112,71,0) (76,112,71) (0,76,112) (71,0,76) (112,71,0) (76,112,71) (0,76,112) (71,0,76) (112,71,0) (76,112,71) (0,76,112) (71,0,76) (112,71,0) (76,112,71) (0,76,112) (71,0,76) (112,71,0) (76,112,71) (0,76,112) (71,0,76) (112,71,0) (76,112,71) (0,76,112) (71,0,76) (112,71,0) (76,112,71) (0,76,112) (71,0,76) (112,71,0) (76,112,71) (0,76,112) (71,0,76) (112,71,0) (76,112,71) (0,76,112) (71,0,76) (112,71,0) (76,112,71) (0,76,112) (71,0,76) (112,71,0) (76,112,71) (0,76,112) (71,0,76) (112,71,0) (76,112,71) (0,76,112) (71,0,76) (112,71,0) (76,112,71) (0,76,112) (71,0,76) (112,71,0) (76,112,71) (0,76,112) (71,0,76) (112,71,0) (76,112,71) (0,76,112) (71,0,76) (112,71,0) (76,112,71) (0,76,112) (71,0,76) (112,71,0) (76,112,71) (0,76,112) (71,0,76) (112,71,0) (76,112,71) (0,76,112) (71,0,76) (112,71,0) (76,112,71) (0,76,112) (71,0,76) (112,71,0) (76,112,71) (0,76,112) (71,0,76) (112,71,0) (76,112,71) (0,76,112) (71,0,76) (112,71,0) (76,112,71) (0,76,112) (71,0,76) (112,71,0) (76,112,71) (0,76,112) (71,0,76) (112,71,0) (76,112,71) (0,76,112) (71,0,76) (112,71,0) (76,112,71) (0,76,112) (71,0,76) (112,71,0) (76,112,71) (0,76,112) (71,0,76) (112,71,0) (76,112,71) (0,76,112) (71,0,76) (112,71,0) (76,112,71) (0,76,112) (71,0,76) (112,71,0) (76,112,71) (0,76,112) (71,0,76) (112,71,0) (76,112,71) (0,76,112) (71,0,76) (112,71,0) (76,112,71) (0,76,112) (71,0,76) (112,71,0) (76,112,71) (0,76,112) (71,0,76) (112,71,0) (76,112,71) (0,76,112) (71,0,76) (112,71,0) (76,112,71) (0,76,112) (71,0,76) (112,71,0) (76,112,71) (0,76,112) (71,0,76) (112,71,0) (76,112,71) (0,76,112) (71,0,76) (112,71,0) (76,112,71) (0,76,112) (71,0,76) (112,71,0) (76,112,71) (0,76,112) (71,0,76) (112,71,0) (76,112,71) (0,76,112) (71,0,76) (112,71,0) (76,112,71) (0,76,112) (71,0,76) (112,71,0) (76,112,71) (0,76,112) (71,0,76) (112,71,0) (76,112,71) (0,76,112) (71,0,76) (112,71,0) (76,112,71) (0,76,112) (71,0,76) (112,71,0) (76,112,71) (0,76,112) (71,0,76) (112,71,0) (76,112,71) (0,76,112) (71,0,76) (112,71,0) (76,112,71) (0,76,112) (71,0,76) (112,71,0) (76,112,71) (0,76,112) (71,0,76) (112,71,0) (76,112,71) (0,76,112) (71,0,76) (112,71,0) (76,112,71) (0,76,112) (71,0,76) (112,71,0) (76,112,71) (0,76,112) (71,0,76) (112,71,0) (76,112,71) (0,76,112) (71,0,76) (112,71,0) (76,112,71) (0,76,112) (71,0,76) (112,71,0) (76,112,71) (0,76,112) (71,0,76) (112,71,0) (76,112,71) (0,76,112) (71,0,76) (112,71,0) (76,112,71) (0,76,112) (71,0,76) (112,71,0) (76,112,71) (0,76,112) (71,0,76) (112,71,0) (76,112,71) (0,76,112) (71,0,76) (112,71,0) (76,112,71) (0,76,112) (71,0,76) (112,71,0) (76,112,71) (0,76,112) (71,0,76) (112,71,0) (76,112,71) (0,76,112) (71,0,76) (112,71,0) (76,112,71) (0,76,112) (71,0,76) (112,71,0) 
(76,112,71) (0,76,112) (71,0,76) (112,71,0) (76,112,71) (0,76,112) (71,0,76) (112,71,0) (76,112,71) (0,76,112) (71,0,76) (112,71,0) (76,112,71) (0,76,112) (71,0,76) (112,71,0) (76,112,71) (0,76,112) (71,0,76) (112,71,0) (76,112,71) (0,76,112) (71,0,76) (112,71,0) (76,112,71) (0,76,112) (71,0,76) (112,71,0) (76,112,71) (0,76,112) (71,0,76) (112,71,0) (76,112,71) (0,76,112) (71,0,76) (112,71,0) (76,112,71) (0,76,112) (71,0,76) (112,71,0) (76,112,71) (0,76,112) (71,0,76) (112,71,0) (76,112,71) (0,76,112) (71,0,76) (112,71,0) (76,112,71) (0,76,112) (71,0,76) (112,71,0) (76,112,71) (0,76,112) (71,0,76) (112,71,0) (76,112,71) (0,76,112) (71,0,76) (112,71,0) (76,112,71) (0,76,112) (71,0,76) (112,71,0) (76,112,71) (0,76,112) (71,0,76) (112,71,0) (76,112,71) (0,76,112) (71,0,76) (112,71,0) (76,112,71) (0,76,112) (71,0,76) (112,71,0) (76,112,71) (0,76,112) (71,0,76) (112,71,0) (76,112,71) (0,76,112) (71,0,76) (112,71,0) (76,112,71) (0,76,112) (71,0,76) (112,71,0) (76,112,71) (0,76,112) (71,0,76) (112,71,0) (76,112,71) (0,76,112) (71,0,76) (112,71,0) (76,112,71) (0,76,112) (71,0,76) (112,71,0) (76,112,71) (0,76,112) (71,0,76) (112,71,0) (76,112,71) (0,76,112) (71,0,76) (112,71,0) (76,112,71) (0,76,112) (71,0,76) (112,71,0) (76,112,71) (0,76,112) (71,0,76) (112,71,0) (76,112,71) (0,76,112) (71,0,76) (112,71,0) (76,112,71) (0,76,112) (71,0,76) (112,71,0) (76,112,71) (0,76,112) (71,0,76) (112,71,0) (76,112,71) (0,76,112) (71,0,76) (112,71,0) (76,112,71) (0,76,112) (71,0,76) (112,71,0) (76,112,71) (0,76,112) (71,0,76) (112,71,0) (76,112,71) (0,76,112) (71,0,76) (112,71,0) (76,112,71) (0,76,112) (71,0,76) (112,71,0) (76,112,71) (0,76,112) (71,0,76) (112,71,0) (76,112,71) (0,76,112) (71,0,76) (112,71,0) (76,112,71) (0,76,112) (71,0,76) (112,71,0) (76,112,71) (0,76,112) (71,0,76) (112,71,0) (76,112,71) (0,76,112) (71,0,76) (112,71,0) (76,112,71) (0,76,112) (71,0,76) (112,71,0) (76,112,71) (0,76,112) (71,0,76) (112,71,0) (76,112,71) (0,76,112) (71,0,76) (112,71,0) (76,112,71) (0,76,112) (71,0,76) (112,71,0) (76,112,71) (0,76,112) (71,0,76) (112,71,0) (76,112,71) (0,76,112) (71,0,76) (112,71,0) (76,112,71) (0,76,112) (71,0,76) (112,71,0) (76,112,71) (0,76,112) (71,0,76) (112,71,0) (76,112,71) (0,76,112) (71,0,76) (112,71,0) (76,112,71) (0,76,112) (71,0,76) (112,71,0) (76,112,71) (0,76,112) (71,0,76) (112,71,0) (76,112,71) (0,76,112) (71,0,76) (112,71,0) (76,112,71) (0,76,112) (71,0,76) (112,71,0) (76,112,71) (0,76,112) (71,0,76) (112,71,0) (76,112,71) (0,76,112) (71,0,76) (112,71,0) (76,112,71) (0,76,112) (71,0,76) (112,71,0) (76,112,71) (0,76,112) (71,0,76) (112,71,0) (76,112,71) (0,76,112) (71,0,76) (112,71,0) (76,112,71) (0,76,112) (71,0,76) (112,71,0) (76,112,71) (0,76,112) (71,0,76) (112,71,0) (76,112,71) (0,76,112) (71,0,76) (112,71,0) (76,112,71) (0,76,112) (71,0,76) (112,71,0) 
(76,112,71) (0,76,112) (71,0,76) (112,71,0) (76,112,71) (0,76,112) (71,0,76) (112,71,0) (76,112,71) (0,76,112) (71,0,76) (112,71,0) (76,112,71) (0,76,112) (71,0,76) (112,71,0) (76,112,71) (0,76,112) (71,0,76) (112,71,0) (76,112,71) (0,76,112) (71,0,76) (112,71,0) (76,112,71) (0,76,112) (71,0,76) (112,71,0) (76,112,71) (0,76,112) (71,0,76) (112,71,0) (76,112,71) (0,76,112) (71,0,76) (112,71,0) (76,112,71) (0,76,112) (71,0,76) (112,71,0) (76,112,71) (0,76,112) (71,0,76) (112,71,0) (76,112,71) (0,76,112) (71,0,76) (112,71,0) (76,112,71) (0,76,112) (71,0,76) (112,71,0) (76,112,71) (0,76,112) (71,0,76) (112,71,0) (76,112,71) (0,76,112) (71,0,76) (112,71,0) (76,112,71) (0,76,112) (71,0,76) (112,71,0) (76,112,71) (0,76,112) (71,0,76) (112,71,0) (76,112,71) (0,76,112) (71,0,76) (112,71,0) (76,112,71) (0,76,112) (71,0,76) (112,71,0) (76,112,71) (0,76,112) (71,0,76) (112,71,0) (76,112,71) (0,76,112) (71,0,76) (112,71,0) (76,112,71) (0,76,112) (71,0,76) (112,71,0) (76,112,71) (0,76,112) (71,0,76) (112,71,0) (76,112,71) (0,76,112) (71,0,76) (112,71,0) (76,112,71) (0,76,112) (71,0,76) (112,71,0) (76,112,71) (0,76,112) (71,0,76) (112,71,0) (76,112,71) (0,76,112) (71,0,76) (112,71,0) (76,112,71) (0,76,112) (71,0,76) (112,71,0) (76,112,71) (0,76,112) (71,0,76) (112,71,0) (76,112,71) (0,76,112) (71,0,76) (112,71,0) (76,112,71) (0,76,112) (71,0,76) (112,71,0) (76,112,71) (0,76,112) (71,0,76) (112,71,0) (76,112,71) (0,76,112) (71,0,76) (112,71,0) (76,112,71) (0,76,112) (71,0,76) (112,71,0) (76,112,71) (0,76,112) (71,0,76) (112,71,0) (76,112,71) (0,76,112) (71,0,76) (112,71,0) (76,112,71) (0,76,112) (71,0,76) (112,71,0) (76,112,71) (0,76,112) (71,0,76) (112,71,0) (76,112,71) (0,76,112) (71,0,76) (112,71,0) (76,112,71) (0,76,112) (71,0,76) (112,71,0) (76,112,71) (0,76,112) (71,0,76) (112,71,0) (76,112,71) (0,76,112) (71,0,76) (112,71,0) (76,112,71) (0,76,112) (71,0,76) (112,71,0) (76,112,71) (0,76,112) (71,0,76) (112,71,0) (76,112,71) (0,76,112) (71,0,76) (112,71,0) (76,112,71) (0,76,112) (71,0,76) (112,71,0) (76,112,71) (0,76,112) (71,0,76) (112,71,0) (76,112,71) (0,76,112) (71,0,76) (112,71,0) (76,112,71) (0,76,112) (71,0,76) (112,71,0) (76,112,71) (0,76,112) (71,0,76) (112,71,0) (76,112,71) (0,76,112) (71,0,76) (112,71,0) (76,112,71) (0,76,112) (71,0,76) (112,71,0) (76,112,71) (0,76,112) (71,0,76) (112,71,0) (76,112,71) (0,76,112) (71,0,76) (112,71,0) (76,112,71) (0,76,112) (71,0,76) (112,71,0) (76,112,71) (0,76,112) (71,0,76) (112,71,0) (76,112,71) (0,76,112) (71,0,76) (112,71,0) (76,112,71) (0,76,112) (71,0,76) (112,71,0) (76,112,71) (0,76,112) (71,0,76) (112,71,0) (76,112,71) (0,76,112) (71,0,76) (112,71,0) (76,112,71) (0,76,112) (71,0,76) (112,71,0) (76,112,71) (0,76,112) (71,0,76) (112,71,0) (76,112,71) (0,76,112) (71,0,76) (112,71,0) (76,112,71) (0,76,112) (71,0,76) (112,71,0) 
(76,112,71) (0,76,112) (71,0,76) (112,71,0) (76,112,71) (0,76,112) (71,0,76) (112,71,0) (76,112,71) (0,76,112) (71,0,76) (112,71,0) (76,112,71) (0,76,112) (71,0,76) (112,71,0) (76,112,71) (0,76,112) (71,0,76) (112,71,0) (76,112,71) (0,76,112) (71,0,76) (112,71,0) (76,112,71) (0,76,112) (71,0,76) (112,71,0) (76,112,71) (0,76,112) (71,0,76) (112,71,0) (76,112,71) (0,76,112) (71,0,76) (112,71,0) (76,112,71) (0,76,112) (71,0,76) (112,71,0) (76,112,71) (0,76,112) (71,0,76) (112,71,0) (76,112,71) (0,76,112) (71,0,76) (112,71,0) (76,112,71) (0,76,112) (71,0,76) (112,71,0) (76,112,71) (0,76,112) (71,0,76) (112,71,0) (76,112,71) (0,76,112) (71,0,76) (112,71,0) (76,112,71) (0,76,112) (71,0,76) (112,71,0) (76,112,71) (0,76,112) (71,0,76) (112,71,0) (76,112,71) (0,76,112) (71,0,76) (112,71,0) (76,112,71) (0,76,112) (71,0,76) (112,71,0) (76,112,71) (0,76,112) (71,0,76) (112,71,0) (76,112,71) (0,76,112) (71,0,76) (112,71,0) (76,112,71) (0,76,112) (71,0,76) (112,71,0) (76,112,71) (0,76,112) (71,0,76) (112,71,0) (76,112,71) (0,76,112) (71,0,76) (112,71,0) (76,112,71) (0,76,112) (71,0,76) (112,71,0) (76,112,71) (0,76,112) (71,0,76) (112,71,0) (76,112,71) (0,76,112) (71,0,76) (112,71,0) (76,112,71) (0,76,112) (71,0,76) (112,71,0) (76,112,71) (0,76,112) (71,0,76) (112,71,0) (76,112,71) (0,76,112) (71,0,76) (112,71,0) (76,112,71) (0,76,112) (71,0,76) (112,71,0) (76,112,71) (0,76,112) (71,0,76) (112,71,0) (76,112,71) (0,76,112) (71,0,76) (112,71,0) (76,112,71) (0,76,112) (71,0,76) (112,71,0) (76,112,71) (0,76,112) (71,0,76) (112,71,0) (76,112,71) (0,76,112) (71,0,76) (112,71,0) (76,112,71) (0,76,112) (71,0,76) (112,71,0) (76,112,71) (0,76,112) (71,0,76) (112,71,0) (76,112,71) (0,76,112) (71,0,76) (112,71,0) (76,112,71) (0,76,112) (71,0,76) (112,71,0) (76,112,71) (0,76,112) (71,0,76) (112,71,0) (76,112,71) (0,76,112) (71,0,76) (112,71,0) (76,112,71) (0,76,112) (71,0,76) (112,71,0) (76,112,71) (0,76,112) (71,0,76) (112,71,0) (76,112,71) (0,76,112) (71,0,76) (112,71,0) (76,112,71) (0,76,112) (71,0,76) (112,71,0) (76,112,71) (0,76,112) (71,0,76) (112,71,0) (76,112,71) (0,76,112) (71,0,76) (112,71,0) (76,112,71) (0,76,112) (71,0,76) (112,71,0) (76,112,71) (0,76,112) (71,0,76) (112,71,0) (76,112,71) (0,76,112) (71,0,76) (112,71,0) (76,112,71) (0,76,112) (71,0,76) (112,71,0) (76,112,71) (0,76,112) (71,0,76) (112,71,0) (76,112,71) (0,76,112) (71,0,76) (112,71,0) (76,112,71) (0,76,112) (71,0,76) (112,71,0) (76,112,71) (0,76,112) (71,0,76) (112,71,0) (76,112,71) (0,76,112) (71,0,76) (112,71,0) (76,112,71) (0,76,112) (71,0,76) (112,71,0) (76,112,71) (0,76,112) (71,0,76) (112,71,0) (76,112,71) (0,76,112) (71,0,76) (112,71,0) (76,112,71) (0,76,112) (71,0,76) (112,71,0) (76,112,71) (0,76,112) (71,0,76) (112,71,0) (76,112,71) (0,76,112) (71,0,76) (112,71,0) (76,112,71) (0,76,112) (71,0,76) (112,71,0) 
(76,112,71) (0,76,112) (71,0,76) (112,71,0) (76,112,71) (0,76,112) (71,0,76) (112,71,0) (76,112,71) (0,76,112) (71,0,76) (112,71,0) (76,112,71) (0,76,112) (71,0,76) (112,71,0) (76,112,71) (0,76,112) (71,0,76) (112,71,0) (76,112,71) (0,76,112) (71,0,76) (112,71,0) (76,112,71) (0,76,112) (71,0,76) (112,71,0) (76,112,71) (0,76,112) (71,0,76) (112,71,0) (76,112,71) (0,76,112) (71,0,76) (112,71,0) (76,112,71) (0,76,112) (71,0,76) (112,71,0) (76,112,71) (0,76,112) (71,0,76) (112,71,0) (76,112,71) (0,76,112) (71,0,76) (112,71,0) (76,112,71) (0,76,112) (71,0,76) (112,71,0) (76,112,71) (0,76,112) (71,0,76) (112,71,0) (76,112,71) (0,76,112) (71,0,76) (112,71,0) (76,112,71) (0,76,112) (71,0,76) (112,71,0) (76,112,71) (0,76,112) (71,0,76) (112,71,0) (76,112,71) (0,76,112) (71,0,76) (112,71,0) (76,112,71) (0,76,112) (71,0,76) (112,71,0) (76,112,71) (0,76,112) (71,0,76) (112,71,0) (76,112,71) (0,76,112) (71,0,76) (112,71,0) (76,112,71) (0,76,112) (71,0,76) (112,71,0) (76,112,71) (0,76,112) (71,0,76) (112,71,0) (76,112,71) (0,76,112) (71,0,76) (112,71,0) (76,112,71) (0,76,112) (71,0,76) (112,71,0) (76,112,71) (0,76,112) (71,0,76) (112,71,0) (76,112,71) (0,76,112) (71,0,76) (112,71,0) (76,112,71) (0,76,112) (71,0,76) (112,71,0) (76,112,71) (0,76,112) (71,0,76) (112,71,0) (76,112,71) (0,76,112) (71,0,76) (112,71,0) (76,112,71) (0,76,112) (71,0,76) (112,71,0) (76,112,71) (0,76,112) (71,0,76) (112,71,0) (76,112,71) (0,76,112) (71,0,76) (112,71,0) (76,112,71) (0,76,112) (71,0,76) (112,71,0) (76,112,71) (0,76,112) (71,0,76) (112,71,0) (76,112,71) (0,76,112) (71,0,76) (112,71,0) (76,112,71) (0,76,112) (71,0,76) (112,71,0) (76,112,71) (0,76,112) (71,0,76) (112,71,0) (76,112,71) (0,76,112) (71,0,76) (112,71,0) (76,112,71) (0,76,112) (71,0,76) (112,71,0) (76,112,71) (0,76,112) (71,0,76) (112,71,0) (76,112,71) (0,76,112) (71,0,76) (112,71,0) (76,112,71) (0,76,112) (71,0,76) (112,71,0) (76,112,71) (0,76,112) (71,0,76) (112,71,0) (76,112,71) (0,76,112) (71,0,76) (112,71,0) (76,112,71) (0,76,112) (71,0,76) (112,71,0) (76,112,71) (0,76,112) (71,0,76) (112,71,0) (76,112,71) (0,76,112) (71,0,76) (112,71,0) (76,112,71) (0,76,112) (71,0,76) (112,71,0) (76,112,71) (0,76,112) (71,0,76) (112,71,0) (76,112,71) (0,76,112) (71,0,76) (112,71,0) (76,112,71) (0,76,112) (71,0,76) (112,71,0) (76,112,71) (0,76,112) (71,0,76) (112,71,0) (76,112,71) (0,76,112) (71,0,76) (112,71,0) (76,112,71) (0,76,112) (71,0,76) (112,71,0) (76,112,71) (0,76,112) (71,0,76) (112,71,0) (76,112,71) (0,76,112) (71,0,76) (112,71,0) (76,112,71) (0,76,112) (71,0,76) (112,71,0) (76,112,71) (0,76,112) (71,0,76) (112,71,0) (76,112,71) (0,76,112) (71,0,76) (112,71,0) (76,112,71) (0,76,112) (71,0,76) (112,71,0) (76,112,71) (0,76,112) (71,0,76) (112,71,0) (76,112,71) (0,76,112) (71,0,76) (112,71,0) (76,112,71) (0,76,112) (71,0,76) (112,71,0) 
(76,112,71) (0,76,112) (71,0,76) (112,71,0) (76,112,71) (0,76,112) (71,0,76) (112,71,0) (76,112,71) (0,76,112) (71,0,76) (112,71,0) (76,112,71) (0,76,112) (71,0,76) (112,71,0) (76,112,71) (0,76,112) (71,0,76) (112,71,0) (76,112,71) (0,76,112) (71,0,76) (112,71,0) (76,112,71) (0,76,112) (71,0,76) (112,71,0) (76,112,71) (0,76,112) (71,0,76) (112,71,0) (76,112,71) (0,76,112) (71,0,76) (112,71,0) (76,112,71) (0,76,112) (71,0,76) (112,71,0) (76,112,71) (0,76,112) (71,0,76) (112,71,0) (76,112,71) (0,76,112) (71,0,76) (112,71,0) (76,112,71) (0,76,112) (71,0,76) (112,71,0) (76,112,71) (0,76,112) (71,0,76) (112,71,0) (76,112,71) (0,76,112) (71,0,76) (112,71,0) (76,112,71) (0,76,112) (71,0,76) (112,71,0) (76,112,71) (0,76,112) (71,0,76) (112,71,0) (76,112,71) (0,76,112) (71,0,76) (112,71,0) (76,112,71) (0,76,112) (71,0,76) (112,71,0) (76,112,71) (0,76,112) (71,0,76) (112,71,0) (76,112,71) (0,76,112) (71,0,76) (112,71,0) (76,112,71) (0,76,112) (71,0,76) (112,71,0) (76,112,71) (0,76,112) (71,0,76) (112,71,0) (76,112,71) (0,76,112) (71,0,76) (112,71,0) (76,112,71) (0,76,112) (71,0,76) (112,71,0) (76,112,71) (0,76,112) (71,0,76) (112,71,0) (76,112,71) (0,76,112) (71,0,76) (112,71,0) (76,112,71) (0,76,112) (71,0,76) (112,71,0) (76,112,71) (0,76,112) (71,0,76) (112,71,0) (76,112,71) (0,76,112) (71,0,76) (112,71,0) (76,112,71) (0,76,112) (71,0,76) (112,71,0) (76,112,71) (0,76,112) (71,0,76) (112,71,0) (76,112,71) (0,76,112) (71,0,76) (112,71,0) (76,112,71) (0,76,112) (71,0,76) (112,71,0) (76,112,71) (0,76,112) (71,0,76) (112,71,0) (76,112,71) (0,76,112) (71,0,76) (112,71,0) (76,112,71) (0,76,112) (71,0,76) (112,71,0) (76,112,71) (0,76,112) (71,0,76) (112,71,0) (76,112,71) (0,76,112) (71,0,76) (112,71,0) (76,112,71) (0,76,112) (71,0,76) (112,71,0) (76,112,71) (0,76,112) (71,0,76) (112,71,0) (76,112,71) (0,76,112) (71,0,76) (112,71,0) (76,112,71) (0,76,112) (71,0,76) (112,71,0) (76,112,71) (0,76,112) (71,0,76) (112,71,0) (76,112,71) (0,76,112) (71,0,76) (112,71,0) (76,112,71) (0,76,112) (71,0,76) (112,71,0) (76,112,71) (0,76,112) (71,0,76) (112,71,0) (76,112,71) (0,76,112) (71,0,76) (112,71,0) (76,112,71) (0,76,112) (71,0,76) (112,71,0) (76,112,71) (0,76,112) (71,0,76) (112,71,0) (76,112,71) (0,76,112) (71,0,76) (112,71,0) (76,112,71) (0,76,112) (71,0,76) (112,71,0) (76,112,71) (0,76,112) (71,0,76) (112,71,0) (76,112,71) (0,76,112) (71,0,76) (112,71,0) (76,112,71) (0,76,112) (71,0,76) (112,71,0) (76,112,71) (0,76,112) (71,0,76) (112,71,0) (76,112,71) (0,76,112) (71,0,76) (112,71,0) (76,112,71) (0,76,112) (71,0,76) (112,71,0) (76,112,71) (0,76,112) (71,0,76) (112,71,0) (76,112,71) (0,76,112) (71,0,76) (112,71,0) (76,112,71) (0,76,112) (71,0,76) (112,71,0) (76,112,71) (0,76,112) (71,0,76) (112,71,0) (76,112,71) (0,76,112) (71,0,76) (112,71,0) (76,112,71) (0,76,112) (71,0,76) (112,71,0) 
(76,112,71) (0,76,112) (71,0,76) (112,71,0) (76,112,71) (0,76,112) (71,0,76) (112,71,0) (76,112,71) (0,76,112) (71,0,76) (112,71,0) (76,112,71) (0,76,112) (71,0,76) (112,71,0) (76,112,71) (0,76,112) (71,0,76) (112,71,0) (76,112,71) (0,76,112) (71,0,76) (112,71,0) (76,112,71) (0,76,112) (71,0,76) (112,71,0) (76,112,71) (0,76,112) (71,0,76) (112,71,0) (76,112,71) (0,76,112) (71,0,76) (112,71,0) (76,112,71) (0,76,112) (71,0,76) (112,71,0) (76,112,71) (0,76,112) (71,0,76) (112,71,0) (76,112,71) (0,76,112) (71,0,76) (112,71,0) (76,112,71) (0,76,112) (71,0,76) (112,71,0) (76,112,71) (0,76,112) (71,0,76) (112,71,0) (76,112,71) (0,76,112) (71,0,76) (112,71,0) (76,112,71) (0,76,112) (71,0,76) (112,71,0) (76,112,71) (0,76,112) (71,0,76) (112,71,0) (76,112,71) (0,76,112) (71,0,76) (112,71,0) (76,112,71) (0,76,112) (71,0,76) (112,71,0) (76,112,71) (0,76,112) (71,0,76) (112,71,0) (76,112,71) (0,76,112) (71,0,76) (112,71,0) (76,112,71) (0,76,112) (71,0,76) (112,71,0) (76,112,71) (0,76,112) (71,0,76) (112,71,0) (76,112,71) (0,76,112) (71,0,76) (112,71,0) (76,112,71) (0,76,112) (71,0,76) (112,71,0) (76,112,71) (0,76,112) (71,0,76) (112,71,0) (76,112,71) (0,76,112) (71,0,76) (112,71,0) (76,112,71) (0,76,112) (71,0,76) (112,71,0) (76,112,71) (0,76,112) (71,0,76) (112,71,0) (76,112,71) (0,76,112) (71,0,76) (112,71,0) (76,112,71) (0,76,112) (71,0,76) (112,71,0) (76,112,71) (0,76,112) (71,0,76) (112,71,0) (76,112,71) (0,76,112) (71,0,76) (112,71,0) (76,112,71) (0,76,112) (71,0,76) (112,71,0) (76,112,71) (0,76,112) (71,0,76) (112,71,0) (76,112,71) (0,76,112) (71,0,76) (112,71,0) (76,112,71) (0,76,112) (71,0,76) (112,71,0) (76,112,71) (0,76,112) (71,0,76) (112,71,0) (76,112,71) (0,76,112) (71,0,76) (112,71,0) (76,112,71) (0,76,112) (71,0,76) (112,71,0) (76,112,71) (0,76,112) (71,0,76) (112,71,0) (76,112,71) (0,76,112) (71,0,76) (112,71,0) (76,112,71) (0,76,112) (71,0,76) (112,71,0) (76,112,71) (0,76,112) (71,0,76) (112,71,0) (76,112,71) (0,76,112) (71,0,76) (112,71,0) (76,112,71) (0,76,112) (71,0,76) (112,71,0) (76,112,71) (0,76,112) (71,0,76) (112,71,0) (76,112,71) (0,76,112) (71,0,76) (112,71,0) (76,112,71) (0,76,112) (71,0,76) (112,71,0) (76,112,71) (0,76,112) (71,0,76) (112,71,0) (76,112,71) (0,76,112) (71,0,76) (112,71,0) (76,112,71) (0,76,112) (71,0,76) (112,71,0) (76,112,71) (0,76,112) (71,0,76) (112,71,0) (76,112,71) (0,76,112) (71,0,76) (112,71,0) (76,112,71) (0,76,112) (71,0,76) (112,71,0) (76,112,71) (0,76,112) (71,0,76) (112,71,0) (76,112,71) (0,76,112) (71,0,76) (112,71,0) (76,112,71) (0,76,112) (71,0,76) (112,71,0) (76,112,71) (0,76,112) (71,0,76) (112,71,0) (76,112,71) (0,76,112) (71,0,76) (112,71,0) (76,112,71) (0,76,112) (71,0,76) (112,71,0) (76,112,71) (0,76,112) (71,0,76) (112,71,0) (76,112,71) (0,76,112) (71,0,76) (112,71,0) (76,112,71) (0,76,112) (71,0,76) (112,71,0) 
(76,112,71) (0,76,112) (71,0,76) (112,71,0) (76,112,71) (0,76,112) (71,0,76) (112,71,0) (76,112,71) (0,76,112) (71,0,76) (112,71,0) (76,112,71) (0,76,112) (71,0,76) (112,71,0) (76,112,71) (0,76,112) (71,0,76) (112,71,0) (76,112,71) (0,76,112) (71,0,76) (112,71,0) (76,112,71) (0,76,112) (71,0,76) (112,71,0) (76,112,71) (0,76,112) (71,0,76) (112,71,0) (76,112,71) (0,76,112) (71,0,76) (112,71,0) (76,112,71) (0,76,112) (71,0,76) (112,71,0) (76,112,71) (0,76,112) (71,0,76) (112,71,0) (76,112,71) (0,76,112) (71,0,76) (112,71,0) (76,112,71) (0,76,112) (71,0,76) (112,71,0) (76,112,71) (0,76,112) (71,0,76) (112,71,0) (76,112,71) (0,76,112) (71,0,76) (112,71,0) (76,112,71) (0,76,112) (71,0,76) (112,71,0) (76,112,71) (0,76,112) (71,0,76) (112,71,0) (76,112,71) (0,76,112) (71,0,76) (112,71,0) (76,112,71) (0,76,112) (71,0,76) (112,71,0) (76,112,71) (0,76,112) (71,0,76) (112,71,0) (76,112,71) (0,76,112) (71,0,76) (112,71,0) (76,112,71) (0,76,112) (71,0,76) (112,71,0) (76,112,71) (0,76,112) (71,0,76) (112,71,0) (76,112,71) (0,76,112) (71,0,76) (112,71,0) (76,112,71) (0,76,112) (71,0,76) (112,71,0) (76,112,71) (0,76,112) (71,0,76) (112,71,0) (76,112,71) (0,76,112) (71,0,76) (112,71,0) (76,112,71) (0,76,112) (71,0,76) (112,71,0) (76,112,71) (0,76,112) (71,0,76) (112,71,0) (76,112,71) (0,76,112) (71,0,76) (112,71,0) (76,112,71) (0,76,112) (71,0,76) (112,71,0) (76,112,71) (0,76,112) (71,0,76) (112,71,0) (76,112,71) (0,76,112) (71,0,76) (112,71,0) (76,112,71) (0,76,112) (71,0,76) (112,71,0) (76,112,71) (0,76,112) (71,0,76) (112,71,0) (76,112,71) (0,76,112) (71,0,76) (112,71,0) (76,112,71) (0,76,112) (71,0,76) (112,71,0) (76,112,71) (0,76,112) (71,0,76) (112,71,0) (76,112,71) (0,76,112) (71,0,76) (112,71,0) (76,112,71) (0,76,112) (71,0,76) (112,71,0) (76,112,71) (0,76,112) (71,0,76) (112,71,0) (76,112,71) (0,76,112) (71,0,76) (112,71,0) (76,112,71) (0,76,112) (71,0,76) (112,71,0) (76,112,71) (0,76,112) (71,0,76) (112,71,0) (76,112,71) (0,76,112) (71,0,76) (112,71,0) (76,112,71) (0,76,112) (71,0,76) (112,71,0) (76,112,71) (0,76,112) (71,0,76) (112,71,0) (76,112,71) (0,76,112) (71,0,76) (112,71,0) (76,112,71) (0,76,112) (71,0,76) (112,71,0) (76,112,71) (0,76,112) (71,0,76) (112,71,0) (76,112,71) (0,76,112) (71,0,76) (112,71,0) (76,112,71) (0,76,112) (71,0,76) (112,71,0) (76,112,71) (0,76,112) (71,0,76) (112,71,0) (76,112,71) (0,76,112) (71,0,76) (112,71,0) (76,112,71) (0,76,112) (71,0,76) (112,71,0) (76,112,71) (0,76,112) (71,0,76) (112,71,0) (76,112,71) (0,76,112) (71,0,76) (112,71,0) (76,112,71) (0,76,112) (71,0,76) (112,71,0) (76,112,71) (0,76,112) (71,0,76) (112,71,0) (76,112,71) (0,76,112) (71,0,76) (112,71,0) (76,112,71) (0,76,112) (71,0,76) (112,71,0) (76,112,71) (0,76,112) (71,0,76) (112,71,0) (76,112,71) (0,76,112) (71,0,76) (112,71,0) (76,112,71) (0,76,112) (71,0,76) (112,71,0) 
