Image Dimensions: 256x256
Number of Channels: 3
Image Matrix:
(161,161,161) (161,161,161) (157,157,157) (161,161,161) (161,161,161) (159,159,159) (163,163,163) (155,155,155) (155,155,155) (161,161,161) (155,155,155) (157,157,157) (157,157,157) (151,151,151) (153,153,153) (155,155,155) (157,157,157) (159,159,159) (167,167,167) (165,165,165) (165,165,165) (171,171,171) (175,175,175) (169,169,169) (171,171,171) (175,175,175) (167,167,167) (161,161,161) (147,147,147) (141,141,141) (118,118,118) (106,106,106) (96,96,96) (92,92,92) (96,96,96) (96,96,96) (100,100,100) (104,104,104) (104,104,104) (110,110,110) (108,108,108) (104,104,104) (108,108,108) (108,108,108) (106,106,106) (108,108,108) (108,108,108) (108,108,108) (110,110,110) (108,108,108) (106,106,106) (108,108,108) (110,110,110) (110,110,110) (118,118,118) (118,118,118) (122,122,122) (122,122,122) (122,122,122) (124,124,124) (129,129,129) (122,122,122) (126,126,126) (131,131,131) (129,129,129) (129,129,129) (131,131,131) (126,126,126) (135,135,135) (133,133,133) (131,131,131) (129,129,129) (126,126,126) (126,126,126) (129,129,129) (131,131,131) (131,131,131) (129,129,129) (133,133,133) (133,133,133) (133,133,133) (135,135,135) (133,133,133) (135,135,135) (135,135,135) (135,135,135) (131,131,131) (133,133,133) (133,133,133) (133,133,133) (133,133,133) (131,131,131) (135,135,135) (135,135,135) (131,131,131) (131,131,131) (135,135,135) (135,135,135) (137,137,137) (137,137,137) (133,133,133) (135,135,135) (135,135,135) (133,133,133) (131,131,131) (139,139,139) (131,131,131) (131,131,131) (126,126,126) (131,131,131) (131,131,131) (131,131,131) (129,129,129) (133,133,133) (135,135,135) (131,131,131) (131,131,131) (133,133,133) (131,131,131) (133,133,133) (133,133,133) (135,135,135) (135,135,135) (137,137,137) (131,131,131) (133,133,133) (129,129,129) (137,137,137) (141,141,141) (131,131,131) (129,129,129) (129,129,129) (133,133,133) (131,131,131) (133,133,133) (129,129,129) (126,126,126) (131,131,131) (129,129,129) (133,133,133) (126,126,126) (131,131,131) (131,131,131) (126,126,126) (131,131,131) (129,129,129) (126,126,126) (124,124,124) (129,129,129) (126,126,126) (131,131,131) (129,129,129) (124,124,124) (120,120,120) (122,122,122) (118,118,118) (114,114,114) (112,112,112) (104,104,104) (102,102,102) (112,112,112) (118,118,118) (131,131,131) (139,139,139) (143,143,143) (149,149,149) (151,151,151) (159,159,159) (159,159,159) (157,157,157) (161,161,161) (155,155,155) (149,149,149) (149,149,149) (151,151,151) (155,155,155) (157,157,157) (151,151,151) (155,155,155) (153,153,153) (157,157,157) (157,157,157) (153,153,153) (157,157,157) (151,151,151) (151,151,151) (153,153,153) (153,153,153) (151,151,151) (157,157,157) (153,153,153) (151,151,151) (157,157,157) (157,157,157) (157,157,157) (153,153,153) (159,159,159) (159,159,159) (155,155,155) (151,151,151) (155,155,155) (177,177,177) (197,197,197) (207,207,207) (211,211,211) (215,215,215) (217,217,217) (217,217,217) (215,215,215) (205,205,205) (171,171,171) (120,120,120) (104,104,104) (102,102,102) (110,110,110) (112,112,112) (116,116,116) (116,116,116) (118,118,118) (122,122,122) (120,120,120) (116,116,116) (124,124,124) (118,118,118) (122,122,122) (129,129,129) (118,118,118) (118,118,118) (122,122,122) (118,118,118) (120,120,120) (122,122,122) (124,124,124) (118,118,118) (126,126,126) (126,126,126) (126,126,126) (124,124,124) (124,124,124) (118,118,118) (122,122,122) (126,126,126) (129,129,129) (126,126,126) (120,120,120) (124,124,124) (126,126,126) (122,122,122) (120,120,120) (118,118,118) (114,114,114) (124,124,124) (165,165,165) (169,169,169) (169,169,169) (126,126,126) 
(161,161,161) (161,161,161) (157,157,157) (161,161,161) (161,161,161) (159,159,159) (163,163,163) (155,155,155) (155,155,155) (161,161,161) (155,155,155) (157,157,157) (157,157,157) (151,151,151) (155,155,155) (155,155,155) (159,159,159) (159,159,159) (167,167,167) (165,165,165) (165,165,165) (171,171,171) (175,175,175) (171,171,171) (171,171,171) (175,175,175) (167,167,167) (161,161,161) (147,147,147) (141,141,141) (118,118,118) (106,106,106) (96,96,96) (92,92,92) (96,96,96) (96,96,96) (100,100,100) (106,106,106) (104,104,104) (110,110,110) (108,108,108) (106,106,106) (108,108,108) (110,110,110) (106,106,106) (108,108,108) (110,110,110) (108,108,108) (110,110,110) (108,108,108) (106,106,106) (108,108,108) (110,110,110) (110,110,110) (118,118,118) (118,118,118) (122,122,122) (122,122,122) (122,122,122) (124,124,124) (129,129,129) (124,124,124) (126,126,126) (131,131,131) (129,129,129) (129,129,129) (131,131,131) (126,126,126) (137,137,137) (133,133,133) (131,131,131) (129,129,129) (126,126,126) (126,126,126) (129,129,129) (131,131,131) (131,131,131) (129,129,129) (133,133,133) (135,135,135) (133,133,133) (135,135,135) (133,133,133) (135,135,135) (135,135,135) (137,137,137) (131,131,131) (133,133,133) (133,133,133) (133,133,133) (133,133,133) (131,131,131) (135,135,135) (135,135,135) (131,131,131) (131,131,131) (135,135,135) (135,135,135) (137,137,137) (139,139,139) (133,133,133) (135,135,135) (135,135,135) (133,133,133) (131,131,131) (139,139,139) (131,131,131) (131,131,131) (129,129,129) (131,131,131) (131,131,131) (131,131,131) (129,129,129) (133,133,133) (135,135,135) (133,133,133) (131,131,131) (133,133,133) (131,131,131) (133,133,133) (133,133,133) (135,135,135) (135,135,135) (137,137,137) (133,133,133) (133,133,133) (129,129,129) (137,137,137) (143,143,143) (131,131,131) (129,129,129) (129,129,129) (133,133,133) (131,131,131) (133,133,133) (129,129,129) (126,126,126) (133,133,133) (129,129,129) (135,135,135) (126,126,126) (131,131,131) (131,131,131) (129,129,129) (131,131,131) (129,129,129) (126,126,126) (126,126,126) (129,129,129) (129,129,129) (131,131,131) (129,129,129) (124,124,124) (120,120,120) (122,122,122) (118,118,118) (116,116,116) (112,112,112) (106,106,106) (102,102,102) (112,112,112) (118,118,118) (131,131,131) (139,139,139) (143,143,143) (151,151,151) (151,151,151) (159,159,159) (159,159,159) (157,157,157) (161,161,161) (155,155,155) (151,151,151) (149,149,149) (151,151,151) (155,155,155) (157,157,157) (153,153,153) (155,155,155) (155,155,155) (157,157,157) (157,157,157) (153,153,153) (157,157,157) (151,151,151) (151,151,151) (153,153,153) (153,153,153) (151,151,151) (157,157,157) (155,155,155) (151,151,151) (157,157,157) (157,157,157) (157,157,157) (153,153,153) (159,159,159) (159,159,159) (157,157,157) (151,151,151) (155,155,155) (177,177,177) (197,197,197) (209,209,209) (211,211,211) (217,217,217) (217,217,217) (219,219,219) (215,215,215) (203,203,203) (171,171,171) (120,120,120) (106,106,106) (102,102,102) (112,112,112) (112,112,112) (118,118,118) (116,116,116) (118,118,118) (124,124,124) (120,120,120) (118,118,118) (124,124,124) (118,118,118) (122,122,122) (129,129,129) (118,118,118) (118,118,118) (124,124,124) (118,118,118) (122,122,122) (122,122,122) (124,124,124) (118,118,118) (126,126,126) (126,126,126) (126,126,126) (124,124,124) (124,124,124) (118,118,118) (122,122,122) (126,126,126) (129,129,129) (126,126,126) (120,120,120) (124,124,124) (126,126,126) (124,124,124) (120,120,120) (120,120,120) (114,114,114) (124,124,124) (165,165,165) (171,171,171) (169,169,169) (126,126,126) 
(163,163,163) (155,155,155) (159,159,159) (159,159,159) (159,159,159) (159,159,159) (153,153,153) (153,153,153) (155,155,155) (157,157,157) (153,153,153) (149,149,149) (155,155,155) (155,155,155) (151,151,151) (157,157,157) (153,153,153) (151,151,151) (159,159,159) (165,165,165) (167,167,167) (169,169,169) (173,173,173) (171,171,171) (175,175,175) (171,171,171) (167,167,167) (157,157,157) (147,147,147) (129,129,129) (118,118,118) (110,110,110) (96,96,96) (94,94,94) (94,94,94) (96,96,96) (100,100,100) (100,100,100) (104,104,104) (106,106,106) (106,106,106) (104,104,104) (106,106,106) (108,108,108) (100,100,100) (104,104,104) (108,108,108) (102,102,102) (104,104,104) (102,102,102) (106,106,106) (104,104,104) (110,110,110) (112,112,112) (114,114,114) (120,120,120) (122,122,122) (120,120,120) (122,122,122) (129,129,129) (122,122,122) (126,126,126) (124,124,124) (124,124,124) (133,133,133) (129,129,129) (129,129,129) (126,126,126) (133,133,133) (129,129,129) (131,131,131) (131,131,131) (124,124,124) (129,129,129) (133,133,133) (129,129,129) (129,129,129) (129,129,129) (135,135,135) (133,133,133) (135,135,135) (137,137,137) (137,137,137) (135,135,135) (133,133,133) (135,135,135) (135,135,135) (131,131,131) (133,133,133) (133,133,133) (131,131,131) (133,133,133) (126,126,126) (131,131,131) (131,131,131) (133,133,133) (133,133,133) (133,133,133) (133,133,133) (129,129,129) (133,133,133) (131,131,131) (133,133,133) (135,135,135) (133,133,133) (137,137,137) (131,131,131) (129,129,129) (126,126,126) (131,131,131) (131,131,131) (131,131,131) (126,126,126) (131,131,131) (137,137,137) (122,122,122) (129,129,129) (129,129,129) (129,129,129) (135,135,135) (133,133,133) (135,135,135) (131,131,131) (129,129,129) (133,133,133) (129,129,129) (131,131,131) (129,129,129) (135,135,135) (133,133,133) (129,129,129) (124,124,124) (129,129,129) (129,129,129) (129,129,129) (133,133,133) (129,129,129) (129,129,129) (129,129,129) (131,131,131) (122,122,122) (129,129,129) (126,126,126) (129,129,129) (126,126,126) (131,131,131) (133,133,133) (126,126,126) (131,131,131) (129,129,129) (126,126,126) (124,124,124) (120,120,120) (122,122,122) (124,124,124) (116,116,116) (116,116,116) (108,108,108) (104,104,104) (104,104,104) (110,110,110) (120,120,120) (129,129,129) (139,139,139) (143,143,143) (149,149,149) (149,149,149) (155,155,155) (161,161,161) (163,163,163) (157,157,157) (153,153,153) (151,151,151) (153,153,153) (151,151,151) (151,151,151) (153,153,153) (147,147,147) (155,155,155) (153,153,153) (149,149,149) (157,157,157) (153,153,153) (151,151,151) (153,153,153) (151,151,151) (151,151,151) (155,155,155) (155,155,155) (155,155,155) (159,159,159) (151,151,151) (155,155,155) (153,153,153) (157,157,157) (155,155,155) (153,153,153) (155,155,155) (155,155,155) (151,151,151) (151,151,151) (169,169,169) (193,193,193) (207,207,207) (213,213,213) (215,215,215) (217,217,217) (217,217,217) (219,219,219) (209,209,209) (187,187,187) (141,141,141) (100,100,100) (104,104,104) (104,104,104) (110,110,110) (120,120,120) (118,118,118) (118,118,118) (120,120,120) (124,124,124) (122,122,122) (122,122,122) (124,124,124) (124,124,124) (122,122,122) (124,124,124) (118,118,118) (124,124,124) (116,116,116) (120,120,120) (126,126,126) (122,122,122) (124,124,124) (122,122,122) (124,124,124) (124,124,124) (129,129,129) (122,122,122) (118,118,118) (122,122,122) (124,124,124) (126,126,126) (124,124,124) (126,126,126) (124,124,124) (124,124,124) (122,122,122) (114,114,114) (122,122,122) (122,122,122) (126,126,126) (143,143,143) (149,149,149) (124,124,124) (62,62,62) 
(159,159,159) (157,157,157) (159,159,159) (157,157,157) (161,161,161) (157,157,157) (153,153,153) (151,151,151) (153,153,153) (153,153,153) (153,153,153) (151,151,151) (155,155,155) (151,151,151) (151,151,151) (153,153,153) (157,157,157) (153,153,153) (157,157,157) (161,161,161) (169,169,169) (169,169,169) (173,173,173) (171,171,171) (175,175,175) (171,171,171) (163,163,163) (153,153,153) (151,151,151) (133,133,133) (120,120,120) (110,110,110) (94,94,94) (82,82,82) (86,86,86) (92,92,92) (100,100,100) (98,98,98) (110,110,110) (108,108,108) (104,104,104) (100,100,100) (104,104,104) (108,108,108) (104,104,104) (98,98,98) (102,102,102) (106,106,106) (102,102,102) (106,106,106) (104,104,104) (104,104,104) (110,110,110) (110,110,110) (114,114,114) (118,118,118) (122,122,122) (124,124,124) (129,129,129) (124,124,124) (124,124,124) (122,122,122) (120,120,120) (126,126,126) (131,131,131) (129,129,129) (126,126,126) (131,131,131) (131,131,131) (131,131,131) (131,131,131) (126,126,126) (135,135,135) (133,133,133) (133,133,133) (131,131,131) (131,131,131) (129,129,129) (133,133,133) (131,131,131) (131,131,131) (131,131,131) (133,133,133) (133,133,133) (131,131,131) (131,131,131) (135,135,135) (131,131,131) (133,133,133) (131,131,131) (133,133,133) (131,131,131) (131,131,131) (131,131,131) (129,129,129) (133,133,133) (135,135,135) (133,133,133) (131,131,131) (135,135,135) (129,129,129) (131,131,131) (133,133,133) (126,126,126) (137,137,137) (129,129,129) (135,135,135) (129,129,129) (131,131,131) (131,131,131) (129,129,129) (129,129,129) (129,129,129) (137,137,137) (131,131,131) (129,129,129) (133,133,133) (124,124,124) (131,131,131) (129,129,129) (133,133,133) (133,133,133) (133,133,133) (126,126,126) (133,133,133) (124,124,124) (135,135,135) (133,133,133) (135,135,135) (133,133,133) (133,133,133) (129,129,129) (126,126,126) (129,129,129) (129,129,129) (129,129,129) (129,129,129) (126,126,126) (129,129,129) (129,129,129) (129,129,129) (133,133,133) (129,129,129) (129,129,129) (131,131,131) (129,129,129) (131,131,131) (129,129,129) (129,129,129) (129,129,129) (124,124,124) (124,124,124) (122,122,122) (116,116,116) (120,120,120) (116,116,116) (112,112,112) (116,116,116) (106,106,106) (108,108,108) (100,100,100) (116,116,116) (122,122,122) (135,135,135) (141,141,141) (145,145,145) (155,155,155) (153,153,153) (157,157,157) (163,163,163) (159,159,159) (155,155,155) (157,157,157) (151,151,151) (151,151,151) (153,153,153) (153,153,153) (153,153,153) (151,151,151) (151,151,151) (151,151,151) (159,159,159) (153,153,153) (155,155,155) (153,153,153) (153,153,153) (149,149,149) (151,151,151) (155,155,155) (153,153,153) (151,151,151) (151,151,151) (151,151,151) (151,151,151) (155,155,155) (153,153,153) (157,157,157) (157,157,157) (153,153,153) (153,153,153) (151,151,151) (149,149,149) (181,181,181) (201,201,201) (207,207,207) (215,215,215) (215,215,215) (217,217,217) (217,217,217) (215,215,215) (201,201,201) (173,173,173) (122,122,122) (96,96,96) (104,104,104) (108,108,108) (112,112,112) (114,114,114) (118,118,118) (116,116,116) (116,116,116) (120,120,120) (116,116,116) (118,118,118) (120,120,120) (122,122,122) (120,120,120) (124,124,124) (124,124,124) (122,122,122) (124,124,124) (124,124,124) (124,124,124) (124,124,124) (129,129,129) (120,120,120) (122,122,122) (126,126,126) (120,120,120) (120,120,120) (118,118,118) (126,126,126) (129,129,129) (129,129,129) (126,126,126) (129,129,129) (129,129,129) (124,124,124) (124,124,124) (129,129,129) (126,126,126) (124,124,124) (92,92,92) (62,62,62) (46,46,46) (46,46,46) 
(155,155,155) (157,157,157) (153,153,153) (157,157,157) (153,153,153) (157,157,157) (157,157,157) (151,151,151) (155,155,155) (153,153,153) (157,157,157) (153,153,153) (153,153,153) (155,155,155) (151,151,151) (157,157,157) (149,149,149) (163,163,163) (161,161,161) (167,167,167) (167,167,167) (167,167,167) (173,173,173) (171,171,171) (171,171,171) (167,167,167) (161,161,161) (153,153,153) (139,139,139) (133,133,133) (120,120,120) (106,106,106) (94,94,94) (92,92,92) (90,90,90) (90,90,90) (92,92,92) (102,102,102) (98,98,98) (102,102,102) (100,100,100) (104,104,104) (104,104,104) (112,112,112) (102,102,102) (106,106,106) (104,104,104) (102,102,102) (106,106,106) (100,100,100) (110,110,110) (108,108,108) (110,110,110) (114,114,114) (116,116,116) (114,114,114) (116,116,116) (118,118,118) (124,124,124) (120,120,120) (126,126,126) (120,120,120) (124,124,124) (129,129,129) (129,129,129) (129,129,129) (129,129,129) (129,129,129) (129,129,129) (129,129,129) (129,129,129) (129,129,129) (131,131,131) (126,126,126) (129,129,129) (129,129,129) (131,131,131) (129,129,129) (129,129,129) (133,133,133) (131,131,131) (129,129,129) (131,131,131) (135,135,135) (133,133,133) (133,133,133) (137,137,137) (131,131,131) (129,129,129) (135,135,135) (129,129,129) (133,133,133) (131,131,131) (137,137,137) (137,137,137) (133,133,133) (133,133,133) (129,129,129) (124,124,124) (133,133,133) (129,129,129) (135,135,135) (126,126,126) (129,129,129) (129,129,129) (131,131,131) (124,124,124) (131,131,131) (129,129,129) (124,124,124) (126,126,126) (126,126,126) (133,133,133) (129,129,129) (129,129,129) (131,131,131) (122,122,122) (129,129,129) (126,126,126) (131,131,131) (129,129,129) (131,131,131) (131,131,131) (129,129,129) (133,133,133) (131,131,131) (129,129,129) (131,131,131) (133,133,133) (129,129,129) (131,131,131) (129,129,129) (131,131,131) (133,133,133) (126,126,126) (126,126,126) (124,124,124) (126,126,126) (129,129,129) (124,124,124) (126,126,126) (124,124,124) (129,129,129) (124,124,124) (124,124,124) (129,129,129) (122,122,122) (129,129,129) (129,129,129) (122,122,122) (129,129,129) (124,124,124) (126,126,126) (124,124,124) (120,120,120) (120,120,120) (114,114,114) (112,112,112) (112,112,112) (110,110,110) (104,104,104) (108,108,108) (116,116,116) (124,124,124) (135,135,135) (139,139,139) (149,149,149) (149,149,149) (153,153,153) (157,157,157) (161,161,161) (157,157,157) (153,153,153) (155,155,155) (155,155,155) (151,151,151) (161,161,161) (159,159,159) (155,155,155) (155,155,155) (155,155,155) (151,151,151) (153,153,153) (157,157,157) (157,157,157) (153,153,153) (153,153,153) (151,151,151) (151,151,151) (155,155,155) (151,151,151) (153,153,153) (153,153,153) (155,155,155) (157,157,157) (155,155,155) (157,157,157) (151,151,151) (147,147,147) (153,153,153) (153,153,153) (149,149,149) (159,159,159) (189,189,189) (205,205,205) (211,211,211) (215,215,215) (217,217,217) (215,215,215) (217,217,217) (211,211,211) (189,189,189) (149,149,149) (110,110,110) (104,104,104) (108,108,108) (112,112,112) (114,114,114) (116,116,116) (118,118,118) (122,122,122) (120,120,120) (120,120,120) (118,118,118) (120,120,120) (129,129,129) (120,120,120) (120,120,120) (120,120,120) (120,120,120) (122,122,122) (124,124,124) (122,122,122) (122,122,122) (126,126,126) (116,116,116) (126,126,126) (122,122,122) (126,126,126) (122,122,122) (124,124,124) (129,129,129) (124,124,124) (126,126,126) (126,126,126) (126,126,126) (124,124,124) (131,131,131) (129,129,129) (126,126,126) (120,120,120) (98,98,98) (58,58,58) (46,46,46) (46,46,46) (44,44,44) 
(155,155,155) (159,159,159) (155,155,155) (147,147,147) (157,157,157) (157,157,157) (155,155,155) (157,157,157) (159,159,159) (151,151,151) (155,155,155) (153,153,153) (149,149,149) (155,155,155) (155,155,155) (151,151,151) (157,157,157) (157,157,157) (161,161,161) (165,165,165) (169,169,169) (171,171,171) (171,171,171) (173,173,173) (171,171,171) (165,165,165) (167,167,167) (147,147,147) (137,137,137) (131,131,131) (116,116,116) (106,106,106) (92,92,92) (90,90,90) (86,86,86) (94,94,94) (92,92,92) (102,102,102) (100,100,100) (102,102,102) (102,102,102) (104,104,104) (104,104,104) (106,106,106) (102,102,102) (104,104,104) (102,102,102) (104,104,104) (110,110,110) (100,100,100) (104,104,104) (106,106,106) (108,108,108) (114,114,114) (114,114,114) (116,116,116) (118,118,118) (120,120,120) (122,122,122) (124,124,124) (124,124,124) (129,129,129) (124,124,124) (126,126,126) (126,126,126) (126,126,126) (124,124,124) (129,129,129) (129,129,129) (126,126,126) (129,129,129) (129,129,129) (133,133,133) (129,129,129) (133,133,133) (129,129,129) (133,133,133) (129,129,129) (129,129,129) (131,131,131) (129,129,129) (129,129,129) (133,133,133) (133,133,133) (131,131,131) (133,133,133) (133,133,133) (131,131,131) (133,133,133) (129,129,129) (133,133,133) (131,131,131) (135,135,135) (133,133,133) (131,131,131) (135,135,135) (131,131,131) (129,129,129) (129,129,129) (131,131,131) (129,129,129) (129,129,129) (131,131,131) (133,133,133) (131,131,131) (131,131,131) (129,129,129) (131,131,131) (129,129,129) (131,131,131) (131,131,131) (133,133,133) (129,129,129) (129,129,129) (131,131,131) (129,129,129) (129,129,129) (135,135,135) (131,131,131) (131,131,131) (133,133,133) (133,133,133) (139,139,139) (131,131,131) (133,133,133) (129,129,129) (124,124,124) (129,129,129) (129,129,129) (129,129,129) (129,129,129) (131,131,131) (126,126,126) (126,126,126) (129,129,129) (126,126,126) (129,129,129) (129,129,129) (131,131,131) (129,129,129) (131,131,131) (129,129,129) (129,129,129) (129,129,129) (124,124,124) (129,129,129) (129,129,129) (129,129,129) (129,129,129) (126,126,126) (129,129,129) (126,126,126) (124,124,124) (122,122,122) (118,118,118) (120,120,120) (112,112,112) (116,116,116) (108,108,108) (110,110,110) (108,108,108) (108,108,108) (106,106,106) (118,118,118) (131,131,131) (137,137,137) (145,145,145) (147,147,147) (153,153,153) (159,159,159) (159,159,159) (155,155,155) (155,155,155) (153,153,153) (159,159,159) (155,155,155) (153,153,153) (157,157,157) (159,159,159) (157,157,157) (157,157,157) (151,151,151) (155,155,155) (159,159,159) (155,155,155) (153,153,153) (151,151,151) (153,153,153) (153,153,153) (155,155,155) (151,151,151) (153,153,153) (153,153,153) (153,153,153) (147,147,147) (155,155,155) (153,153,153) (157,157,157) (151,151,151) (151,151,151) (155,155,155) (149,149,149) (151,151,151) (173,173,173) (197,197,197) (207,207,207) (211,211,211) (215,215,215) (217,217,217) (221,221,221) (217,217,217) (203,203,203) (177,177,177) (124,124,124) (104,104,104) (104,104,104) (106,106,106) (112,112,112) (112,112,112) (116,116,116) (122,122,122) (120,120,120) (118,118,118) (120,120,120) (122,122,122) (120,120,120) (122,122,122) (122,122,122) (120,120,120) (120,120,120) (118,118,118) (124,124,124) (120,120,120) (124,124,124) (124,124,124) (124,124,124) (126,126,126) (124,124,124) (124,124,124) (122,122,122) (124,124,124) (122,122,122) (124,124,124) (126,126,126) (126,126,126) (129,129,129) (129,129,129) (133,133,133) (135,135,135) (120,120,120) (86,86,86) (54,54,54) (44,44,44) (42,42,42) (46,46,46) (48,48,48) 
(157,157,157) (157,157,157) (157,157,157) (155,155,155) (155,155,155) (157,157,157) (155,155,155) (159,159,159) (155,155,155) (151,151,151) (159,159,159) (155,155,155) (155,155,155) (155,155,155) (157,157,157) (153,153,153) (159,159,159) (163,163,163) (165,165,165) (169,169,169) (167,167,167) (171,171,171) (169,169,169) (169,169,169) (169,169,169) (163,163,163) (157,157,157) (147,147,147) (141,141,141) (133,133,133) (114,114,114) (104,104,104) (90,90,90) (90,90,90) (92,92,92) (88,88,88) (98,98,98) (100,100,100) (98,98,98) (104,104,104) (104,104,104) (110,110,110) (106,106,106) (106,106,106) (108,108,108) (104,104,104) (102,102,102) (104,104,104) (100,100,100) (102,102,102) (102,102,102) (110,110,110) (112,112,112) (112,112,112) (114,114,114) (122,122,122) (116,116,116) (120,120,120) (120,120,120) (118,118,118) (122,122,122) (126,126,126) (124,124,124) (124,124,124) (129,129,129) (129,129,129) (129,129,129) (129,129,129) (126,126,126) (131,131,131) (131,131,131) (129,129,129) (131,131,131) (133,133,133) (131,131,131) (129,129,129) (131,131,131) (129,129,129) (133,133,133) (129,129,129) (135,135,135) (131,131,131) (133,133,133) (133,133,133) (131,131,131) (133,133,133) (137,137,137) (135,135,135) (137,137,137) (129,129,129) (131,131,131) (137,137,137) (131,131,131) (131,131,131) (133,133,133) (129,129,129) (129,129,129) (135,135,135) (126,126,126) (133,133,133) (126,126,126) (133,133,133) (129,129,129) (131,131,131) (131,131,131) (129,129,129) (129,129,129) (129,129,129) (129,129,129) (131,131,131) (131,131,131) (126,126,126) (129,129,129) (133,133,133) (129,129,129) (133,133,133) (124,124,124) (129,129,129) (133,133,133) (131,131,131) (135,135,135) (133,133,133) (133,133,133) (129,129,129) (131,131,131) (131,131,131) (131,131,131) (131,131,131) (131,131,131) (131,131,131) (129,129,129) (126,126,126) (137,137,137) (133,133,133) (126,126,126) (131,131,131) (126,126,126) (129,129,129) (126,126,126) (129,129,129) (129,129,129) (124,124,124) (131,131,131) (131,131,131) (124,124,124) (126,126,126) (131,131,131) (126,126,126) (131,131,131) (129,129,129) (129,129,129) (129,129,129) (120,120,120) (124,124,124) (126,126,126) (118,118,118) (120,120,120) (106,106,106) (108,108,108) (114,114,114) (112,112,112) (102,102,102) (102,102,102) (118,118,118) (131,131,131) (141,141,141) (143,143,143) (147,147,147) (153,153,153) (155,155,155) (161,161,161) (161,161,161) (159,159,159) (157,157,157) (155,155,155) (155,155,155) (155,155,155) (165,165,165) (159,159,159) (161,161,161) (155,155,155) (163,163,163) (159,159,159) (157,157,157) (159,159,159) (155,155,155) (151,151,151) (155,155,155) (159,159,159) (155,155,155) (153,153,153) (155,155,155) (155,155,155) (151,151,151) (151,151,151) (155,155,155) (149,149,149) (153,153,153) (149,149,149) (149,149,149) (149,149,149) (147,147,147) (149,149,149) (155,155,155) (187,187,187) (201,201,201) (211,211,211) (213,213,213) (217,217,217) (219,219,219) (221,221,221) (215,215,215) (199,199,199) (155,155,155) (104,104,104) (106,106,106) (110,110,110) (114,114,114) (116,116,116) (112,112,112) (124,124,124) (120,120,120) (118,118,118) (118,118,118) (124,124,124) (122,122,122) (122,122,122) (124,124,124) (118,118,118) (120,120,120) (124,124,124) (122,122,122) (118,118,118) (120,120,120) (126,126,126) (122,122,122) (124,124,124) (124,124,124) (118,118,118) (124,124,124) (129,129,129) (126,126,126) (129,129,129) (126,126,126) (124,124,124) (129,129,129) (137,137,137) (133,133,133) (116,116,116) (100,100,100) (54,54,54) (66,66,66) (42,42,42) (44,44,44) (50,50,50) (50,50,50) 
(157,157,157) (157,157,157) (157,157,157) (153,153,153) (157,157,157) (159,159,159) (155,155,155) (155,155,155) (155,155,155) (159,159,159) (155,155,155) (155,155,155) (155,155,155) (159,159,159) (157,157,157) (159,159,159) (161,161,161) (167,167,167) (163,163,163) (169,169,169) (169,169,169) (167,167,167) (167,167,167) (169,169,169) (161,161,161) (159,159,159) (155,155,155) (153,153,153) (141,141,141) (129,129,129) (116,116,116) (112,112,112) (92,92,92) (88,88,88) (92,92,92) (90,90,90) (98,98,98) (102,102,102) (100,100,100) (104,104,104) (106,106,106) (104,104,104) (106,106,106) (104,104,104) (108,108,108) (102,102,102) (104,104,104) (102,102,102) (106,106,106) (100,100,100) (104,104,104) (108,108,108) (110,110,110) (110,110,110) (112,112,112) (112,112,112) (116,116,116) (120,120,120) (124,124,124) (126,126,126) (124,124,124) (124,124,124) (129,129,129) (126,126,126) (126,126,126) (126,126,126) (131,131,131) (126,126,126) (131,131,131) (126,126,126) (131,131,131) (133,133,133) (129,129,129) (129,129,129) (131,131,131) (131,131,131) (129,129,129) (126,126,126) (133,133,133) (129,129,129) (135,135,135) (131,131,131) (135,135,135) (131,131,131) (131,131,131) (133,133,133) (135,135,135) (129,129,129) (133,133,133) (129,129,129) (131,131,131) (131,131,131) (131,131,131) (137,137,137) (131,131,131) (133,133,133) (131,131,131) (135,135,135) (129,129,129) (133,133,133) (129,129,129) (133,133,133) (129,129,129) (129,129,129) (133,133,133) (135,135,135) (133,133,133) (133,133,133) (129,129,129) (131,131,131) (129,129,129) (129,129,129) (131,131,131) (129,129,129) (131,131,131) (131,131,131) (124,124,124) (133,133,133) (131,131,131) (133,133,133) (129,129,129) (135,135,135) (135,135,135) (137,137,137) (129,129,129) (129,129,129) (135,135,135) (129,129,129) (129,129,129) (133,133,133) (133,133,133) (131,131,131) (131,131,131) (133,133,133) (126,126,126) (131,131,131) (129,129,129) (126,126,126) (129,129,129) (126,126,126) (129,129,129) (129,129,129) (131,131,131) (131,131,131) (129,129,129) (126,126,126) (131,131,131) (129,129,129) (124,124,124) (135,135,135) (129,129,129) (129,129,129) (129,129,129) (129,129,129) (120,120,120) (120,120,120) (118,118,118) (108,108,108) (116,116,116) (106,106,106) (112,112,112) (104,104,104) (106,106,106) (110,110,110) (120,120,120) (135,135,135) (143,143,143) (149,149,149) (151,151,151) (153,153,153) (155,155,155) (159,159,159) (159,159,159) (163,163,163) (161,161,161) (161,161,161) (155,155,155) (159,159,159) (161,161,161) (161,161,161) (163,163,163) (161,161,161) (157,157,157) (157,157,157) (159,159,159) (155,155,155) (157,157,157) (155,155,155) (149,149,149) (151,151,151) (155,155,155) (157,157,157) (153,153,153) (155,155,155) (151,151,151) (151,151,151) (151,151,151) (153,153,153) (153,153,153) (153,153,153) (153,153,153) (153,153,153) (149,149,149) (145,145,145) (173,173,173) (195,195,195) (205,205,205) (213,213,213) (215,215,215) (219,219,219) (219,219,219) (219,219,219) (207,207,207) (187,187,187) (145,145,145) (104,104,104) (108,108,108) (110,110,110) (108,108,108) (112,112,112) (116,116,116) (114,114,114) (118,118,118) (122,122,122) (116,116,116) (118,118,118) (126,126,126) (120,120,120) (120,120,120) (124,124,124) (122,122,122) (122,122,122) (120,120,120) (122,122,122) (122,122,122) (120,120,120) (126,126,126) (124,124,124) (124,124,124) (120,120,120) (126,126,126) (126,126,126) (124,124,124) (133,133,133) (133,133,133) (137,137,137) (133,133,133) (112,112,112) (84,84,84) (52,52,52) (42,42,42) (50,50,50) (46,46,46) (44,44,44) (46,46,46) (48,48,48) 
(157,157,157) (157,157,157) (153,153,153) (153,153,153) (159,159,159) (157,157,157) (157,157,157) (155,155,155) (153,153,153) (157,157,157) (153,153,153) (155,155,155) (151,151,151) (153,153,153) (159,159,159) (159,159,159) (165,165,165) (169,169,169) (165,165,165) (167,167,167) (167,167,167) (165,165,165) (167,167,167) (165,165,165) (163,163,163) (161,161,161) (157,157,157) (147,147,147) (137,137,137) (129,129,129) (112,112,112) (104,104,104) (88,88,88) (90,90,90) (88,88,88) (94,94,94) (96,96,96) (100,100,100) (100,100,100) (100,100,100) (104,104,104) (104,104,104) (102,102,102) (110,110,110) (104,104,104) (106,106,106) (106,106,106) (104,104,104) (104,104,104) (100,100,100) (104,104,104) (102,102,102) (110,110,110) (110,110,110) (116,116,116) (120,120,120) (118,118,118) (120,120,120) (124,124,124) (126,126,126) (122,122,122) (120,120,120) (131,131,131) (124,124,124) (129,129,129) (126,126,126) (129,129,129) (133,133,133) (129,129,129) (131,131,131) (131,131,131) (129,129,129) (129,129,129) (131,131,131) (129,129,129) (131,131,131) (135,135,135) (126,126,126) (129,129,129) (131,131,131) (131,131,131) (135,135,135) (129,129,129) (129,129,129) (133,133,133) (135,135,135) (135,135,135) (133,133,133) (137,137,137) (133,133,133) (133,133,133) (131,131,131) (129,129,129) (133,133,133) (139,139,139) (131,131,131) (133,133,133) (131,131,131) (141,141,141) (135,135,135) (131,131,131) (131,131,131) (135,135,135) (133,133,133) (135,135,135) (137,137,137) (135,135,135) (129,129,129) (129,129,129) (133,133,133) (122,122,122) (124,124,124) (129,129,129) (129,129,129) (135,135,135) (129,129,129) (129,129,129) (129,129,129) (129,129,129) (131,131,131) (137,137,137) (133,133,133) (135,135,135) (135,135,135) (131,131,131) (131,131,131) (133,133,133) (129,129,129) (135,135,135) (131,131,131) (131,131,131) (131,131,131) (133,133,133) (129,129,129) (126,126,126) (129,129,129) (135,135,135) (126,126,126) (129,129,129) (129,129,129) (126,126,126) (126,126,126) (129,129,129) (129,129,129) (131,131,131) (129,129,129) (131,131,131) (129,129,129) (129,129,129) (129,129,129) (135,135,135) (131,131,131) (124,124,124) (126,126,126) (126,126,126) (116,116,116) (114,114,114) (112,112,112) (116,116,116) (110,110,110) (108,108,108) (104,104,104) (104,104,104) (102,102,102) (114,114,114) (129,129,129) (141,141,141) (143,143,143) (147,147,147) (151,151,151) (153,153,153) (161,161,161) (163,163,163) (161,161,161) (163,163,163) (161,161,161) (161,161,161) (159,159,159) (163,163,163) (163,163,163) (163,163,163) (161,161,161) (163,163,163) (161,161,161) (161,161,161) (157,157,157) (161,161,161) (157,157,157) (155,155,155) (155,155,155) (155,155,155) (155,155,155) (151,151,151) (153,153,153) (157,157,157) (151,151,151) (149,149,149) (149,149,149) (155,155,155) (149,149,149) (151,151,151) (151,151,151) (149,149,149) (149,149,149) (151,151,151) (183,183,183) (203,203,203) (211,211,211) (217,217,217) (215,215,215) (219,219,219) (219,219,219) (215,215,215) (201,201,201) (177,177,177) (116,116,116) (104,104,104) (106,106,106) (106,106,106) (112,112,112) (116,116,116) (116,116,116) (120,120,120) (118,118,118) (118,118,118) (118,118,118) (122,122,122) (118,118,118) (122,122,122) (126,126,126) (120,120,120) (122,122,122) (122,122,122) (124,124,124) (126,126,126) (129,129,129) (122,122,122) (126,126,126) (126,126,126) (129,129,129) (129,129,129) (129,129,129) (133,133,133) (131,131,131) (137,137,137) (129,129,129) (114,114,114) (82,82,82) (46,46,46) (50,50,50) (44,44,44) (40,40,40) (50,50,50) (48,48,48) (40,40,40) (52,52,52) 
(153,153,153) (155,155,155) (159,159,159) (155,155,155) (157,157,157) (155,155,155) (153,153,153) (159,159,159) (159,159,159) (155,155,155) (155,155,155) (159,159,159) (153,153,153) (153,153,153) (155,155,155) (163,163,163) (165,165,165) (165,165,165) (161,161,161) (169,169,169) (167,167,167) (165,165,165) (163,163,163) (159,159,159) (165,165,165) (161,161,161) (153,153,153) (149,149,149) (143,143,143) (141,141,141) (126,126,126) (114,114,114) (98,98,98) (86,86,86) (88,88,88) (94,94,94) (98,98,98) (98,98,98) (100,100,100) (98,98,98) (108,108,108) (106,106,106) (114,114,114) (106,106,106) (104,104,104) (104,104,104) (108,108,108) (106,106,106) (102,102,102) (104,104,104) (100,100,100) (106,106,106) (114,114,114) (110,110,110) (114,114,114) (114,114,114) (122,122,122) (122,122,122) (120,120,120) (118,118,118) (124,124,124) (122,122,122) (122,122,122) (126,126,126) (129,129,129) (129,129,129) (129,129,129) (131,131,131) (129,129,129) (129,129,129) (131,131,131) (131,131,131) (133,133,133) (133,133,133) (133,133,133) (133,133,133) (135,135,135) (129,129,129) (131,131,131) (133,133,133) (129,129,129) (133,133,133) (131,131,131) (133,133,133) (129,129,129) (133,133,133) (135,135,135) (133,133,133) (131,131,131) (131,131,131) (133,133,133) (129,129,129) (129,129,129) (131,131,131) (129,129,129) (129,129,129) (131,131,131) (129,129,129) (131,131,131) (135,135,135) (133,133,133) (131,131,131) (129,129,129) (133,133,133) (131,131,131) (129,129,129) (129,129,129) (135,135,135) (131,131,131) (133,133,133) (135,135,135) (133,133,133) (129,129,129) (129,129,129) (126,126,126) (139,139,139) (126,126,126) (129,129,129) (133,133,133) (129,129,129) (135,135,135) (131,131,131) (137,137,137) (135,135,135) (133,133,133) (131,131,131) (133,133,133) (133,133,133) (131,131,131) (135,135,135) (126,126,126) (141,141,141) (129,129,129) (126,126,126) (129,129,129) (129,129,129) (131,131,131) (131,131,131) (129,129,129) (135,135,135) (126,126,126) (124,124,124) (126,126,126) (126,126,126) (124,124,124) (129,129,129) (131,131,131) (129,129,129) (124,124,124) (124,124,124) (131,131,131) (129,129,129) (120,120,120) (122,122,122) (126,126,126) (118,118,118) (118,118,118) (114,114,114) (116,116,116) (108,108,108) (108,108,108) (108,108,108) (100,100,100) (104,104,104) (112,112,112) (122,122,122) (135,135,135) (139,139,139) (151,151,151) (153,153,153) (157,157,157) (157,157,157) (161,161,161) (163,163,163) (161,161,161) (165,165,165) (161,161,161) (161,161,161) (161,161,161) (159,159,159) (165,165,165) (161,161,161) (161,161,161) (161,161,161) (155,155,155) (159,159,159) (157,157,157) (157,157,157) (161,161,161) (155,155,155) (157,157,157) (153,153,153) (155,155,155) (155,155,155) (153,153,153) (149,149,149) (151,151,151) (153,153,153) (151,151,151) (149,149,149) (151,151,151) (155,155,155) (151,151,151) (147,147,147) (145,145,145) (157,157,157) (191,191,191) (207,207,207) (213,213,213) (217,217,217) (217,217,217) (219,219,219) (219,219,219) (211,211,211) (191,191,191) (145,145,145) (102,102,102) (102,102,102) (106,106,106) (108,108,108) (114,114,114) (116,116,116) (114,114,114) (116,116,116) (120,120,120) (120,120,120) (118,118,118) (120,120,120) (124,124,124) (122,122,122) (124,124,124) (122,122,122) (126,126,126) (122,122,122) (124,124,124) (129,129,129) (124,124,124) (129,129,129) (126,126,126) (129,129,129) (129,129,129) (133,133,133) (135,135,135) (135,135,135) (131,131,131) (108,108,108) (74,74,74) (46,46,46) (44,44,44) (50,50,50) (50,50,50) (48,48,48) (50,50,50) (44,44,44) (44,44,44) (52,52,52) 
(155,155,155) (153,153,153) (155,155,155) (157,157,157) (151,151,151) (161,161,161) (159,159,159) (155,155,155) (157,157,157) (155,155,155) (153,153,153) (153,153,153) (157,157,157) (157,157,157) (157,157,157) (167,167,167) (165,165,165) (165,165,165) (159,159,159) (167,167,167) (165,165,165) (165,165,165) (163,163,163) (161,161,161) (163,163,163) (163,163,163) (155,155,155) (147,147,147) (141,141,141) (131,131,131) (120,120,120) (104,104,104) (92,92,92) (86,86,86) (94,94,94) (98,98,98) (92,92,92) (98,98,98) (104,104,104) (102,102,102) (106,106,106) (106,106,106) (102,102,102) (108,108,108) (106,106,106) (104,104,104) (100,100,100) (98,98,98) (108,108,108) (102,102,102) (104,104,104) (106,106,106) (112,112,112) (112,112,112) (112,112,112) (112,112,112) (114,114,114) (122,122,122) (120,120,120) (122,122,122) (129,129,129) (126,126,126) (129,129,129) (120,120,120) (129,129,129) (126,126,126) (131,131,131) (129,129,129) (129,129,129) (131,131,131) (129,129,129) (126,126,126) (133,133,133) (131,131,131) (126,126,126) (129,129,129) (129,129,129) (129,129,129) (129,129,129) (129,129,129) (129,129,129) (133,133,133) (131,131,131) (129,129,129) (129,129,129) (131,131,131) (129,129,129) (133,133,133) (131,131,131) (129,129,129) (131,131,131) (133,133,133) (129,129,129) (133,133,133) (129,129,129) (135,135,135) (129,129,129) (131,131,131) (133,133,133) (133,133,133) (129,129,129) (126,126,126) (129,129,129) (135,135,135) (131,131,131) (126,126,126) (131,131,131) (129,129,129) (126,126,126) (131,131,131) (129,129,129) (131,131,131) (131,131,131) (129,129,129) (129,129,129) (129,129,129) (126,126,126) (129,129,129) (131,131,131) (129,129,129) (129,129,129) (131,131,131) (135,135,135) (139,139,139) (139,139,139) (137,137,137) (129,129,129) (126,126,126) (135,135,135) (131,131,131) (129,129,129) (131,131,131) (131,131,131) (129,129,129) (129,129,129) (124,124,124) (131,131,131) (122,122,122) (124,124,124) (126,126,126) (129,129,129) (124,124,124) (124,124,124) (129,129,129) (124,124,124) (129,129,129) (129,129,129) (126,126,126) (129,129,129) (129,129,129) (129,129,129) (126,126,126) (126,126,126) (122,122,122) (122,122,122) (122,122,122) (124,124,124) (112,112,112) (112,112,112) (112,112,112) (106,106,106) (106,106,106) (106,106,106) (102,102,102) (110,110,110) (114,114,114) (131,131,131) (141,141,141) (155,155,155) (153,153,153) (153,153,153) (159,159,159) (163,163,163) (163,163,163) (163,163,163) (167,167,167) (161,161,161) (161,161,161) (159,159,159) (159,159,159) (161,161,161) (161,161,161) (157,157,157) (163,163,163) (161,161,161) (157,157,157) (157,157,157) (157,157,157) (155,155,155) (155,155,155) (155,155,155) (155,155,155) (151,151,151) (153,153,153) (149,149,149) (151,151,151) (153,153,153) (151,151,151) (151,151,151) (153,153,153) (151,151,151) (151,151,151) (147,147,147) (151,151,151) (145,145,145) (147,147,147) (179,179,179) (201,201,201) (209,209,209) (213,213,213) (217,217,217) (219,219,219) (219,219,219) (215,215,215) (203,203,203) (177,177,177) (116,116,116) (104,104,104) (112,112,112) (104,104,104) (114,114,114) (110,110,110) (118,118,118) (120,120,120) (118,118,118) (114,114,114) (122,122,122) (129,129,129) (124,124,124) (122,122,122) (122,122,122) (124,124,124) (124,124,124) (126,126,126) (129,129,129) (133,133,133) (126,126,126) (129,129,129) (129,129,129) (133,133,133) (133,133,133) (137,137,137) (139,139,139) (133,133,133) (110,110,110) (66,66,66) (52,52,52) (44,44,44) (40,40,40) (48,48,48) (52,52,52) (44,44,44) (42,42,42) (46,46,46) (46,46,46) (50,50,50) 
(155,155,155) (153,153,153) (155,155,155) (157,157,157) (161,161,161) (159,159,159) (157,157,157) (157,157,157) (157,157,157) (155,155,155) (153,153,153) (157,157,157) (155,155,155) (155,155,155) (157,157,157) (165,165,165) (167,167,167) (167,167,167) (169,169,169) (163,163,163) (163,163,163) (163,163,163) (163,163,163) (163,163,163) (159,159,159) (163,163,163) (155,155,155) (151,151,151) (143,143,143) (133,133,133) (126,126,126) (102,102,102) (96,96,96) (88,88,88) (88,88,88) (94,94,94) (98,98,98) (98,98,98) (106,106,106) (104,104,104) (102,102,102) (102,102,102) (104,104,104) (102,102,102) (104,104,104) (102,102,102) (110,110,110) (102,102,102) (102,102,102) (104,104,104) (106,106,106) (102,102,102) (106,106,106) (108,108,108) (112,112,112) (114,114,114) (116,116,116) (120,120,120) (124,124,124) (118,118,118) (126,126,126) (124,124,124) (126,126,126) (124,124,124) (129,129,129) (133,133,133) (129,129,129) (126,126,126) (126,126,126) (129,129,129) (131,131,131) (126,126,126) (133,133,133) (135,135,135) (131,131,131) (129,129,129) (129,129,129) (129,129,129) (133,133,133) (129,129,129) (131,131,131) (131,131,131) (135,135,135) (129,129,129) (129,129,129) (133,133,133) (133,133,133) (129,129,129) (131,131,131) (129,129,129) (131,131,131) (126,126,126) (133,133,133) (126,126,126) (129,129,129) (129,129,129) (129,129,129) (135,135,135) (126,126,126) (131,131,131) (129,129,129) (126,126,126) (129,129,129) (129,129,129) (124,124,124) (126,126,126) (126,126,126) (131,131,131) (129,129,129) (133,133,133) (124,124,124) (131,131,131) (131,131,131) (126,126,126) (126,126,126) (133,133,133) (129,129,129) (129,129,129) (126,126,126) (133,133,133) (139,139,139) (129,129,129) (131,131,131) (131,131,131) (133,133,133) (131,131,131) (131,131,131) (126,126,126) (126,126,126) (131,131,131) (129,129,129) (133,133,133) (129,129,129) (133,133,133) (131,131,131) (129,129,129) (129,129,129) (131,131,131) (126,126,126) (126,126,126) (126,126,126) (124,124,124) (124,124,124) (129,129,129) (126,126,126) (131,131,131) (124,124,124) (129,129,129) (122,122,122) (126,126,126) (129,129,129) (129,129,129) (126,126,126) (126,126,126) (120,120,120) (118,118,118) (120,120,120) (122,122,122) (114,114,114) (112,112,112) (108,108,108) (112,112,112) (108,108,108) (104,104,104) (112,112,112) (114,114,114) (129,129,129) (139,139,139) (147,147,147) (147,147,147) (157,157,157) (155,155,155) (163,163,163) (161,161,161) (163,163,163) (161,161,161) (161,161,161) (159,159,159) (163,163,163) (159,159,159) (159,159,159) (161,161,161) (159,159,159) (159,159,159) (161,161,161) (161,161,161) (155,155,155) (155,155,155) (155,155,155) (157,157,157) (153,153,153) (153,153,153) (151,151,151) (153,153,153) (151,151,151) (151,151,151) (149,149,149) (151,151,151) (151,151,151) (149,149,149) (151,151,151) (147,147,147) (151,151,151) (153,153,153) (143,143,143) (147,147,147) (159,159,159) (191,191,191) (203,203,203) (211,211,211) (215,215,215) (219,219,219) (221,221,221) (221,221,221) (213,213,213) (193,193,193) (153,153,153) (112,112,112) (102,102,102) (114,114,114) (108,108,108) (112,112,112) (114,114,114) (120,120,120) (118,118,118) (114,114,114) (118,118,118) (118,118,118) (122,122,122) (122,122,122) (122,122,122) (122,122,122) (122,122,122) (120,120,120) (124,124,124) (129,129,129) (126,126,126) (129,129,129) (131,131,131) (133,133,133) (133,133,133) (137,137,137) (139,139,139) (114,114,114) (68,68,68) (50,50,50) (58,58,58) (54,54,54) (50,50,50) (48,48,48) (50,50,50) (46,46,46) (48,48,48) (48,48,48) (46,46,46) (60,60,60) 
(155,155,155) (153,153,153) (159,159,159) (153,153,153) (163,163,163) (157,157,157) (157,157,157) (159,159,159) (157,157,157) (157,157,157) (157,157,157) (157,157,157) (157,157,157) (161,161,161) (163,163,163) (165,165,165) (167,167,167) (167,167,167) (163,163,163) (165,165,165) (163,163,163) (163,163,163) (157,157,157) (157,157,157) (161,161,161) (159,159,159) (157,157,157) (151,151,151) (143,143,143) (133,133,133) (120,120,120) (102,102,102) (94,94,94) (84,84,84) (88,88,88) (100,100,100) (94,94,94) (96,96,96) (100,100,100) (106,106,106) (110,110,110) (108,108,108) (106,106,106) (100,100,100) (106,106,106) (102,102,102) (102,102,102) (100,100,100) (104,104,104) (98,98,98) (104,104,104) (106,106,106) (112,112,112) (110,110,110) (112,112,112) (112,112,112) (118,118,118) (120,120,120) (122,122,122) (118,118,118) (124,124,124) (126,126,126) (124,124,124) (126,126,126) (124,124,124) (129,129,129) (124,124,124) (122,122,122) (131,131,131) (129,129,129) (131,131,131) (133,133,133) (131,131,131) (126,126,126) (129,129,129) (131,131,131) (129,129,129) (129,129,129) (129,129,129) (129,129,129) (126,126,126) (131,131,131) (129,129,129) (129,129,129) (129,129,129) (133,133,133) (133,133,133) (133,133,133) (126,126,126) (126,126,126) (129,129,129) (129,129,129) (126,126,126) (126,126,126) (129,129,129) (141,141,141) (131,131,131) (131,131,131) (135,135,135) (126,126,126) (129,129,129) (126,126,126) (129,129,129) (126,126,126) (124,124,124) (124,124,124) (129,129,129) (126,126,126) (129,129,129) (124,124,124) (126,126,126) (129,129,129) (129,129,129) (122,122,122) (126,126,126) (126,126,126) (129,129,129) (126,126,126) (131,131,131) (126,126,126) (129,129,129) (131,131,131) (129,129,129) (131,131,131) (133,133,133) (133,133,133) (129,129,129) (131,131,131) (129,129,129) (133,133,133) (131,131,131) (133,133,133) (129,129,129) (129,129,129) (129,129,129) (122,122,122) (124,124,124) (129,129,129) (129,129,129) (122,122,122) (126,126,126) (122,122,122) (124,124,124) (126,126,126) (129,129,129) (126,126,126) (124,124,124) (124,124,124) (124,124,124) (126,126,126) (133,133,133) (129,129,129) (126,126,126) (126,126,126) (124,124,124) (122,122,122) (133,133,133) (116,116,116) (112,112,112) (106,106,106) (110,110,110) (106,106,106) (104,104,104) (110,110,110) (112,112,112) (120,120,120) (126,126,126) (141,141,141) (145,145,145) (155,155,155) (153,153,153) (159,159,159) (163,163,163) (161,161,161) (163,163,163) (161,161,161) (167,167,167) (163,163,163) (157,157,157) (161,161,161) (159,159,159) (161,161,161) (159,159,159) (161,161,161) (159,159,159) (159,159,159) (157,157,157) (155,155,155) (155,155,155) (155,155,155) (155,155,155) (157,157,157) (153,153,153) (157,157,157) (153,153,153) (153,153,153) (153,153,153) (151,151,151) (151,151,151) (151,151,151) (151,151,151) (151,151,151) (147,147,147) (147,147,147) (149,149,149) (147,147,147) (147,147,147) (173,173,173) (197,197,197) (209,209,209) (213,213,213) (217,217,217) (219,219,219) (221,221,221) (219,219,219) (207,207,207) (189,189,189) (129,129,129) (100,100,100) (106,106,106) (110,110,110) (114,114,114) (114,114,114) (120,120,120) (118,118,118) (122,122,122) (126,126,126) (122,122,122) (124,124,124) (124,124,124) (122,122,122) (120,120,120) (122,122,122) (118,118,118) (124,124,124) (126,126,126) (122,122,122) (131,131,131) (129,129,129) (133,133,133) (137,137,137) (135,135,135) (110,110,110) (70,70,70) (62,62,62) (74,74,74) (48,48,48) (46,46,46) (46,46,46) (40,40,40) (46,46,46) (44,44,44) (46,46,46) (50,50,50) (54,54,54) (58,58,58) 
(157,157,157) (155,155,155) (157,157,157) (153,153,153) (159,159,159) (161,161,161) (157,157,157) (157,157,157) (159,159,159) (159,159,159) (153,153,153) (159,159,159) (155,155,155) (161,161,161) (167,167,167) (165,165,165) (165,165,165) (165,165,165) (165,165,165) (167,167,167) (161,161,161) (165,165,165) (157,157,157) (159,159,159) (161,161,161) (159,159,159) (159,159,159) (153,153,153) (143,143,143) (129,129,129) (114,114,114) (98,98,98) (86,86,86) (92,92,92) (84,84,84) (84,84,84) (94,94,94) (102,102,102) (100,100,100) (102,102,102) (104,104,104) (104,104,104) (106,106,106) (106,106,106) (106,106,106) (108,108,108) (104,104,104) (100,100,100) (98,98,98) (102,102,102) (106,106,106) (110,110,110) (106,106,106) (106,106,106) (116,116,116) (116,116,116) (122,122,122) (120,120,120) (116,116,116) (126,126,126) (126,126,126) (124,124,124) (122,122,122) (133,133,133) (126,126,126) (129,129,129) (126,126,126) (126,126,126) (124,124,124) (124,124,124) (129,129,129) (126,126,126) (126,126,126) (129,129,129) (126,126,126) (129,129,129) (129,129,129) (133,133,133) (131,131,131) (129,129,129) (131,131,131) (131,131,131) (131,131,131) (124,124,124) (129,129,129) (129,129,129) (129,129,129) (131,131,131) (133,133,133) (129,129,129) (129,129,129) (129,129,129) (129,129,129) (133,133,133) (129,129,129) (133,133,133) (133,133,133) (141,141,141) (129,129,129) (131,131,131) (126,126,126) (122,122,122) (124,124,124) (126,126,126) (118,118,118) (126,126,126) (124,124,124) (126,126,126) (126,126,126) (129,129,129) (129,129,129) (124,124,124) (126,126,126) (129,129,129) (124,124,124) (129,129,129) (126,126,126) (124,124,124) (126,126,126) (133,133,133) (124,124,124) (129,129,129) (126,126,126) (126,126,126) (133,133,133) (129,129,129) (131,131,131) (131,131,131) (131,131,131) (131,131,131) (133,133,133) (137,137,137) (126,126,126) (129,129,129) (126,126,126) (129,129,129) (129,129,129) (129,129,129) (124,124,124) (122,122,122) (126,126,126) (126,126,126) (126,126,126) (124,124,124) (131,131,131) (126,126,126) (126,126,126) (126,126,126) (126,126,126) (131,131,131) (126,126,126) (124,124,124) (122,122,122) (124,124,124) (120,120,120) (124,124,124) (120,120,120) (122,122,122) (118,118,118) (110,110,110) (110,110,110) (106,106,106) (102,102,102) (104,104,104) (114,114,114) (122,122,122) (126,126,126) (139,139,139) (147,147,147) (147,147,147) (153,153,153) (159,159,159) (165,165,165) (159,159,159) (161,161,161) (163,163,163) (163,163,163) (161,161,161) (163,163,163) (159,159,159) (157,157,157) (159,159,159) (157,157,157) (157,157,157) (159,159,159) (159,159,159) (159,159,159) (155,155,155) (159,159,159) (151,151,151) (159,159,159) (159,159,159) (155,155,155) (153,153,153) (157,157,157) (155,155,155) (151,151,151) (153,153,153) (151,151,151) (151,151,151) (153,153,153) (151,151,151) (149,149,149) (151,151,151) (147,147,147) (149,149,149) (143,143,143) (155,155,155) (191,191,191) (205,205,205) (213,213,213) (215,215,215) (217,217,217) (219,219,219) (223,223,223) (215,215,215) (201,201,201) (165,165,165) (104,104,104) (104,104,104) (112,112,112) (114,114,114) (114,114,114) (110,110,110) (126,126,126) (120,120,120) (122,122,122) (122,122,122) (122,122,122) (124,124,124) (122,122,122) (129,129,129) (116,116,116) (126,126,126) (118,118,118) (126,126,126) (126,126,126) (131,131,131) (133,133,133) (137,137,137) (133,133,133) (116,116,116) (66,66,66) (42,42,42) (44,44,44) (54,54,54) (46,46,46) (44,44,44) (44,44,44) (46,46,46) (44,44,44) (50,50,50) (44,44,44) (58,58,58) (52,52,52) (48,48,48) 
(157,157,157) (159,159,159) (155,155,155) (159,159,159) (157,157,157) (157,157,157) (157,157,157) (155,155,155) (161,161,161) (161,161,161) (157,157,157) (161,161,161) (165,165,165) (167,167,167) (167,167,167) (169,169,169) (167,167,167) (169,169,169) (165,165,165) (159,159,159) (159,159,159) (159,159,159) (153,153,153) (159,159,159) (163,163,163) (165,165,165) (165,165,165) (155,155,155) (143,143,143) (129,129,129) (114,114,114) (102,102,102) (90,90,90) (88,88,88) (86,86,86) (92,92,92) (104,104,104) (98,98,98) (104,104,104) (106,106,106) (102,102,102) (104,104,104) (106,106,106) (104,104,104) (108,108,108) (106,106,106) (104,104,104) (106,106,106) (106,106,106) (100,100,100) (106,106,106) (108,108,108) (110,110,110) (110,110,110) (112,112,112) (116,116,116) (116,116,116) (118,118,118) (120,120,120) (124,124,124) (120,120,120) (124,124,124) (126,126,126) (124,124,124) (129,129,129) (126,126,126) (131,131,131) (131,131,131) (126,126,126) (122,122,122) (126,126,126) (124,124,124) (126,126,126) (129,129,129) (124,124,124) (129,129,129) (126,126,126) (131,131,131) (124,124,124) (129,129,129) (129,129,129) (133,133,133) (133,133,133) (131,131,131) (129,129,129) (129,129,129) (129,129,129) (126,126,126) (122,122,122) (129,129,129) (124,124,124) (129,129,129) (126,126,126) (129,129,129) (129,129,129) (135,135,135) (135,135,135) (133,133,133) (131,131,131) (131,131,131) (126,126,126) (126,126,126) (129,129,129) (122,122,122) (122,122,122) (122,122,122) (122,122,122) (124,124,124) (118,118,118) (126,126,126) (133,133,133) (126,126,126) (124,124,124) (122,122,122) (129,129,129) (124,124,124) (122,122,122) (124,124,124) (129,129,129) (122,122,122) (129,129,129) (133,133,133) (129,129,129) (126,126,126) (129,129,129) (129,129,129) (129,129,129) (131,131,131) (129,129,129) (133,133,133) (135,135,135) (129,129,129) (126,126,126) (122,122,122) (129,129,129) (126,126,126) (129,129,129) (129,129,129) (129,129,129) (129,129,129) (129,129,129) (126,126,126) (131,131,131) (124,124,124) (124,124,124) (124,124,124) (126,126,126) (124,124,124) (120,120,120) (129,129,129) (126,126,126) (129,129,129) (124,124,124) (124,124,124) (129,129,129) (112,112,112) (118,118,118) (114,114,114) (118,118,118) (108,108,108) (112,112,112) (110,110,110) (108,108,108) (108,108,108) (114,114,114) (118,118,118) (126,126,126) (133,133,133) (145,145,145) (145,145,145) (149,149,149) (157,157,157) (155,155,155) (157,157,157) (159,159,159) (161,161,161) (159,159,159) (163,163,163) (163,163,163) (159,159,159) (157,157,157) (161,161,161) (161,161,161) (159,159,159) (159,159,159) (157,157,157) (159,159,159) (157,157,157) (159,159,159) (155,155,155) (157,157,157) (157,157,157) (153,153,153) (151,151,151) (155,155,155) (159,159,159) (159,159,159) (155,155,155) (153,153,153) (153,153,153) (155,155,155) (153,153,153) (149,149,149) (147,147,147) (145,145,145) (149,149,149) (143,143,143) (143,143,143) (169,169,169) (201,201,201) (207,207,207) (215,215,215) (217,217,217) (221,221,221) (221,221,221) (221,221,221) (213,213,213) (197,197,197) (145,145,145) (102,102,102) (106,106,106) (112,112,112) (114,114,114) (116,116,116) (114,114,114) (122,122,122) (120,120,120) (124,124,124) (120,120,120) (124,124,124) (122,122,122) (118,118,118) (118,118,118) (122,122,122) (124,124,124) (133,133,133) (122,122,122) (131,131,131) (135,135,135) (131,131,131) (108,108,108) (72,72,72) (48,48,48) (40,40,40) (42,42,42) (46,46,46) (48,48,48) (54,54,54) (42,42,42) (58,58,58) (48,48,48) (50,50,50) (46,46,46) (50,50,50) (50,50,50) (62,62,62) 
(157,157,157) (157,157,157) (159,159,159) (157,157,157) (159,159,159) (161,161,161) (161,161,161) (157,157,157) (161,161,161) (161,161,161) (159,159,159) (163,163,163) (165,165,165) (167,167,167) (167,167,167) (171,171,171) (169,169,169) (169,169,169) (165,165,165) (161,161,161) (157,157,157) (157,157,157) (155,155,155) (157,157,157) (165,165,165) (161,161,161) (159,159,159) (157,157,157) (143,143,143) (133,133,133) (114,114,114) (102,102,102) (94,94,94) (86,86,86) (86,86,86) (96,96,96) (98,98,98) (102,102,102) (100,100,100) (104,104,104) (108,108,108) (110,110,110) (110,110,110) (100,100,100) (108,108,108) (100,100,100) (100,100,100) (108,108,108) (108,108,108) (104,104,104) (108,108,108) (106,106,106) (108,108,108) (110,110,110) (116,116,116) (118,118,118) (122,122,122) (124,124,124) (124,124,124) (122,122,122) (122,122,122) (124,124,124) (124,124,124) (124,124,124) (131,131,131) (129,129,129) (129,129,129) (129,129,129) (124,124,124) (126,126,126) (129,129,129) (129,129,129) (124,124,124) (126,126,126) (131,131,131) (129,129,129) (129,129,129) (129,129,129) (129,129,129) (131,131,131) (129,129,129) (133,133,133) (126,126,126) (131,131,131) (131,131,131) (126,126,126) (129,129,129) (129,129,129) (131,131,131) (131,131,131) (131,131,131) (131,131,131) (129,129,129) (129,129,129) (131,131,131) (129,129,129) (129,129,129) (131,131,131) (133,133,133) (135,135,135) (129,129,129) (126,126,126) (126,126,126) (126,126,126) (116,116,116) (122,122,122) (122,122,122) (126,126,126) (124,124,124) (126,126,126) (126,126,126) (126,126,126) (122,122,122) (126,126,126) (126,126,126) (126,126,126) (120,120,120) (126,126,126) (124,124,124) (129,129,129) (124,124,124) (129,129,129) (129,129,129) (126,126,126) (124,124,124) (126,126,126) (131,131,131) (129,129,129) (131,131,131) (129,129,129) (135,135,135) (126,126,126) (129,129,129) (126,126,126) (129,129,129) (122,122,122) (124,124,124) (129,129,129) (126,126,126) (126,126,126) (124,124,124) (126,126,126) (126,126,126) (124,124,124) (129,129,129) (126,126,126) (124,124,124) (126,126,126) (124,124,124) (126,126,126) (129,129,129) (129,129,129) (126,126,126) (126,126,126) (122,122,122) (112,112,112) (120,120,120) (120,120,120) (118,118,118) (114,114,114) (108,108,108) (112,112,112) (108,108,108) (108,108,108) (108,108,108) (124,124,124) (135,135,135) (135,135,135) (137,137,137) (149,149,149) (153,153,153) (159,159,159) (157,157,157) (157,157,157) (159,159,159) (161,161,161) (163,163,163) (157,157,157) (153,153,153) (157,157,157) (157,157,157) (159,159,159) (161,161,161) (155,155,155) (155,155,155) (157,157,157) (157,157,157) (157,157,157) (155,155,155) (153,153,153) (155,155,155) (157,157,157) (157,157,157) (155,155,155) (157,157,157) (157,157,157) (155,155,155) (153,153,153) (155,155,155) (151,151,151) (155,155,155) (155,155,155) (149,149,149) (153,153,153) (147,147,147) (143,143,143) (145,145,145) (139,139,139) (145,145,145) (185,185,185) (203,203,203) (211,211,211) (215,215,215) (219,219,219) (221,221,221) (221,221,221) (221,221,221) (207,207,207) (169,169,169) (106,106,106) (106,106,106) (106,106,106) (110,110,110) (114,114,114) (116,116,116) (122,122,122) (120,120,120) (124,124,124) (124,124,124) (122,122,122) (118,118,118) (124,124,124) (124,124,124) (124,124,124) (126,126,126) (126,126,126) (126,126,126) (133,133,133) (129,129,129) (106,106,106) (68,68,68) (40,40,40) (38,38,38) (50,50,50) (42,42,42) (44,44,44) (46,46,46) (46,46,46) (44,44,44) (52,52,52) (50,50,50) (48,48,48) (46,46,46) (46,46,46) (54,54,54) (50,50,50) 
(155,155,155) (161,161,161) (157,157,157) (153,153,153) (159,159,159) (159,159,159) (161,161,161) (161,161,161) (161,161,161) (161,161,161) (163,163,163) (165,165,165) (167,167,167) (169,169,169) (169,169,169) (171,171,171) (167,167,167) (167,167,167) (163,163,163) (159,159,159) (157,157,157) (161,161,161) (157,157,157) (157,157,157) (163,163,163) (163,163,163) (157,157,157) (151,151,151) (141,141,141) (133,133,133) (118,118,118) (102,102,102) (88,88,88) (88,88,88) (88,88,88) (96,96,96) (96,96,96) (104,104,104) (98,98,98) (104,104,104) (104,104,104) (102,102,102) (108,108,108) (106,106,106) (110,110,110) (102,102,102) (102,102,102) (100,100,100) (106,106,106) (106,106,106) (108,108,108) (104,104,104) (110,110,110) (108,108,108) (110,110,110) (118,118,118) (116,116,116) (120,120,120) (122,122,122) (129,129,129) (126,126,126) (120,120,120) (126,126,126) (126,126,126) (126,126,126) (126,126,126) (133,133,133) (129,129,129) (129,129,129) (129,129,129) (126,126,126) (135,135,135) (126,126,126) (129,129,129) (129,129,129) (129,129,129) (131,131,131) (129,129,129) (129,129,129) (133,133,133) (131,131,131) (133,133,133) (129,129,129) (129,129,129) (133,133,133) (131,131,131) (133,133,133) (126,126,126) (129,129,129) (131,131,131) (135,135,135) (126,126,126) (129,129,129) (133,133,133) (129,129,129) (129,129,129) (135,135,135) (129,129,129) (129,129,129) (126,126,126) (126,126,126) (129,129,129) (124,124,124) (120,120,120) (122,122,122) (122,122,122) (116,116,116) (120,120,120) (122,122,122) (122,122,122) (126,126,126) (124,124,124) (126,126,126) (126,126,126) (124,124,124) (124,124,124) (124,124,124) (120,120,120) (122,122,122) (118,118,118) (124,124,124) (129,129,129) (126,126,126) (126,126,126) (133,133,133) (126,126,126) (124,124,124) (129,129,129) (133,133,133) (129,129,129) (129,129,129) (131,131,131) (129,129,129) (124,124,124) (129,129,129) (126,126,126) (131,131,131) (129,129,129) (129,129,129) (126,126,126) (129,129,129) (129,129,129) (126,126,126) (129,129,129) (129,129,129) (124,124,124) (129,129,129) (126,126,126) (129,129,129) (126,126,126) (126,126,126) (124,124,124) (126,126,126) (126,126,126) (124,124,124) (118,118,118) (120,120,120) (114,114,114) (110,110,110) (110,110,110) (110,110,110) (108,108,108) (104,104,104) (110,110,110) (114,114,114) (122,122,122) (129,129,129) (137,137,137) (137,137,137) (143,143,143) (149,149,149) (153,153,153) (153,153,153) (157,157,157) (159,159,159) (163,163,163) (157,157,157) (159,159,159) (159,159,159) (159,159,159) (157,157,157) (161,161,161) (159,159,159) (159,159,159) (159,159,159) (161,161,161) (159,159,159) (155,155,155) (159,159,159) (155,155,155) (157,157,157) (159,159,159) (157,157,157) (151,151,151) (157,157,157) (157,157,157) (155,155,155) (155,155,155) (157,157,157) (155,155,155) (153,153,153) (151,151,151) (149,149,149) (153,153,153) (151,151,151) (149,149,149) (141,141,141) (143,143,143) (141,141,141) (163,163,163) (193,193,193) (209,209,209) (215,215,215) (217,217,217) (221,221,221) (223,223,223) (223,223,223) (217,217,217) (201,201,201) (147,147,147) (108,108,108) (104,104,104) (108,108,108) (112,112,112) (114,114,114) (116,116,116) (116,116,116) (116,116,116) (120,120,120) (124,124,124) (124,124,124) (126,126,126) (124,124,124) (124,124,124) (126,126,126) (129,129,129) (131,131,131) (133,133,133) (104,104,104) (62,62,62) (52,52,52) (36,36,36) (50,50,50) (40,40,40) (52,52,52) (52,52,52) (52,52,52) (46,46,46) (58,58,58) (52,52,52) (50,50,50) (46,46,46) (48,48,48) (50,50,50) (58,58,58) (56,56,56) 
(159,159,159) (157,157,157) (157,157,157) (159,159,159) (157,157,157) (163,163,163) (161,161,161) (159,159,159) (157,157,157) (167,167,167) (165,165,165) (167,167,167) (165,165,165) (167,167,167) (169,169,169) (167,167,167) (167,167,167) (169,169,169) (163,163,163) (161,161,161) (155,155,155) (159,159,159) (159,159,159) (159,159,159) (161,161,161) (163,163,163) (157,157,157) (155,155,155) (143,143,143) (135,135,135) (114,114,114) (98,98,98) (92,92,92) (90,90,90) (88,88,88) (92,92,92) (98,98,98) (102,102,102) (102,102,102) (110,110,110) (104,104,104) (104,104,104) (104,104,104) (104,104,104) (104,104,104) (102,102,102) (104,104,104) (102,102,102) (102,102,102) (94,94,94) (106,106,106) (104,104,104) (106,106,106) (112,112,112) (116,116,116) (116,116,116) (118,118,118) (118,118,118) (122,122,122) (116,116,116) (124,124,124) (124,124,124) (129,129,129) (124,124,124) (124,124,124) (122,122,122) (131,131,131) (126,126,126) (124,124,124) (126,126,126) (131,131,131) (126,126,126) (129,129,129) (133,133,133) (124,124,124) (126,126,126) (120,120,120) (129,129,129) (133,133,133) (129,129,129) (131,131,131) (126,126,126) (126,126,126) (124,124,124) (131,131,131) (133,133,133) (126,126,126) (129,129,129) (129,129,129) (126,126,126) (126,126,126) (129,129,129) (126,126,126) (129,129,129) (129,129,129) (133,133,133) (135,135,135) (131,131,131) (126,126,126) (126,126,126) (131,131,131) (126,126,126) (124,124,124) (124,124,124) (124,124,124) (122,122,122) (120,120,120) (122,122,122) (120,120,120) (124,124,124) (124,124,124) (122,122,122) (129,129,129) (131,131,131) (118,118,118) (120,120,120) (124,124,124) (118,118,118) (122,122,122) (129,129,129) (124,124,124) (129,129,129) (126,126,126) (131,131,131) (122,122,122) (135,135,135) (131,131,131) (129,129,129) (133,133,133) (133,133,133) (131,131,131) (126,126,126) (129,129,129) (129,129,129) (129,129,129) (129,129,129) (129,129,129) (133,133,133) (124,124,124) (129,129,129) (126,126,126) (126,126,126) (131,131,131) (126,126,126) (129,129,129) (126,126,126) (129,129,129) (129,129,129) (129,129,129) (126,126,126) (129,129,129) (126,126,126) (124,124,124) (126,126,126) (120,120,120) (118,118,118) (122,122,122) (114,114,114) (114,114,114) (110,110,110) (114,114,114) (120,120,120) (104,104,104) (110,110,110) (114,114,114) (120,120,120) (124,124,124) (133,133,133) (137,137,137) (145,145,145) (149,149,149) (151,151,151) (151,151,151) (157,157,157) (157,157,157) (161,161,161) (157,157,157) (161,161,161) (155,155,155) (155,155,155) (157,157,157) (157,157,157) (157,157,157) (159,159,159) (157,157,157) (155,155,155) (157,157,157) (159,159,159) (159,159,159) (157,157,157) (151,151,151) (157,157,157) (157,157,157) (159,159,159) (155,155,155) (157,157,157) (155,155,155) (151,151,151) (157,157,157) (155,155,155) (159,159,159) (151,151,151) (153,153,153) (149,149,149) (147,147,147) (147,147,147) (151,151,151) (143,143,143) (145,145,145) (143,143,143) (183,183,183) (203,203,203) (213,213,213) (217,217,217) (221,221,221) (221,221,221) (223,223,223) (223,223,223) (209,209,209) (191,191,191) (133,133,133) (104,104,104) (98,98,98) (106,106,106) (114,114,114) (112,112,112) (114,114,114) (118,118,118) (120,120,120) (126,126,126) (118,118,118) (118,118,118) (120,120,120) (133,133,133) (133,133,133) (135,135,135) (131,131,131) (120,120,120) (66,66,66) (46,46,46) (44,44,44) (44,44,44) (38,38,38) (46,46,46) (44,44,44) (58,58,58) (54,54,54) (52,52,52) (52,52,52) (50,50,50) (50,50,50) (50,50,50) (48,48,48) (56,56,56) (50,50,50) (46,46,46) 
(157,157,157) (159,159,159) (157,157,157) (159,159,159) (171,171,171) (165,165,165) (163,163,163) (163,163,163) (165,165,165) (165,165,165) (167,167,167) (167,167,167) (169,169,169) (171,171,171) (165,165,165) (167,167,167) (165,165,165) (163,163,163) (161,161,161) (161,161,161) (155,155,155) (159,159,159) (159,159,159) (161,161,161) (161,161,161) (159,159,159) (159,159,159) (149,149,149) (139,139,139) (133,133,133) (120,120,120) (102,102,102) (88,88,88) (84,84,84) (82,82,82) (88,88,88) (88,88,88) (100,100,100) (104,104,104) (104,104,104) (104,104,104) (100,100,100) (98,98,98) (100,100,100) (106,106,106) (104,104,104) (102,102,102) (104,104,104) (102,102,102) (106,106,106) (106,106,106) (106,106,106) (108,108,108) (114,114,114) (112,112,112) (114,114,114) (116,116,116) (118,118,118) (124,124,124) (120,120,120) (112,112,112) (122,122,122) (129,129,129) (120,120,120) (122,122,122) (129,129,129) (124,124,124) (124,124,124) (124,124,124) (126,126,126) (133,133,133) (124,124,124) (124,124,124) (126,126,126) (124,124,124) (126,126,126) (124,124,124) (126,126,126) (124,124,124) (129,129,129) (129,129,129) (126,126,126) (129,129,129) (122,122,122) (124,124,124) (126,126,126) (129,129,129) (131,131,131) (133,133,133) (133,133,133) (141,141,141) (133,133,133) (131,131,131) (126,126,126) (133,133,133) (126,126,126) (129,129,129) (129,129,129) (131,131,131) (124,124,124) (124,124,124) (124,124,124) (129,129,129) (122,122,122) (120,120,120) (122,122,122) (120,120,120) (126,126,126) (131,131,131) (122,122,122) (124,124,124) (124,124,124) (126,126,126) (122,122,122) (118,118,118) (116,116,116) (122,122,122) (118,118,118) (120,120,120) (124,124,124) (122,122,122) (129,129,129) (129,129,129) (129,129,129) (131,131,131) (129,129,129) (129,129,129) (129,129,129) (131,131,131) (129,129,129) (133,133,133) (131,131,131) (129,129,129) (129,129,129) (129,129,129) (129,129,129) (129,129,129) (131,131,131) (129,129,129) (124,124,124) (126,126,126) (129,129,129) (126,126,126) (120,120,120) (122,122,122) (129,129,129) (129,129,129) (124,124,124) (129,129,129) (124,124,124) (129,129,129) (122,122,122) (129,129,129) (122,122,122) (120,120,120) (122,122,122) (118,118,118) (114,114,114) (118,118,118) (114,114,114) (114,114,114) (110,110,110) (108,108,108) (104,104,104) (108,108,108) (114,114,114) (126,126,126) (135,135,135) (137,137,137) (141,141,141) (145,145,145) (147,147,147) (151,151,151) (155,155,155) (157,157,157) (153,153,153) (157,157,157) (153,153,153) (155,155,155) (161,161,161) (153,153,153) (157,157,157) (157,157,157) (157,157,157) (157,157,157) (155,155,155) (155,155,155) (155,155,155) (163,163,163) (157,157,157) (153,153,153) (155,155,155) (155,155,155) (155,155,155) (155,155,155) (155,155,155) (157,157,157) (155,155,155) (157,157,157) (153,153,153) (155,155,155) (149,149,149) (149,149,149) (151,151,151) (149,149,149) (147,147,147) (145,145,145) (145,145,145) (145,145,145) (141,141,141) (153,153,153) (191,191,191) (209,209,209) (215,215,215) (219,219,219) (221,221,221) (223,223,223) (223,223,223) (221,221,221) (203,203,203) (169,169,169) (112,112,112) (96,96,96) (102,102,102) (108,108,108) (110,110,110) (116,116,116) (112,112,112) (126,126,126) (124,124,124) (124,124,124) (129,129,129) (129,129,129) (133,133,133) (133,133,133) (129,129,129) (104,104,104) (62,62,62) (42,42,42) (40,40,40) (42,42,42) (42,42,42) (44,44,44) (46,46,46) (48,48,48) (48,48,48) (50,50,50) (52,52,52) (54,54,54) (58,58,58) (58,58,58) (50,50,50) (46,46,46) (52,52,52) (44,44,44) (44,44,44) 
(165,165,165) (161,161,161) (159,159,159) (159,159,159) (159,159,159) (159,159,159) (161,161,161) (163,163,163) (167,167,167) (167,167,167) (169,169,169) (167,167,167) (163,163,163) (163,163,163) (161,161,161) (165,165,165) (163,163,163) (159,159,159) (161,161,161) (159,159,159) (157,157,157) (157,157,157) (163,163,163) (161,161,161) (157,157,157) (161,161,161) (155,155,155) (153,153,153) (145,145,145) (135,135,135) (118,118,118) (96,96,96) (90,90,90) (82,82,82) (82,82,82) (92,92,92) (98,98,98) (98,98,98) (100,100,100) (100,100,100) (104,104,104) (110,110,110) (102,102,102) (102,102,102) (102,102,102) (102,102,102) (106,106,106) (102,102,102) (106,106,106) (102,102,102) (100,100,100) (104,104,104) (112,112,112) (108,108,108) (112,112,112) (116,116,116) (116,116,116) (116,116,116) (122,122,122) (118,118,118) (116,116,116) (122,122,122) (118,118,118) (124,124,124) (122,122,122) (124,124,124) (124,124,124) (124,124,124) (124,124,124) (126,126,126) (129,129,129) (122,122,122) (124,124,124) (122,122,122) (120,120,120) (129,129,129) (133,133,133) (131,131,131) (129,129,129) (131,131,131) (129,129,129) (126,126,126) (129,129,129) (126,126,126) (122,122,122) (133,133,133) (135,135,135) (129,129,129) (126,126,126) (131,131,131) (131,131,131) (126,126,126) (126,126,126) (129,129,129) (129,129,129) (131,131,131) (131,131,131) (124,124,124) (131,131,131) (129,129,129) (126,126,126) (124,124,124) (126,126,126) (122,122,122) (122,122,122) (122,122,122) (120,120,120) (129,129,129) (122,122,122) (120,120,120) (122,122,122) (122,122,122) (122,122,122) (116,116,116) (124,124,124) (120,120,120) (122,122,122) (118,118,118) (118,118,118) (122,122,122) (122,122,122) (126,126,126) (124,124,124) (129,129,129) (124,124,124) (133,133,133) (131,131,131) (126,126,126) (129,129,129) (131,131,131) (129,129,129) (126,126,126) (126,126,126) (129,129,129) (122,122,122) (124,124,124) (129,129,129) (131,131,131) (129,129,129) (126,126,126) (129,129,129) (129,129,129) (124,124,124) (126,126,126) (126,126,126) (124,124,124) (122,122,122) (126,126,126) (126,126,126) (129,129,129) (129,129,129) (126,126,126) (124,124,124) (122,122,122) (124,124,124) (120,120,120) (114,114,114) (114,114,114) (116,116,116) (114,114,114) (118,118,118) (110,110,110) (106,106,106) (110,110,110) (114,114,114) (118,118,118) (126,126,126) (131,131,131) (137,137,137) (141,141,141) (149,149,149) (151,151,151) (149,149,149) (153,153,153) (153,153,153) (153,153,153) (155,155,155) (159,159,159) (161,161,161) (159,159,159) (155,155,155) (155,155,155) (155,155,155) (155,155,155) (159,159,159) (153,153,153) (155,155,155) (153,153,153) (155,155,155) (155,155,155) (153,153,153) (153,153,153) (157,157,157) (155,155,155) (155,155,155) (155,155,155) (151,151,151) (155,155,155) (159,159,159) (153,153,153) (153,153,153) (155,155,155) (147,147,147) (149,149,149) (145,145,145) (149,149,149) (149,149,149) (141,141,141) (141,141,141) (141,141,141) (141,141,141) (177,177,177) (201,201,201) (211,211,211) (217,217,217) (221,221,221) (221,221,221) (225,225,225) (223,223,223) (215,215,215) (199,199,199) (141,141,141) (96,96,96) (98,98,98) (110,110,110) (108,108,108) (112,112,112) (114,114,114) (120,120,120) (112,112,112) (120,120,120) (124,124,124) (129,129,129) (131,131,131) (133,133,133) (108,108,108) (76,76,76) (42,42,42) (44,44,44) (46,46,46) (44,44,44) (48,48,48) (40,40,40) (58,58,58) (66,66,66) (68,68,68) (62,62,62) (64,64,64) (62,62,62) (52,52,52) (48,48,48) (52,52,52) (46,46,46) (44,44,44) (46,46,46) (58,58,58) 
(163,163,163) (157,157,157) (163,163,163) (161,161,161) (159,159,159) (163,163,163) (159,159,159) (163,163,163) (167,167,167) (171,171,171) (167,167,167) (165,165,165) (165,165,165) (159,159,159) (163,163,163) (163,163,163) (159,159,159) (161,161,161) (161,161,161) (159,159,159) (159,159,159) (161,161,161) (157,157,157) (163,163,163) (161,161,161) (161,161,161) (157,157,157) (151,151,151) (139,139,139) (126,126,126) (114,114,114) (100,100,100) (88,88,88) (80,80,80) (88,88,88) (88,88,88) (88,88,88) (108,108,108) (102,102,102) (104,104,104) (108,108,108) (98,98,98) (100,100,100) (102,102,102) (104,104,104) (98,98,98) (106,106,106) (102,102,102) (104,104,104) (102,102,102) (102,102,102) (104,104,104) (104,104,104) (110,110,110) (110,110,110) (114,114,114) (122,122,122) (122,122,122) (120,120,120) (122,122,122) (120,120,120) (122,122,122) (129,129,129) (118,118,118) (124,124,124) (122,122,122) (118,118,118) (129,129,129) (126,126,126) (124,124,124) (124,124,124) (129,129,129) (124,124,124) (124,124,124) (126,126,126) (126,126,126) (126,126,126) (124,124,124) (129,129,129) (129,129,129) (129,129,129) (131,131,131) (129,129,129) (129,129,129) (124,124,124) (131,131,131) (129,129,129) (129,129,129) (133,133,133) (129,129,129) (129,129,129) (129,129,129) (131,131,131) (126,126,126) (124,124,124) (129,129,129) (129,129,129) (124,124,124) (126,126,126) (129,129,129) (126,126,126) (129,129,129) (129,129,129) (126,126,126) (124,124,124) (129,129,129) (124,124,124) (126,126,126) (122,122,122) (122,122,122) (120,120,120) (116,116,116) (120,120,120) (116,116,116) (120,120,120) (120,120,120) (120,120,120) (120,120,120) (120,120,120) (122,122,122) (120,120,120) (120,120,120) (129,129,129) (129,129,129) (131,131,131) (131,131,131) (131,131,131) (126,126,126) (129,129,129) (131,131,131) (126,126,126) (124,124,124) (131,131,131) (129,129,129) (124,124,124) (129,129,129) (122,122,122) (129,129,129) (129,129,129) (126,126,126) (124,124,124) (124,124,124) (124,124,124) (129,129,129) (124,124,124) (131,131,131) (126,126,126) (129,129,129) (122,122,122) (126,126,126) (126,126,126) (129,129,129) (126,126,126) (126,126,126) (122,122,122) (120,120,120) (114,114,114) (114,114,114) (114,114,114) (114,114,114) (120,120,120) (110,110,110) (108,108,108) (114,114,114) (112,112,112) (126,126,126) (124,124,124) (133,133,133) (135,135,135) (145,145,145) (145,145,145) (147,147,147) (147,147,147) (151,151,151) (153,153,153) (153,153,153) (155,155,155) (153,153,153) (155,155,155) (155,155,155) (159,159,159) (153,153,153) (155,155,155) (153,153,153) (151,151,151) (153,153,153) (157,157,157) (153,153,153) (157,157,157) (151,151,151) (151,151,151) (153,153,153) (151,151,151) (157,157,157) (159,159,159) (155,155,155) (153,153,153) (155,155,155) (151,151,151) (153,153,153) (151,151,151) (149,149,149) (149,149,149) (147,147,147) (149,149,149) (145,145,145) (143,143,143) (143,143,143) (143,143,143) (137,137,137) (139,139,139) (151,151,151) (193,193,193) (209,209,209) (215,215,215) (217,217,217) (221,221,221) (223,223,223) (225,225,225) (219,219,219) (205,205,205) (173,173,173) (118,118,118) (98,98,98) (108,108,108) (108,108,108) (112,112,112) (116,116,116) (112,112,112) (112,112,112) (120,120,120) (122,122,122) (131,131,131) (126,126,126) (114,114,114) (86,86,86) (54,54,54) (42,42,42) (44,44,44) (42,42,42) (40,40,40) (46,46,46) (46,46,46) (58,58,58) (52,52,52) (56,56,56) (60,60,60) (50,50,50) (52,52,52) (54,54,54) (48,48,48) (46,46,46) (46,46,46) (44,44,44) (46,46,46) (44,44,44) 
(159,159,159) (159,159,159) (163,163,163) (161,161,161) (161,161,161) (161,161,161) (163,163,163) (167,167,167) (169,169,169) (167,167,167) (165,165,165) (161,161,161) (159,159,159) (157,157,157) (157,157,157) (159,159,159) (157,157,157) (153,153,153) (159,159,159) (159,159,159) (159,159,159) (155,155,155) (159,159,159) (157,157,157) (161,161,161) (161,161,161) (161,161,161) (149,149,149) (141,141,141) (129,129,129) (120,120,120) (98,98,98) (86,86,86) (78,78,78) (86,86,86) (96,96,96) (92,92,92) (100,100,100) (100,100,100) (104,104,104) (102,102,102) (102,102,102) (108,108,108) (104,104,104) (100,100,100) (106,106,106) (102,102,102) (106,106,106) (104,104,104) (98,98,98) (104,104,104) (104,104,104) (108,108,108) (110,110,110) (112,112,112) (112,112,112) (124,124,124) (118,118,118) (120,120,120) (116,116,116) (116,116,116) (120,120,120) (122,122,122) (126,126,126) (129,129,129) (122,122,122) (120,120,120) (120,120,120) (126,126,126) (124,124,124) (129,129,129) (122,122,122) (124,124,124) (122,122,122) (120,120,120) (131,131,131) (129,129,129) (129,129,129) (124,124,124) (126,126,126) (129,129,129) (129,129,129) (126,126,126) (129,129,129) (124,124,124) (129,129,129) (124,124,124) (129,129,129) (129,129,129) (126,126,126) (129,129,129) (131,131,131) (131,131,131) (124,124,124) (131,131,131) (129,129,129) (129,129,129) (131,131,131) (129,129,129) (129,129,129) (124,124,124) (126,126,126) (129,129,129) (129,129,129) (124,124,124) (122,122,122) (122,122,122) (126,126,126) (118,118,118) (126,126,126) (124,124,124) (120,120,120) (114,114,114) (118,118,118) (112,112,112) (120,120,120) (118,118,118) (116,116,116) (116,116,116) (118,118,118) (116,116,116) (116,116,116) (122,122,122) (122,122,122) (124,124,124) (122,122,122) (129,129,129) (129,129,129) (129,129,129) (129,129,129) (131,131,131) (124,124,124) (129,129,129) (129,129,129) (129,129,129) (129,129,129) (129,129,129) (131,131,131) (129,129,129) (133,133,133) (126,126,126) (129,129,129) (131,131,131) (124,124,124) (129,129,129) (129,129,129) (124,124,124) (129,129,129) (122,122,122) (124,124,124) (124,124,124) (129,129,129) (116,116,116) (118,118,118) (126,126,126) (120,120,120) (118,118,118) (116,116,116) (116,116,116) (116,116,116) (112,112,112) (110,110,110) (108,108,108) (106,106,106) (108,108,108) (114,114,114) (122,122,122) (126,126,126) (137,137,137) (139,139,139) (143,143,143) (147,147,147) (147,147,147) (149,149,149) (149,149,149) (153,153,153) (153,153,153) (153,153,153) (159,159,159) (157,157,157) (155,155,155) (153,153,153) (155,155,155) (153,153,153) (153,153,153) (159,159,159) (155,155,155) (155,155,155) (153,153,153) (153,153,153) (157,157,157) (157,157,157) (153,153,153) (155,155,155) (149,149,149) (157,157,157) (155,155,155) (151,151,151) (151,151,151) (151,151,151) (151,151,151) (145,145,145) (147,147,147) (145,145,145) (145,145,145) (141,141,141) (143,143,143) (141,141,141) (141,141,141) (145,145,145) (141,141,141) (141,141,141) (177,177,177) (199,199,199) (211,211,211) (219,219,219) (219,219,219) (223,223,223) (223,223,223) (223,223,223) (215,215,215) (201,201,201) (145,145,145) (100,100,100) (102,102,102) (108,108,108) (108,108,108) (110,110,110) (116,116,116) (118,118,118) (122,122,122) (124,124,124) (137,137,137) (116,116,116) (70,70,70) (42,42,42) (44,44,44) (42,42,42) (42,42,42) (46,46,46) (48,48,48) (48,48,48) (54,54,54) (60,60,60) (68,68,68) (62,62,62) (56,56,56) (52,52,52) (52,52,52) (56,56,56) (50,50,50) (46,46,46) (44,44,44) (48,48,48) (46,46,46) (44,44,44) 
(161,161,161) (157,157,157) (159,159,159) (161,161,161) (159,159,159) (161,161,161) (161,161,161) (171,171,171) (173,173,173) (163,163,163) (161,161,161) (155,155,155) (153,153,153) (155,155,155) (155,155,155) (155,155,155) (155,155,155) (153,153,153) (163,163,163) (163,163,163) (159,159,159) (159,159,159) (161,161,161) (161,161,161) (161,161,161) (165,165,165) (159,159,159) (151,151,151) (143,143,143) (129,129,129) (114,114,114) (96,96,96) (88,88,88) (78,78,78) (84,84,84) (92,92,92) (96,96,96) (98,98,98) (100,100,100) (100,100,100) (102,102,102) (102,102,102) (102,102,102) (106,106,106) (102,102,102) (104,104,104) (104,104,104) (100,100,100) (100,100,100) (104,104,104) (104,104,104) (108,108,108) (108,108,108) (110,110,110) (118,118,118) (118,118,118) (118,118,118) (120,120,120) (114,114,114) (122,122,122) (122,122,122) (124,124,124) (122,122,122) (120,120,120) (122,122,122) (124,124,124) (124,124,124) (126,126,126) (126,126,126) (126,126,126) (122,122,122) (124,124,124) (129,129,129) (122,122,122) (129,129,129) (129,129,129) (129,129,129) (126,126,126) (139,139,139) (126,126,126) (126,126,126) (126,126,126) (124,124,124) (124,124,124) (126,126,126) (133,133,133) (129,129,129) (129,129,129) (129,129,129) (133,133,133) (129,129,129) (129,129,129) (124,124,124) (129,129,129) (124,124,124) (129,129,129) (131,131,131) (129,129,129) (122,122,122) (126,126,126) (126,126,126) (124,124,124) (122,122,122) (129,129,129) (124,124,124) (124,124,124) (126,126,126) (124,124,124) (122,122,122) (149,149,149) (137,137,137) (181,181,181) (137,137,137) (187,187,187) (139,139,139) (171,171,171) (133,133,133) (153,153,153) (108,108,108) (122,122,122) (116,116,116) (120,120,120) (122,122,122) (122,122,122) (118,118,118) (122,122,122) (122,122,122) (120,120,120) (124,124,124) (126,126,126) (122,122,122) (129,129,129) (124,124,124) (122,122,122) (129,129,129) (126,126,126) (126,126,126) (129,129,129) (129,129,129) (131,131,131) (126,126,126) (126,126,126) (124,124,124) (129,129,129) (122,122,122) (129,129,129) (126,126,126) (124,124,124) (126,126,126) (124,124,124) (129,129,129) (126,126,126) (126,126,126) (124,124,124) (124,124,124) (122,122,122) (120,120,120) (112,112,112) (118,118,118) (116,116,116) (114,114,114) (110,110,110) (104,104,104) (110,110,110) (110,110,110) (112,112,112) (122,122,122) (126,126,126) (139,139,139) (141,141,141) (143,143,143) (149,149,149) (147,147,147) (145,145,145) (149,149,149) (153,153,153) (151,151,151) (153,153,153) (153,153,153) (155,155,155) (155,155,155) (153,153,153) (153,153,153) (153,153,153) (155,155,155) (155,155,155) (153,153,153) (153,153,153) (157,157,157) (155,155,155) (155,155,155) (157,157,157) (155,155,155) (151,151,151) (157,157,157) (155,155,155) (153,153,153) (151,151,151) (151,151,151) (147,147,147) (151,151,151) (147,147,147) (143,143,143) (141,141,141) (149,149,149) (141,141,141) (141,141,141) (145,145,145) (139,139,139) (143,143,143) (145,145,145) (139,139,139) (151,151,151) (187,187,187) (207,207,207) (215,215,215) (219,219,219) (221,221,221) (223,223,223) (223,223,223) (221,221,221) (207,207,207) (177,177,177) (110,110,110) (100,100,100) (102,102,102) (108,108,108) (112,112,112) (112,112,112) (114,114,114) (129,129,129) (126,126,126) (100,100,100) (82,82,82) (46,46,46) (48,48,48) (48,48,48) (44,44,44) (44,44,44) (46,46,46) (44,44,44) (48,48,48) (54,54,54) (58,58,58) (58,58,58) (60,60,60) (52,52,52) (50,50,50) (48,48,48) (54,54,54) (48,48,48) (42,42,42) (44,44,44) (50,50,50) (46,46,46) (44,44,44) 
(163,163,163) (165,165,165) (163,163,163) (157,157,157) (161,161,161) (163,163,163) (163,163,163) (171,171,171) (171,171,171) (159,159,159) (157,157,157) (155,155,155) (151,151,151) (153,153,153) (149,149,149) (147,147,147) (151,151,151) (155,155,155) (163,163,163) (161,161,161) (161,161,161) (163,163,163) (159,159,159) (167,167,167) (159,159,159) (163,163,163) (157,157,157) (153,153,153) (143,143,143) (129,129,129) (124,124,124) (102,102,102) (90,90,90) (80,80,80) (84,84,84) (90,90,90) (98,98,98) (100,100,100) (102,102,102) (104,104,104) (108,108,108) (100,100,100) (110,110,110) (106,106,106) (100,100,100) (102,102,102) (102,102,102) (108,108,108) (102,102,102) (100,100,100) (106,106,106) (108,108,108) (106,106,106) (110,110,110) (114,114,114) (114,114,114) (118,118,118) (120,120,120) (120,120,120) (124,124,124) (124,124,124) (122,122,122) (122,122,122) (122,122,122) (126,126,126) (126,126,126) (126,126,126) (129,129,129) (124,124,124) (126,126,126) (126,126,126) (126,126,126) (122,122,122) (126,126,126) (126,126,126) (129,129,129) (124,124,124) (126,126,126) (129,129,129) (131,131,131) (126,126,126) (129,129,129) (124,124,124) (129,129,129) (124,124,124) (131,131,131) (129,129,129) (129,129,129) (133,133,133) (129,129,129) (126,126,126) (129,129,129) (126,126,126) (126,126,126) (126,126,126) (124,124,124) (126,126,126) (131,131,131) (129,129,129) (126,126,126) (126,126,126) (131,131,131) (141,141,141) (129,129,129) (155,155,155) (143,143,143) (143,143,143) (139,139,139) (155,155,155) (157,157,157) (179,179,179) (161,161,161) (175,175,175) (167,167,167) (177,177,177) (175,175,175) (189,189,189) (177,177,177) (193,193,193) (175,175,175) (169,169,169) (141,141,141) (118,118,118) (116,116,116) (116,116,116) (112,112,112) (118,118,118) (116,116,116) (120,120,120) (122,122,122) (122,122,122) (124,124,124) (124,124,124) (124,124,124) (124,124,124) (129,129,129) (129,129,129) (131,131,131) (131,131,131) (131,131,131) (131,131,131) (129,129,129) (129,129,129) (124,124,124) (124,124,124) (126,126,126) (124,124,124) (126,126,126) (124,124,124) (120,120,120) (124,124,124) (124,124,124) (122,122,122) (124,124,124) (120,120,120) (120,120,120) (118,118,118) (118,118,118) (112,112,112) (118,118,118) (112,112,112) (110,110,110) (106,106,106) (102,102,102) (112,112,112) (116,116,116) (120,120,120) (131,131,131) (137,137,137) (139,139,139) (147,147,147) (147,147,147) (145,145,145) (141,141,141) (145,145,145) (149,149,149) (151,151,151) (149,149,149) (157,157,157) (153,153,153) (155,155,155) (155,155,155) (157,157,157) (155,155,155) (153,153,153) (155,155,155) (155,155,155) (151,151,151) (153,153,153) (153,153,153) (155,155,155) (151,151,151) (155,155,155) (153,153,153) (149,149,149) (151,151,151) (153,153,153) (149,149,149) (151,151,151) (143,143,143) (147,147,147) (145,145,145) (143,143,143) (147,147,147) (149,149,149) (143,143,143) (145,145,145) (141,141,141) (139,139,139) (145,145,145) (141,141,141) (139,139,139) (143,143,143) (169,169,169) (197,197,197) (211,211,211) (215,215,215) (219,219,219) (223,223,223) (223,223,223) (223,223,223) (219,219,219) (205,205,205) (161,161,161) (110,110,110) (124,124,124) (110,110,110) (112,112,112) (110,110,110) (124,124,124) (124,124,124) (106,106,106) (62,62,62) (44,44,44) (44,44,44) (42,42,42) (48,48,48) (48,48,48) (42,42,42) (50,50,50) (52,52,52) (50,50,50) (54,54,54) (56,56,56) (64,64,64) (58,58,58) (56,56,56) (50,50,50) (50,50,50) (48,48,48) (42,42,42) (42,42,42) (48,48,48) (42,42,42) (48,48,48) (44,44,44) 
(163,163,163) (159,159,159) (159,159,159) (157,157,157) (157,157,157) (165,165,165) (169,169,169) (169,169,169) (169,169,169) (159,159,159) (155,155,155) (153,153,153) (147,147,147) (147,147,147) (145,145,145) (151,151,151) (151,151,151) (153,153,153) (163,163,163) (159,159,159) (161,161,161) (157,157,157) (159,159,159) (161,161,161) (161,161,161) (163,163,163) (155,155,155) (153,153,153) (141,141,141) (133,133,133) (122,122,122) (100,100,100) (92,92,92) (84,84,84) (88,88,88) (90,90,90) (96,96,96) (104,104,104) (98,98,98) (100,100,100) (102,102,102) (102,102,102) (102,102,102) (106,106,106) (106,106,106) (102,102,102) (102,102,102) (102,102,102) (98,98,98) (100,100,100) (104,104,104) (106,106,106) (112,112,112) (112,112,112) (112,112,112) (112,112,112) (120,120,120) (120,120,120) (122,122,122) (116,116,116) (122,122,122) (124,124,124) (129,129,129) (124,124,124) (129,129,129) (122,122,122) (126,126,126) (129,129,129) (126,126,126) (124,124,124) (129,129,129) (126,126,126) (126,126,126) (126,126,126) (126,126,126) (129,129,129) (129,129,129) (131,131,131) (126,126,126) (129,129,129) (126,126,126) (124,124,124) (131,131,131) (129,129,129) (126,126,126) (124,124,124) (129,129,129) (131,131,131) (131,131,131) (129,129,129) (129,129,129) (126,126,126) (129,129,129) (129,129,129) (124,124,124) (122,122,122) (131,131,131) (129,129,129) (149,149,149) (141,141,141) (139,139,139) (153,153,153) (147,147,147) (149,149,149) (145,145,145) (147,147,147) (153,153,153) (155,155,155) (179,179,179) (147,147,147) (171,171,171) (171,171,171) (185,185,185) (161,161,161) (183,183,183) (175,175,175) (185,185,185) (185,185,185) (177,177,177) (195,195,195) (177,177,177) (185,185,185) (199,199,199) (177,177,177) (161,161,161) (114,114,114) (120,120,120) (118,118,118) (116,116,116) (118,118,118) (120,120,120) (122,122,122) (124,124,124) (124,124,124) (124,124,124) (126,126,126) (126,126,126) (131,131,131) (131,131,131) (129,129,129) (131,131,131) (129,129,129) (122,122,122) (122,122,122) (129,129,129) (129,129,129) (126,126,126) (126,126,126) (126,126,126) (129,129,129) (124,124,124) (126,126,126) (126,126,126) (124,124,124) (116,116,116) (120,120,120) (120,120,120) (118,118,118) (110,110,110) (112,112,112) (110,110,110) (112,112,112) (108,108,108) (106,106,106) (108,108,108) (112,112,112) (118,118,118) (133,133,133) (133,133,133) (139,139,139) (141,141,141) (147,147,147) (139,139,139) (143,143,143) (151,151,151) (145,145,145) (153,153,153) (149,149,149) (153,153,153) (153,153,153) (153,153,153) (153,153,153) (157,157,157) (153,153,153) (147,147,147) (153,153,153) (151,151,151) (153,153,153) (151,151,151) (151,151,151) (157,157,157) (155,155,155) (153,153,153) (151,151,151) (149,149,149) (155,155,155) (149,149,149) (151,151,151) (149,149,149) (147,147,147) (145,145,145) (143,143,143) (143,143,143) (143,143,143) (147,147,147) (139,139,139) (139,139,139) (143,143,143) (141,141,141) (141,141,141) (143,143,143) (139,139,139) (145,145,145) (149,149,149) (185,185,185) (203,203,203) (213,213,213) (217,217,217) (221,221,221) (223,223,223) (223,223,223) (221,221,221) (213,213,213) (189,189,189) (131,131,131) (112,112,112) (108,108,108) (120,120,120) (118,118,118) (124,124,124) (106,106,106) (76,76,76) (42,42,42) (42,42,42) (44,44,44) (42,42,42) (42,42,42) (44,44,44) (44,44,44) (50,50,50) (50,50,50) (56,56,56) (52,52,52) (72,72,72) (64,64,64) (56,56,56) (62,62,62) (56,56,56) (44,44,44) (38,38,38) (44,44,44) (42,42,42) (52,52,52) (50,50,50) (48,48,48) (44,44,44) 
(161,161,161) (161,161,161) (159,159,159) (161,161,161) (159,159,159) (165,165,165) (171,171,171) (169,169,169) (167,167,167) (159,159,159) (153,153,153) (141,141,141) (143,143,143) (143,143,143) (137,137,137) (141,141,141) (149,149,149) (159,159,159) (165,165,165) (163,163,163) (161,161,161) (161,161,161) (159,159,159) (163,163,163) (163,163,163) (163,163,163) (159,159,159) (153,153,153) (141,141,141) (135,135,135) (116,116,116) (100,100,100) (86,86,86) (82,82,82) (84,84,84) (90,90,90) (94,94,94) (88,88,88) (98,98,98) (100,100,100) (108,108,108) (102,102,102) (104,104,104) (104,104,104) (98,98,98) (102,102,102) (104,104,104) (104,104,104) (110,110,110) (102,102,102) (108,108,108) (112,112,112) (110,110,110) (114,114,114) (112,112,112) (118,118,118) (116,116,116) (122,122,122) (116,116,116) (124,124,124) (116,116,116) (120,120,120) (124,124,124) (124,124,124) (126,126,126) (124,124,124) (129,129,129) (124,124,124) (124,124,124) (126,126,126) (126,126,126) (122,122,122) (124,124,124) (139,139,139) (129,129,129) (129,129,129) (129,129,129) (129,129,129) (129,129,129) (126,126,126) (135,135,135) (129,129,129) (126,126,126) (124,124,124) (131,131,131) (131,131,131) (126,126,126) (133,133,133) (129,129,129) (129,129,129) (129,129,129) (124,124,124) (126,126,126) (129,129,129) (124,124,124) (131,131,131) (143,143,143) (149,149,149) (149,149,149) (149,149,149) (147,147,147) (153,153,153) (147,147,147) (145,145,145) (149,149,149) (149,149,149) (169,169,169) (173,173,173) (159,159,159) (165,165,165) (167,167,167) (169,169,169) (185,185,185) (187,187,187) (183,183,183) (175,175,175) (169,169,169) (185,185,185) (167,167,167) (177,177,177) (179,179,179) (187,187,187) (191,191,191) (183,183,183) (187,187,187) (193,193,193) (185,185,185) (137,137,137) (129,129,129) (114,114,114) (110,110,110) (120,120,120) (118,118,118) (122,122,122) (120,120,120) (122,122,122) (124,124,124) (129,129,129) (133,133,133) (129,129,129) (126,126,126) (126,126,126) (126,126,126) (126,126,126) (129,129,129) (122,122,122) (126,126,126) (129,129,129) (122,122,122) (129,129,129) (129,129,129) (122,122,122) (118,118,118) (116,116,116) (116,116,116) (120,120,120) (114,114,114) (116,116,116) (114,114,114) (110,110,110) (112,112,112) (110,110,110) (106,106,106) (104,104,104) (104,104,104) (112,112,112) (116,116,116) (135,135,135) (137,137,137) (137,137,137) (143,143,143) (145,145,145) (145,145,145) (145,145,145) (147,147,147) (145,145,145) (145,145,145) (147,147,147) (151,151,151) (151,151,151) (155,155,155) (153,153,153) (157,157,157) (153,153,153) (153,153,153) (153,153,153) (151,151,151) (155,155,155) (155,155,155) (151,151,151) (151,151,151) (151,151,151) (151,151,151) (153,153,153) (153,153,153) (149,149,149) (147,147,147) (147,147,147) (143,143,143) (145,145,145) (143,143,143) (143,143,143) (143,143,143) (141,141,141) (141,141,141) (139,139,139) (143,143,143) (141,141,141) (137,137,137) (143,143,143) (139,139,139) (141,141,141) (141,141,141) (143,143,143) (155,155,155) (191,191,191) (209,209,209) (217,217,217) (217,217,217) (223,223,223) (225,225,225) (225,225,225) (223,223,223) (207,207,207) (171,171,171) (116,116,116) (112,112,112) (114,114,114) (122,122,122) (100,100,100) (76,76,76) (44,44,44) (42,42,42) (42,42,42) (40,40,40) (46,46,46) (44,44,44) (42,42,42) (48,48,48) (46,46,46) (52,52,52) (54,54,54) (50,50,50) (54,54,54) (50,50,50) (54,54,54) (56,56,56) (50,50,50) (46,46,46) (44,44,44) (44,44,44) (46,46,46) (44,44,44) (46,46,46) (40,40,40) (46,46,46) 
(161,161,161) (157,157,157) (161,161,161) (163,163,163) (167,167,167) (169,169,169) (167,167,167) (165,165,165) (161,161,161) (153,153,153) (147,147,147) (141,141,141) (135,135,135) (137,137,137) (137,137,137) (143,143,143) (151,151,151) (159,159,159) (161,161,161) (165,165,165) (165,165,165) (159,159,159) (163,163,163) (165,165,165) (165,165,165) (163,163,163) (159,159,159) (149,149,149) (141,141,141) (131,131,131) (118,118,118) (102,102,102) (84,84,84) (80,80,80) (90,90,90) (86,86,86) (92,92,92) (94,94,94) (98,98,98) (98,98,98) (108,108,108) (108,108,108) (102,102,102) (106,106,106) (108,108,108) (102,102,102) (104,104,104) (102,102,102) (106,106,106) (106,106,106) (112,112,112) (106,106,106) (108,108,108) (116,116,116) (116,116,116) (114,114,114) (120,120,120) (120,120,120) (126,126,126) (122,122,122) (118,118,118) (120,120,120) (124,124,124) (124,124,124) (124,124,124) (122,122,122) (126,126,126) (124,124,124) (124,124,124) (124,124,124) (124,124,124) (126,126,126) (135,135,135) (129,129,129) (124,124,124) (129,129,129) (122,122,122) (131,131,131) (131,131,131) (129,129,129) (129,129,129) (131,131,131) (126,126,126) (129,129,129) (131,131,131) (129,129,129) (129,129,129) (122,122,122) (129,129,129) (126,126,126) (126,126,126) (129,129,129) (126,126,126) (129,129,129) (141,141,141) (141,141,141) (145,145,145) (149,149,149) (151,151,151) (147,147,147) (139,139,139) (145,145,145) (145,145,145) (143,143,143) (141,141,141) (165,165,165) (159,159,159) (175,175,175) (159,159,159) (173,173,173) (175,175,175) (177,177,177) (183,183,183) (181,181,181) (169,169,169) (183,183,183) (171,171,171) (169,169,169) (171,171,171) (173,173,173) (181,181,181) (167,167,167) (187,187,187) (185,185,185) (183,183,183) (197,197,197) (193,193,193) (191,191,191) (183,183,183) (167,167,167) (129,129,129) (110,110,110) (114,114,114) (118,118,118) (124,124,124) (131,131,131) (122,122,122) (124,124,124) (129,129,129) (124,124,124) (126,126,126) (124,124,124) (126,126,126) (129,129,129) (126,126,126) (122,122,122) (120,120,120) (124,124,124) (122,122,122) (124,124,124) (124,124,124) (129,129,129) (124,124,124) (118,118,118) (122,122,122) (120,120,120) (110,110,110) (114,114,114) (114,114,114) (114,114,114) (112,112,112) (114,114,114) (106,106,106) (104,104,104) (110,110,110) (110,110,110) (124,124,124) (131,131,131) (133,133,133) (141,141,141) (145,145,145) (147,147,147) (143,143,143) (147,147,147) (145,145,145) (147,147,147) (147,147,147) (147,147,147) (149,149,149) (151,151,151) (149,149,149) (155,155,155) (153,153,153) (155,155,155) (157,157,157) (155,155,155) (149,149,149) (151,151,151) (151,151,151) (149,149,149) (149,149,149) (151,151,151) (147,147,147) (151,151,151) (147,147,147) (147,147,147) (145,145,145) (145,145,145) (145,145,145) (143,143,143) (143,143,143) (143,143,143) (141,141,141) (139,139,139) (139,139,139) (139,139,139) (141,141,141) (137,137,137) (141,141,141) (141,141,141) (145,145,145) (139,139,139) (141,141,141) (143,143,143) (143,143,143) (171,171,171) (201,201,201) (211,211,211) (217,217,217) (221,221,221) (225,225,225) (225,225,225) (225,225,225) (219,219,219) (201,201,201) (151,151,151) (118,118,118) (120,120,120) (116,116,116) (78,78,78) (46,46,46) (44,44,44) (36,36,36) (40,40,40) (46,46,46) (44,44,44) (46,46,46) (48,48,48) (46,46,46) (52,52,52) (50,50,50) (54,54,54) (56,56,56) (48,48,48) (52,52,52) (50,50,50) (50,50,50) (52,52,52) (48,48,48) (50,50,50) (50,50,50) (48,48,48) (52,52,52) (44,44,44) (44,44,44) (42,42,42) 
(157,157,157) (163,163,163) (163,163,163) (165,165,165) (165,165,165) (165,165,165) (167,167,167) (161,161,161) (159,159,159) (151,151,151) (141,141,141) (137,137,137) (129,129,129) (131,131,131) (135,135,135) (143,143,143) (151,151,151) (161,161,161) (165,165,165) (165,165,165) (161,161,161) (163,163,163) (163,163,163) (161,161,161) (167,167,167) (165,165,165) (163,163,163) (151,151,151) (141,141,141) (135,135,135) (118,118,118) (98,98,98) (84,84,84) (78,78,78) (86,86,86) (88,88,88) (88,88,88) (94,94,94) (94,94,94) (98,98,98) (102,102,102) (104,104,104) (96,96,96) (102,102,102) (100,100,100) (102,102,102) (102,102,102) (104,104,104) (104,104,104) (102,102,102) (102,102,102) (112,112,112) (110,110,110) (118,118,118) (118,118,118) (116,116,116) (118,118,118) (118,118,118) (116,116,116) (118,118,118) (124,124,124) (122,122,122) (126,126,126) (124,124,124) (129,129,129) (126,126,126) (124,124,124) (126,126,126) (122,122,122) (126,126,126) (133,133,133) (131,131,131) (129,129,129) (129,129,129) (126,126,126) (126,126,126) (124,124,124) (129,129,129) (126,126,126) (126,126,126) (126,126,126) (122,122,122) (131,131,131) (122,122,122) (124,124,124) (131,131,131) (133,133,133) (126,126,126) (129,129,129) (129,129,129) (124,124,124) (133,133,133) (129,129,129) (131,131,131) (153,153,153) (147,147,147) (139,139,139) (145,145,145) (155,155,155) (147,147,147) (151,151,151) (141,141,141) (141,141,141) (161,161,161) (147,147,147) (159,159,159) (155,155,155) (169,169,169) (145,145,145) (175,175,175) (155,155,155) (179,179,179) (163,163,163) (187,187,187) (181,181,181) (173,173,173) (177,177,177) (179,179,179) (177,177,177) (167,167,167) (187,187,187) (177,177,177) (175,175,175) (191,191,191) (179,179,179) (185,185,185) (195,195,195) (197,197,197) (191,191,191) (197,197,197) (191,191,191) (163,163,163) (108,108,108) (112,112,112) (124,124,124) (116,116,116) (116,116,116) (124,124,124) (124,124,124) (126,126,126) (124,124,124) (129,129,129) (126,126,126) (131,131,131) (126,126,126) (124,124,124) (129,129,129) (129,129,129) (120,120,120) (124,124,124) (122,122,122) (122,122,122) (122,122,122) (118,118,118) (118,118,118) (120,120,120) (112,112,112) (114,114,114) (114,114,114) (112,112,112) (114,114,114) (112,112,112) (106,106,106) (106,106,106) (124,124,124) (116,116,116) (124,124,124) (133,133,133) (139,139,139) (141,141,141) (147,147,147) (145,145,145) (145,145,145) (143,143,143) (141,141,141) (143,143,143) (147,147,147) (147,147,147) (149,149,149) (151,151,151) (151,151,151) (155,155,155) (153,153,153) (151,151,151) (153,153,153) (155,155,155) (151,151,151) (153,153,153) (153,153,153) (149,149,149) (147,147,147) (147,147,147) (145,145,145) (147,147,147) (145,145,145) (147,147,147) (143,143,143) (145,145,145) (145,145,145) (143,143,143) (147,147,147) (141,141,141) (139,139,139) (139,139,139) (143,143,143) (141,141,141) (139,139,139) (141,141,141) (141,141,141) (143,143,143) (141,141,141) (139,139,139) (139,139,139) (141,141,141) (137,137,137) (145,145,145) (191,191,191) (207,207,207) (215,215,215) (221,221,221) (223,223,223) (225,225,225) (227,227,227) (225,225,225) (215,215,215) (193,193,193) (129,129,129) (112,112,112) (96,96,96) (50,50,50) (54,54,54) (42,42,42) (40,40,40) (54,54,54) (44,44,44) (48,48,48) (50,50,50) (50,50,50) (54,54,54) (54,54,54) (54,54,54) (58,58,58) (52,52,52) (52,52,52) (54,54,54) (46,46,46) (42,42,42) (48,48,48) (52,52,52) (58,58,58) (48,48,48) (44,44,44) (48,48,48) (42,42,42) (44,44,44) (50,50,50) 
(157,157,157) (159,159,159) (165,165,165) (167,167,167) (171,171,171) (171,171,171) (165,165,165) (159,159,159) (151,151,151) (145,145,145) (135,135,135) (129,129,129) (122,122,122) (129,129,129) (135,135,135) (145,145,145) (153,153,153) (161,161,161) (167,167,167) (163,163,163) (165,165,165) (163,163,163) (165,165,165) (165,165,165) (163,163,163) (163,163,163) (159,159,159) (153,153,153) (149,149,149) (135,135,135) (120,120,120) (94,94,94) (86,86,86) (80,80,80) (82,82,82) (88,88,88) (94,94,94) (92,92,92) (98,98,98) (94,94,94) (94,94,94) (98,98,98) (100,100,100) (102,102,102) (100,100,100) (100,100,100) (100,100,100) (100,100,100) (104,104,104) (110,110,110) (102,102,102) (104,104,104) (108,108,108) (114,114,114) (114,114,114) (112,112,112) (116,116,116) (118,118,118) (120,120,120) (120,120,120) (124,124,124) (124,124,124) (122,122,122) (122,122,122) (126,126,126) (120,120,120) (122,122,122) (124,124,124) (124,124,124) (124,124,124) (129,129,129) (122,122,122) (129,129,129) (122,122,122) (129,129,129) (124,124,124) (124,124,124) (126,126,126) (135,135,135) (124,124,124) (129,129,129) (122,122,122) (124,124,124) (120,120,120) (124,124,124) (129,129,129) (133,133,133) (145,145,145) (143,143,143) (143,143,143) (129,129,129) (122,122,122) (131,131,131) (143,143,143) (149,149,149) (139,139,139) (151,151,151) (145,145,145) (135,135,135) (141,141,141) (143,143,143) (135,135,135) (159,159,159) (147,147,147) (149,149,149) (145,145,145) (153,153,153) (159,159,159) (159,159,159) (149,149,149) (165,165,165) (161,161,161) (173,173,173) (167,167,167) (181,181,181) (173,173,173) (181,181,181) (165,165,165) (187,187,187) (179,179,179) (163,163,163) (191,191,191) (177,177,177) (181,181,181) (187,187,187) (187,187,187) (185,185,185) (195,195,195) (199,199,199) (197,197,197) (191,191,191) (197,197,197) (185,185,185) (118,118,118) (112,112,112) (108,108,108) (112,112,112) (126,126,126) (124,124,124) (122,122,122) (129,129,129) (129,129,129) (126,126,126) (126,126,126) (124,124,124) (126,126,126) (131,131,131) (124,124,124) (124,124,124) (126,126,126) (122,122,122) (124,124,124) (120,120,120) (114,114,114) (112,112,112) (116,116,116) (114,114,114) (112,112,112) (112,112,112) (110,110,110) (118,118,118) (108,108,108) (110,110,110) (106,106,106) (110,110,110) (112,112,112) (120,120,120) (131,131,131) (137,137,137) (141,141,141) (143,143,143) (145,145,145) (149,149,149) (143,143,143) (145,145,145) (145,145,145) (143,143,143) (149,149,149) (151,151,151) (147,147,147) (151,151,151) (151,151,151) (151,151,151) (149,149,149) (149,149,149) (149,149,149) (149,149,149) (145,145,145) (147,147,147) (147,147,147) (145,145,145) (145,145,145) (147,147,147) (145,145,145) (147,147,147) (141,141,141) (147,147,147) (145,145,145) (143,143,143) (143,143,143) (139,139,139) (141,141,141) (143,143,143) (135,135,135) (137,137,137) (139,139,139) (137,137,137) (139,139,139) (137,137,137) (141,141,141) (141,141,141) (141,141,141) (143,143,143) (141,141,141) (141,141,141) (137,137,137) (165,165,165) (197,197,197) (211,211,211) (221,221,221) (223,223,223) (223,223,223) (227,227,227) (227,227,227) (225,225,225) (211,211,211) (169,169,169) (86,86,86) (50,50,50) (42,42,42) (38,38,38) (44,44,44) (44,44,44) (46,46,46) (46,46,46) (52,52,52) (56,56,56) (58,58,58) (60,60,60) (52,52,52) (54,54,54) (50,50,50) (48,48,48) (52,52,52) (48,48,48) (48,48,48) (50,50,50) (54,54,54) (60,60,60) (48,48,48) (46,46,46) (44,44,44) (42,42,42) (44,44,44) (50,50,50) (46,46,46) 
(161,161,161) (161,161,161) (167,167,167) (169,169,169) (175,175,175) (169,169,169) (157,157,157) (153,153,153) (151,151,151) (139,139,139) (124,124,124) (114,114,114) (116,116,116) (120,120,120) (139,139,139) (149,149,149) (157,157,157) (163,163,163) (165,165,165) (165,165,165) (167,167,167) (165,165,165) (161,161,161) (165,165,165) (165,165,165) (163,163,163) (157,157,157) (151,151,151) (145,145,145) (133,133,133) (114,114,114) (98,98,98) (84,84,84) (78,78,78) (76,76,76) (86,86,86) (102,102,102) (100,100,100) (100,100,100) (96,96,96) (94,94,94) (100,100,100) (98,98,98) (104,104,104) (98,98,98) (98,98,98) (100,100,100) (98,98,98) (102,102,102) (106,106,106) (106,106,106) (106,106,106) (108,108,108) (116,116,116) (110,110,110) (114,114,114) (118,118,118) (116,116,116) (116,116,116) (120,120,120) (118,118,118) (122,122,122) (118,118,118) (122,122,122) (124,124,124) (126,126,126) (118,118,118) (118,118,118) (118,118,118) (124,124,124) (126,126,126) (126,126,126) (126,126,126) (131,131,131) (126,126,126) (129,129,129) (129,129,129) (129,129,129) (124,124,124) (122,122,122) (122,122,122) (129,129,129) (143,143,143) (126,126,126) (161,161,161) (159,159,159) (151,151,151) (145,145,145) (129,129,129) (126,126,126) (114,114,114) (122,122,122) (135,135,135) (135,135,135) (135,135,135) (133,133,133) (139,139,139) (135,135,135) (137,137,137) (139,139,139) (151,151,151) (151,151,151) (145,145,145) (153,153,153) (147,147,147) (141,141,141) (169,169,169) (145,145,145) (167,167,167) (161,161,161) (177,177,177) (155,155,155) (171,171,171) (169,169,169) (171,171,171) (163,163,163) (171,171,171) (183,183,183) (171,171,171) (175,175,175) (179,179,179) (175,175,175) (193,193,193) (189,189,189) (177,177,177) (195,195,195) (195,195,195) (185,185,185) (191,191,191) (199,199,199) (201,201,201) (189,189,189) (199,199,199) (203,203,203) (155,155,155) (106,106,106) (108,108,108) (118,118,118) (120,120,120) (118,118,118) (118,118,118) (120,120,120) (126,126,126) (120,120,120) (120,120,120) (120,120,120) (126,126,126) (118,118,118) (122,122,122) (126,126,126) (122,122,122) (118,118,118) (114,114,114) (114,114,114) (120,120,120) (118,118,118) (114,114,114) (112,112,112) (112,112,112) (110,110,110) (110,110,110) (104,104,104) (102,102,102) (104,104,104) (112,112,112) (114,114,114) (116,116,116) (129,129,129) (137,137,137) (141,141,141) (143,143,143) (145,145,145) (147,147,147) (149,149,149) (147,147,147) (143,143,143) (147,147,147) (145,145,145) (147,147,147) (147,147,147) (147,147,147) (149,149,149) (153,153,153) (153,153,153) (153,153,153) (149,149,149) (151,151,151) (145,145,145) (145,145,145) (141,141,141) (145,145,145) (147,147,147) (143,143,143) (145,145,145) (145,145,145) (143,143,143) (145,145,145) (147,147,147) (143,143,143) (139,139,139) (143,143,143) (141,141,141) (139,139,139) (141,141,141) (139,139,139) (141,141,141) (139,139,139) (141,141,141) (137,137,137) (139,139,139) (141,141,141) (139,139,139) (141,141,141) (149,149,149) (139,139,139) (135,135,135) (139,139,139) (185,185,185) (205,205,205) (215,215,215) (221,221,221) (225,225,225) (227,227,227) (227,227,227) (227,227,227) (223,223,223) (197,197,197) (60,60,60) (42,42,42) (42,42,42) (38,38,38) (44,44,44) (42,42,42) (52,52,52) (48,48,48) (48,48,48) (52,52,52) (52,52,52) (54,54,54) (50,50,50) (54,54,54) (52,52,52) (52,52,52) (44,44,44) (46,46,46) (46,46,46) (50,50,50) (46,46,46) (48,48,48) (46,46,46) (46,46,46) (48,48,48) (50,50,50) (42,42,42) (46,46,46) (52,52,52) 
(161,161,161) (165,165,165) (167,167,167) (169,169,169) (171,171,171) (167,167,167) (159,159,159) (157,157,157) (149,149,149) (135,135,135) (120,120,120) (106,106,106) (100,100,100) (116,116,116) (135,135,135) (149,149,149) (153,153,153) (159,159,159) (169,169,169) (165,165,165) (163,163,163) (165,165,165) (161,161,161) (167,167,167) (165,165,165) (165,165,165) (159,159,159) (155,155,155) (147,147,147) (141,141,141) (122,122,122) (96,96,96) (86,86,86) (82,82,82) (74,74,74) (84,84,84) (80,80,80) (84,84,84) (94,94,94) (100,100,100) (102,102,102) (106,106,106) (92,92,92) (100,100,100) (98,98,98) (104,104,104) (100,100,100) (106,106,106) (104,104,104) (102,102,102) (106,106,106) (104,104,104) (110,110,110) (110,110,110) (110,110,110) (112,112,112) (114,114,114) (114,114,114) (122,122,122) (118,118,118) (124,124,124) (118,118,118) (120,120,120) (122,122,122) (122,122,122) (126,126,126) (126,126,126) (124,124,124) (120,120,120) (122,122,122) (129,129,129) (124,124,124) (124,124,124) (124,124,124) (124,124,124) (129,129,129) (133,133,133) (124,124,124) (124,124,124) (129,129,129) (118,118,118) (145,145,145) (179,179,179) (143,143,143) (147,147,147) (143,143,143) (137,137,137) (133,133,133) (124,124,124) (122,122,122) (122,122,122) (118,118,118) (126,126,126) (133,133,133) (137,137,137) (141,141,141) (131,131,131) (122,122,122) (131,131,131) (141,141,141) (145,145,145) (133,133,133) (126,126,126) (155,155,155) (141,141,141) (151,151,151) (145,145,145) (153,153,153) (159,159,159) (169,169,169) (151,151,151) (159,159,159) (181,181,181) (165,165,165) (161,161,161) (177,177,177) (171,171,171) (185,185,185) (183,183,183) (167,167,167) (183,183,183) (191,191,191) (177,177,177) (189,189,189) (193,193,193) (179,179,179) (191,191,191) (195,195,195) (189,189,189) (189,189,189) (191,191,191) (199,199,199) (197,197,197) (195,195,195) (201,201,201) (195,195,195) (124,124,124) (116,116,116) (116,116,116) (116,116,116) (112,112,112) (116,116,116) (120,120,120) (120,120,120) (120,120,120) (118,118,118) (122,122,122) (118,118,118) (120,120,120) (118,118,118) (120,120,120) (122,122,122) (118,118,118) (118,118,118) (116,116,116) (114,114,114) (114,114,114) (112,112,112) (112,112,112) (108,108,108) (110,110,110) (106,106,106) (104,104,104) (102,102,102) (106,106,106) (112,112,112) (116,116,116) (131,131,131) (133,133,133) (143,143,143) (145,145,145) (149,149,149) (149,149,149) (143,143,143) (145,145,145) (145,145,145) (141,141,141) (149,149,149) (149,149,149) (147,147,147) (143,143,143) (145,145,145) (151,151,151) (149,149,149) (151,151,151) (153,153,153) (153,153,153) (151,151,151) (145,145,145) (143,143,143) (143,143,143) (143,143,143) (141,141,141) (145,145,145) (143,143,143) (145,145,145) (143,143,143) (147,147,147) (145,145,145) (143,143,143) (141,141,141) (141,141,141) (141,141,141) (139,139,139) (143,143,143) (139,139,139) (141,141,141) (143,143,143) (139,139,139) (141,141,141) (141,141,141) (147,147,147) (141,141,141) (143,143,143) (141,141,141) (137,137,137) (135,135,135) (141,141,141) (195,195,195) (209,209,209) (215,215,215) (221,221,221) (225,225,225) (227,227,227) (231,231,231) (223,223,223) (209,209,209) (24,24,24) (34,34,34) (40,40,40) (42,42,42) (46,46,46) (40,40,40) (50,50,50) (44,44,44) (52,52,52) (56,56,56) (60,60,60) (54,54,54) (56,56,56) (60,60,60) (58,58,58) (44,44,44) (44,44,44) (42,42,42) (48,48,48) (50,50,50) (54,54,54) (50,50,50) (44,44,44) (42,42,42) (52,52,52) (42,42,42) (44,44,44) (54,54,54) (48,48,48) 
(163,163,163) (165,165,165) (171,171,171) (175,175,175) (169,169,169) (165,165,165) (155,155,155) (149,149,149) (141,141,141) (122,122,122) (104,104,104) (90,90,90) (104,104,104) (124,124,124) (133,133,133) (147,147,147) (153,153,153) (159,159,159) (169,169,169) (165,165,165) (165,165,165) (165,165,165) (169,169,169) (165,165,165) (163,163,163) (167,167,167) (157,157,157) (155,155,155) (147,147,147) (135,135,135) (114,114,114) (98,98,98) (84,84,84) (74,74,74) (78,78,78) (84,84,84) (84,84,84) (88,88,88) (88,88,88) (96,96,96) (92,92,92) (96,96,96) (98,98,98) (98,98,98) (96,96,96) (96,96,96) (98,98,98) (102,102,102) (106,106,106) (102,102,102) (102,102,102) (100,100,100) (104,104,104) (106,106,106) (112,112,112) (116,116,116) (120,120,120) (116,116,116) (114,114,114) (118,118,118) (120,120,120) (129,129,129) (122,122,122) (122,122,122) (126,126,126) (120,120,120) (120,120,120) (120,120,120) (122,122,122) (122,122,122) (124,124,124) (129,129,129) (129,129,129) (126,126,126) (124,124,124) (122,122,122) (124,124,124) (122,122,122) (124,124,124) (191,191,191) (120,120,120) (129,129,129) (124,124,124) (137,137,137) (129,129,129) (124,124,124) (122,122,122) (129,129,129) (124,124,124) (124,124,124) (124,124,124) (126,126,126) (126,126,126) (131,131,131) (133,133,133) (129,129,129) (141,141,141) (129,129,129) (133,133,133) (129,129,129) (139,139,139) (131,131,131) (131,131,131) (149,149,149) (137,137,137) (161,161,161) (149,149,149) (165,165,165) (155,155,155) (165,165,165) (163,163,163) (151,151,151) (175,175,175) (171,171,171) (165,165,165) (177,177,177) (181,181,181) (179,179,179) (177,177,177) (193,193,193) (179,179,179) (189,189,189) (191,191,191) (173,173,173) (185,185,185) (193,193,193) (183,183,183) (185,185,185) (191,191,191) (197,197,197) (187,187,187) (195,195,195) (201,201,201) (203,203,203) (193,193,193) (197,197,197) (205,205,205) (137,137,137) (106,106,106) (108,108,108) (112,112,112) (112,112,112) (118,118,118) (116,116,116) (116,116,116) (120,120,120) (124,124,124) (122,122,122) (124,124,124) (118,118,118) (126,126,126) (122,122,122) (120,120,120) (116,116,116) (116,116,116) (114,114,114) (110,110,110) (112,112,112) (110,110,110) (108,108,108) (106,106,106) (104,104,104) (106,106,106) (98,98,98) (108,108,108) (110,110,110) (120,120,120) (131,131,131) (139,139,139) (143,143,143) (145,145,145) (149,149,149) (149,149,149) (143,143,143) (145,145,145) (143,143,143) (147,147,147) (145,145,145) (149,149,149) (147,147,147) (145,145,145) (145,145,145) (145,145,145) (153,153,153) (147,147,147) (147,147,147) (149,149,149) (151,151,151) (147,147,147) (143,143,143) (143,143,143) (141,141,141) (139,139,139) (141,141,141) (145,145,145) (141,141,141) (143,143,143) (143,143,143) (143,143,143) (149,149,149) (143,143,143) (147,147,147) (145,145,145) (143,143,143) (141,141,141) (141,141,141) (143,143,143) (141,141,141) (137,137,137) (141,141,141) (141,141,141) (143,143,143) (143,143,143) (141,141,141) (139,139,139) (139,139,139) (141,141,141) (145,145,145) (177,177,177) (203,203,203) (217,217,217) (221,221,221) (227,227,227) (231,231,231) (225,225,225) (211,211,211) (84,84,84) (40,40,40) (38,38,38) (44,44,44) (44,44,44) (44,44,44) (42,42,42) (46,46,46) (46,46,46) (52,52,52) (52,52,52) (56,56,56) (54,54,54) (56,56,56) (54,54,54) (44,44,44) (42,42,42) (48,48,48) (42,42,42) (52,52,52) (54,54,54) (48,48,48) (42,42,42) (44,44,44) (48,48,48) (44,44,44) (48,48,48) (52,52,52) (60,60,60) (52,52,52) 
(163,163,163) (175,175,175) (173,173,173) (173,173,173) (167,167,167) (159,159,159) (149,149,149) (147,147,147) (131,131,131) (108,108,108) (92,92,92) (80,80,80) (98,98,98) (120,120,120) (135,135,135) (149,149,149) (157,157,157) (159,159,159) (163,163,163) (163,163,163) (165,165,165) (167,167,167) (165,165,165) (163,163,163) (165,165,165) (161,161,161) (161,161,161) (153,153,153) (141,141,141) (129,129,129) (116,116,116) (96,96,96) (78,78,78) (74,74,74) (80,80,80) (86,86,86) (84,84,84) (84,84,84) (90,90,90) (96,96,96) (94,94,94) (96,96,96) (96,96,96) (102,102,102) (94,94,94) (98,98,98) (102,102,102) (96,96,96) (104,104,104) (100,100,100) (104,104,104) (104,104,104) (102,102,102) (110,110,110) (106,106,106) (112,112,112) (116,116,116) (118,118,118) (114,114,114) (122,122,122) (120,120,120) (116,116,116) (118,118,118) (114,114,114) (124,124,124) (122,122,122) (122,122,122) (122,122,122) (124,124,124) (124,124,124) (129,129,129) (126,126,126) (129,129,129) (120,120,120) (126,126,126) (120,120,120) (122,122,122) (124,124,124) (147,147,147) (147,147,147) (102,102,102) (126,126,126) (124,124,124) (116,116,116) (120,120,120) (126,126,126) (118,118,118) (122,122,122) (124,124,124) (118,118,118) (122,122,122) (122,122,122) (120,120,120) (139,139,139) (129,129,129) (135,135,135) (133,133,133) (116,116,116) (131,131,131) (129,129,129) (143,143,143) (139,139,139) (137,137,137) (143,143,143) (137,137,137) (151,151,151) (135,135,135) (161,161,161) (145,145,145) (159,159,159) (147,147,147) (167,167,167) (159,159,159) (173,173,173) (179,179,179) (161,161,161) (175,175,175) (183,183,183) (185,185,185) (187,187,187) (189,189,189) (177,177,177) (185,185,185) (189,189,189) (179,179,179) (187,187,187) (195,195,195) (187,187,187) (173,173,173) (193,193,193) (195,195,195) (193,193,193) (191,191,191) (195,195,195) (201,201,201) (197,197,197) (193,193,193) (193,193,193) (185,185,185) (120,120,120) (104,104,104) (108,108,108) (112,112,112) (114,114,114) (116,116,116) (129,129,129) (116,116,116) (118,118,118) (118,118,118) (118,118,118) (118,118,118) (118,118,118) (118,118,118) (120,120,120) (114,114,114) (116,116,116) (116,116,116) (116,116,116) (114,114,114) (112,112,112) (108,108,108) (108,108,108) (106,106,106) (104,104,104) (104,104,104) (110,110,110) (122,122,122) (129,129,129) (135,135,135) (145,145,145) (145,145,145) (149,149,149) (153,153,153) (149,149,149) (145,145,145) (143,143,143) (147,147,147) (141,141,141) (145,145,145) (141,141,141) (143,143,143) (145,145,145) (143,143,143) (143,143,143) (147,147,147) (153,153,153) (153,153,153) (143,143,143) (145,145,145) (145,145,145) (143,143,143) (139,139,139) (143,143,143) (143,143,143) (141,141,141) (143,143,143) (145,145,145) (147,147,147) (143,143,143) (141,141,141) (141,141,141) (141,141,141) (141,141,141) (143,143,143) (141,141,141) (139,139,139) (143,143,143) (137,137,137) (139,139,139) (141,141,141) (145,145,145) (141,141,141) (141,141,141) (141,141,141) (141,141,141) (141,141,141) (141,141,141) (139,139,139) (147,147,147) (183,183,183) (215,215,215) (223,223,223) (229,229,229) (223,223,223) (213,213,213) (147,147,147) (34,34,34) (34,34,34) (42,42,42) (36,36,36) (40,40,40) (46,46,46) (50,50,50) (48,48,48) (54,54,54) (60,60,60) (54,54,54) (52,52,52) (60,60,60) (58,58,58) (44,44,44) (40,40,40) (44,44,44) (40,40,40) (50,50,50) (56,56,56) (50,50,50) (54,54,54) (46,46,46) (44,44,44) (40,40,40) (48,48,48) (48,48,48) (50,50,50) (44,44,44) (36,36,36) 
(169,169,169) (171,171,171) (177,177,177) (171,171,171) (159,159,159) (155,155,155) (145,145,145) (137,137,137) (126,126,126) (102,102,102) (90,90,90) (78,78,78) (102,102,102) (122,122,122) (139,139,139) (149,149,149) (155,155,155) (167,167,167) (163,163,163) (167,167,167) (163,163,163) (169,169,169) (167,167,167) (165,165,165) (161,161,161) (165,165,165) (157,157,157) (147,147,147) (143,143,143) (137,137,137) (118,118,118) (100,100,100) (82,82,82) (74,74,74) (78,78,78) (78,78,78) (84,84,84) (92,92,92) (96,96,96) (92,92,92) (94,94,94) (94,94,94) (96,96,96) (98,98,98) (102,102,102) (98,98,98) (96,96,96) (98,98,98) (102,102,102) (98,98,98) (104,104,104) (102,102,102) (102,102,102) (106,106,106) (106,106,106) (116,116,116) (114,114,114) (114,114,114) (112,112,112) (112,112,112) (114,114,114) (114,114,114) (118,118,118) (120,120,120) (129,129,129) (126,126,126) (120,120,120) (126,126,126) (122,122,122) (120,120,120) (124,124,124) (122,122,122) (122,122,122) (122,122,122) (122,122,122) (122,122,122) (116,116,116) (122,122,122) (207,207,207) (86,86,86) (90,90,90) (114,114,114) (120,120,120) (122,122,122) (120,120,120) (118,118,118) (122,122,122) (114,114,114) (122,122,122) (120,120,120) (118,118,118) (116,116,116) (124,124,124) (129,129,129) (129,129,129) (135,135,135) (122,122,122) (124,124,124) (133,133,133) (133,133,133) (133,133,133) (133,133,133) (139,139,139) (143,143,143) (147,147,147) (133,133,133) (139,139,139) (157,157,157) (147,147,147) (157,157,157) (153,153,153) (165,165,165) (183,183,183) (157,157,157) (179,179,179) (181,181,181) (169,169,169) (185,185,185) (185,185,185) (175,175,175) (183,183,183) (191,191,191) (183,183,183) (183,183,183) (195,195,195) (189,189,189) (183,183,183) (191,191,191) (193,193,193) (193,193,193) (189,189,189) (199,199,199) (199,199,199) (191,191,191) (195,195,195) (195,195,195) (199,199,199) (189,189,189) (195,195,195) (199,199,199) (143,143,143) (96,96,96) (96,96,96) (104,104,104) (110,110,110) (112,112,112) (114,114,114) (108,108,108) (112,112,112) (114,114,114) (116,116,116) (114,114,114) (118,118,118) (116,116,116) (114,114,114) (110,110,110) (112,112,112) (108,108,108) (110,110,110) (108,108,108) (108,108,108) (106,106,106) (104,104,104) (102,102,102) (106,106,106) (112,112,112) (122,122,122) (135,135,135) (139,139,139) (145,145,145) (149,149,149) (149,149,149) (147,147,147) (147,147,147) (149,149,149) (145,145,145) (147,147,147) (145,145,145) (139,139,139) (145,145,145) (141,141,141) (143,143,143) (139,139,139) (139,139,139) (143,143,143) (145,145,145) (149,149,149) (149,149,149) (147,147,147) (139,139,139) (141,141,141) (141,141,141) (139,139,139) (139,139,139) (143,143,143) (141,141,141) (145,145,145) (145,145,145) (143,143,143) (141,141,141) (143,143,143) (143,143,143) (141,141,141) (143,143,143) (139,139,139) (141,141,141) (147,147,147) (141,141,141) (141,141,141) (145,145,145) (143,143,143) (145,145,145) (139,139,139) (143,143,143) (143,143,143) (143,143,143) (141,141,141) (143,143,143) (145,145,145) (157,157,157) (205,205,205) (219,219,219) (219,219,219) (215,215,215) (155,155,155) (36,36,36) (40,40,40) (36,36,36) (42,42,42) (46,46,46) (46,46,46) (44,44,44) (52,52,52) (48,48,48) (56,56,56) (58,58,58) (54,54,54) (58,58,58) (54,54,54) (52,52,52) (50,50,50) (38,38,38) (44,44,44) (50,50,50) (52,52,52) (56,56,56) (46,46,46) (42,42,42) (48,48,48) (48,48,48) (56,56,56) (54,54,54) (56,56,56) (42,42,42) (36,36,36) (30,30,30) 
(171,171,171) (175,175,175) (171,171,171) (161,161,161) (159,159,159) (153,153,153) (143,143,143) (126,126,126) (108,108,108) (82,82,82) (76,76,76) (80,80,80) (98,98,98) (120,120,120) (129,129,129) (143,143,143) (153,153,153) (165,165,165) (167,167,167) (169,169,169) (165,165,165) (163,163,163) (165,165,165) (161,161,161) (165,165,165) (161,161,161) (157,157,157) (151,151,151) (137,137,137) (131,131,131) (116,116,116) (94,94,94) (86,86,86) (72,72,72) (80,80,80) (84,84,84) (88,88,88) (84,84,84) (90,90,90) (98,98,98) (96,96,96) (100,100,100) (100,100,100) (100,100,100) (98,98,98) (100,100,100) (98,98,98) (100,100,100) (102,102,102) (100,100,100) (100,100,100) (110,110,110) (108,108,108) (110,110,110) (108,108,108) (108,108,108) (116,116,116) (110,110,110) (114,114,114) (112,112,112) (116,116,116) (116,116,116) (120,120,120) (116,116,116) (118,118,118) (120,120,120) (120,120,120) (120,120,120) (122,122,122) (126,126,126) (122,122,122) (129,129,129) (126,126,126) (124,124,124) (126,126,126) (124,124,124) (129,129,129) (122,122,122) (124,124,124) (108,108,108) (114,114,114) (116,116,116) (120,120,120) (122,122,122) (124,124,124) (118,118,118) (118,118,118) (122,122,122) (129,129,129) (124,124,124) (122,122,122) (126,126,126) (133,133,133) (126,126,126) (131,131,131) (131,131,131) (129,129,129) (129,129,129) (126,126,126) (133,133,133) (143,143,143) (133,133,133) (133,133,133) (131,131,131) (135,135,135) (143,143,143) (139,139,139) (143,143,143) (153,153,153) (151,151,151) (169,169,169) (149,149,149) (171,171,171) (185,185,185) (163,163,163) (183,183,183) (177,177,177) (171,171,171) (179,179,179) (185,185,185) (177,177,177) (181,181,181) (191,191,191) (179,179,179) (179,179,179) (187,187,187) (197,197,197) (185,185,185) (187,187,187) (193,193,193) (189,189,189) (189,189,189) (195,195,195) (201,201,201) (201,201,201) (193,193,193) (193,193,193) (203,203,203) (197,197,197) (201,201,201) (201,201,201) (179,179,179) (110,110,110) (102,102,102) (108,108,108) (104,104,104) (104,104,104) (106,106,106) (106,106,106) (114,114,114) (114,114,114) (116,116,116) (110,110,110) (114,114,114) (112,112,112) (108,108,108) (108,108,108) (110,110,110) (108,108,108) (108,108,108) (104,104,104) (106,106,106) (104,104,104) (102,102,102) (108,108,108) (112,112,112) (118,118,118) (133,133,133) (141,141,141) (143,143,143) (149,149,149) (155,155,155) (149,149,149) (145,145,145) (151,151,151) (149,149,149) (145,145,145) (145,145,145) (141,141,141) (143,143,143) (139,139,139) (145,145,145) (137,137,137) (137,137,137) (139,139,139) (139,139,139) (143,143,143) (151,151,151) (153,153,153) (143,143,143) (149,149,149) (139,139,139) (141,141,141) (143,143,143) (147,147,147) (143,143,143) (147,147,147) (147,147,147) (143,143,143) (143,143,143) (143,143,143) (143,143,143) (143,143,143) (143,143,143) (143,143,143) (137,137,137) (143,143,143) (145,145,145) (141,141,141) (145,145,145) (147,147,147) (149,149,149) (141,141,141) (145,145,145) (145,145,145) (147,147,147) (147,147,147) (149,149,149) (149,149,149) (153,153,153) (193,193,193) (213,213,213) (209,209,209) (159,159,159) (40,40,40) (42,42,42) (42,42,42) (44,44,44) (44,44,44) (42,42,42) (40,40,40) (44,44,44) (44,44,44) (50,50,50) (50,50,50) (50,50,50) (52,52,52) (54,54,54) (56,56,56) (48,48,48) (44,44,44) (52,52,52) (50,50,50) (54,54,54) (58,58,58) (46,46,46) (44,44,44) (48,48,48) (48,48,48) (46,46,46) (58,58,58) (64,64,64) (56,56,56) (30,30,30) (28,28,28) (32,32,32) 
(175,175,175) (169,169,169) (167,167,167) (163,163,163) (155,155,155) (147,147,147) (135,135,135) (118,118,118) (94,94,94) (72,72,72) (74,74,74) (88,88,88) (104,104,104) (118,118,118) (133,133,133) (143,143,143) (153,153,153) (163,163,163) (167,167,167) (171,171,171) (167,167,167) (163,163,163) (165,165,165) (163,163,163) (163,163,163) (161,161,161) (155,155,155) (151,151,151) (139,139,139) (131,131,131) (116,116,116) (94,94,94) (82,82,82) (72,72,72) (76,76,76) (88,88,88) (88,88,88) (84,84,84) (92,92,92) (94,94,94) (104,104,104) (98,98,98) (100,100,100) (108,108,108) (96,96,96) (104,104,104) (100,100,100) (98,98,98) (100,100,100) (100,100,100) (106,106,106) (102,102,102) (106,106,106) (108,108,108) (108,108,108) (110,110,110) (120,120,120) (118,118,118) (110,110,110) (110,110,110) (118,118,118) (114,114,114) (116,116,116) (118,118,118) (118,118,118) (120,120,120) (118,118,118) (120,120,120) (118,118,118) (120,120,120) (124,124,124) (122,122,122) (122,122,122) (122,122,122) (124,124,124) (124,124,124) (126,126,126) (137,137,137) (108,108,108) (116,116,116) (114,114,114) (114,114,114) (118,118,118) (118,118,118) (112,112,112) (122,122,122) (122,122,122) (114,114,114) (126,126,126) (126,126,126) (124,124,124) (120,120,120) (129,129,129) (141,141,141) (135,135,135) (131,131,131) (129,129,129) (135,135,135) (137,137,137) (149,149,149) (133,133,133) (131,131,131) (122,122,122) (137,137,137) (141,141,141) (129,129,129) (147,147,147) (139,139,139) (155,155,155) (145,145,145) (159,159,159) (175,175,175) (155,155,155) (173,173,173) (177,177,177) (161,161,161) (177,177,177) (187,187,187) (167,167,167) (177,177,177) (193,193,193) (175,175,175) (175,175,175) (187,187,187) (197,197,197) (185,185,185) (191,191,191) (197,197,197) (187,187,187) (185,185,185) (195,195,195) (201,201,201) (195,195,195) (191,191,191) (195,195,195) (201,201,201) (193,193,193) (191,191,191) (197,197,197) (205,205,205) (201,201,201) (203,203,203) (189,189,189) (94,94,94) (94,94,94) (100,100,100) (102,102,102) (102,102,102) (108,108,108) (106,106,106) (114,114,114) (112,112,112) (118,118,118) (112,112,112) (112,112,112) (110,110,110) (106,106,106) (104,104,104) (104,104,104) (108,108,108) (110,110,110) (106,106,106) (110,110,110) (96,96,96) (108,108,108) (110,110,110) (122,122,122) (126,126,126) (139,139,139) (143,143,143) (149,149,149) (153,153,153) (155,155,155) (153,153,153) (151,151,151) (155,155,155) (149,149,149) (151,151,151) (145,145,145) (135,135,135) (133,133,133) (137,137,137) (137,137,137) (137,137,137) (135,135,135) (139,139,139) (139,139,139) (149,149,149) (149,149,149) (147,147,147) (145,145,145) (141,141,141) (143,143,143) (139,139,139) (145,145,145) (141,141,141) (145,145,145) (141,141,141) (145,145,145) (141,141,141) (141,141,141) (145,145,145) (143,143,143) (139,139,139) (143,143,143) (141,141,141) (145,145,145) (143,143,143) (143,143,143) (143,143,143) (141,141,141) (145,145,145) (147,147,147) (149,149,149) (145,145,145) (149,149,149) (145,145,145) (153,153,153) (155,155,155) (149,149,149) (181,181,181) (189,189,189) (131,131,131) (44,44,44) (44,44,44) (44,44,44) (44,44,44) (42,42,42) (44,44,44) (44,44,44) (44,44,44) (50,50,50) (40,40,40) (50,50,50) (48,48,48) (60,60,60) (50,50,50) (52,52,52) (48,48,48) (44,44,44) (50,50,50) (52,52,52) (54,54,54) (46,46,46) (46,46,46) (50,50,50) (42,42,42) (52,52,52) (46,46,46) (50,50,50) (66,66,66) (64,64,64) (46,46,46) (28,28,28) (30,30,30) (54,54,54) 
(171,171,171) (169,169,169) (167,167,167) (157,157,157) (149,149,149) (137,137,137) (126,126,126) (108,108,108) (82,82,82) (74,74,74) (72,72,72) (88,88,88) (100,100,100) (120,120,120) (133,133,133) (145,145,145) (153,153,153) (163,163,163) (169,169,169) (169,169,169) (167,167,167) (165,165,165) (165,165,165) (163,163,163) (163,163,163) (157,157,157) (157,157,157) (149,149,149) (137,137,137) (131,131,131) (120,120,120) (94,94,94) (76,76,76) (72,72,72) (72,72,72) (80,80,80) (92,92,92) (88,88,88) (100,100,100) (100,100,100) (94,94,94) (100,100,100) (92,92,92) (102,102,102) (96,96,96) (100,100,100) (94,94,94) (102,102,102) (98,98,98) (102,102,102) (100,100,100) (102,102,102) (110,110,110) (108,108,108) (108,108,108) (108,108,108) (108,108,108) (110,110,110) (118,118,118) (118,118,118) (116,116,116) (118,118,118) (116,116,116) (118,118,118) (124,124,124) (120,120,120) (120,120,120) (120,120,120) (122,122,122) (120,120,120) (124,124,124) (122,122,122) (126,126,126) (120,120,120) (126,126,126) (120,120,120) (167,167,167) (118,118,118) (110,110,110) (112,112,112) (120,120,120) (118,118,118) (110,110,110) (108,108,108) (110,110,110) (114,114,114) (118,118,118) (118,118,118) (124,124,124) (124,124,124) (129,129,129) (116,116,116) (137,137,137) (120,120,120) (126,126,126) (129,129,129) (137,137,137) (133,133,133) (137,137,137) (143,143,143) (122,122,122) (135,135,135) (131,131,131) (135,135,135) (137,137,137) (149,149,149) (131,131,131) (149,149,149) (137,137,137) (151,151,151) (155,155,155) (155,155,155) (171,171,171) (151,151,151) (171,171,171) (181,181,181) (155,155,155) (179,179,179) (189,189,189) (183,183,183) (179,179,179) (187,187,187) (191,191,191) (191,191,191) (187,187,187) (197,197,197) (189,189,189) (185,185,185) (197,197,197) (197,197,197) (185,185,185) (197,197,197) (197,197,197) (199,199,199) (189,189,189) (195,195,195) (199,199,199) (201,201,201) (193,193,193) (199,199,199) (201,201,201) (205,205,205) (203,203,203) (185,185,185) (98,98,98) (94,94,94) (94,94,94) (92,92,92) (100,100,100) (100,100,100) (104,104,104) (106,106,106) (110,110,110) (104,104,104) (110,110,110) (110,110,110) (104,104,104) (102,102,102) (110,110,110) (108,108,108) (110,110,110) (108,108,108) (104,104,104) (100,100,100) (104,104,104) (110,110,110) (120,120,120) (133,133,133) (143,143,143) (147,147,147) (149,149,149) (155,155,155) (153,153,153) (153,153,153) (157,157,157) (151,151,151) (149,149,149) (147,147,147) (143,143,143) (137,137,137) (137,137,137) (131,131,131) (135,135,135) (126,126,126) (129,129,129) (129,129,129) (137,137,137) (143,143,143) (147,147,147) (149,149,149) (149,149,149) (143,143,143) (143,143,143) (145,145,145) (145,145,145) (145,145,145) (145,145,145) (145,145,145) (145,145,145) (143,143,143) (143,143,143) (145,145,145) (141,141,141) (145,145,145) (143,143,143) (145,145,145) (143,143,143) (145,145,145) (143,143,143) (149,149,149) (143,143,143) (147,147,147) (139,139,139) (149,149,149) (149,149,149) (147,147,147) (149,149,149) (143,143,143) (157,157,157) (157,157,157) (153,153,153) (108,108,108) (44,44,44) (44,44,44) (48,48,48) (38,38,38) (44,44,44) (40,40,40) (52,52,52) (48,48,48) (48,48,48) (52,52,52) (52,52,52) (54,54,54) (52,52,52) (48,48,48) (48,48,48) (46,46,46) (42,42,42) (44,44,44) (54,54,54) (58,58,58) (50,50,50) (44,44,44) (50,50,50) (44,44,44) (48,48,48) (54,54,54) (56,56,56) (68,68,68) (70,70,70) (40,40,40) (36,36,36) (32,32,32) (42,42,42) (141,141,141) 
(169,169,169) (167,167,167) (163,163,163) (155,155,155) (145,145,145) (133,133,133) (116,116,116) (90,90,90) (78,78,78) (80,80,80) (76,76,76) (84,84,84) (104,104,104) (120,120,120) (137,137,137) (145,145,145) (155,155,155) (161,161,161) (167,167,167) (171,171,171) (167,167,167) (167,167,167) (163,163,163) (165,165,165) (167,167,167) (161,161,161) (157,157,157) (151,151,151) (145,145,145) (129,129,129) (112,112,112) (98,98,98) (76,76,76) (70,70,70) (76,76,76) (82,82,82) (88,88,88) (88,88,88) (96,96,96) (98,98,98) (100,100,100) (100,100,100) (104,104,104) (102,102,102) (98,98,98) (102,102,102) (98,98,98) (104,104,104) (96,96,96) (98,98,98) (102,102,102) (100,100,100) (106,106,106) (106,106,106) (108,108,108) (104,104,104) (110,110,110) (114,114,114) (114,114,114) (112,112,112) (114,114,114) (114,114,114) (116,116,116) (122,122,122) (120,120,120) (118,118,118) (116,116,116) (116,116,116) (122,122,122) (122,122,122) (124,124,124) (126,126,126) (122,122,122) (122,122,122) (126,126,126) (147,147,147) (181,181,181) (112,112,112) (112,112,112) (116,116,116) (114,114,114) (110,110,110) (106,106,106) (112,112,112) (112,112,112) (120,120,120) (118,118,118) (118,118,118) (120,120,120) (129,129,129) (110,110,110) (135,135,135) (124,124,124) (120,120,120) (129,129,129) (120,120,120) (143,143,143) (126,126,126) (145,145,145) (129,129,129) (143,143,143) (139,139,139) (139,139,139) (135,135,135) (141,141,141) (133,133,133) (149,149,149) (129,129,129) (159,159,159) (141,141,141) (155,155,155) (151,151,151) (157,157,157) (175,175,175) (149,149,149) (171,171,171) (187,187,187) (177,177,177) (167,167,167) (185,185,185) (189,189,189) (173,173,173) (191,191,191) (193,193,193) (191,191,191) (185,185,185) (195,195,195) (197,197,197) (189,189,189) (193,193,193) (201,201,201) (199,199,199) (185,185,185) (197,197,197) (199,199,199) (189,189,189) (191,191,191) (199,199,199) (197,197,197) (191,191,191) (183,183,183) (187,187,187) (201,201,201) (209,209,209) (185,185,185) (175,175,175) (155,155,155) (90,90,90) (88,88,88) (92,92,92) (104,104,104) (112,112,112) (112,112,112) (108,108,108) (108,108,108) (102,102,102) (110,110,110) (106,106,106) (106,106,106) (106,106,106) (106,106,106) (100,100,100) (96,96,96) (98,98,98) (104,104,104) (112,112,112) (118,118,118) (135,135,135) (147,147,147) (149,149,149) (153,153,153) (153,153,153) (155,155,155) (157,157,157) (161,161,161) (155,155,155) (147,147,147) (149,149,149) (147,147,147) (141,141,141) (131,131,131) (129,129,129) (120,120,120) (118,118,118) (122,122,122) (126,126,126) (129,129,129) (141,141,141) (143,143,143) (149,149,149) (143,143,143) (145,145,145) (141,141,141) (143,143,143) (145,145,145) (147,147,147) (145,145,145) (147,147,147) (147,147,147) (141,141,141) (143,143,143) (141,141,141) (139,139,139) (141,141,141) (141,141,141) (141,141,141) (147,147,147) (141,141,141) (147,147,147) (145,145,145) (145,145,145) (149,149,149) (143,143,143) (149,149,149) (149,149,149) (149,149,149) (149,149,149) (149,149,149) (153,153,153) (153,153,153) (129,129,129) (64,64,64) (46,46,46) (42,42,42) (38,38,38) (42,42,42) (52,52,52) (38,38,38) (42,42,42) (48,48,48) (50,50,50) (52,52,52) (54,54,54) (52,52,52) (46,46,46) (46,46,46) (44,44,44) (46,46,46) (42,42,42) (48,48,48) (52,52,52) (56,56,56) (54,54,54) (48,48,48) (44,44,44) (46,46,46) (54,54,54) (64,64,64) (66,66,66) (70,70,70) (50,50,50) (36,36,36) (30,30,30) (40,40,40) (114,114,114) (161,161,161) 
(167,167,167) (165,165,165) (159,159,159) (151,151,151) (139,139,139) (124,124,124) (100,100,100) (80,80,80) (110,110,110) (78,78,78) (72,72,72) (90,90,90) (102,102,102) (122,122,122) (133,133,133) (147,147,147) (155,155,155) (165,165,165) (165,165,165) (167,167,167) (169,169,169) (169,169,169) (165,165,165) (167,167,167) (161,161,161) (163,163,163) (159,159,159) (153,153,153) (145,145,145) (129,129,129) (114,114,114) (94,94,94) (78,78,78) (76,76,76) (76,76,76) (80,80,80) (86,86,86) (88,88,88) (94,94,94) (92,92,92) (100,100,100) (98,98,98) (94,94,94) (94,94,94) (96,96,96) (102,102,102) (102,102,102) (100,100,100) (98,98,98) (102,102,102) (106,106,106) (102,102,102) (100,100,100) (112,112,112) (108,108,108) (112,112,112) (114,114,114) (112,112,112) (120,120,120) (118,118,118) (116,116,116) (110,110,110) (114,114,114) (120,120,120) (118,118,118) (116,116,116) (122,122,122) (118,118,118) (124,124,124) (120,120,120) (118,118,118) (122,122,122) (131,131,131) (122,122,122) (122,122,122) (171,171,171) (112,112,112) (116,116,116) (114,114,114) (106,106,106) (110,110,110) (106,106,106) (108,108,108) (114,114,114) (120,120,120) (118,118,118) (120,120,120) (122,122,122) (122,122,122) (122,122,122) (129,129,129) (129,129,129) (118,118,118) (120,120,120) (129,129,129) (133,133,133) (129,129,129) (129,129,129) (129,129,129) (137,137,137) (141,141,141) (131,131,131) (141,141,141) (122,122,122) (145,145,145) (129,129,129) (133,133,133) (155,155,155) (137,137,137) (149,149,149) (143,143,143) (157,157,157) (159,159,159) (155,155,155) (181,181,181) (167,167,167) (171,171,171) (185,185,185) (183,183,183) (177,177,177) (189,189,189) (195,195,195) (181,181,181) (181,181,181) (191,191,191) (191,191,191) (181,181,181) (191,191,191) (197,197,197) (189,189,189) (195,195,195) (199,199,199) (199,199,199) (193,193,193) (189,189,189) (195,195,195) (193,193,193) (181,181,181) (175,175,175) (199,199,199) (209,209,209) (211,211,211) (215,215,215) (219,219,219) (225,225,225) (227,227,227) (227,227,227) (215,215,215) (92,92,92) (88,88,88) (90,90,90) (102,102,102) (110,110,110) (106,106,106) (106,106,106) (102,102,102) (104,104,104) (98,98,98) (104,104,104) (108,108,108) (102,102,102) (102,102,102) (104,104,104) (96,96,96) (104,104,104) (108,108,108) (118,118,118) (131,131,131) (141,141,141) (145,145,145) (153,153,153) (157,157,157) (155,155,155) (157,157,157) (155,155,155) (151,151,151) (149,149,149) (153,153,153) (147,147,147) (141,141,141) (129,129,129) (120,120,120) (116,116,116) (110,110,110) (118,118,118) (118,118,118) (129,129,129) (137,137,137) (143,143,143) (147,147,147) (147,147,147) (147,147,147) (143,143,143) (145,145,145) (147,147,147) (145,145,145) (151,151,151) (145,145,145) (145,145,145) (141,141,141) (141,141,141) (145,145,145) (143,143,143) (143,143,143) (143,143,143) (145,145,145) (147,147,147) (141,141,141) (141,141,141) (141,141,141) (147,147,147) (143,143,143) (143,143,143) (147,147,147) (151,151,151) (153,153,153) (153,153,153) (157,157,157) (159,159,159) (139,139,139) (88,88,88) (44,44,44) (40,40,40) (48,48,48) (40,40,40) (40,40,40) (40,40,40) (40,40,40) (50,50,50) (56,56,56) (50,50,50) (56,56,56) (56,56,56) (48,48,48) (50,50,50) (42,42,42) (44,44,44) (48,48,48) (52,52,52) (50,50,50) (58,58,58) (48,48,48) (46,46,46) (48,48,48) (50,50,50) (48,48,48) (54,54,54) (64,64,64) (76,76,76) (56,56,56) (38,38,38) (34,34,34) (40,40,40) (100,100,100) (151,151,151) (167,167,167) 
(167,167,167) (157,157,157) (151,151,151) (141,141,141) (133,133,133) (112,112,112) (90,90,90) (80,80,80) (84,84,84) (90,90,90) (82,82,82) (88,88,88) (102,102,102) (124,124,124) (131,131,131) (149,149,149) (157,157,157) (161,161,161) (169,169,169) (167,167,167) (167,167,167) (171,171,171) (169,169,169) (165,165,165) (163,163,163) (159,159,159) (157,157,157) (153,153,153) (143,143,143) (129,129,129) (116,116,116) (96,96,96) (80,80,80) (76,76,76) (80,80,80) (82,82,82) (88,88,88) (88,88,88) (100,100,100) (98,98,98) (98,98,98) (102,102,102) (98,98,98) (102,102,102) (98,98,98) (102,102,102) (100,100,100) (98,98,98) (102,102,102) (100,100,100) (102,102,102) (102,102,102) (106,106,106) (104,104,104) (110,110,110) (110,110,110) (114,114,114) (122,122,122) (112,112,112) (114,114,114) (114,114,114) (112,112,112) (112,112,112) (112,112,112) (124,124,124) (118,118,118) (120,120,120) (124,124,124) (122,122,122) (122,122,122) (118,118,118) (124,124,124) (126,126,126) (122,122,122) (129,129,129) (137,137,137) (118,118,118) (112,112,112) (110,110,110) (108,108,108) (102,102,102) (116,116,116) (104,104,104) (124,124,124) (124,124,124) (118,118,118) (114,114,114) (112,112,112) (124,124,124) (122,122,122) (122,122,122) (122,122,122) (122,122,122) (131,131,131) (122,122,122) (133,133,133) (120,120,120) (131,131,131) (131,131,131) (139,139,139) (124,124,124) (139,139,139) (126,126,126) (141,141,141) (131,131,131) (137,137,137) (137,137,137) (149,149,149) (147,147,147) (139,139,139) (157,157,157) (137,137,137) (163,163,163) (161,161,161) (165,165,165) (175,175,175) (179,179,179) (177,177,177) (187,187,187) (193,193,193) (185,185,185) (181,181,181) (189,189,189) (191,191,191) (179,179,179) (185,185,185) (195,195,195) (197,197,197) (181,181,181) (195,195,195) (197,197,197) (189,189,189) (187,187,187) (197,197,197) (189,189,189) (171,171,171) (189,189,189) (199,199,199) (209,209,209) (213,213,213) (213,213,213) (215,215,215) (217,217,217) (215,215,215) (219,219,219) (227,227,227) (227,227,227) (227,227,227) (199,199,199) (78,78,78) (82,82,82) (90,90,90) (96,96,96) (104,104,104) (104,104,104) (100,100,100) (102,102,102) (102,102,102) (100,100,100) (104,104,104) (104,104,104) (104,104,104) (96,96,96) (98,98,98) (104,104,104) (110,110,110) (118,118,118) (133,133,133) (139,139,139) (147,147,147) (149,149,149) (159,159,159) (155,155,155) (151,151,151) (157,157,157) (153,153,153) (151,151,151) (151,151,151) (151,151,151) (145,145,145) (135,135,135) (118,118,118) (110,110,110) (98,98,98) (104,104,104) (104,104,104) (120,120,120) (129,129,129) (139,139,139) (143,143,143) (149,149,149) (149,149,149) (147,147,147) (143,143,143) (145,145,145) (147,147,147) (147,147,147) (143,143,143) (143,143,143) (141,141,141) (143,143,143) (141,141,141) (143,143,143) (145,145,145) (145,145,145) (139,139,139) (143,143,143) (145,145,145) (141,141,141) (143,143,143) (147,147,147) (145,145,145) (149,149,149) (149,149,149) (147,147,147) (151,151,151) (157,157,157) (159,159,159) (147,147,147) (86,86,86) (58,58,58) (46,46,46) (42,42,42) (42,42,42) (44,44,44) (38,38,38) (50,50,50) (46,46,46) (52,52,52) (50,50,50) (52,52,52) (50,50,50) (52,52,52) (50,50,50) (42,42,42) (46,46,46) (42,42,42) (54,54,54) (56,56,56) (58,58,58) (44,44,44) (56,56,56) (48,48,48) (46,46,46) (46,46,46) (54,54,54) (64,64,64) (78,78,78) (78,78,78) (50,50,50) (36,36,36) (48,48,48) (88,88,88) (133,133,133) (159,159,159) (171,171,171) 
(157,157,157) (153,153,153) (151,151,151) (133,133,133) (120,120,120) (108,108,108) (82,82,82) (82,82,82) (82,82,82) (80,80,80) (86,86,86) (88,88,88) (106,106,106) (126,126,126) (133,133,133) (151,151,151) (155,155,155) (163,163,163) (165,165,165) (167,167,167) (167,167,167) (165,165,165) (171,171,171) (163,163,163) (163,163,163) (163,163,163) (155,155,155) (151,151,151) (139,139,139) (126,126,126) (114,114,114) (90,90,90) (80,80,80) (74,74,74) (74,74,74) (86,86,86) (86,86,86) (90,90,90) (88,88,88) (100,100,100) (98,98,98) (102,102,102) (94,94,94) (94,94,94) (106,106,106) (104,104,104) (102,102,102) (102,102,102) (106,106,106) (98,98,98) (104,104,104) (104,104,104) (106,106,106) (110,110,110) (112,112,112) (110,110,110) (110,110,110) (114,114,114) (114,114,114) (110,110,110) (112,112,112) (120,120,120) (114,114,114) (129,129,129) (122,122,122) (122,122,122) (118,118,118) (118,118,118) (122,122,122) (122,122,122) (118,118,118) (118,118,118) (126,126,126) (126,126,126) (139,139,139) (116,116,116) (106,106,106) (112,112,112) (108,108,108) (114,114,114) (110,110,110) (110,110,110) (114,114,114) (118,118,118) (124,124,124) (114,114,114) (110,110,110) (129,129,129) (122,122,122) (122,122,122) (120,120,120) (114,114,114) (126,126,126) (116,116,116) (129,129,129) (126,126,126) (129,129,129) (122,122,122) (131,131,131) (135,135,135) (135,135,135) (133,133,133) (141,141,141) (124,124,124) (137,137,137) (124,124,124) (151,151,151) (141,141,141) (139,139,139) (147,147,147) (149,149,149) (165,165,165) (141,141,141) (165,165,165) (173,173,173) (169,169,169) (181,181,181) (193,193,193) (177,177,177) (183,183,183) (185,185,185) (199,199,199) (171,171,171) (185,185,185) (195,195,195) (191,191,191) (179,179,179) (193,193,193) (197,197,197) (191,191,191) (183,183,183) (189,189,189) (181,181,181) (183,183,183) (195,195,195) (211,211,211) (215,215,215) (215,215,215) (211,211,211) (209,209,209) (215,215,215) (211,211,211) (213,213,213) (215,215,215) (215,215,215) (219,219,219) (227,227,227) (227,227,227) (225,225,225) (126,126,126) (74,74,74) (90,90,90) (92,92,92) (96,96,96) (102,102,102) (102,102,102) (102,102,102) (98,98,98) (104,104,104) (102,102,102) (100,100,100) (100,100,100) (94,94,94) (90,90,90) (102,102,102) (110,110,110) (116,116,116) (131,131,131) (137,137,137) (149,149,149) (149,149,149) (155,155,155) (153,153,153) (153,153,153) (155,155,155) (151,151,151) (155,155,155) (155,155,155) (149,149,149) (143,143,143) (133,133,133) (122,122,122) (100,100,100) (94,94,94) (92,92,92) (88,88,88) (112,112,112) (118,118,118) (135,135,135) (139,139,139) (145,145,145) (147,147,147) (145,145,145) (143,143,143) (141,141,141) (141,141,141) (143,143,143) (147,147,147) (145,145,145) (143,143,143) (143,143,143) (141,141,141) (143,143,143) (145,145,145) (141,141,141) (147,147,147) (141,141,141) (145,145,145) (149,149,149) (147,147,147) (145,145,145) (147,147,147) (145,145,145) (151,151,151) (145,145,145) (151,151,151) (157,157,157) (147,147,147) (114,114,114) (50,50,50) (42,42,42) (52,52,52) (44,44,44) (38,38,38) (44,44,44) (58,58,58) (48,48,48) (50,50,50) (58,58,58) (54,54,54) (50,50,50) (52,52,52) (54,54,54) (46,46,46) (46,46,46) (38,38,38) (48,48,48) (64,64,64) (60,60,60) (54,54,54) (44,44,44) (48,48,48) (48,48,48) (42,42,42) (48,48,48) (60,60,60) (78,78,78) (80,80,80) (70,70,70) (46,46,46) (48,48,48) (90,90,90) (135,135,135) (147,147,147) (159,159,159) (169,169,169) 
(161,161,161) (155,155,155) (143,143,143) (129,129,129) (114,114,114) (94,94,94) (78,78,78) (80,80,80) (92,92,92) (82,82,82) (84,84,84) (84,84,84) (104,104,104) (120,120,120) (135,135,135) (147,147,147) (153,153,153) (161,161,161) (165,165,165) (167,167,167) (165,165,165) (167,167,167) (167,167,167) (163,163,163) (165,165,165) (159,159,159) (157,157,157) (147,147,147) (137,137,137) (124,124,124) (110,110,110) (92,92,92) (80,80,80) (74,74,74) (72,72,72) (84,84,84) (90,90,90) (94,94,94) (96,96,96) (96,96,96) (96,96,96) (106,106,106) (96,96,96) (100,100,100) (96,96,96) (104,104,104) (98,98,98) (102,102,102) (100,100,100) (104,104,104) (102,102,102) (106,106,106) (106,106,106) (110,110,110) (110,110,110) (106,106,106) (114,114,114) (112,112,112) (114,114,114) (114,114,114) (114,114,114) (120,120,120) (116,116,116) (118,118,118) (120,120,120) (120,120,120) (122,122,122) (122,122,122) (120,120,120) (122,122,122) (122,122,122) (120,120,120) (126,126,126) (133,133,133) (120,120,120) (112,112,112) (104,104,104) (108,108,108) (114,114,114) (110,110,110) (110,110,110) (120,120,120) (116,116,116) (116,116,116) (118,118,118) (108,108,108) (124,124,124) (124,124,124) (110,110,110) (131,131,131) (118,118,118) (114,114,114) (124,124,124) (120,120,120) (110,110,110) (129,129,129) (131,131,131) (131,131,131) (139,139,139) (133,133,133) (131,131,131) (133,133,133) (131,131,131) (137,137,137) (129,129,129) (141,141,141) (135,135,135) (141,141,141) (131,131,131) (135,135,135) (155,155,155) (135,135,135) (161,161,161) (157,157,157) (167,167,167) (171,171,171) (181,181,181) (177,177,177) (187,187,187) (193,193,193) (179,179,179) (183,183,183) (193,193,193) (193,193,193) (175,175,175) (187,187,187) (195,195,195) (189,189,189) (173,173,173) (177,177,177) (165,165,165) (187,187,187) (201,201,201) (207,207,207) (213,213,213) (215,215,215) (211,211,211) (205,205,205) (209,209,209) (211,211,211) (209,209,209) (213,213,213) (207,207,207) (209,209,209) (215,215,215) (215,215,215) (221,221,221) (225,225,225) (225,225,225) (215,215,215) (88,88,88) (80,80,80) (86,86,86) (90,90,90) (100,100,100) (100,100,100) (98,98,98) (100,100,100) (100,100,100) (98,98,98) (96,96,96) (100,100,100) (100,100,100) (88,88,88) (100,100,100) (112,112,112) (114,114,114) (129,129,129) (137,137,137) (149,149,149) (149,149,149) (153,153,153) (157,157,157) (151,151,151) (153,153,153) (155,155,155) (153,153,153) (157,157,157) (149,149,149) (147,147,147) (135,135,135) (126,126,126) (108,108,108) (84,84,84) (80,80,80) (78,78,78) (86,86,86) (114,114,114) (129,129,129) (137,137,137) (145,145,145) (145,145,145) (145,145,145) (147,147,147) (143,143,143) (147,147,147) (147,147,147) (149,149,149) (143,143,143) (141,141,141) (141,141,141) (141,141,141) (141,141,141) (143,143,143) (139,139,139) (139,139,139) (147,147,147) (155,155,155) (145,145,145) (145,145,145) (145,145,145) (147,147,147) (149,149,149) (149,149,149) (155,155,155) (155,155,155) (155,155,155) (131,131,131) (58,58,58) (46,46,46) (40,40,40) (40,40,40) (34,34,34) (40,40,40) (40,40,40) (42,42,42) (50,50,50) (54,54,54) (52,52,52) (54,54,54) (52,52,52) (52,52,52) (46,46,46) (42,42,42) (44,44,44) (40,40,40) (50,50,50) (54,54,54) (50,50,50) (44,44,44) (46,46,46) (42,42,42) (44,44,44) (48,48,48) (58,58,58) (66,66,66) (74,74,74) (76,76,76) (58,58,58) (46,46,46) (80,80,80) (126,126,126) (145,145,145) (151,151,151) (159,159,159) (159,159,159) 
(153,153,153) (147,147,147) (137,137,137) (118,118,118) (94,94,94) (80,80,80) (82,82,82) (88,88,88) (84,84,84) (82,82,82) (86,86,86) (92,92,92) (102,102,102) (120,120,120) (137,137,137) (143,143,143) (155,155,155) (161,161,161) (167,167,167) (167,167,167) (171,171,171) (169,169,169) (167,167,167) (163,163,163) (163,163,163) (161,161,161) (155,155,155) (147,147,147) (141,141,141) (124,124,124) (112,112,112) (100,100,100) (86,86,86) (76,76,76) (80,80,80) (86,86,86) (86,86,86) (92,92,92) (94,94,94) (94,94,94) (98,98,98) (98,98,98) (96,96,96) (94,94,94) (100,100,100) (102,102,102) (110,110,110) (104,104,104) (100,100,100) (102,102,102) (96,96,96) (110,110,110) (104,104,104) (108,108,108) (112,112,112) (114,114,114) (114,114,114) (116,116,116) (114,114,114) (116,116,116) (116,116,116) (122,122,122) (116,116,116) (126,126,126) (118,118,118) (122,122,122) (118,118,118) (122,122,122) (124,124,124) (122,122,122) (126,126,126) (122,122,122) (129,129,129) (124,124,124) (110,110,110) (108,108,108) (110,110,110) (112,112,112) (104,104,104) (110,110,110) (108,108,108) (124,124,124) (120,120,120) (118,118,118) (122,122,122) (129,129,129) (124,124,124) (120,120,120) (124,124,124) (124,124,124) (124,124,124) (120,120,120) (114,114,114) (131,131,131) (129,129,129) (129,129,129) (122,122,122) (135,135,135) (135,135,135) (147,147,147) (133,133,133) (135,135,135) (149,149,149) (122,122,122) (141,141,141) (126,126,126) (151,151,151) (135,135,135) (139,139,139) (149,149,149) (141,141,141) (165,165,165) (149,149,149) (165,165,165) (173,173,173) (163,163,163) (179,179,179) (191,191,191) (177,177,177) (185,185,185) (191,191,191) (195,195,195) (187,187,187) (187,187,187) (191,191,191) (183,183,183) (169,169,169) (173,173,173) (167,167,167) (191,191,191) (199,199,199) (211,211,211) (213,213,213) (213,213,213) (209,209,209) (207,207,207) (205,205,205) (209,209,209) (205,205,205) (209,209,209) (209,209,209) (209,209,209) (213,213,213) (205,205,205) (209,209,209) (215,215,215) (215,215,215) (225,225,225) (221,221,221) (225,225,225) (201,201,201) (76,76,76) (80,80,80) (86,86,86) (92,92,92) (90,90,90) (92,92,92) (98,98,98) (100,100,100) (100,100,100) (102,102,102) (96,96,96) (98,98,98) (98,98,98) (98,98,98) (106,106,106) (112,112,112) (129,129,129) (137,137,137) (145,145,145) (149,149,149) (159,159,159) (157,157,157) (151,151,151) (151,151,151) (151,151,151) (155,155,155) (151,151,151) (149,149,149) (143,143,143) (139,139,139) (126,126,126) (104,104,104) (82,82,82) (58,58,58) (62,62,62) (78,78,78) (100,100,100) (118,118,118) (133,133,133) (139,139,139) (143,143,143) (147,147,147) (147,147,147) (151,151,151) (139,139,139) (149,149,149) (145,145,145) (145,145,145) (143,143,143) (143,143,143) (143,143,143) (141,141,141) (141,141,141) (143,143,143) (141,141,141) (147,147,147) (141,141,141) (147,147,147) (141,141,141) (149,149,149) (147,147,147) (155,155,155) (151,151,151) (153,153,153) (157,157,157) (141,141,141) (86,86,86) (42,42,42) (36,36,36) (42,42,42) (40,40,40) (40,40,40) (44,44,44) (46,46,46) (60,60,60) (52,52,52) (54,54,54) (56,56,56) (48,48,48) (54,54,54) (52,52,52) (46,46,46) (36,36,36) (44,44,44) (50,50,50) (56,56,56) (56,56,56) (50,50,50) (44,44,44) (42,42,42) (46,46,46) (50,50,50) (50,50,50) (60,60,60) (78,78,78) (80,80,80) (64,64,64) (60,60,60) (92,92,92) (118,118,118) (139,139,139) (151,151,151) (149,149,149) (151,151,151) (161,161,161) 
(149,149,149) (141,141,141) (124,124,124) (106,106,106) (82,82,82) (82,82,82) (90,90,90) (90,90,90) (92,92,92) (88,88,88) (82,82,82) (94,94,94) (108,108,108) (124,124,124) (133,133,133) (143,143,143) (151,151,151) (163,163,163) (165,165,165) (169,169,169) (165,165,165) (167,167,167) (163,163,163) (165,165,165) (165,165,165) (161,161,161) (159,159,159) (149,149,149) (137,137,137) (129,129,129) (116,116,116) (98,98,98) (82,82,82) (76,76,76) (80,80,80) (82,82,82) (88,88,88) (90,90,90) (92,92,92) (94,94,94) (98,98,98) (96,96,96) (102,102,102) (100,100,100) (94,94,94) (108,108,108) (106,106,106) (100,100,100) (100,100,100) (98,98,98) (100,100,100) (102,102,102) (108,108,108) (108,108,108) (110,110,110) (110,110,110) (110,110,110) (116,116,116) (112,112,112) (116,116,116) (110,110,110) (120,120,120) (118,118,118) (120,120,120) (120,120,120) (120,120,120) (122,122,122) (118,118,118) (126,126,126) (124,124,124) (124,124,124) (122,122,122) (126,126,126) (114,114,114) (106,106,106) (104,104,104) (108,108,108) (108,108,108) (114,114,114) (118,118,118) (112,112,112) (118,118,118) (108,108,108) (122,122,122) (124,124,124) (120,120,120) (124,124,124) (118,118,118) (122,122,122) (106,106,106) (124,124,124) (108,108,108) (120,120,120) (118,118,118) (129,129,129) (131,131,131) (139,139,139) (118,118,118) (145,145,145) (135,135,135) (141,141,141) (139,139,139) (135,135,135) (141,141,141) (129,129,129) (145,145,145) (143,143,143) (143,143,143) (145,145,145) (137,137,137) (149,149,149) (149,149,149) (159,159,159) (163,163,163) (165,165,165) (175,175,175) (173,173,173) (179,179,179) (181,181,181) (189,189,189) (173,173,173) (181,181,181) (191,191,191) (191,191,191) (169,169,169) (157,157,157) (165,165,165) (189,189,189) (201,201,201) (211,211,211) (211,211,211) (215,215,215) (209,209,209) (203,203,203) (203,203,203) (203,203,203) (207,207,207) (209,209,209) (209,209,209) (203,203,203) (209,209,209) (205,205,205) (213,213,213) (213,213,213) (203,203,203) (211,211,211) (215,215,215) (215,215,215) (223,223,223) (219,219,219) (217,217,217) (167,167,167) (68,68,68) (80,80,80) (84,84,84) (90,90,90) (94,94,94) (102,102,102) (98,98,98) (98,98,98) (94,94,94) (98,98,98) (94,94,94) (90,90,90) (100,100,100) (106,106,106) (116,116,116) (129,129,129) (137,137,137) (143,143,143) (149,149,149) (153,153,153) (157,157,157) (147,147,147) (153,153,153) (153,153,153) (153,153,153) (155,155,155) (149,149,149) (143,143,143) (141,141,141) (129,129,129) (108,108,108) (80,80,80) (60,60,60) (46,46,46) (56,56,56) (88,88,88) (112,112,112) (124,124,124) (131,131,131) (141,141,141) (151,151,151) (149,149,149) (147,147,147) (147,147,147) (143,143,143) (145,145,145) (147,147,147) (143,143,143) (143,143,143) (143,143,143) (145,145,145) (141,141,141) (145,145,145) (143,143,143) (147,147,147) (141,141,141) (139,139,139) (143,143,143) (143,143,143) (145,145,145) (147,147,147) (151,151,151) (159,159,159) (145,145,145) (114,114,114) (52,52,52) (48,48,48) (38,38,38) (42,42,42) (40,40,40) (40,40,40) (44,44,44) (46,46,46) (58,58,58) (52,52,52) (48,48,48) (54,54,54) (50,50,50) (58,58,58) (50,50,50) (46,46,46) (40,40,40) (56,56,56) (54,54,54) (52,52,52) (44,44,44) (44,44,44) (42,42,42) (48,48,48) (56,56,56) (70,70,70) (80,80,80) (66,66,66) (84,84,84) (66,66,66) (66,66,66) (90,90,90) (118,118,118) (141,141,141) (155,155,155) (149,149,149) (143,143,143) (145,145,145) (145,145,145) 
(143,143,143) (129,129,129) (114,114,114) (88,88,88) (78,78,78) (86,86,86) (88,88,88) (84,84,84) (88,88,88) (82,82,82) (88,88,88) (92,92,92) (106,106,106) (122,122,122) (141,141,141) (149,149,149) (149,149,149) (159,159,159) (165,165,165) (167,167,167) (167,167,167) (167,167,167) (165,165,165) (167,167,167) (165,165,165) (159,159,159) (155,155,155) (147,147,147) (139,139,139) (131,131,131) (112,112,112) (96,96,96) (84,84,84) (74,74,74) (76,76,76) (88,88,88) (86,86,86) (90,90,90) (96,96,96) (98,98,98) (96,96,96) (102,102,102) (96,96,96) (108,108,108) (98,98,98) (100,100,100) (102,102,102) (106,106,106) (100,100,100) (96,96,96) (98,98,98) (100,100,100) (106,106,106) (112,112,112) (110,110,110) (104,104,104) (118,118,118) (118,118,118) (112,112,112) (116,116,116) (118,118,118) (116,116,116) (122,122,122) (118,118,118) (120,120,120) (124,124,124) (126,126,126) (122,122,122) (120,120,120) (122,122,122) (133,133,133) (129,129,129) (108,108,108) (114,114,114) (102,102,102) (102,102,102) (114,114,114) (110,110,110) (114,114,114) (114,114,114) (108,108,108) (108,108,108) (116,116,116) (120,120,120) (118,118,118) (114,114,114) (114,114,114) (122,122,122) (114,114,114) (116,116,116) (112,112,112) (120,120,120) (122,122,122) (124,124,124) (133,133,133) (126,126,126) (133,133,133) (141,141,141) (133,133,133) (135,135,135) (124,124,124) (141,141,141) (145,145,145) (135,135,135) (145,145,145) (133,133,133) (139,139,139) (141,141,141) (149,149,149) (153,153,153) (131,131,131) (153,153,153) (151,151,151) (157,157,157) (169,169,169) (151,151,151) (171,171,171) (183,183,183) (177,177,177) (173,173,173) (183,183,183) (193,193,193) (163,163,163) (159,159,159) (155,155,155) (189,189,189) (199,199,199) (203,203,203) (215,215,215) (211,211,211) (207,207,207) (207,207,207) (207,207,207) (203,203,203) (203,203,203) (207,207,207) (209,209,209) (205,205,205) (207,207,207) (209,209,209) (201,201,201) (207,207,207) (205,205,205) (203,203,203) (213,213,213) (205,205,205) (211,211,211) (209,209,209) (215,215,215) (227,227,227) (221,221,221) (221,221,221) (153,153,153) (74,74,74) (76,76,76) (84,84,84) (86,86,86) (92,92,92) (94,94,94) (94,94,94) (94,94,94) (94,94,94) (98,98,98) (98,98,98) (94,94,94) (110,110,110) (116,116,116) (126,126,126) (137,137,137) (147,147,147) (151,151,151) (155,155,155) (155,155,155) (155,155,155) (155,155,155) (151,151,151) (149,149,149) (153,153,153) (149,149,149) (147,147,147) (133,133,133) (124,124,124) (108,108,108) (80,80,80) (64,64,64) (46,46,46) (52,52,52) (70,70,70) (96,96,96) (116,116,116) (129,129,129) (137,137,137) (143,143,143) (147,147,147) (151,151,151) (145,145,145) (145,145,145) (147,147,147) (143,143,143) (145,145,145) (143,143,143) (141,141,141) (143,143,143) (143,143,143) (143,143,143) (147,147,147) (147,147,147) (145,145,145) (139,139,139) (149,149,149) (145,145,145) (147,147,147) (149,149,149) (155,155,155) (153,153,153) (137,137,137) (56,56,56) (52,52,52) (38,38,38) (38,38,38) (40,40,40) (46,46,46) (48,48,48) (52,52,52) (60,60,60) (50,50,50) (56,56,56) (60,60,60) (54,54,54) (50,50,50) (46,46,46) (48,48,48) (42,42,42) (52,52,52) (62,62,62) (58,58,58) (50,50,50) (44,44,44) (50,50,50) (50,50,50) (62,62,62) (58,58,58) (60,60,60) (64,64,64) (66,66,66) (80,80,80) (74,74,74) (86,86,86) (114,114,114) (137,137,137) (149,149,149) (151,151,151) (149,149,149) (141,141,141) (137,137,137) (143,143,143) 
(135,135,135) (118,118,118) (98,98,98) (82,82,82) (82,82,82) (92,92,92) (94,94,94) (88,88,88) (90,90,90) (86,86,86) (88,88,88) (86,86,86) (102,102,102) (116,116,116) (133,133,133) (143,143,143) (153,153,153) (159,159,159) (163,163,163) (165,165,165) (169,169,169) (165,165,165) (167,167,167) (163,163,163) (161,161,161) (165,165,165) (157,157,157) (151,151,151) (141,141,141) (129,129,129) (114,114,114) (96,96,96) (78,78,78) (72,72,72) (78,78,78) (86,86,86) (92,92,92) (96,96,96) (98,98,98) (98,98,98) (96,96,96) (100,100,100) (96,96,96) (104,104,104) (96,96,96) (100,100,100) (104,104,104) (94,94,94) (100,100,100) (102,102,102) (98,98,98) (108,108,108) (106,106,106) (106,106,106) (110,110,110) (106,106,106) (114,114,114) (112,112,112) (122,122,122) (118,118,118) (114,114,114) (120,120,120) (118,118,118) (120,120,120) (120,120,120) (122,122,122) (114,114,114) (124,124,124) (124,124,124) (126,126,126) (131,131,131) (110,110,110) (108,108,108) (106,106,106) (106,106,106) (110,110,110) (114,114,114) (108,108,108) (114,114,114) (112,112,112) (116,116,116) (124,124,124) (118,118,118) (114,114,114) (116,116,116) (122,122,122) (120,120,120) (120,120,120) (102,102,102) (120,120,120) (120,120,120) (129,129,129) (120,120,120) (133,133,133) (122,122,122) (122,122,122) (133,133,133) (139,139,139) (141,141,141) (126,126,126) (141,141,141) (137,137,137) (137,137,137) (137,137,137) (141,141,141) (147,147,147) (141,141,141) (145,145,145) (149,149,149) (143,143,143) (153,153,153) (139,139,139) (151,151,151) (169,169,169) (151,151,151) (167,167,167) (185,185,185) (173,173,173) (183,183,183) (175,175,175) (191,191,191) (159,159,159) (145,145,145) (175,175,175) (197,197,197) (201,201,201) (209,209,209) (205,205,205) (211,211,211) (203,203,203) (201,201,201) (205,205,205) (203,203,203) (209,209,209) (207,207,207) (199,199,199) (207,207,207) (211,211,211) (205,205,205) (207,207,207) (205,205,205) (201,201,201) (207,207,207) (203,203,203) (205,205,205) (215,215,215) (213,213,213) (211,211,211) (219,219,219) (227,227,227) (227,227,227) (219,219,219) (215,215,215) (88,88,88) (74,74,74) (78,78,78) (84,84,84) (86,86,86) (88,88,88) (90,90,90) (92,92,92) (94,94,94) (94,94,94) (86,86,86) (100,100,100) (104,104,104) (118,118,118) (129,129,129) (133,133,133) (143,143,143) (151,151,151) (155,155,155) (155,155,155) (159,159,159) (155,155,155) (153,153,153) (153,153,153) (153,153,153) (155,155,155) (147,147,147) (145,145,145) (133,133,133) (114,114,114) (90,90,90) (56,56,56) (40,40,40) (48,48,48) (60,60,60) (84,84,84) (108,108,108) (116,116,116) (133,133,133) (141,141,141) (147,147,147) (151,151,151) (149,149,149) (143,143,143) (143,143,143) (147,147,147) (141,141,141) (141,141,141) (141,141,141) (143,143,143) (143,143,143) (145,145,145) (141,141,141) (145,145,145) (147,147,147) (145,145,145) (147,147,147) (149,149,149) (151,151,151) (153,153,153) (153,153,153) (135,135,135) (66,66,66) (40,40,40) (48,48,48) (86,86,86) (62,62,62) (58,58,58) (42,42,42) (50,50,50) (52,52,52) (54,54,54) (50,50,50) (48,48,48) (54,54,54) (58,58,58) (48,48,48) (44,44,44) (44,44,44) (48,48,48) (54,54,54) (58,58,58) (54,54,54) (44,44,44) (44,44,44) (56,56,56) (48,48,48) (56,56,56) (56,56,56) (66,66,66) (74,74,74) (74,74,74) (66,66,66) (92,92,92) (112,112,112) (133,133,133) (145,145,145) (147,147,147) (155,155,155) (151,151,151) (129,129,129) (135,135,135) (155,155,155) 
(122,122,122) (106,106,106) (88,88,88) (84,84,84) (82,82,82) (90,90,90) (96,96,96) (86,86,86) (92,92,92) (88,88,88) (88,88,88) (86,86,86) (100,100,100) (124,124,124) (131,131,131) (147,147,147) (155,155,155) (161,161,161) (161,161,161) (163,163,163) (169,169,169) (169,169,169) (161,161,161) (161,161,161) (163,163,163) (163,163,163) (157,157,157) (151,151,151) (139,139,139) (120,120,120) (110,110,110) (96,96,96) (84,84,84) (72,72,72) (80,80,80) (88,88,88) (90,90,90) (96,96,96) (94,94,94) (100,100,100) (98,98,98) (90,90,90) (94,94,94) (100,100,100) (96,96,96) (100,100,100) (100,100,100) (98,98,98) (98,98,98) (100,100,100) (102,102,102) (108,108,108) (104,104,104) (106,106,106) (110,110,110) (112,112,112) (116,116,116) (120,120,120) (116,116,116) (116,116,116) (116,116,116) (118,118,118) (120,120,120) (122,122,122) (118,118,118) (122,122,122) (118,118,118) (120,120,120) (124,124,124) (131,131,131) (116,116,116) (110,110,110) (106,106,106) (108,108,108) (110,110,110) (108,108,108) (110,110,110) (120,120,120) (112,112,112) (118,118,118) (118,118,118) (116,116,116) (122,122,122) (122,122,122) (116,116,116) (114,114,114) (118,118,118) (104,104,104) (116,116,116) (112,112,112) (126,126,126) (131,131,131) (135,135,135) (120,120,120) (133,133,133) (129,129,129) (141,141,141) (145,145,145) (141,141,141) (145,145,145) (139,139,139) (145,145,145) (147,147,147) (137,137,137) (151,151,151) (141,141,141) (147,147,147) (137,137,137) (135,135,135) (143,143,143) (139,139,139) (151,151,151) (137,137,137) (161,161,161) (171,171,171) (165,165,165) (167,167,167) (173,173,173) (177,177,177) (155,155,155) (151,151,151) (147,147,147) (201,201,201) (205,205,205) (207,207,207) (205,205,205) (199,199,199) (205,205,205) (197,197,197) (199,199,199) (211,211,211) (211,211,211) (213,213,213) (207,207,207) (201,201,201) (201,201,201) (197,197,197) (197,197,197) (201,201,201) (199,199,199) (201,201,201) (205,205,205) (209,209,209) (215,215,215) (209,209,209) (215,215,215) (211,211,211) (215,215,215) (217,217,217) (223,223,223) (227,227,227) (225,225,225) (223,223,223) (203,203,203) (60,60,60) (74,74,74) (78,78,78) (76,76,76) (84,84,84) (84,84,84) (84,84,84) (94,94,94) (90,90,90) (90,90,90) (96,96,96) (104,104,104) (118,118,118) (126,126,126) (141,141,141) (143,143,143) (151,151,151) (155,155,155) (155,155,155) (151,151,151) (155,155,155) (151,151,151) (155,155,155) (153,153,153) (155,155,155) (145,145,145) (139,139,139) (133,133,133) (122,122,122) (94,94,94) (52,52,52) (40,40,40) (44,44,44) (56,56,56) (84,84,84) (96,96,96) (106,106,106) (124,124,124) (139,139,139) (143,143,143) (147,147,147) (149,149,149) (147,147,147) (143,143,143) (145,145,145) (145,145,145) (141,141,141) (145,145,145) (139,139,139) (143,143,143) (147,147,147) (143,143,143) (145,145,145) (147,147,147) (143,143,143) (145,145,145) (151,151,151) (149,149,149) (159,159,159) (153,153,153) (100,100,100) (38,38,38) (48,48,48) (42,42,42) (38,38,38) (44,44,44) (42,42,42) (48,48,48) (54,54,54) (50,50,50) (52,52,52) (52,52,52) (50,50,50) (52,52,52) (48,48,48) (46,46,46) (46,46,46) (48,48,48) (52,52,52) (60,60,60) (66,66,66) (46,46,46) (50,50,50) (58,58,58) (52,52,52) (48,48,48) (46,46,46) (66,66,66) (66,66,66) (74,74,74) (80,80,80) (86,86,86) (112,112,112) (133,133,133) (141,141,141) (149,149,149) (149,149,149) (153,153,153) (137,137,137) (139,139,139) (157,157,157) (163,163,163) 
(116,116,116) (94,94,94) (86,86,86) (88,88,88) (88,88,88) (94,94,94) (92,92,92) (90,90,90) (88,88,88) (86,86,86) (86,86,86) (88,88,88) (98,98,98) (122,122,122) (137,137,137) (147,147,147) (151,151,151) (157,157,157) (165,165,165) (163,163,163) (169,169,169) (169,169,169) (169,169,169) (167,167,167) (165,165,165) (161,161,161) (157,157,157) (149,149,149) (141,141,141) (126,126,126) (112,112,112) (96,96,96) (82,82,82) (70,70,70) (76,76,76) (86,86,86) (88,88,88) (94,94,94) (96,96,96) (96,96,96) (98,98,98) (96,96,96) (96,96,96) (102,102,102) (98,98,98) (102,102,102) (98,98,98) (106,106,106) (102,102,102) (100,100,100) (102,102,102) (108,108,108) (100,100,100) (104,104,104) (106,106,106) (114,114,114) (108,108,108) (116,116,116) (120,120,120) (118,118,118) (114,114,114) (116,116,116) (118,118,118) (114,114,114) (116,116,116) (120,120,120) (124,124,124) (129,129,129) (126,126,126) (118,118,118) (114,114,114) (114,114,114) (108,108,108) (108,108,108) (116,116,116) (112,112,112) (114,114,114) (110,110,110) (110,110,110) (118,118,118) (118,118,118) (118,118,118) (120,120,120) (112,112,112) (108,108,108) (108,108,108) (104,104,104) (112,112,112) (126,126,126) (120,120,120) (118,118,118) (124,124,124) (133,133,133) (133,133,133) (124,124,124) (131,131,131) (129,129,129) (139,139,139) (135,135,135) (133,133,133) (151,151,151) (139,139,139) (147,147,147) (149,149,149) (147,147,147) (147,147,147) (124,124,124) (145,145,145) (141,141,141) (133,133,133) (151,151,151) (145,145,145) (155,155,155) (167,167,167) (153,153,153) (181,181,181) (181,181,181) (141,141,141) (157,157,157) (135,135,135) (185,185,185) (189,189,189) (209,209,209) (205,205,205) (205,205,205) (205,205,205) (201,201,201) (193,193,193) (205,205,205) (205,205,205) (215,215,215) (205,205,205) (201,201,201) (203,203,203) (195,195,195) (201,201,201) (193,193,193) (193,193,193) (195,195,195) (211,211,211) (199,199,199) (205,205,205) (211,211,211) (213,213,213) (211,211,211) (207,207,207) (207,207,207) (207,207,207) (209,209,209) (213,213,213) (215,215,215) (221,221,221) (219,219,219) (223,223,223) (122,122,122) (82,82,82) (78,78,78) (72,72,72) (80,80,80) (78,78,78) (84,84,84) (86,86,86) (88,88,88) (90,90,90) (96,96,96) (104,104,104) (120,120,120) (126,126,126) (139,139,139) (145,145,145) (151,151,151) (155,155,155) (155,155,155) (153,153,153) (155,155,155) (151,151,151) (151,151,151) (155,155,155) (151,151,151) (145,145,145) (145,145,145) (129,129,129) (110,110,110) (86,86,86) (62,62,62) (38,38,38) (44,44,44) (48,48,48) (68,68,68) (100,100,100) (102,102,102) (120,120,120) (135,135,135) (135,135,135) (143,143,143) (145,145,145) (149,149,149) (143,143,143) (143,143,143) (145,145,145) (141,141,141) (143,143,143) (141,141,141) (141,141,141) (145,145,145) (141,141,141) (143,143,143) (149,149,149) (145,145,145) (149,149,149) (149,149,149) (153,153,153) (155,155,155) (129,129,129) (58,58,58) (40,40,40) (38,38,38) (40,40,40) (42,42,42) (44,44,44) (50,50,50) (50,50,50) (58,58,58) (52,52,52) (54,54,54) (50,50,50) (54,54,54) (52,52,52) (38,38,38) (40,40,40) (40,40,40) (48,48,48) (60,60,60) (58,58,58) (48,48,48) (44,44,44) (52,52,52) (48,48,48) (50,50,50) (48,48,48) (52,52,52) (54,54,54) (64,64,64) (74,74,74) (90,90,90) (114,114,114) (131,131,131) (143,143,143) (149,149,149) (147,147,147) (145,145,145) (145,145,145) (137,137,137) (153,153,153) (163,163,163) (163,163,163) 
(98,98,98) (84,84,84) (86,86,86) (82,82,82) (88,88,88) (94,94,94) (90,90,90) (90,90,90) (92,92,92) (86,86,86) (82,82,82) (92,92,92) (100,100,100) (122,122,122) (133,133,133) (139,139,139) (151,151,151) (159,159,159) (161,161,161) (163,163,163) (169,169,169) (167,167,167) (167,167,167) (163,163,163) (163,163,163) (163,163,163) (159,159,159) (153,153,153) (139,139,139) (131,131,131) (110,110,110) (96,96,96) (80,80,80) (74,74,74) (80,80,80) (82,82,82) (92,92,92) (94,94,94) (98,98,98) (100,100,100) (100,100,100) (102,102,102) (104,104,104) (100,100,100) (98,98,98) (94,94,94) (104,104,104) (98,98,98) (100,100,100) (104,104,104) (106,106,106) (102,102,102) (104,104,104) (108,108,108) (106,106,106) (110,110,110) (112,112,112) (114,114,114) (122,122,122) (114,114,114) (114,114,114) (120,120,120) (118,118,118) (118,118,118) (118,118,118) (120,120,120) (118,118,118) (126,126,126) (135,135,135) (114,114,114) (122,122,122) (110,110,110) (110,110,110) (122,122,122) (104,104,104) (112,112,112) (114,114,114) (106,106,106) (120,120,120) (116,116,116) (116,116,116) (120,120,120) (104,104,104) (114,114,114) (108,108,108) (122,122,122) (122,122,122) (122,122,122) (116,116,116) (120,120,120) (124,124,124) (129,129,129) (122,122,122) (131,131,131) (135,135,135) (126,126,126) (141,141,141) (129,129,129) (135,135,135) (139,139,139) (124,124,124) (153,153,153) (139,139,139) (147,147,147) (145,145,145) (129,129,129) (155,155,155) (143,143,143) (139,139,139) (147,147,147) (137,137,137) (157,157,157) (147,147,147) (165,165,165) (169,169,169) (169,169,169) (155,155,155) (129,129,129) (147,147,147) (199,199,199) (187,187,187) (205,205,205) (201,201,201) (199,199,199) (201,201,201) (203,203,203) (203,203,203) (205,205,205) (201,201,201) (207,207,207) (193,193,193) (201,201,201) (197,197,197) (187,187,187) (197,197,197) (197,197,197) (211,211,211) (201,201,201) (197,197,197) (211,211,211) (199,199,199) (197,197,197) (197,197,197) (197,197,197) (201,201,201) (205,205,205) (207,207,207) (211,211,211) (211,211,211) (211,211,211) (213,213,213) (213,213,213) (217,217,217) (223,223,223) (221,221,221) (191,191,191) (120,120,120) (82,82,82) (70,70,70) (74,74,74) (76,76,76) (84,84,84) (90,90,90) (86,86,86) (96,96,96) (104,104,104) (124,124,124) (129,129,129) (139,139,139) (147,147,147) (151,151,151) (153,153,153) (157,157,157) (153,153,153) (155,155,155) (155,155,155) (153,153,153) (155,155,155) (151,151,151) (149,149,149) (143,143,143) (129,129,129) (116,116,116) (86,86,86) (58,58,58) (44,44,44) (34,34,34) (56,56,56) (62,62,62) (88,88,88) (92,92,92) (110,110,110) (129,129,129) (131,131,131) (143,143,143) (147,147,147) (151,151,151) (149,149,149) (145,145,145) (145,145,145) (143,143,143) (143,143,143) (141,141,141) (145,145,145) (145,145,145) (147,147,147) (147,147,147) (145,145,145) (143,143,143) (153,153,153) (155,155,155) (153,153,153) (139,139,139) (94,94,94) (40,40,40) (44,44,44) (36,36,36) (38,38,38) (38,38,38) (44,44,44) (56,56,56) (58,58,58) (56,56,56) (60,60,60) (44,44,44) (52,52,52) (48,48,48) (44,44,44) (50,50,50) (40,40,40) (50,50,50) (62,62,62) (54,54,54) (48,48,48) (44,44,44) (46,46,46) (52,52,52) (54,54,54) (58,58,58) (60,60,60) (64,64,64) (64,64,64) (62,62,62) (82,82,82) (106,106,106) (129,129,129) (141,141,141) (147,147,147) (151,151,151) (149,149,149) (135,135,135) (141,141,141) (155,155,155) (159,159,159) (163,163,163) (165,165,165) 
(90,90,90) (82,82,82) (90,90,90) (88,88,88) (88,88,88) (94,94,94) (96,96,96) (90,90,90) (96,96,96) (90,90,90) (86,86,86) (86,86,86) (106,106,106) (120,120,120) (129,129,129) (141,141,141) (147,147,147) (157,157,157) (159,159,159) (167,167,167) (167,167,167) (163,163,163) (163,163,163) (161,161,161) (163,163,163) (159,159,159) (159,159,159) (149,149,149) (137,137,137) (126,126,126) (112,112,112) (96,96,96) (82,82,82) (72,72,72) (74,74,74) (76,76,76) (94,94,94) (92,92,92) (94,94,94) (92,92,92) (94,94,94) (98,98,98) (96,96,96) (104,104,104) (96,96,96) (96,96,96) (98,98,98) (98,98,98) (100,100,100) (96,96,96) (98,98,98) (104,104,104) (104,104,104) (106,106,106) (108,108,108) (108,108,108) (114,114,114) (118,118,118) (114,114,114) (114,114,114) (112,112,112) (110,110,110) (116,116,116) (118,118,118) (126,126,126) (120,120,120) (126,126,126) (135,135,135) (118,118,118) (110,110,110) (114,114,114) (108,108,108) (114,114,114) (116,116,116) (112,112,112) (110,110,110) (108,108,108) (112,112,112) (116,116,116) (116,116,116) (122,122,122) (118,118,118) (114,114,114) (120,120,120) (120,120,120) (120,120,120) (118,118,118) (118,118,118) (120,120,120) (122,122,122) (137,137,137) (120,120,120) (133,133,133) (120,120,120) (131,131,131) (143,143,143) (145,145,145) (135,135,135) (147,147,147) (131,131,131) (145,145,145) (139,139,139) (143,143,143) (143,143,143) (129,129,129) (143,143,143) (129,129,129) (135,135,135) (135,135,135) (139,139,139) (145,145,145) (135,135,135) (153,153,153) (169,169,169) (159,159,159) (159,159,159) (122,122,122) (165,165,165) (191,191,191) (187,187,187) (197,197,197) (193,193,193) (203,203,203) (201,201,201) (193,193,193) (207,207,207) (209,209,209) (207,207,207) (197,197,197) (195,195,195) (207,207,207) (201,201,201) (189,189,189) (205,205,205) (191,191,191) (199,199,199) (209,209,209) (199,199,199) (193,193,193) (201,201,201) (197,197,197) (207,207,207) (203,203,203) (205,205,205) (203,203,203) (209,209,209) (211,211,211) (207,207,207) (211,211,211) (213,213,213) (211,211,211) (213,213,213) (213,213,213) (219,219,219) (221,221,221) (225,225,225) (227,227,227) (147,147,147) (70,70,70) (78,78,78) (70,70,70) (82,82,82) (84,84,84) (82,82,82) (98,98,98) (104,104,104) (118,118,118) (126,126,126) (141,141,141) (147,147,147) (149,149,149) (153,153,153) (157,157,157) (151,151,151) (155,155,155) (155,155,155) (151,151,151) (153,153,153) (155,155,155) (151,151,151) (141,141,141) (129,129,129) (112,112,112) (88,88,88) (58,58,58) (46,46,46) (44,44,44) (42,42,42) (44,44,44) (50,50,50) (88,88,88) (98,98,98) (118,118,118) (126,126,126) (137,137,137) (143,143,143) (151,151,151) (147,147,147) (145,145,145) (141,141,141) (145,145,145) (139,139,139) (141,141,141) (141,141,141) (141,141,141) (145,145,145) (143,143,143) (145,145,145) (151,151,151) (155,155,155) (155,155,155) (147,147,147) (108,108,108) (56,56,56) (46,46,46) (36,36,36) (36,36,36) (40,40,40) (44,44,44) (44,44,44) (50,50,50) (58,58,58) (54,54,54) (58,58,58) (54,54,54) (54,54,54) (48,48,48) (42,42,42) (36,36,36) (44,44,44) (50,50,50) (62,62,62) (52,52,52) (42,42,42) (44,44,44) (48,48,48) (52,52,52) (52,52,52) (46,46,46) (54,54,54) (64,64,64) (68,68,68) (66,66,66) (98,98,98) (129,129,129) (145,145,145) (145,145,145) (147,147,147) (149,149,149) (147,147,147) (135,135,135) (155,155,155) (163,163,163) (161,161,161) (165,165,165) (165,165,165) 
(90,90,90) (84,84,84) (90,90,90) (88,88,88) (90,90,90) (90,90,90) (90,90,90) (92,92,92) (88,88,88) (86,86,86) (88,88,88) (90,90,90) (100,100,100) (116,116,116) (131,131,131) (147,147,147) (151,151,151) (159,159,159) (163,163,163) (165,165,165) (165,165,165) (163,163,163) (165,165,165) (165,165,165) (159,159,159) (163,163,163) (157,157,157) (149,149,149) (141,141,141) (124,124,124) (114,114,114) (98,98,98) (82,82,82) (74,74,74) (72,72,72) (86,86,86) (88,88,88) (90,90,90) (92,92,92) (94,94,94) (100,100,100) (100,100,100) (98,98,98) (96,96,96) (102,102,102) (100,100,100) (100,100,100) (104,104,104) (102,102,102) (108,108,108) (100,100,100) (100,100,100) (104,104,104) (106,106,106) (110,110,110) (110,110,110) (112,112,112) (114,114,114) (114,114,114) (116,116,116) (118,118,118) (118,118,118) (116,116,116) (120,120,120) (116,116,116) (118,118,118) (120,120,120) (139,139,139) (114,114,114) (106,106,106) (106,106,106) (104,104,104) (110,110,110) (120,120,120) (112,112,112) (118,118,118) (112,112,112) (110,110,110) (108,108,108) (110,110,110) (116,116,116) (112,112,112) (112,112,112) (116,116,116) (122,122,122) (110,110,110) (124,124,124) (112,112,112) (137,137,137) (135,135,135) (126,126,126) (129,129,129) (122,122,122) (131,131,131) (131,131,131) (131,131,131) (143,143,143) (143,143,143) (131,131,131) (137,137,137) (135,135,135) (149,149,149) (141,141,141) (141,141,141) (137,137,137) (126,126,126) (141,141,141) (135,135,135) (137,137,137) (143,143,143) (141,141,141) (149,149,149) (145,145,145) (157,157,157) (139,139,139) (122,122,122) (179,179,179) (197,197,197) (199,199,199) (191,191,191) (189,189,189) (195,195,195) (193,193,193) (207,207,207) (197,197,197) (197,197,197) (201,201,201) (199,199,199) (197,197,197) (197,197,197) (193,193,193) (205,205,205) (195,195,195) (209,209,209) (185,185,185) (197,197,197) (193,193,193) (203,203,203) (207,207,207) (203,203,203) (205,205,205) (205,205,205) (207,207,207) (207,207,207) (205,205,205) (207,207,207) (209,209,209) (209,209,209) (207,207,207) (211,211,211) (211,211,211) (211,211,211) (215,215,215) (215,215,215) (217,217,217) (223,223,223) (225,225,225) (225,225,225) (155,155,155) (78,78,78) (70,70,70) (72,72,72) (78,78,78) (78,78,78) (86,86,86) (102,102,102) (116,116,116) (124,124,124) (137,137,137) (147,147,147) (151,151,151) (153,153,153) (155,155,155) (153,153,153) (153,153,153) (151,151,151) (151,151,151) (151,151,151) (151,151,151) (153,153,153) (137,137,137) (131,131,131) (114,114,114) (88,88,88) (64,64,64) (60,60,60) (50,50,50) (40,40,40) (42,42,42) (52,52,52) (60,60,60) (86,86,86) (104,104,104) (124,124,124) (133,133,133) (137,137,137) (149,149,149) (147,147,147) (143,143,143) (147,147,147) (141,141,141) (137,137,137) (139,139,139) (145,145,145) (141,141,141) (145,145,145) (147,147,147) (149,149,149) (149,149,149) (149,149,149) (151,151,151) (129,129,129) (58,58,58) (36,36,36) (38,38,38) (40,40,40) (36,36,36) (44,44,44) (46,46,46) (46,46,46) (54,54,54) (58,58,58) (56,56,56) (56,56,56) (52,52,52) (54,54,54) (52,52,52) (44,44,44) (44,44,44) (48,48,48) (56,56,56) (54,54,54) (44,44,44) (50,50,50) (48,48,48) (46,46,46) (52,52,52) (52,52,52) (58,58,58) (58,58,58) (58,58,58) (60,60,60) (92,92,92) (124,124,124) (139,139,139) (145,145,145) (143,143,143) (147,147,147) (151,151,151) (139,139,139) (149,149,149) (163,163,163) (163,163,163) (163,163,163) (165,165,165) (163,163,163) 
(90,90,90) (88,88,88) (94,94,94) (94,94,94) (92,92,92) (88,88,88) (90,90,90) (90,90,90) (88,88,88) (88,88,88) (90,90,90) (92,92,92) (102,102,102) (114,114,114) (133,133,133) (145,145,145) (149,149,149) (157,157,157) (165,165,165) (163,163,163) (165,165,165) (165,165,165) (169,169,169) (163,163,163) (163,163,163) (163,163,163) (157,157,157) (147,147,147) (139,139,139) (126,126,126) (110,110,110) (98,98,98) (86,86,86) (72,72,72) (76,76,76) (80,80,80) (82,82,82) (92,92,92) (96,96,96) (94,94,94) (100,100,100) (100,100,100) (98,98,98) (102,102,102) (102,102,102) (102,102,102) (98,98,98) (98,98,98) (102,102,102) (104,104,104) (100,100,100) (100,100,100) (106,106,106) (106,106,106) (114,114,114) (110,110,110) (114,114,114) (114,114,114) (116,116,116) (114,114,114) (120,120,120) (122,122,122) (116,116,116) (114,114,114) (118,118,118) (120,120,120) (145,145,145) (118,118,118) (106,106,106) (114,114,114) (106,106,106) (100,100,100) (108,108,108) (118,118,118) (118,118,118) (110,110,110) (120,120,120) (110,110,110) (116,116,116) (118,118,118) (104,104,104) (112,112,112) (118,118,118) (114,114,114) (120,120,120) (112,112,112) (118,118,118) (129,129,129) (129,129,129) (133,133,133) (126,126,126) (122,122,122) (139,139,139) (143,143,143) (147,147,147) (143,143,143) (137,137,137) (139,139,139) (149,149,149) (129,129,129) (147,147,147) (124,124,124) (141,141,141) (141,141,141) (129,129,129) (141,141,141) (124,124,124) (135,135,135) (143,143,143) (143,143,143) (143,143,143) (116,116,116) (143,143,143) (122,122,122) (145,145,145) (193,193,193) (191,191,191) (195,195,195) (199,199,199) (199,199,199) (193,193,193) (205,205,205) (195,195,195) (187,187,187) (195,195,195) (193,193,193) (191,191,191) (191,191,191) (197,197,197) (197,197,197) (199,199,199) (199,199,199) (193,193,193) (195,195,195) (201,201,201) (207,207,207) (209,209,209) (193,193,193) (203,203,203) (211,211,211) (207,207,207) (205,205,205) (205,205,205) (209,209,209) (209,209,209) (205,205,205) (203,203,203) (207,207,207) (207,207,207) (211,211,211) (207,207,207) (201,201,201) (213,213,213) (211,211,211) (209,209,209) (211,211,211) (213,213,213) (227,227,227) (221,221,221) (112,112,112) (60,60,60) (60,60,60) (70,70,70) (76,76,76) (88,88,88) (102,102,102) (118,118,118) (131,131,131) (137,137,137) (143,143,143) (151,151,151) (161,161,161) (151,151,151) (151,151,151) (157,157,157) (153,153,153) (151,151,151) (153,153,153) (155,155,155) (145,145,145) (139,139,139) (129,129,129) (112,112,112) (92,92,92) (66,66,66) (44,44,44) (50,50,50) (42,42,42) (40,40,40) (48,48,48) (52,52,52) (78,78,78) (92,92,92) (110,110,110) (129,129,129) (137,137,137) (143,143,143) (147,147,147) (143,143,143) (147,147,147) (141,141,141) (141,141,141) (141,141,141) (139,139,139) (141,141,141) (147,147,147) (145,145,145) (147,147,147) (153,153,153) (157,157,157) (143,143,143) (86,86,86) (42,42,42) (42,42,42) (46,46,46) (42,42,42) (42,42,42) (44,44,44) (44,44,44) (52,52,52) (54,54,54) (50,50,50) (54,54,54) (54,54,54) (58,58,58) (50,50,50) (44,44,44) (42,42,42) (48,48,48) (56,56,56) (50,50,50) (48,48,48) (46,46,46) (50,50,50) (54,54,54) (52,52,52) (52,52,52) (50,50,50) (54,54,54) (56,56,56) (62,62,62) (80,80,80) (126,126,126) (139,139,139) (145,145,145) (143,143,143) (143,143,143) (145,145,145) (139,139,139) (145,145,145) (161,161,161) (163,163,163) (165,165,165) (165,165,165) (165,165,165) (161,161,161) 
(84,84,84) (84,84,84) (94,94,94) (94,94,94) (90,90,90) (94,94,94) (92,92,92) (88,88,88) (90,90,90) (90,90,90) (86,86,86) (94,94,94) (100,100,100) (126,126,126) (131,131,131) (143,143,143) (147,147,147) (159,159,159) (163,163,163) (165,165,165) (165,165,165) (161,161,161) (163,163,163) (161,161,161) (161,161,161) (159,159,159) (157,157,157) (151,151,151) (141,141,141) (129,129,129) (110,110,110) (92,92,92) (90,90,90) (76,76,76) (72,72,72) (82,82,82) (92,92,92) (92,92,92) (90,90,90) (94,94,94) (96,96,96) (92,92,92) (94,94,94) (100,100,100) (106,106,106) (100,100,100) (96,96,96) (98,98,98) (98,98,98) (100,100,100) (100,100,100) (102,102,102) (102,102,102) (106,106,106) (110,110,110) (108,108,108) (110,110,110) (114,114,114) (116,116,116) (116,116,116) (120,120,120) (122,122,122) (116,116,116) (112,112,112) (114,114,114) (135,135,135) (157,157,157) (114,114,114) (100,100,100) (108,108,108) (102,102,102) (106,106,106) (98,98,98) (112,112,112) (114,114,114) (116,116,116) (120,120,120) (106,106,106) (110,110,110) (114,114,114) (114,114,114) (120,120,120) (108,108,108) (118,118,118) (118,118,118) (124,124,124) (118,118,118) (126,126,126) (131,131,131) (124,124,124) (143,143,143) (137,137,137) (135,135,135) (151,151,151) (141,141,141) (141,141,141) (141,141,141) (133,133,133) (141,141,141) (143,143,143) (137,137,137) (147,147,147) (141,141,141) (129,129,129) (137,137,137) (131,131,131) (139,139,139) (120,120,120) (139,139,139) (141,141,141) (129,129,129) (131,131,131) (124,124,124) (183,183,183) (179,179,179) (179,179,179) (195,195,195) (193,193,193) (201,201,201) (197,197,197) (199,199,199) (183,183,183) (197,197,197) (193,193,193) (185,185,185) (191,191,191) (195,195,195) (191,191,191) (199,199,199) (191,191,191) (187,187,187) (199,199,199) (205,205,205) (207,207,207) (205,205,205) (195,195,195) (209,209,209) (207,207,207) (197,197,197) (207,207,207) (205,205,205) (211,211,211) (205,205,205) (203,203,203) (203,203,203) (207,207,207) (203,203,203) (211,211,211) (211,211,211) (213,213,213) (209,209,209) (207,207,207) (211,211,211) (215,215,215) (215,215,215) (215,215,215) (211,211,211) (219,219,219) (219,219,219) (229,229,229) (76,76,76) (56,56,56) (66,66,66) (76,76,76) (86,86,86) (94,94,94) (114,114,114) (126,126,126) (133,133,133) (145,145,145) (153,153,153) (149,149,149) (157,157,157) (151,151,151) (151,151,151) (155,155,155) (153,153,153) (153,153,153) (155,155,155) (147,147,147) (141,141,141) (131,131,131) (118,118,118) (94,94,94) (66,66,66) (44,44,44) (46,46,46) (44,44,44) (42,42,42) (42,42,42) (44,44,44) (54,54,54) (74,74,74) (100,100,100) (124,124,124) (129,129,129) (141,141,141) (141,141,141) (147,147,147) (143,143,143) (143,143,143) (139,139,139) (133,133,133) (139,139,139) (141,141,141) (149,149,149) (147,147,147) (149,149,149) (155,155,155) (145,145,145) (120,120,120) (40,40,40) (42,42,42) (44,44,44) (42,42,42) (42,42,42) (52,52,52) (48,48,48) (48,48,48) (52,52,52) (52,52,52) (54,54,54) (52,52,52) (58,58,58) (54,54,54) (52,52,52) (46,46,46) (44,44,44) (60,60,60) (60,60,60) (48,48,48) (44,44,44) (40,40,40) (52,52,52) (50,50,50) (50,50,50) (54,54,54) (48,48,48) (52,52,52) (58,58,58) (72,72,72) (122,122,122) (141,141,141) (151,151,151) (145,145,145) (139,139,139) (141,141,141) (135,135,135) (145,145,145) (153,153,153) (161,161,161) (167,167,167) (161,161,161) (165,165,165) (163,163,163) (163,163,163) 
(88,88,88) (84,84,84) (96,96,96) (98,98,98) (92,92,92) (92,92,92) (92,92,92) (94,94,94) (94,94,94) (90,90,90) (92,92,92) (88,88,88) (104,104,104) (118,118,118) (131,131,131) (143,143,143) (149,149,149) (153,153,153) (159,159,159) (165,165,165) (163,163,163) (161,161,161) (161,161,161) (161,161,161) (161,161,161) (163,163,163) (155,155,155) (149,149,149) (141,141,141) (129,129,129) (112,112,112) (96,96,96) (84,84,84) (76,76,76) (74,74,74) (84,84,84) (86,86,86) (92,92,92) (92,92,92) (94,94,94) (98,98,98) (94,94,94) (92,92,92) (106,106,106) (104,104,104) (102,102,102) (102,102,102) (96,96,96) (96,96,96) (104,104,104) (102,102,102) (102,102,102) (104,104,104) (104,104,104) (108,108,108) (112,112,112) (110,110,110) (112,112,112) (114,114,114) (120,120,120) (112,112,112) (114,114,114) (110,110,110) (106,106,106) (114,114,114) (199,199,199) (139,139,139) (102,102,102) (102,102,102) (104,104,104) (108,108,108) (100,100,100) (106,106,106) (114,114,114) (106,106,106) (116,116,116) (114,114,114) (112,112,112) (114,114,114) (114,114,114) (114,114,114) (110,110,110) (112,112,112) (112,112,112) (124,124,124) (118,118,118) (129,129,129) (112,112,112) (129,129,129) (145,145,145) (133,133,133) (131,131,131) (145,145,145) (143,143,143) (145,145,145) (129,129,129) (116,116,116) (149,149,149) (133,133,133) (147,147,147) (141,141,141) (137,137,137) (143,143,143) (135,135,135) (131,131,131) (126,126,126) (116,116,116) (137,137,137) (126,126,126) (126,126,126) (129,129,129) (141,141,141) (193,193,193) (189,189,189) (173,173,173) (181,181,181) (187,187,187) (201,201,201) (201,201,201) (195,195,195) (189,189,189) (197,197,197) (185,185,185) (195,195,195) (193,193,193) (191,191,191) (193,193,193) (177,177,177) (181,181,181) (195,195,195) (197,197,197) (203,203,203) (207,207,207) (205,205,205) (201,201,201) (205,205,205) (197,197,197) (207,207,207) (209,209,209) (197,197,197) (209,209,209) (201,201,201) (207,207,207) (205,205,205) (209,209,209) (211,211,211) (205,205,205) (207,207,207) (205,205,205) (207,207,207) (207,207,207) (205,205,205) (205,205,205) (211,211,211) (213,213,213) (213,213,213) (215,215,215) (219,219,219) (219,219,219) (217,217,217) (195,195,195) (58,58,58) (64,64,64) (66,66,66) (80,80,80) (92,92,92) (108,108,108) (126,126,126) (135,135,135) (141,141,141) (149,149,149) (153,153,153) (153,153,153) (153,153,153) (153,153,153) (155,155,155) (153,153,153) (153,153,153) (155,155,155) (149,149,149) (139,139,139) (129,129,129) (116,116,116) (94,94,94) (64,64,64) (50,50,50) (44,44,44) (44,44,44) (48,48,48) (48,48,48) (40,40,40) (44,44,44) (66,66,66) (84,84,84) (110,110,110) (118,118,118) (129,129,129) (139,139,139) (143,143,143) (151,151,151) (139,139,139) (137,137,137) (139,139,139) (141,141,141) (141,141,141) (149,149,149) (147,147,147) (151,151,151) (153,153,153) (131,131,131) (60,60,60) (40,40,40) (48,48,48) (44,44,44) (46,46,46) (48,48,48) (40,40,40) (46,46,46) (54,54,54) (58,58,58) (52,52,52) (60,60,60) (50,50,50) (48,48,48) (50,50,50) (46,46,46) (46,46,46) (48,48,48) (52,52,52) (50,50,50) (48,48,48) (48,48,48) (54,54,54) (52,52,52) (54,54,54) (46,46,46) (52,52,52) (42,42,42) (58,58,58) (72,72,72) (104,104,104) (133,133,133) (153,153,153) (151,151,151) (145,145,145) (137,137,137) (133,133,133) (139,139,139) (153,153,153) (161,161,161) (161,161,161) (163,163,163) (163,163,163) (163,163,163) (165,165,165) (165,165,165) 
(88,88,88) (88,88,88) (90,90,90) (100,100,100) (92,92,92) (94,94,94) (90,90,90) (90,90,90) (90,90,90) (88,88,88) (88,88,88) (84,84,84) (102,102,102) (120,120,120) (133,133,133) (143,143,143) (153,153,153) (157,157,157) (159,159,159) (163,163,163) (165,165,165) (165,165,165) (163,163,163) (161,161,161) (163,163,163) (167,167,167) (157,157,157) (149,149,149) (141,141,141) (126,126,126) (112,112,112) (96,96,96) (88,88,88) (68,68,68) (80,80,80) (84,84,84) (86,86,86) (88,88,88) (94,94,94) (94,94,94) (100,100,100) (102,102,102) (96,96,96) (98,98,98) (100,100,100) (100,100,100) (100,100,100) (96,96,96) (96,96,96) (100,100,100) (98,98,98) (100,100,100) (106,106,106) (106,106,106) (108,108,108) (112,112,112) (114,114,114) (110,110,110) (116,116,116) (114,114,114) (114,114,114) (116,116,116) (112,112,112) (114,114,114) (116,116,116) (199,199,199) (143,143,143) (98,98,98) (104,104,104) (106,106,106) (114,114,114) (100,100,100) (116,116,116) (114,114,114) (108,108,108) (112,112,112) (114,114,114) (116,116,116) (116,116,116) (108,108,108) (114,114,114) (118,118,118) (124,124,124) (122,122,122) (122,122,122) (126,126,126) (122,122,122) (131,131,131) (124,124,124) (122,122,122) (137,137,137) (139,139,139) (141,141,141) (139,139,139) (124,124,124) (131,131,131) (145,145,145) (124,124,124) (141,141,141) (139,139,139) (133,133,133) (143,143,143) (129,129,129) (137,137,137) (126,126,126) (116,116,116) (131,131,131) (120,120,120) (124,124,124) (116,116,116) (167,167,167) (181,181,181) (173,173,173) (199,199,199) (185,185,185) (187,187,187) (185,185,185) (197,197,197) (183,183,183) (193,193,193) (187,187,187) (191,191,191) (199,199,199) (185,185,185) (195,195,195) (179,179,179) (181,181,181) (191,191,191) (193,193,193) (201,201,201) (201,201,201) (195,195,195) (205,205,205) (201,201,201) (203,203,203) (205,205,205) (211,211,211) (195,195,195) (211,211,211) (199,199,199) (203,203,203) (207,207,207) (207,207,207) (205,205,205) (205,205,205) (205,205,205) (207,207,207) (207,207,207) (205,205,205) (199,199,199) (201,201,201) (197,197,197) (203,203,203) (207,207,207) (213,213,213) (217,217,217) (215,215,215) (221,221,221) (223,223,223) (223,223,223) (217,217,217) (118,118,118) (82,82,82) (70,70,70) (74,74,74) (88,88,88) (110,110,110) (124,124,124) (135,135,135) (143,143,143) (151,151,151) (151,151,151) (157,157,157) (151,151,151) (161,161,161) (153,153,153) (151,151,151) (153,153,153) (151,151,151) (149,149,149) (137,137,137) (129,129,129) (112,112,112) (92,92,92) (64,64,64) (50,50,50) (46,46,46) (46,46,46) (46,46,46) (42,42,42) (38,38,38) (44,44,44) (46,46,46) (72,72,72) (88,88,88) (104,104,104) (120,120,120) (131,131,131) (137,137,137) (141,141,141) (139,139,139) (139,139,139) (137,137,137) (141,141,141) (139,139,139) (143,143,143) (147,147,147) (151,151,151) (137,137,137) (102,102,102) (46,46,46) (42,42,42) (46,46,46) (44,44,44) (42,42,42) (44,44,44) (48,48,48) (52,52,52) (54,54,54) (48,48,48) (48,48,48) (54,54,54) (50,50,50) (58,58,58) (46,46,46) (44,44,44) (54,54,54) (52,52,52) (58,58,58) (50,50,50) (44,44,44) (52,52,52) (54,54,54) (58,58,58) (50,50,50) (48,48,48) (40,40,40) (46,46,46) (54,54,54) (102,102,102) (135,135,135) (149,149,149) (153,153,153) (147,147,147) (145,145,145) (135,135,135) (143,143,143) (155,155,155) (155,155,155) (161,161,161) (163,163,163) (165,165,165) (161,161,161) (161,161,161) (167,167,167) (161,161,161) 
(94,94,94) (92,92,92) (88,88,88) (94,94,94) (88,88,88) (92,92,92) (90,90,90) (94,94,94) (92,92,92) (88,88,88) (90,90,90) (86,86,86) (100,100,100) (112,112,112) (131,131,131) (139,139,139) (149,149,149) (157,157,157) (161,161,161) (165,165,165) (165,165,165) (163,163,163) (163,163,163) (159,159,159) (159,159,159) (169,169,169) (161,161,161) (155,155,155) (139,139,139) (129,129,129) (116,116,116) (98,98,98) (80,80,80) (72,72,72) (80,80,80) (78,78,78) (90,90,90) (84,84,84) (96,96,96) (94,94,94) (98,98,98) (98,98,98) (96,96,96) (98,98,98) (100,100,100) (102,102,102) (104,104,104) (106,106,106) (102,102,102) (102,102,102) (106,106,106) (108,108,108) (110,110,110) (112,112,112) (110,110,110) (108,108,108) (110,110,110) (112,112,112) (108,108,108) (114,114,114) (112,112,112) (108,108,108) (104,104,104) (110,110,110) (173,173,173) (193,193,193) (108,108,108) (106,106,106) (96,96,96) (102,102,102) (104,104,104) (108,108,108) (110,110,110) (110,110,110) (108,108,108) (114,114,114) (104,104,104) (116,116,116) (114,114,114) (114,114,114) (129,129,129) (122,122,122) (118,118,118) (129,129,129) (120,120,120) (124,124,124) (129,129,129) (120,120,120) (135,135,135) (135,135,135) (139,139,139) (141,141,141) (135,135,135) (124,124,124) (135,135,135) (131,131,131) (129,129,129) (147,147,147) (133,133,133) (135,135,135) (141,141,141) (133,133,133) (137,137,137) (122,122,122) (133,133,133) (120,120,120) (108,108,108) (114,114,114) (120,120,120) (177,177,177) (173,173,173) (173,173,173) (193,193,193) (191,191,191) (201,201,201) (185,185,185) (193,193,193) (179,179,179) (183,183,183) (187,187,187) (195,195,195) (193,193,193) (183,183,183) (177,177,177) (181,181,181) (199,199,199) (195,195,195) (197,197,197) (197,197,197) (187,187,187) (197,197,197) (201,201,201) (195,195,195) (205,205,205) (205,205,205) (203,203,203) (203,203,203) (197,197,197) (201,201,201) (209,209,209) (201,201,201) (203,203,203) (203,203,203) (203,203,203) (203,203,203) (203,203,203) (199,199,199) (199,199,199) (203,203,203) (209,209,209) (205,205,205) (209,209,209) (203,203,203) (209,209,209) (209,209,209) (213,213,213) (213,213,213) (215,215,215) (223,223,223) (225,225,225) (225,225,225) (217,217,217) (86,86,86) (56,56,56) (70,70,70) (88,88,88) (110,110,110) (129,129,129) (135,135,135) (141,141,141) (151,151,151) (149,149,149) (155,155,155) (153,153,153) (155,155,155) (153,153,153) (153,153,153) (155,155,155) (153,153,153) (147,147,147) (139,139,139) (131,131,131) (112,112,112) (94,94,94) (76,76,76) (48,48,48) (48,48,48) (48,48,48) (42,42,42) (44,44,44) (42,42,42) (38,38,38) (38,38,38) (46,46,46) (66,66,66) (92,92,92) (102,102,102) (112,112,112) (181,181,181) (187,187,187) (199,199,199) (209,209,209) (159,159,159) (139,139,139) (133,133,133) (173,173,173) (145,145,145) (147,147,147) (118,118,118) (42,42,42) (42,42,42) (48,48,48) (42,42,42) (50,50,50) (44,44,44) (48,48,48) (56,56,56) (56,56,56) (64,64,64) (50,50,50) (50,50,50) (52,52,52) (58,58,58) (52,52,52) (48,48,48) (52,52,52) (48,48,48) (50,50,50) (56,56,56) (44,44,44) (52,52,52) (54,54,54) (58,58,58) (56,56,56) (50,50,50) (40,40,40) (36,36,36) (48,48,48) (98,98,98) (126,126,126) (145,145,145) (149,149,149) (147,147,147) (145,145,145) (129,129,129) (139,139,139) (149,149,149) (157,157,157) (161,161,161) (159,159,159) (163,163,163) (161,161,161) (163,163,163) (161,161,161) (161,161,161) (161,161,161) 
(96,96,96) (96,96,96) (92,92,92) (94,94,94) (88,88,88) (88,88,88) (94,94,94) (92,92,92) (86,86,86) (92,92,92) (78,78,78) (86,86,86) (98,98,98) (116,116,116) (139,139,139) (145,145,145) (149,149,149) (157,157,157) (163,163,163) (161,161,161) (167,167,167) (163,163,163) (159,159,159) (163,163,163) (163,163,163) (159,159,159) (163,163,163) (151,151,151) (147,147,147) (126,126,126) (116,116,116) (100,100,100) (80,80,80) (78,78,78) (76,76,76) (84,84,84) (88,88,88) (94,94,94) (92,92,92) (98,98,98) (92,92,92) (92,92,92) (96,96,96) (100,100,100) (96,96,96) (102,102,102) (102,102,102) (102,102,102) (100,100,100) (108,108,108) (102,102,102) (110,110,110) (106,106,106) (102,102,102) (106,106,106) (114,114,114) (112,112,112) (118,118,118) (116,116,116) (114,114,114) (108,108,108) (106,106,106) (102,102,102) (108,108,108) (217,217,217) (173,173,173) (122,122,122) (98,98,98) (112,112,112) (106,106,106) (100,100,100) (106,106,106) (104,104,104) (110,110,110) (106,106,106) (114,114,114) (114,114,114) (114,114,114) (108,108,108) (120,120,120) (110,110,110) (126,126,126) (116,116,116) (116,116,116) (124,124,124) (126,126,126) (131,131,131) (135,135,135) (131,131,131) (137,137,137) (137,137,137) (131,131,131) (135,135,135) (135,135,135) (124,124,124) (145,145,145) (135,135,135) (137,137,137) (135,135,135) (145,145,145) (141,141,141) (133,133,133) (124,124,124) (129,129,129) (124,124,124) (104,104,104) (104,104,104) (143,143,143) (185,185,185) (179,179,179) (185,185,185) (187,187,187) (185,185,185) (189,189,189) (191,191,191) (189,189,189) (187,187,187) (189,189,189) (183,183,183) (193,193,193) (185,185,185) (177,177,177) (173,173,173) (187,187,187) (193,193,193) (199,199,199) (203,203,203) (195,195,195) (195,195,195) (199,199,199) (193,193,193) (189,189,189) (201,201,201) (199,199,199) (205,205,205) (205,205,205) (205,205,205) (201,201,201) (205,205,205) (203,203,203) (203,203,203) (203,203,203) (205,205,205) (199,199,199) (199,199,199) (191,191,191) (205,205,205) (203,203,203) (207,207,207) (209,209,209) (213,213,213) (207,207,207) (207,207,207) (203,203,203) (211,211,211) (209,209,209) (213,213,213) (213,213,213) (221,221,221) (223,223,223) (227,227,227) (225,225,225) (195,195,195) (52,52,52) (66,66,66) (84,84,84) (104,104,104) (126,126,126) (133,133,133) (145,145,145) (153,153,153) (149,149,149) (151,151,151) (151,151,151) (155,155,155) (155,155,155) (149,149,149) (155,155,155) (155,155,155) (151,151,151) (139,139,139) (126,126,126) (118,118,118) (92,92,92) (62,62,62) (50,50,50) (46,46,46) (44,44,44) (46,46,46) (48,48,48) (40,40,40) (38,38,38) (40,40,40) (40,40,40) (44,44,44) (66,66,66) (161,161,161) (207,207,207) (211,211,211) (221,221,221) (213,213,213) (213,213,213) (201,201,201) (181,181,181) (205,205,205) (205,205,205) (165,165,165) (137,137,137) (60,60,60) (46,46,46) (46,46,46) (42,42,42) (48,48,48) (48,48,48) (40,40,40) (48,48,48) (56,56,56) (56,56,56) (56,56,56) (54,54,54) (56,56,56) (64,64,64) (58,58,58) (54,54,54) (60,60,60) (52,52,52) (48,48,48) (54,54,54) (44,44,44) (46,46,46) (50,50,50) (56,56,56) (56,56,56) (48,48,48) (46,46,46) (44,44,44) (44,44,44) (78,78,78) (112,112,112) (143,143,143) (155,155,155) (151,151,151) (139,139,139) (137,137,137) (137,137,137) (149,149,149) (157,157,157) (161,161,161) (161,161,161) (161,161,161) (161,161,161) (157,157,157) (159,159,159) (157,157,157) (157,157,157) (161,161,161) 
(92,92,92) (86,86,86) (94,94,94) (88,88,88) (88,88,88) (86,86,86) (86,86,86) (92,92,92) (86,86,86) (84,84,84) (84,84,84) (84,84,84) (98,98,98) (116,116,116) (129,129,129) (143,143,143) (151,151,151) (155,155,155) (157,157,157) (163,163,163) (165,165,165) (161,161,161) (165,165,165) (159,159,159) (161,161,161) (159,159,159) (161,161,161) (149,149,149) (141,141,141) (129,129,129) (120,120,120) (102,102,102) (82,82,82) (72,72,72) (80,80,80) (80,80,80) (82,82,82) (90,90,90) (94,94,94) (92,92,92) (94,94,94) (96,96,96) (100,100,100) (96,96,96) (96,96,96) (92,92,92) (96,96,96) (96,96,96) (96,96,96) (100,100,100) (102,102,102) (104,104,104) (102,102,102) (112,112,112) (108,108,108) (110,110,110) (112,112,112) (118,118,118) (112,112,112) (112,112,112) (108,108,108) (108,108,108) (100,100,100) (157,157,157) (207,207,207) (163,163,163) (104,104,104) (96,96,96) (104,104,104) (106,106,106) (102,102,102) (106,106,106) (108,108,108) (114,114,114) (112,112,112) (116,116,116) (112,112,112) (108,108,108) (110,110,110) (102,102,102) (120,120,120) (112,112,112) (124,124,124) (120,120,120) (126,126,126) (133,133,133) (129,129,129) (135,135,135) (137,137,137) (129,129,129) (131,131,131) (141,141,141) (143,143,143) (143,143,143) (135,135,135) (126,126,126) (135,135,135) (143,143,143) (133,133,133) (143,143,143) (108,108,108) (106,106,106) (126,126,126) (114,114,114) (112,112,112) (112,112,112) (167,167,167) (169,169,169) (159,159,159) (195,195,195) (193,193,193) (193,193,193) (175,175,175) (185,185,185) (175,175,175) (191,191,191) (187,187,187) (191,191,191) (197,197,197) (163,163,163) (165,165,165) (171,171,171) (193,193,193) (189,189,189) (193,193,193) (193,193,193) (197,197,197) (199,199,199) (195,195,195) (199,199,199) (201,201,201) (193,193,193) (201,201,201) (203,203,203) (195,195,195) (203,203,203) (203,203,203) (203,203,203) (197,197,197) (203,203,203) (199,199,199) (197,197,197) (197,197,197) (199,199,199) (211,211,211) (207,207,207) (197,197,197) (205,205,205) (207,207,207) (207,207,207) (209,209,209) (209,209,209) (207,207,207) (201,201,201) (209,209,209) (209,209,209) (209,209,209) (215,215,215) (215,215,215) (223,223,223) (225,225,225) (223,223,223) (225,225,225) (48,48,48) (62,62,62) (82,82,82) (106,106,106) (124,124,124) (137,137,137) (145,145,145) (149,149,149) (151,151,151) (151,151,151) (149,149,149) (151,151,151) (155,155,155) (153,153,153) (157,157,157) (151,151,151) (153,153,153) (139,139,139) (129,129,129) (114,114,114) (94,94,94) (74,74,74) (54,54,54) (46,46,46) (42,42,42) (48,48,48) (44,44,44) (38,38,38) (36,36,36) (34,34,34) (38,38,38) (40,40,40) (203,203,203) (209,209,209) (223,223,223) (213,213,213) (209,209,209) (185,185,185) (195,195,195) (209,209,209) (215,215,215) (213,213,213) (219,219,219) (223,223,223) (155,155,155) (40,40,40) (40,40,40) (44,44,44) (42,42,42) (42,42,42) (44,44,44) (46,46,46) (52,52,52) (58,58,58) (48,48,48) (54,54,54) (50,50,50) (50,50,50) (52,52,52) (56,56,56) (48,48,48) (54,54,54) (52,52,52) (54,54,54) (44,44,44) (44,44,44) (48,48,48) (52,52,52) (56,56,56) (46,46,46) (40,40,40) (38,38,38) (54,54,54) (80,80,80) (110,110,110) (139,139,139) (153,153,153) (147,147,147) (143,143,143) (139,139,139) (135,135,135) (149,149,149) (159,159,159) (161,161,161) (163,163,163) (163,163,163) (159,159,159) (155,155,155) (159,159,159) (155,155,155) (159,159,159) (153,153,153) (161,161,161) 
(86,86,86) (88,88,88) (86,86,86) (92,92,92) (88,88,88) (90,90,90) (92,92,92) (94,94,94) (98,98,98) (84,84,84) (78,78,78) (80,80,80) (98,98,98) (116,116,116) (129,129,129) (139,139,139) (153,153,153) (155,155,155) (161,161,161) (167,167,167) (165,165,165) (159,159,159) (163,163,163) (163,163,163) (165,165,165) (161,161,161) (161,161,161) (151,151,151) (139,139,139) (129,129,129) (114,114,114) (96,96,96) (80,80,80) (66,66,66) (74,74,74) (78,78,78) (82,82,82) (90,90,90) (84,84,84) (88,88,88) (96,96,96) (92,92,92) (94,94,94) (96,96,96) (96,96,96) (96,96,96) (96,96,96) (94,94,94) (98,98,98) (94,94,94) (106,106,106) (104,104,104) (104,104,104) (106,106,106) (106,106,106) (112,112,112) (106,106,106) (108,108,108) (108,108,108) (112,112,112) (104,104,104) (98,98,98) (92,92,92) (239,239,239) (207,207,207) (145,145,145) (108,108,108) (96,96,96) (108,108,108) (102,102,102) (102,102,102) (110,110,110) (110,110,110) (108,108,108) (120,120,120) (112,112,112) (112,112,112) (116,116,116) (120,120,120) (110,110,110) (116,116,116) (122,122,122) (110,110,110) (122,122,122) (124,124,124) (126,126,126) (137,137,137) (131,131,131) (147,147,147) (139,139,139) (126,126,126) (129,129,129) (147,147,147) (129,129,129) (124,124,124) (139,139,139) (137,137,137) (145,145,145) (124,124,124) (110,110,110) (120,120,120) (112,112,112) (110,110,110) (112,112,112) (139,139,139) (157,157,157) (175,175,175) (177,177,177) (171,171,171) (193,193,193) (193,193,193) (185,185,185) (185,185,185) (169,169,169) (171,171,171) (177,177,177) (193,193,193) (187,187,187) (175,175,175) (185,185,185) (187,187,187) (195,195,195) (181,181,181) (189,189,189) (189,189,189) (199,199,199) (195,195,195) (195,195,195) (199,199,199) (185,185,185) (199,199,199) (197,197,197) (191,191,191) (195,195,195) (197,197,197) (195,195,195) (205,205,205) (201,201,201) (195,195,195) (191,191,191) (193,193,193) (205,205,205) (205,205,205) (205,205,205) (201,201,201) (207,207,207) (205,205,205) (195,195,195) (203,203,203) (205,205,205) (205,205,205) (205,205,205) (209,209,209) (209,209,209) (209,209,209) (209,209,209) (209,209,209) (209,209,209) (213,213,213) (213,213,213) (229,229,229) (223,223,223) (217,217,217) (116,116,116) (60,60,60) (76,76,76) (96,96,96) (118,118,118) (137,137,137) (145,145,145) (151,151,151) (149,149,149) (153,153,153) (155,155,155) (153,153,153) (153,153,153) (155,155,155) (151,151,151) (155,155,155) (149,149,149) (141,141,141) (126,126,126) (110,110,110) (96,96,96) (74,74,74) (50,50,50) (46,46,46) (46,46,46) (42,42,42) (36,36,36) (36,36,36) (32,32,32) (38,38,38) (56,56,56) (209,209,209) (217,217,217) (221,221,221) (209,209,209) (181,181,181) (191,191,191) (205,205,205) (209,209,209) (219,219,219) (223,223,223) (225,225,225) (227,227,227) (211,211,211) (219,219,219) (18,18,18) (42,42,42) (44,44,44) (40,40,40) (46,46,46) (46,46,46) (50,50,50) (54,54,54) (54,54,54) (54,54,54) (50,50,50) (64,64,64) (56,56,56) (44,44,44) (52,52,52) (52,52,52) (52,52,52) (54,54,54) (50,50,50) (50,50,50) (46,46,46) (54,54,54) (56,56,56) (64,64,64) (54,54,54) (48,48,48) (44,44,44) (50,50,50) (92,92,92) (133,133,133) (147,147,147) (151,151,151) (147,147,147) (139,139,139) (137,137,137) (143,143,143) (157,157,157) (161,161,161) (167,167,167) (165,165,165) (159,159,159) (159,159,159) (159,159,159) (161,161,161) (157,157,157) (157,157,157) (157,157,157) (155,155,155) 
(94,94,94) (88,88,88) (88,88,88) (86,86,86) (86,86,86) (90,90,90) (92,92,92) (88,88,88) (90,90,90) (86,86,86) (86,86,86) (88,88,88) (96,96,96) (114,114,114) (133,133,133) (139,139,139) (151,151,151) (157,157,157) (163,163,163) (165,165,165) (163,163,163) (165,165,165) (163,163,163) (163,163,163) (163,163,163) (165,165,165) (159,159,159) (149,149,149) (141,141,141) (133,133,133) (116,116,116) (94,94,94) (80,80,80) (74,74,74) (78,78,78) (80,80,80) (88,88,88) (84,84,84) (84,84,84) (90,90,90) (94,94,94) (96,96,96) (96,96,96) (98,98,98) (94,94,94) (94,94,94) (94,94,94) (90,90,90) (94,94,94) (100,100,100) (100,100,100) (108,108,108) (104,104,104) (106,106,106) (106,106,106) (104,104,104) (106,106,106) (116,116,116) (110,110,110) (114,114,114) (104,104,104) (104,104,104) (102,102,102) (217,217,217) (181,181,181) (137,137,137) (110,110,110) (100,100,100) (96,96,96) (102,102,102) (106,106,106) (114,114,114) (104,104,104) (116,116,116) (106,106,106) (120,120,120) (114,114,114) (118,118,118) (116,116,116) (122,122,122) (118,118,118) (122,122,122) (122,122,122) (124,124,124) (122,122,122) (131,131,131) (129,129,129) (133,133,133) (135,135,135) (126,126,126) (131,131,131) (129,129,129) (116,116,116) (133,133,133) (135,135,135) (135,135,135) (143,143,143) (124,124,124) (124,124,124) (131,131,131) (110,110,110) (106,106,106) (106,106,106) (169,169,169) (171,171,171) (163,163,163) (173,173,173) (187,187,187) (183,183,183) (183,183,183) (183,183,183) (169,169,169) (177,177,177) (179,179,179) (179,179,179) (175,175,175) (155,155,155) (171,171,171) (185,185,185) (195,195,195) (189,189,189) (181,181,181) (189,189,189) (177,177,177) (193,193,193) (193,193,193) (195,195,195) (193,193,193) (195,195,195) (199,199,199) (187,187,187) (197,197,197) (191,191,191) (195,195,195) (197,197,197) (197,197,197) (193,193,193) (189,189,189) (193,193,193) (201,201,201) (199,199,199) (199,199,199) (203,203,203) (205,205,205) (201,201,201) (203,203,203) (207,207,207) (205,205,205) (201,201,201) (205,205,205) (207,207,207) (207,207,207) (205,205,205) (207,207,207) (207,207,207) (203,203,203) (207,207,207) (209,209,209) (211,211,211) (213,213,213) (217,217,217) (225,225,225) (223,223,223) (209,209,209) (48,48,48) (78,78,78) (98,98,98) (112,112,112) (133,133,133) (143,143,143) (147,147,147) (151,151,151) (151,151,151) (153,153,153) (155,155,155) (151,151,151) (151,151,151) (155,155,155) (151,151,151) (149,149,149) (139,139,139) (129,129,129) (108,108,108) (92,92,92) (66,66,66) (48,48,48) (42,42,42) (40,40,40) (38,38,38) (34,34,34) (38,38,38) (32,32,32) (120,120,120) (207,207,207) (219,219,219) (217,217,217) (199,199,199) (175,175,175) (209,209,209) (207,207,207) (221,221,221) (225,225,225) (227,227,227) (227,227,227) (229,229,229) (231,231,231) (229,229,229) (227,227,227) (58,58,58) (42,42,42) (40,40,40) (38,38,38) (54,54,54) (42,42,42) (58,58,58) (60,60,60) (56,56,56) (52,52,52) (52,52,52) (54,54,54) (58,58,58) (50,50,50) (46,46,46) (52,52,52) (50,50,50) (50,50,50) (46,46,46) (58,58,58) (60,60,60) (54,54,54) (54,54,54) (54,54,54) (44,44,44) (38,38,38) (40,40,40) (70,70,70) (124,124,124) (147,147,147) (153,153,153) (149,149,149) (141,141,141) (141,141,141) (141,141,141) (153,153,153) (159,159,159) (159,159,159) (163,163,163) (161,161,161) (161,161,161) (161,161,161) (157,157,157) (159,159,159) (159,159,159) (159,159,159) (161,161,161) (155,155,155) 
(86,86,86) (88,88,88) (92,92,92) (88,88,88) (92,92,92) (92,92,92) (94,94,94) (98,98,98) (94,94,94) (88,88,88) (90,90,90) (88,88,88) (98,98,98) (116,116,116) (131,131,131) (141,141,141) (149,149,149) (157,157,157) (161,161,161) (167,167,167) (167,167,167) (165,165,165) (161,161,161) (163,163,163) (165,165,165) (163,163,163) (155,155,155) (155,155,155) (143,143,143) (129,129,129) (116,116,116) (92,92,92) (78,78,78) (66,66,66) (74,74,74) (78,78,78) (82,82,82) (86,86,86) (94,94,94) (92,92,92) (98,98,98) (98,98,98) (96,96,96) (96,96,96) (98,98,98) (98,98,98) (96,96,96) (100,100,100) (96,96,96) (96,96,96) (96,96,96) (102,102,102) (102,102,102) (102,102,102) (104,104,104) (106,106,106) (108,108,108) (112,112,112) (110,110,110) (108,108,108) (106,106,106) (98,98,98) (159,159,159) (209,209,209) (171,171,171) (167,167,167) (114,114,114) (102,102,102) (98,98,98) (100,100,100) (106,106,106) (114,114,114) (114,114,114) (98,98,98) (118,118,118) (116,116,116) (108,108,108) (118,118,118) (118,118,118) (116,116,116) (120,120,120) (124,124,124) (112,112,112) (137,137,137) (124,124,124) (131,131,131) (133,133,133) (122,122,122) (118,118,118) (135,135,135) (116,116,116) (112,112,112) (135,135,135) (139,139,139) (131,131,131) (135,135,135) (124,124,124) (124,124,124) (122,122,122) (106,106,106) (108,108,108) (114,114,114) (155,155,155) (165,165,165) (175,175,175) (181,181,181) (187,187,187) (187,187,187) (161,161,161) (163,163,163) (171,171,171) (175,175,175) (177,177,177) (181,181,181) (171,171,171) (161,161,161) (177,177,177) (177,177,177) (183,183,183) (177,177,177) (191,191,191) (187,187,187) (187,187,187) (193,193,193) (187,187,187) (197,197,197) (193,193,193) (191,191,191) (195,195,195) (193,193,193) (197,197,197) (185,185,185) (199,199,199) (189,189,189) (193,193,193) (181,181,181) (187,187,187) (199,199,199) (201,201,201) (207,207,207) (201,201,201) (203,203,203) (201,201,201) (209,209,209) (203,203,203) (201,201,201) (195,195,195) (207,207,207) (203,203,203) (193,193,193) (203,203,203) (205,205,205) (207,207,207) (205,205,205) (203,203,203) (203,203,203) (199,199,199) (203,203,203) (207,207,207) (207,207,207) (217,217,217) (223,223,223) (223,223,223) (221,221,221) (122,122,122) (70,70,70) (82,82,82) (114,114,114) (131,131,131) (145,145,145) (155,155,155) (153,153,153) (155,155,155) (153,153,153) (153,153,153) (159,159,159) (155,155,155) (153,153,153) (155,155,155) (149,149,149) (143,143,143) (126,126,126) (106,106,106) (94,94,94) (70,70,70) (50,50,50) (42,42,42) (40,40,40) (36,36,36) (38,38,38) (28,28,28) (171,171,171) (211,211,211) (219,219,219) (213,213,213) (165,165,165) (173,173,173) (209,209,209) (217,217,217) (217,217,217) (219,219,219) (225,225,225) (221,221,221) (221,221,221) (223,223,223) (225,225,225) (235,235,235) (229,229,229) (175,175,175) (40,40,40) (42,42,42) (40,40,40) (46,46,46) (50,50,50) (48,48,48) (50,50,50) (58,58,58) (54,54,54) (58,58,58) (50,50,50) (46,46,46) (48,48,48) (46,46,46) (46,46,46) (50,50,50) (50,50,50) (44,44,44) (46,46,46) (52,52,52) (62,62,62) (58,58,58) (52,52,52) (48,48,48) (50,50,50) (66,66,66) (112,112,112) (139,139,139) (155,155,155) (153,153,153) (145,145,145) (133,133,133) (147,147,147) (151,151,151) (157,157,157) (159,159,159) (161,161,161) (161,161,161) (161,161,161) (159,159,159) (161,161,161) (159,159,159) (159,159,159) (159,159,159) (157,157,157) (159,159,159) (157,157,157) 
(90,90,90) (88,88,88) (90,90,90) (100,100,100) (90,90,90) (96,96,96) (90,90,90) (96,96,96) (98,98,98) (86,86,86) (92,92,92) (82,82,82) (96,96,96) (118,118,118) (131,131,131) (141,141,141) (145,145,145) (155,155,155) (161,161,161) (165,165,165) (167,167,167) (167,167,167) (163,163,163) (165,165,165) (161,161,161) (165,165,165) (157,157,157) (153,153,153) (139,139,139) (131,131,131) (108,108,108) (90,90,90) (82,82,82) (70,70,70) (68,68,68) (74,74,74) (76,76,76) (86,86,86) (94,94,94) (94,94,94) (92,92,92) (94,94,94) (98,98,98) (96,96,96) (100,100,100) (98,98,98) (100,100,100) (100,100,100) (100,100,100) (98,98,98) (96,96,96) (106,106,106) (104,104,104) (106,106,106) (106,106,106) (106,106,106) (114,114,114) (108,108,108) (114,114,114) (120,120,120) (104,104,104) (104,104,104) (221,221,221) (209,209,209) (189,189,189) (135,135,135) (106,106,106) (102,102,102) (98,98,98) (104,104,104) (104,104,104) (112,112,112) (104,104,104) (108,108,108) (120,120,120) (118,118,118) (110,110,110) (116,116,116) (116,116,116) (126,126,126) (106,106,106) (118,118,118) (133,133,133) (129,129,129) (131,131,131) (133,133,133) (110,110,110) (126,126,126) (126,126,126) (98,98,98) (118,118,118) (137,137,137) (131,131,131) (135,135,135) (131,131,131) (122,122,122) (126,126,126) (112,112,112) (112,112,112) (102,102,102) (139,139,139) (167,167,167) (159,159,159) (169,169,169) (185,185,185) (171,171,171) (175,175,175) (171,171,171) (167,167,167) (155,155,155) (167,167,167) (177,177,177) (197,197,197) (165,165,165) (175,175,175) (185,185,185) (175,175,175) (181,181,181) (167,167,167) (183,183,183) (181,181,181) (191,191,191) (193,193,193) (179,179,179) (195,195,195) (185,185,185) (193,193,193) (185,185,185) (195,195,195) (193,193,193) (197,197,197) (195,195,195) (183,183,183) (187,187,187) (185,185,185) (189,189,189) (199,199,199) (203,203,203) (199,199,199) (199,199,199) (197,197,197) (203,203,203) (205,205,205) (201,201,201) (195,195,195) (201,201,201) (199,199,199) (193,193,193) (201,201,201) (197,197,197) (195,195,195) (201,201,201) (207,207,207) (203,203,203) (203,203,203) (207,207,207) (207,207,207) (209,209,209) (211,211,211) (205,205,205) (209,209,209) (217,217,217) (223,223,223) (221,221,221) (211,211,211) (72,72,72) (86,86,86) (112,112,112) (126,126,126) (137,137,137) (141,141,141) (163,163,163) (153,153,153) (155,155,155) (157,157,157) (153,153,153) (157,157,157) (153,153,153) (147,147,147) (145,145,145) (139,139,139) (124,124,124) (112,112,112) (88,88,88) (50,50,50) (42,42,42) (34,34,34) (40,40,40) (42,42,42) (52,52,52) (203,203,203) (213,213,213) (213,213,213) (205,205,205) (145,145,145) (193,193,193) (211,211,211) (219,219,219) (219,219,219) (217,217,217) (215,215,215) (215,215,215) (213,213,213) (217,217,217) (219,219,219) (221,221,221) (229,229,229) (233,233,233) (217,217,217) (36,36,36) (44,44,44) (38,38,38) (42,42,42) (50,50,50) (60,60,60) (58,58,58) (50,50,50) (54,54,54) (46,46,46) (58,58,58) (48,48,48) (50,50,50) (60,60,60) (52,52,52) (40,40,40) (44,44,44) (48,48,48) (50,50,50) (56,56,56) (52,52,52) (56,56,56) (50,50,50) (46,46,46) (60,60,60) (108,108,108) (139,139,139) (151,151,151) (151,151,151) (145,145,145) (145,145,145) (137,137,137) (149,149,149) (157,157,157) (157,157,157) (159,159,159) (157,157,157) (159,159,159) (161,161,161) (159,159,159) (157,157,157) (155,155,155) (155,155,155) (155,155,155) (159,159,159) (157,157,157) (155,155,155) 
(96,96,96) (88,88,88) (94,94,94) (90,90,90) (88,88,88) (94,94,94) (92,92,92) (100,100,100) (92,92,92) (92,92,92) (84,84,84) (92,92,92) (98,98,98) (110,110,110) (129,129,129) (141,141,141) (149,149,149) (155,155,155) (165,165,165) (167,167,167) (165,165,165) (165,165,165) (167,167,167) (165,165,165) (167,167,167) (161,161,161) (157,157,157) (153,153,153) (139,139,139) (131,131,131) (112,112,112) (92,92,92) (74,74,74) (76,76,76) (80,80,80) (78,78,78) (76,76,76) (86,86,86) (90,90,90) (96,96,96) (102,102,102) (100,100,100) (108,108,108) (100,100,100) (100,100,100) (98,98,98) (94,94,94) (100,100,100) (102,102,102) (100,100,100) (98,98,98) (104,104,104) (102,102,102) (106,106,106) (106,106,106) (112,112,112) (112,112,112) (114,114,114) (120,120,120) (114,114,114) (106,106,106) (96,96,96) (229,229,229) (201,201,201) (173,173,173) (126,126,126) (98,98,98) (94,94,94) (104,104,104) (106,106,106) (100,100,100) (104,104,104) (106,106,106) (118,118,118) (104,104,104) (124,124,124) (94,94,94) (118,118,118) (116,116,116) (106,106,106) (131,131,131) (129,129,129) (131,131,131) (139,139,139) (120,120,120) (122,122,122) (135,135,135) (112,112,112) (116,116,116) (129,129,129) (131,131,131) (139,139,139) (129,129,129) (120,120,120) (131,131,131) (126,126,126) (106,106,106) (116,116,116) (102,102,102) (133,133,133) (169,169,169) (175,175,175) (181,181,181) (173,173,173) (183,183,183) (165,165,165) (161,161,161) (161,161,161) (163,163,163) (165,165,165) (183,183,183) (165,165,165) (165,165,165) (173,173,173) (185,185,185) (187,187,187) (181,181,181) (175,175,175) (171,171,171) (175,175,175) (199,199,199) (187,187,187) (195,195,195) (187,187,187) (181,181,181) (187,187,187) (183,183,183) (193,193,193) (187,187,187) (191,191,191) (191,191,191) (183,183,183) (179,179,179) (193,193,193) (201,201,201) (197,197,197) (197,197,197) (195,195,195) (197,197,197) (197,197,197) (193,193,193) (197,197,197) (205,205,205) (201,201,201) (195,195,195) (201,201,201) (201,201,201) (201,201,201) (199,199,199) (205,205,205) (201,201,201) (205,205,205) (207,207,207) (207,207,207) (207,207,207) (209,209,209) (209,209,209) (205,205,205) (207,207,207) (203,203,203) (207,207,207) (211,211,211) (217,217,217) (217,217,217) (219,219,219) (181,181,181) (76,76,76) (116,116,116) (129,129,129) (139,139,139) (145,145,145) (155,155,155) (153,153,153) (153,153,153) (157,157,157) (155,155,155) (155,155,155) (157,157,157) (151,151,151) (147,147,147) (137,137,137) (124,124,124) (106,106,106) (90,90,90) (46,46,46) (34,34,34) (34,34,34) (38,38,38) (80,80,80) (209,209,209) (213,213,213) (209,209,209) (193,193,193) (155,155,155) (197,197,197) (213,213,213) (217,217,217) (219,219,219) (215,215,215) (211,211,211) (211,211,211) (213,213,213) (215,215,215) (207,207,207) (201,201,201) (213,213,213) (225,225,225) (233,233,233) (217,217,217) (20,20,20) (42,42,42) (42,42,42) (42,42,42) (46,46,46) (48,48,48) (54,54,54) (46,46,46) (48,48,48) (50,50,50) (46,46,46) (46,46,46) (52,52,52) (50,50,50) (46,46,46) (42,42,42) (46,46,46) (54,54,54) (56,56,56) (58,58,58) (58,58,58) (48,48,48) (48,48,48) (46,46,46) (72,72,72) (129,129,129) (149,149,149) (159,159,159) (149,149,149) (139,139,139) (139,139,139) (147,147,147) (153,153,153) (161,161,161) (157,157,157) (155,155,155) (159,159,159) (155,155,155) (157,157,157) (161,161,161) (161,161,161) (159,159,159) (157,157,157) (155,155,155) (159,159,159) (159,159,159) (157,157,157) 
(94,94,94) (92,92,92) (96,96,96) (92,92,92) (92,92,92) (96,96,96) (98,98,98) (94,94,94) (98,98,98) (94,94,94) (94,94,94) (90,90,90) (100,100,100) (114,114,114) (131,131,131) (139,139,139) (147,147,147) (155,155,155) (165,165,165) (169,169,169) (165,165,165) (165,165,165) (169,169,169) (167,167,167) (169,169,169) (163,163,163) (153,153,153) (153,153,153) (143,143,143) (129,129,129) (112,112,112) (96,96,96) (76,76,76) (68,68,68) (70,70,70) (78,78,78) (80,80,80) (88,88,88) (92,92,92) (96,96,96) (100,100,100) (96,96,96) (100,100,100) (98,98,98) (98,98,98) (106,106,106) (100,100,100) (104,104,104) (100,100,100) (98,98,98) (102,102,102) (106,106,106) (106,106,106) (106,106,106) (108,108,108) (112,112,112) (106,106,106) (114,114,114) (110,110,110) (108,108,108) (102,102,102) (112,112,112) (215,215,215) (191,191,191) (159,159,159) (126,126,126) (92,92,92) (96,96,96) (98,98,98) (98,98,98) (100,100,100) (108,108,108) (106,106,106) (112,112,112) (112,112,112) (88,88,88) (108,108,108) (118,118,118) (116,116,116) (129,129,129) (122,122,122) (131,131,131) (120,120,120) (124,124,124) (126,126,126) (116,116,116) (104,104,104) (124,124,124) (129,129,129) (141,141,141) (141,141,141) (116,116,116) (118,118,118) (137,137,137) (126,126,126) (112,112,112) (106,106,106) (106,106,106) (137,137,137) (163,163,163) (163,163,163) (173,173,173) (179,179,179) (183,183,183) (167,167,167) (159,159,159) (159,159,159) (169,169,169) (179,179,179) (177,177,177) (151,151,151) (179,179,179) (187,187,187) (185,185,185) (171,171,171) (181,181,181) (175,175,175) (183,183,183) (181,181,181) (193,193,193) (177,177,177) (197,197,197) (181,181,181) (195,195,195) (185,185,185) (183,183,183) (179,179,179) (183,183,183) (195,195,195) (175,175,175) (175,175,175) (185,185,185) (199,199,199) (201,201,201) (199,199,199) (199,199,199) (193,193,193) (197,197,197) (197,197,197) (199,199,199) (189,189,189) (185,185,185) (199,199,199) (203,203,203) (199,199,199) (197,197,197) (203,203,203) (203,203,203) (205,205,205) (203,203,203) (203,203,203) (205,205,205) (209,209,209) (201,201,201) (203,203,203) (199,199,199) (199,199,199) (201,201,201) (207,207,207) (207,207,207) (209,209,209) (207,207,207) (209,209,209) (213,213,213) (217,217,217) (217,217,217) (90,90,90) (110,110,110) (124,124,124) (135,135,135) (149,149,149) (155,155,155) (155,155,155) (155,155,155) (155,155,155) (153,153,153) (155,155,155) (157,157,157) (149,149,149) (141,141,141) (135,135,135) (114,114,114) (90,90,90) (68,68,68) (44,44,44) (36,36,36) (30,30,30) (137,137,137) (211,211,211) (221,221,221) (205,205,205) (169,169,169) (147,147,147) (203,203,203) (213,213,213) (215,215,215) (217,217,217) (215,215,215) (209,209,209) (209,209,209) (209,209,209) (211,211,211) (203,203,203) (199,199,199) (209,209,209) (217,217,217) (221,221,221) (231,231,231) (227,227,227) (20,20,20) (38,38,38) (38,38,38) (48,48,48) (48,48,48) (46,46,46) (50,50,50) (48,48,48) (56,56,56) (46,46,46) (44,44,44) (50,50,50) (48,48,48) (42,42,42) (42,42,42) (38,38,38) (46,46,46) (44,44,44) (46,46,46) (56,56,56) (52,52,52) (44,44,44) (44,44,44) (60,60,60) (114,114,114) (143,143,143) (159,159,159) (153,153,153) (147,147,147) (143,143,143) (147,147,147) (151,151,151) (157,157,157) (161,161,161) (157,157,157) (159,159,159) (157,157,157) (153,153,153) (155,155,155) (159,159,159) (155,155,155) (155,155,155) (155,155,155) (159,159,159) (155,155,155) (159,159,159) (161,161,161) 
(92,92,92) (94,94,94) (90,90,90) (98,98,98) (94,94,94) (94,94,94) (98,98,98) (96,96,96) (100,100,100) (98,98,98) (98,98,98) (88,88,88) (98,98,98) (120,120,120) (129,129,129) (141,141,141) (147,147,147) (159,159,159) (167,167,167) (167,167,167) (167,167,167) (165,165,165) (169,169,169) (167,167,167) (167,167,167) (165,165,165) (161,161,161) (153,153,153) (143,143,143) (129,129,129) (112,112,112) (98,98,98) (84,84,84) (76,76,76) (76,76,76) (80,80,80) (82,82,82) (90,90,90) (90,90,90) (94,94,94) (98,98,98) (98,98,98) (98,98,98) (102,102,102) (104,104,104) (100,100,100) (100,100,100) (100,100,100) (100,100,100) (100,100,100) (106,106,106) (108,108,108) (102,102,102) (108,108,108) (108,108,108) (108,108,108) (112,112,112) (110,110,110) (120,120,120) (104,104,104) (96,96,96) (145,145,145) (213,213,213) (189,189,189) (171,171,171) (141,141,141) (102,102,102) (96,96,96) (106,106,106) (104,104,104) (102,102,102) (104,104,104) (106,106,106) (98,98,98) (96,96,96) (116,116,116) (114,114,114) (114,114,114) (124,124,124) (124,124,124) (126,126,126) (122,122,122) (122,122,122) (122,122,122) (116,116,116) (116,116,116) (126,126,126) (126,126,126) (129,129,129) (129,129,129) (124,124,124) (135,135,135) (131,131,131) (135,135,135) (129,129,129) (108,108,108) (100,100,100) (139,139,139) (169,169,169) (163,163,163) (167,167,167) (177,177,177) (167,167,167) (161,161,161) (169,169,169) (157,157,157) (157,157,157) (183,183,183) (167,167,167) (165,165,165) (179,179,179) (181,181,181) (179,179,179) (183,183,183) (175,175,175) (167,167,167) (181,181,181) (189,189,189) (187,187,187) (187,187,187) (179,179,179) (179,179,179) (189,189,189) (179,179,179) (193,193,193) (181,181,181) (191,191,191) (175,175,175) (165,165,165) (179,179,179) (191,191,191) (195,195,195) (189,189,189) (195,195,195) (199,199,199) (199,199,199) (201,201,201) (187,187,187) (191,191,191) (201,201,201) (199,199,199) (195,195,195) (189,189,189) (201,201,201) (203,203,203) (203,203,203) (197,197,197) (199,199,199) (203,203,203) (205,205,205) (203,203,203) (189,189,189) (197,197,197) (191,191,191) (199,199,199) (203,203,203) (205,205,205) (203,203,203) (201,201,201) (207,207,207) (205,205,205) (207,207,207) (207,207,207) (207,207,207) (217,217,217) (217,217,217) (207,207,207) (112,112,112) (118,118,118) (135,135,135) (149,149,149) (149,149,149) (153,153,153) (153,153,153) (159,159,159) (155,155,155) (153,153,153) (155,155,155) (149,149,149) (141,141,141) (135,135,135) (108,108,108) (96,96,96) (74,74,74) (40,40,40) (76,76,76) (185,185,185) (215,215,215) (215,215,215) (203,203,203) (173,173,173) (173,173,173) (205,205,205) (213,213,213) (213,213,213) (213,213,213) (211,211,211) (211,211,211) (207,207,207) (201,201,201) (195,195,195) (203,203,203) (205,205,205) (207,207,207) (213,213,213) (217,217,217) (225,225,225) (235,235,235) (223,223,223) (18,18,18) (38,38,38) (40,40,40) (54,54,54) (48,48,48) (56,56,56) (50,50,50) (42,42,42) (42,42,42) (40,40,40) (40,40,40) (44,44,44) (52,52,52) (44,44,44) (48,48,48) (44,44,44) (50,50,50) (50,50,50) (50,50,50) (44,44,44) (38,38,38) (42,42,42) (52,52,52) (84,84,84) (135,135,135) (153,153,153) (155,155,155) (149,149,149) (145,145,145) (143,143,143) (153,153,153) (157,157,157) (161,161,161) (159,159,159) (157,157,157) (157,157,157) (157,157,157) (159,159,159) (155,155,155) (157,157,157) (155,155,155) (157,157,157) (157,157,157) (157,157,157) (157,157,157) (159,159,159) (157,157,157) 
(94,94,94) (100,100,100) (98,98,98) (98,98,98) (98,98,98) (100,100,100) (98,98,98) (102,102,102) (100,100,100) (94,94,94) (94,94,94) (92,92,92) (100,100,100) (112,112,112) (131,131,131) (143,143,143) (147,147,147) (159,159,159) (163,163,163) (167,167,167) (167,167,167) (165,165,165) (167,167,167) (165,165,165) (163,163,163) (169,169,169) (161,161,161) (157,157,157) (149,149,149) (133,133,133) (112,112,112) (100,100,100) (84,84,84) (72,72,72) (80,80,80) (84,84,84) (88,88,88) (92,92,92) (92,92,92) (92,92,92) (98,98,98) (100,100,100) (102,102,102) (100,100,100) (96,96,96) (98,98,98) (100,100,100) (98,98,98) (102,102,102) (102,102,102) (102,102,102) (106,106,106) (104,104,104) (108,108,108) (112,112,112) (110,110,110) (112,112,112) (114,114,114) (112,112,112) (106,106,106) (102,102,102) (189,189,189) (211,211,211) (201,201,201) (159,159,159) (118,118,118) (104,104,104) (100,100,100) (104,104,104) (94,94,94) (108,108,108) (102,102,102) (102,102,102) (96,96,96) (116,116,116) (122,122,122) (116,116,116) (112,112,112) (126,126,126) (124,124,124) (122,122,122) (126,126,126) (118,118,118) (112,112,112) (131,131,131) (122,122,122) (108,108,108) (131,131,131) (131,131,131) (131,131,131) (151,151,151) (129,129,129) (133,133,133) (129,129,129) (96,96,96) (102,102,102) (151,151,151) (149,149,149) (155,155,155) (177,177,177) (167,167,167) (149,149,149) (161,161,161) (159,159,159) (163,163,163) (181,181,181) (173,173,173) (143,143,143) (161,161,161) (171,171,171) (189,189,189) (181,181,181) (179,179,179) (175,175,175) (181,181,181) (177,177,177) (187,187,187) (179,179,179) (193,193,193) (179,179,179) (185,185,185) (185,185,185) (175,175,175) (191,191,191) (177,177,177) (193,193,193) (169,169,169) (157,157,157) (191,191,191) (179,179,179) (195,195,195) (179,179,179) (191,191,191) (191,191,191) (199,199,199) (197,197,197) (195,195,195) (195,195,195) (195,195,195) (191,191,191) (197,197,197) (195,195,195) (201,201,201) (191,191,191) (199,199,199) (203,203,203) (199,199,199) (191,191,191) (181,181,181) (181,181,181) (175,175,175) (201,201,201) (197,197,197) (195,195,195) (205,205,205) (203,203,203) (203,203,203) (205,205,205) (197,197,197) (205,205,205) (205,205,205) (203,203,203) (205,205,205) (205,205,205) (211,211,211) (215,215,215) (215,215,215) (209,209,209) (153,153,153) (131,131,131) (147,147,147) (153,153,153) (153,153,153) (149,149,149) (157,157,157) (155,155,155) (153,153,153) (153,153,153) (145,145,145) (143,143,143) (124,124,124) (102,102,102) (80,80,80) (64,64,64) (159,159,159) (207,207,207) (219,219,219) (209,209,209) (183,183,183) (171,171,171) (189,189,189) (207,207,207) (215,215,215) (215,215,215) (211,211,211) (211,211,211) (207,207,207) (205,205,205) (201,201,201) (201,201,201) (205,205,205) (205,205,205) (205,205,205) (211,211,211) (215,215,215) (221,221,221) (225,225,225) (225,225,225) (227,227,227) (16,16,16) (36,36,36) (40,40,40) (54,54,54) (54,54,54) (56,56,56) (54,54,54) (56,56,56) (50,50,50) (50,50,50) (46,46,46) (46,46,46) (44,44,44) (42,42,42) (44,44,44) (52,52,52) (56,56,56) (54,54,54) (48,48,48) (40,40,40) (32,32,32) (36,36,36) (72,72,72) (120,120,120) (151,151,151) (155,155,155) (149,149,149) (145,145,145) (145,145,145) (149,149,149) (159,159,159) (161,161,161) (163,163,163) (159,159,159) (157,157,157) (161,161,161) (157,157,157) (155,155,155) (157,157,157) (161,161,161) (161,161,161) (155,155,155) (155,155,155) (151,151,151) (151,151,151) (155,155,155) (155,155,155) 
(98,98,98) (96,96,96) (98,98,98) (100,100,100) (98,98,98) (98,98,98) (98,98,98) (100,100,100) (96,96,96) (94,94,94) (92,92,92) (92,92,92) (102,102,102) (114,114,114) (131,131,131) (139,139,139) (149,149,149) (153,153,153) (163,163,163) (169,169,169) (167,167,167) (169,169,169) (165,165,165) (169,169,169) (173,173,173) (167,167,167) (163,163,163) (155,155,155) (143,143,143) (126,126,126) (114,114,114) (96,96,96) (84,84,84) (74,74,74) (80,80,80) (80,80,80) (88,88,88) (98,98,98) (94,94,94) (100,100,100) (104,104,104) (98,98,98) (102,102,102) (108,108,108) (108,108,108) (102,102,102) (100,100,100) (104,104,104) (102,102,102) (102,102,102) (106,106,106) (108,108,108) (110,110,110) (112,112,112) (108,108,108) (110,110,110) (118,118,118) (116,116,116) (110,110,110) (106,106,106) (96,96,96) (225,225,225) (201,201,201) (205,205,205) (147,147,147) (120,120,120) (108,108,108) (92,92,92) (96,96,96) (96,96,96) (102,102,102) (96,96,96) (108,108,108) (110,110,110) (114,114,114) (116,116,116) (114,114,114) (124,124,124) (110,110,110) (126,126,126) (129,129,129) (110,110,110) (114,114,114) (124,124,124) (120,120,120) (124,124,124) (131,131,131) (129,129,129) (129,129,129) (124,124,124) (116,116,116) (122,122,122) (118,118,118) (92,92,92) (96,96,96) (151,151,151) (167,167,167) (161,161,161) (157,157,157) (159,159,159) (165,165,165) (147,147,147) (145,145,145) (155,155,155) (181,181,181) (163,163,163) (147,147,147) (173,173,173) (171,171,171) (173,173,173) (171,171,171) (187,187,187) (173,173,173) (173,173,173) (189,189,189) (185,185,185) (167,167,167) (175,175,175) (181,181,181) (189,189,189) (177,177,177) (175,175,175) (183,183,183) (177,177,177) (193,193,193) (153,153,153) (169,169,169) (181,181,181) (183,183,183) (193,193,193) (191,191,191) (181,181,181) (181,181,181) (185,185,185) (191,191,191) (189,189,189) (197,197,197) (197,197,197) (197,197,197) (197,197,197) (199,199,199) (195,195,195) (195,195,195) (199,199,199) (193,193,193) (203,203,203) (205,205,205) (189,189,189) (153,153,153) (181,181,181) (197,197,197) (203,203,203) (201,201,201) (197,197,197) (199,199,199) (203,203,203) (197,197,197) (201,201,201) (201,201,201) (199,199,199) (201,201,201) (201,201,201) (201,201,201) (205,205,205) (203,203,203) (213,213,213) (209,209,209) (219,219,219) (215,215,215) (151,151,151) (141,141,141) (151,151,151) (153,153,153) (151,151,151) (153,153,153) (153,153,153) (151,151,151) (147,147,147) (141,141,141) (137,137,137) (116,116,116) (94,94,94) (96,96,96) (199,199,199) (217,217,217) (213,213,213) (191,191,191) (191,191,191) (177,177,177) (199,199,199) (207,207,207) (217,217,217) (211,211,211) (211,211,211) (207,207,207) (205,205,205) (205,205,205) (201,201,201) (201,201,201) (201,201,201) (203,203,203) (203,203,203) (207,207,207) (213,213,213) (215,215,215) (219,219,219) (225,225,225) (223,223,223) (225,225,225) (20,20,20) (40,40,40) (48,48,48) (50,50,50) (52,52,52) (50,50,50) (52,52,52) (48,48,48) (48,48,48) (50,50,50) (46,46,46) (52,52,52) (54,54,54) (48,48,48) (56,56,56) (56,56,56) (54,54,54) (58,58,58) (48,48,48) (34,34,34) (30,30,30) (46,46,46) (96,96,96) (141,141,141) (151,151,151) (151,151,151) (147,147,147) (143,143,143) (143,143,143) (153,153,153) (161,161,161) (159,159,159) (159,159,159) (157,157,157) (157,157,157) (155,155,155) (155,155,155) (159,159,159) (155,155,155) (153,153,153) (155,155,155) (157,157,157) (155,155,155) (155,155,155) (157,157,157) (153,153,153) (155,155,155) 
(98,98,98) (98,98,98) (100,100,100) (106,106,106) (100,100,100) (100,100,100) (98,98,98) (106,106,106) (100,100,100) (94,94,94) (92,92,92) (98,98,98) (100,100,100) (112,112,112) (129,129,129) (139,139,139) (153,153,153) (157,157,157) (161,161,161) (163,163,163) (169,169,169) (165,165,165) (169,169,169) (163,163,163) (171,171,171) (171,171,171) (163,163,163) (157,157,157) (149,149,149) (126,126,126) (116,116,116) (98,98,98) (86,86,86) (74,74,74) (78,78,78) (80,80,80) (82,82,82) (86,86,86) (94,94,94) (92,92,92) (98,98,98) (98,98,98) (98,98,98) (100,100,100) (102,102,102) (100,100,100) (106,106,106) (98,98,98) (100,100,100) (100,100,100) (100,100,100) (104,104,104) (114,114,114) (108,108,108) (110,110,110) (112,112,112) (108,108,108) (112,112,112) (114,114,114) (100,100,100) (88,88,88) (235,235,235) (213,213,213) (183,183,183) (116,116,116) (116,116,116) (116,116,116) (96,96,96) (88,88,88) (98,98,98) (100,100,100) (114,114,114) (112,112,112) (114,114,114) (102,102,102) (112,112,112) (106,106,106) (92,92,92) (124,124,124) (116,116,116) (104,104,104) (118,118,118) (126,126,126) (124,124,124) (129,129,129) (126,126,126) (124,124,124) (133,133,133) (112,112,112) (112,112,112) (122,122,122) (118,118,118) (98,98,98) (108,108,108) (157,157,157) (147,147,147) (153,153,153) (165,165,165) (159,159,159) (141,141,141) (143,143,143) (155,155,155) (149,149,149) (167,167,167) (145,145,145) (153,153,153) (169,169,169) (179,179,179) (171,171,171) (169,169,169) (173,173,173) (171,171,171) (191,191,191) (185,185,185) (169,169,169) (191,191,191) (173,173,173) (173,173,173) (175,175,175) (179,179,179) (185,185,185) (177,177,177) (179,179,179) (177,177,177) (147,147,147) (179,179,179) (183,183,183) (185,185,185) (179,179,179) (177,177,177) (191,191,191) (189,189,189) (185,185,185) (181,181,181) (187,187,187) (195,195,195) (187,187,187) (195,195,195) (195,195,195) (189,189,189) (199,199,199) (203,203,203) (197,197,197) (197,197,197) (197,197,197) (201,201,201) (175,175,175) (153,153,153) (177,177,177) (187,187,187) (189,189,189) (195,195,195) (199,199,199) (201,201,201) (201,201,201) (205,205,205) (201,201,201) (203,203,203) (203,203,203) (199,199,199) (197,197,197) (197,197,197) (195,195,195) (199,199,199) (203,203,203) (203,203,203) (209,209,209) (211,211,211) (213,213,213) (207,207,207) (141,141,141) (151,151,151) (155,155,155) (153,153,153) (151,151,151) (145,145,145) (151,151,151) (143,143,143) (139,139,139) (131,131,131) (122,122,122) (177,177,177) (213,213,213) (219,219,219) (203,203,203) (183,183,183) (187,187,187) (181,181,181) (201,201,201) (211,211,211) (213,213,213) (209,209,209) (209,209,209) (207,207,207) (201,201,201) (203,203,203) (203,203,203) (197,197,197) (199,199,199) (203,203,203) (203,203,203) (209,209,209) (209,209,209) (213,213,213) (219,219,219) (219,219,219) (223,223,223) (219,219,219) (207,207,207) (38,38,38) (44,44,44) (42,42,42) (50,50,50) (44,44,44) (48,48,48) (54,54,54) (54,54,54) (52,52,52) (56,56,56) (46,46,46) (42,42,42) (44,44,44) (48,48,48) (60,60,60) (54,54,54) (52,52,52) (52,52,52) (40,40,40) (30,30,30) (38,38,38) (88,88,88) (126,126,126) (149,149,149) (155,155,155) (155,155,155) (145,145,145) (143,143,143) (151,151,151) (159,159,159) (163,163,163) (159,159,159) (157,157,157) (157,157,157) (155,155,155) (159,159,159) (155,155,155) (153,153,153) (155,155,155) (155,155,155) (157,157,157) (155,155,155) (157,157,157) (151,151,151) (153,153,153) (153,153,153) (153,153,153) 
(102,102,102) (96,96,96) (96,96,96) (104,104,104) (104,104,104) (98,98,98) (100,100,100) (98,98,98) (96,96,96) (96,96,96) (98,98,98) (98,98,98) (104,104,104) (116,116,116) (131,131,131) (139,139,139) (149,149,149) (157,157,157) (159,159,159) (161,161,161) (163,163,163) (167,167,167) (171,171,171) (169,169,169) (165,165,165) (167,167,167) (161,161,161) (155,155,155) (147,147,147) (135,135,135) (118,118,118) (102,102,102) (78,78,78) (74,74,74) (78,78,78) (82,82,82) (88,88,88) (92,92,92) (90,90,90) (102,102,102) (104,104,104) (102,102,102) (102,102,102) (102,102,102) (102,102,102) (106,106,106) (94,94,94) (106,106,106) (104,104,104) (100,100,100) (102,102,102) (100,100,100) (106,106,106) (108,108,108) (104,104,104) (110,110,110) (108,108,108) (110,110,110) (104,104,104) (98,98,98) (88,88,88) (227,227,227) (201,201,201) (155,155,155) (139,139,139) (122,122,122) (110,110,110) (100,100,100) (98,98,98) (102,102,102) (108,108,108) (108,108,108) (106,106,106) (96,96,96) (110,110,110) (102,102,102) (102,102,102) (114,114,114) (116,116,116) (116,116,116) (120,120,120) (120,120,120) (122,122,122) (124,124,124) (126,126,126) (129,129,129) (124,124,124) (112,112,112) (124,124,124) (124,124,124) (116,116,116) (108,108,108) (112,112,112) (149,149,149) (151,151,151) (169,169,169) (153,153,153) (155,155,155) (151,151,151) (141,141,141) (139,139,139) (145,145,145) (179,179,179) (137,137,137) (145,145,145) (167,167,167) (173,173,173) (173,173,173) (173,173,173) (177,177,177) (177,177,177) (185,185,185) (165,165,165) (173,173,173) (175,175,175) (167,167,167) (183,183,183) (177,177,177) (175,175,175) (181,181,181) (171,171,171) (193,193,193) (173,173,173) (153,153,153) (171,171,171) (177,177,177) (191,191,191) (183,183,183) (185,185,185) (179,179,179) (183,183,183) (191,191,191) (191,191,191) (187,187,187) (185,185,185) (193,193,193) (189,189,189) (185,185,185) (193,193,193) (185,185,185) (197,197,197) (197,197,197) (203,203,203) (203,203,203) (199,199,199) (183,183,183) (153,153,153) (179,179,179) (193,193,193) (191,191,191) (193,193,193) (195,195,195) (199,199,199) (199,199,199) (201,201,201) (199,199,199) (201,201,201) (199,199,199) (201,201,201) (197,197,197) (199,199,199) (197,197,197) (199,199,199) (193,193,193) (197,197,197) (201,201,201) (199,199,199) (205,205,205) (207,207,207) (213,213,213) (165,165,165) (151,151,151) (153,153,153) (147,147,147) (151,151,151) (143,143,143) (145,145,145) (141,141,141) (135,135,135) (195,195,195) (209,209,209) (217,217,217) (209,209,209) (183,183,183) (189,189,189) (183,183,183) (185,185,185) (199,199,199) (211,211,211) (213,213,213) (211,211,211) (207,207,207) (205,205,205) (201,201,201) (203,203,203) (203,203,203) (199,199,199) (201,201,201) (203,203,203) (203,203,203) (207,207,207) (209,209,209) (211,211,211) (215,215,215) (217,217,217) (221,221,221) (225,225,225) (223,223,223) (155,155,155) (38,38,38) (40,40,40) (54,54,54) (58,58,58) (48,48,48) (48,48,48) (52,52,52) (48,48,48) (48,48,48) (54,54,54) (38,38,38) (42,42,42) (42,42,42) (44,44,44) (50,50,50) (56,56,56) (46,46,46) (40,40,40) (44,44,44) (38,38,38) (66,66,66) (114,114,114) (139,139,139) (155,155,155) (155,155,155) (147,147,147) (143,143,143) (151,151,151) (155,155,155) (161,161,161) (161,161,161) (159,159,159) (163,163,163) (159,159,159) (157,157,157) (157,157,157) (157,157,157) (157,157,157) (157,157,157) (159,159,159) (157,157,157) (153,153,153) (155,155,155) (153,153,153) (153,153,153) (155,155,155) (155,155,155) 
(100,100,100) (96,96,96) (104,104,104) (102,102,102) (100,100,100) (104,104,104) (100,100,100) (98,98,98) (102,102,102) (100,100,100) (98,98,98) (104,104,104) (110,110,110) (122,122,122) (131,131,131) (143,143,143) (153,153,153) (155,155,155) (157,157,157) (165,165,165) (165,165,165) (169,169,169) (177,177,177) (171,171,171) (169,169,169) (173,173,173) (169,169,169) (153,153,153) (149,149,149) (129,129,129) (118,118,118) (96,96,96) (78,78,78) (80,80,80) (80,80,80) (84,84,84) (84,84,84) (98,98,98) (98,98,98) (92,92,92) (98,98,98) (96,96,96) (100,100,100) (100,100,100) (104,104,104) (100,100,100) (94,94,94) (104,104,104) (100,100,100) (100,100,100) (100,100,100) (102,102,102) (108,108,108) (106,106,106) (106,106,106) (108,108,108) (108,108,108) (110,110,110) (106,106,106) (94,94,94) (120,120,120) (219,219,219) (205,205,205) (161,161,161) (135,135,135) (120,120,120) (120,120,120) (100,100,100) (98,98,98) (106,106,106) (100,100,100) (104,104,104) (90,90,90) (116,116,116) (90,90,90) (106,106,106) (116,116,116) (112,112,112) (122,122,122) (112,112,112) (102,102,102) (120,120,120) (124,124,124) (129,129,129) (133,133,133) (116,116,116) (106,106,106) (122,122,122) (118,118,118) (116,116,116) (118,118,118) (116,116,116) (147,147,147) (139,139,139) (153,153,153) (155,155,155) (161,161,161) (141,141,141) (147,147,147) (151,151,151) (165,165,165) (131,131,131) (122,122,122) (163,163,163) (163,163,163) (157,157,157) (165,165,165) (171,171,171) (177,177,177) (185,185,185) (177,177,177) (171,171,171) (167,167,167) (163,163,163) (161,161,161) (173,173,173) (173,173,173) (195,195,195) (189,189,189) (173,173,173) (177,177,177) (153,153,153) (161,161,161) (179,179,179) (181,181,181) (179,179,179) (171,171,171) (187,187,187) (187,187,187) (181,181,181) (181,181,181) (177,177,177) (171,171,171) (187,187,187) (181,181,181) (173,173,173) (179,179,179) (193,193,193) (193,193,193) (193,193,193) (191,191,191) (203,203,203) (201,201,201) (197,197,197) (161,161,161) (175,175,175) (189,189,189) (191,191,191) (191,191,191) (187,187,187) (193,193,193) (193,193,193) (197,197,197) (193,193,193) (195,195,195) (195,195,195) (189,189,189) (199,199,199) (195,195,195) (197,197,197) (199,199,199) (197,197,197) (195,195,195) (197,197,197) (185,185,185) (197,197,197) (195,195,195) (197,197,197) (205,205,205) (209,209,209) (203,203,203) (151,151,151) (151,151,151) (151,151,151) (149,149,149) (141,141,141) (141,141,141) (155,155,155) (195,195,195) (213,213,213) (209,209,209) (191,191,191) (175,175,175) (199,199,199) (179,179,179) (199,199,199) (207,207,207) (211,211,211) (211,211,211) (207,207,207) (205,205,205) (201,201,201) (201,201,201) (199,199,199) (199,199,199) (201,201,201) (203,203,203) (203,203,203) (203,203,203) (203,203,203) (209,209,209) (213,213,213) (215,215,215) (213,213,213) (219,219,219) (221,221,221) (223,223,223) (221,221,221) (96,96,96) (42,42,42) (38,38,38) (48,48,48) (52,52,52) (56,56,56) (46,46,46) (50,50,50) (46,46,46) (56,56,56) (50,50,50) (40,40,40) (42,42,42) (44,44,44) (44,44,44) (52,52,52) (54,54,54) (54,54,54) (50,50,50) (48,48,48) (56,56,56) (98,98,98) (135,135,135) (153,153,153) (153,153,153) (149,149,149) (147,147,147) (143,143,143) (151,151,151) (157,157,157) (159,159,159) (161,161,161) (161,161,161) (155,155,155) (159,159,159) (157,157,157) (157,157,157) (157,157,157) (153,153,153) (155,155,155) (155,155,155) (155,155,155) (159,159,159) (155,155,155) (155,155,155) (149,149,149) (155,155,155) (153,153,153) 
(102,102,102) (102,102,102) (98,98,98) (94,94,94) (96,96,96) (96,96,96) (98,98,98) (94,94,94) (104,104,104) (94,94,94) (96,96,96) (104,104,104) (112,112,112) (118,118,118) (133,133,133) (143,143,143) (151,151,151) (155,155,155) (163,163,163) (165,165,165) (165,165,165) (169,169,169) (171,171,171) (173,173,173) (169,169,169) (167,167,167) (167,167,167) (161,161,161) (147,147,147) (135,135,135) (116,116,116) (96,96,96) (74,74,74) (76,76,76) (72,72,72) (90,90,90) (88,88,88) (98,98,98) (96,96,96) (102,102,102) (104,104,104) (98,98,98) (98,98,98) (102,102,102) (100,100,100) (102,102,102) (106,106,106) (102,102,102) (102,102,102) (106,106,106) (94,94,94) (104,104,104) (104,104,104) (108,108,108) (106,106,106) (110,110,110) (104,104,104) (102,102,102) (94,94,94) (100,100,100) (157,157,157) (213,213,213) (199,199,199) (157,157,157) (133,133,133) (129,129,129) (116,116,116) (102,102,102) (108,108,108) (102,102,102) (108,108,108) (100,100,100) (108,108,108) (90,90,90) (110,110,110) (110,110,110) (96,96,96) (112,112,112) (100,100,100) (108,108,108) (122,122,122) (118,118,118) (120,120,120) (116,116,116) (112,112,112) (110,110,110) (122,122,122) (124,124,124) (116,116,116) (112,112,112) (126,126,126) (151,151,151) (145,145,145) (147,147,147) (149,149,149) (149,149,149) (141,141,141) (143,143,143) (143,143,143) (161,161,161) (129,129,129) (124,124,124) (161,161,161) (165,165,165) (163,163,163) (163,163,163) (155,155,155) (177,177,177) (179,179,179) (165,165,165) (173,173,173) (169,169,169) (165,165,165) (167,167,167) (173,173,173) (167,167,167) (189,189,189) (175,175,175) (189,189,189) (177,177,177) (151,151,151) (163,163,163) (179,179,179) (183,183,183) (173,173,173) (171,171,171) (177,177,177) (171,171,171) (185,185,185) (183,183,183) (171,171,171) (179,179,179) (179,179,179) (165,165,165) (183,183,183) (181,181,181) (175,175,175) (179,179,179) (193,193,193) (195,195,195) (187,187,187) (179,179,179) (175,175,175) (171,171,171) (175,175,175) (187,187,187) (187,187,187) (191,191,191) (183,183,183) (181,181,181) (181,181,181) (183,183,183) (195,195,195) (189,189,189) (197,197,197) (195,195,195) (197,197,197) (185,185,185) (193,193,193) (191,191,191) (187,187,187) (195,195,195) (199,199,199) (195,195,195) (191,191,191) (189,189,189) (191,191,191) (187,187,187) (195,195,195) (199,199,199) (203,203,203) (147,147,147) (151,151,151) (151,151,151) (149,149,149) (147,147,147) (199,199,199) (201,201,201) (215,215,215) (203,203,203) (179,179,179) (199,199,199) (183,183,183) (183,183,183) (203,203,203) (213,213,213) (209,209,209) (205,205,205) (203,203,203) (201,201,201) (201,201,201) (199,199,199) (201,201,201) (199,199,199) (203,203,203) (203,203,203) (203,203,203) (205,205,205) (201,201,201) (205,205,205) (207,207,207) (211,211,211) (211,211,211) (215,215,215) (219,219,219) (223,223,223) (221,221,221) (229,229,229) (44,44,44) (40,40,40) (46,46,46) (48,48,48) (56,56,56) (56,56,56) (48,48,48) (54,54,54) (46,46,46) (46,46,46) (42,42,42) (40,40,40) (42,42,42) (54,54,54) (50,50,50) (54,54,54) (50,50,50) (60,60,60) (56,56,56) (64,64,64) (76,76,76) (120,120,120) (143,143,143) (151,151,151) (149,149,149) (147,147,147) (145,145,145) (151,151,151) (159,159,159) (161,161,161) (161,161,161) (161,161,161) (159,159,159) (155,155,155) (159,159,159) (155,155,155) (155,155,155) (161,161,161) (161,161,161) (159,159,159) (153,153,153) (151,151,151) (153,153,153) (159,159,159) (153,153,153) (153,153,153) (153,153,153) (151,151,151) 
(102,102,102) (98,98,98) (96,96,96) (100,100,100) (98,98,98) (96,96,96) (100,100,100) (102,102,102) (108,108,108) (100,100,100) (94,94,94) (102,102,102) (110,110,110) (116,116,116) (129,129,129) (143,143,143) (155,155,155) (163,163,163) (165,165,165) (165,165,165) (173,173,173) (175,175,175) (173,173,173) (167,167,167) (179,179,179) (173,173,173) (171,171,171) (159,159,159) (147,147,147) (135,135,135) (116,116,116) (94,94,94) (76,76,76) (78,78,78) (80,80,80) (84,84,84) (92,92,92) (88,88,88) (96,96,96) (94,94,94) (100,100,100) (100,100,100) (100,100,100) (102,102,102) (98,98,98) (102,102,102) (100,100,100) (100,100,100) (96,96,96) (96,96,96) (102,102,102) (104,104,104) (104,104,104) (110,110,110) (108,108,108) (108,108,108) (104,104,104) (102,102,102) (96,96,96) (88,88,88) (231,231,231) (211,211,211) (183,183,183) (155,155,155) (139,139,139) (122,122,122) (122,122,122) (96,96,96) (102,102,102) (102,102,102) (104,104,104) (110,110,110) (108,108,108) (112,112,112) (98,98,98) (106,106,106) (114,114,114) (112,112,112) (118,118,118) (112,112,112) (114,114,114) (133,133,133) (112,112,112) (114,114,114) (122,122,122) (126,126,126) (129,129,129) (122,122,122) (112,112,112) (122,122,122) (151,151,151) (151,151,151) (149,149,149) (155,155,155) (143,143,143) (137,137,137) (139,139,139) (145,145,145) (169,169,169) (114,114,114) (131,131,131) (155,155,155) (155,155,155) (157,157,157) (161,161,161) (159,159,159) (175,175,175) (157,157,157) (171,171,171) (173,173,173) (167,167,167) (171,171,171) (159,159,159) (163,163,163) (181,181,181) (183,183,183) (157,157,157) (189,189,189) (163,163,163) (153,153,153) (157,157,157) (173,173,173) (185,185,185) (175,175,175) (173,173,173) (175,175,175) (173,173,173) (179,179,179) (177,177,177) (171,171,171) (183,183,183) (169,169,169) (191,191,191) (181,181,181) (169,169,169) (185,185,185) (187,187,187) (187,187,187) (191,191,191) (165,165,165) (155,155,155) (171,171,171) (179,179,179) (179,179,179) (189,189,189) (189,189,189) (161,161,161) (175,175,175) (179,179,179) (189,189,189) (187,187,187) (191,191,191) (199,199,199) (189,189,189) (193,193,193) (199,199,199) (195,195,195) (191,191,191) (185,185,185) (189,189,189) (189,189,189) (187,187,187) (193,193,193) (191,191,191) (191,191,191) (179,179,179) (189,189,189) (185,185,185) (191,191,191) (191,191,191) (201,201,201) (189,189,189) (143,143,143) (147,147,147) (167,167,167) (201,201,201) (203,203,203) (205,205,205) (191,191,191) (197,197,197) (197,197,197) (181,181,181) (199,199,199) (205,205,205) (213,213,213) (207,207,207) (203,203,203) (205,205,205) (199,199,199) (201,201,201) (199,199,199) (201,201,201) (201,201,201) (203,203,203) (203,203,203) (205,205,205) (205,205,205) (203,203,203) (203,203,203) (201,201,201) (201,201,201) (211,211,211) (211,211,211) (215,215,215) (219,219,219) (221,221,221) (221,221,221) (229,229,229) (34,34,34) (48,48,48) (44,44,44) (48,48,48) (48,48,48) (52,52,52) (52,52,52) (52,52,52) (50,50,50) (50,50,50) (46,46,46) (40,40,40) (46,46,46) (52,52,52) (50,50,50) (52,52,52) (56,56,56) (58,58,58) (58,58,58) (70,70,70) (100,100,100) (133,133,133) (151,151,151) (149,149,149) (147,147,147) (143,143,143) (151,151,151) (153,153,153) (159,159,159) (161,161,161) (157,157,157) (159,159,159) (155,155,155) (159,159,159) (159,159,159) (155,155,155) (155,155,155) (155,155,155) (159,159,159) (155,155,155) (153,153,153) (153,153,153) (153,153,153) (157,157,157) (153,153,153) (151,151,151) (155,155,155) (153,153,153) 
(100,100,100) (102,102,102) (102,102,102) (98,98,98) (100,100,100) (100,100,100) (102,102,102) (98,98,98) (100,100,100) (98,98,98) (104,104,104) (98,98,98) (108,108,108) (116,116,116) (133,133,133) (143,143,143) (149,149,149) (161,161,161) (167,167,167) (165,165,165) (171,171,171) (169,169,169) (167,167,167) (171,171,171) (173,173,173) (173,173,173) (169,169,169) (163,163,163) (145,145,145) (139,139,139) (116,116,116) (102,102,102) (82,82,82) (76,76,76) (74,74,74) (84,84,84) (86,86,86) (90,90,90) (88,88,88) (92,92,92) (100,100,100) (102,102,102) (100,100,100) (102,102,102) (98,98,98) (98,98,98) (98,98,98) (98,98,98) (100,100,100) (98,98,98) (102,102,102) (100,100,100) (100,100,100) (104,104,104) (106,106,106) (102,102,102) (104,104,104) (98,98,98) (90,90,90) (78,78,78) (225,225,225) (211,211,211) (183,183,183) (183,183,183) (135,135,135) (137,137,137) (129,129,129) (118,118,118) (100,100,100) (100,100,100) (104,104,104) (104,104,104) (106,106,106) (102,102,102) (110,110,110) (118,118,118) (100,100,100) (122,122,122) (108,108,108) (106,106,106) (129,129,129) (112,112,112) (108,108,108) (124,124,124) (120,120,120) (129,129,129) (126,126,126) (106,106,106) (114,114,114) (141,141,141) (143,143,143) (143,143,143) (153,153,153) (153,153,153) (135,135,135) (131,131,131) (151,151,151) (165,165,165) (112,112,112) (135,135,135) (149,149,149) (147,147,147) (165,165,165) (157,157,157) (157,157,157) (173,173,173) (159,159,159) (149,149,149) (153,153,153) (157,157,157) (171,171,171) (175,175,175) (179,179,179) (173,173,173) (163,163,163) (181,181,181) (177,177,177) (145,145,145) (149,149,149) (167,167,167) (183,183,183) (175,175,175) (167,167,167) (175,175,175) (177,177,177) (177,177,177) (179,179,179) (167,167,167) (177,177,177) (177,177,177) (169,169,169) (183,183,183) (171,171,171) (183,183,183) (185,185,185) (187,187,187) (193,193,193) (189,189,189) (183,183,183) (169,169,169) (177,177,177) (187,187,187) (189,189,189) (187,187,187) (191,191,191) (187,187,187) (175,175,175) (183,183,183) (191,191,191) (191,191,191) (197,197,197) (187,187,187) (199,199,199) (189,189,189) (191,191,191) (191,191,191) (187,187,187) (179,179,179) (185,185,185) (187,187,187) (187,187,187) (191,191,191) (183,183,183) (189,189,189) (183,183,183) (181,181,181) (187,187,187) (187,187,187) (185,185,185) (187,187,187) (191,191,191) (199,199,199) (161,161,161) (197,197,197) (211,211,211) (211,211,211) (191,191,191) (173,173,173) (191,191,191) (177,177,177) (201,201,201) (207,207,207) (207,207,207) (205,205,205) (205,205,205) (205,205,205) (203,203,203) (201,201,201) (201,201,201) (199,199,199) (199,199,199) (203,203,203) (203,203,203) (205,205,205) (203,203,203) (207,207,207) (205,205,205) (205,205,205) (201,201,201) (197,197,197) (203,203,203) (211,211,211) (211,211,211) (215,215,215) (223,223,223) (221,221,221) (223,223,223) (233,233,233) (12,12,12) (42,42,42) (48,48,48) (48,48,48) (44,44,44) (50,50,50) (48,48,48) (48,48,48) (54,54,54) (44,44,44) (46,46,46) (42,42,42) (44,44,44) (48,48,48) (50,50,50) (54,54,54) (64,64,64) (62,62,62) (68,68,68) (94,94,94) (129,129,129) (149,149,149) (151,151,151) (149,149,149) (145,145,145) (145,145,145) (151,151,151) (157,157,157) (163,163,163) (161,161,161) (159,159,159) (159,159,159) (159,159,159) (161,161,161) (155,155,155) (155,155,155) (157,157,157) (153,153,153) (157,157,157) (153,153,153) (151,151,151) (157,157,157) (155,155,155) (153,153,153) (151,151,151) (151,151,151) (157,157,157) (151,151,151) 
(100,100,100) (100,100,100) (100,100,100) (102,102,102) (96,96,96) (96,96,96) (96,96,96) (94,94,94) (102,102,102) (98,98,98) (94,94,94) (102,102,102) (110,110,110) (118,118,118) (131,131,131) (143,143,143) (159,159,159) (157,157,157) (169,169,169) (171,171,171) (171,171,171) (169,169,169) (175,175,175) (173,173,173) (175,175,175) (171,171,171) (171,171,171) (159,159,159) (149,149,149) (135,135,135) (116,116,116) (96,96,96) (82,82,82) (76,76,76) (76,76,76) (78,78,78) (88,88,88) (90,90,90) (94,94,94) (96,96,96) (94,94,94) (98,98,98) (100,100,100) (104,104,104) (96,96,96) (96,96,96) (98,98,98) (94,94,94) (100,100,100) (102,102,102) (94,94,94) (98,98,98) (96,96,96) (106,106,106) (108,108,108) (102,102,102) (104,104,104) (96,96,96) (94,94,94) (92,92,92) (221,221,221) (209,209,209) (181,181,181) (155,155,155) (147,147,147) (137,137,137) (118,118,118) (108,108,108) (98,98,98) (106,106,106) (114,114,114) (104,104,104) (98,98,98) (104,104,104) (108,108,108) (104,104,104) (114,114,114) (116,116,116) (122,122,122) (116,116,116) (118,118,118) (112,112,112) (118,118,118) (126,126,126) (122,122,122) (116,116,116) (106,106,106) (116,116,116) (149,149,149) (147,147,147) (143,143,143) (153,153,153) (151,151,151) (141,141,141) (143,143,143) (147,147,147) (131,131,131) (116,116,116) (139,139,139) (143,143,143) (151,151,151) (153,153,153) (143,143,143) (169,169,169) (169,169,169) (153,153,153) (161,161,161) (161,161,161) (159,159,159) (167,167,167) (161,161,161) (183,183,183) (183,183,183) (187,187,187) (159,159,159) (163,163,163) (159,159,159) (153,153,153) (183,183,183) (181,181,181) (169,169,169) (177,177,177) (175,175,175) (167,167,167) (165,165,165) (185,185,185) (173,173,173) (171,171,171) (177,177,177) (169,169,169) (167,167,167) (175,175,175) (181,181,181) (175,175,175) (193,193,193) (197,197,197) (185,185,185) (171,171,171) (181,181,181) (183,183,183) (181,181,181) (181,181,181) (179,179,179) (185,185,185) (187,187,187) (187,187,187) (187,187,187) (185,185,185) (187,187,187) (193,193,193) (189,189,189) (187,187,187) (185,185,185) (191,191,191) (185,185,185) (177,177,177) (185,185,185) (183,183,183) (185,185,185) (185,185,185) (185,185,185) (187,187,187) (179,179,179) (187,187,187) (177,177,177) (179,179,179) (173,173,173) (183,183,183) (179,179,179) (187,187,187) (185,185,185) (193,193,193) (197,197,197) (205,205,205) (199,199,199) (183,183,183) (199,199,199) (191,191,191) (201,201,201) (199,199,199) (207,207,207) (207,207,207) (203,203,203) (203,203,203) (203,203,203) (201,201,201) (199,199,199) (201,201,201) (197,197,197) (195,195,195) (201,201,201) (201,201,201) (201,201,201) (205,205,205) (203,203,203) (203,203,203) (205,205,205) (201,201,201) (193,193,193) (199,199,199) (207,207,207) (209,209,209) (209,209,209) (211,211,211) (221,221,221) (223,223,223) (223,223,223) (187,187,187) (40,40,40) (36,36,36) (48,48,48) (44,44,44) (54,54,54) (44,44,44) (50,50,50) (50,50,50) (54,54,54) (52,52,52) (38,38,38) (40,40,40) (54,54,54) (60,60,60) (46,46,46) (58,58,58) (66,66,66) (64,64,64) (84,84,84) (112,112,112) (143,143,143) (155,155,155) (151,151,151) (147,147,147) (145,145,145) (149,149,149) (155,155,155) (159,159,159) (159,159,159) (159,159,159) (161,161,161) (159,159,159) (159,159,159) (161,161,161) (159,159,159) (155,155,155) (155,155,155) (157,157,157) (157,157,157) (159,159,159) (155,155,155) (153,153,153) (153,153,153) (157,157,157) (155,155,155) (157,157,157) (159,159,159) (155,155,155) 
(106,106,106) (96,96,96) (98,98,98) (100,100,100) (94,94,94) (94,94,94) (96,96,96) (94,94,94) (96,96,96) (102,102,102) (102,102,102) (102,102,102) (106,106,106) (118,118,118) (129,129,129) (141,141,141) (155,155,155) (163,163,163) (165,165,165) (171,171,171) (171,171,171) (171,171,171) (177,177,177) (173,173,173) (171,171,171) (169,169,169) (167,167,167) (159,159,159) (147,147,147) (133,133,133) (114,114,114) (94,94,94) (82,82,82) (74,74,74) (74,74,74) (78,78,78) (86,86,86) (88,88,88) (98,98,98) (92,92,92) (98,98,98) (94,94,94) (100,100,100) (100,100,100) (100,100,100) (98,98,98) (96,96,96) (98,98,98) (98,98,98) (98,98,98) (106,106,106) (104,104,104) (102,102,102) (106,106,106) (106,106,106) (104,104,104) (100,100,100) (96,96,96) (90,90,90) (100,100,100) (227,227,227) (203,203,203) (171,171,171) (191,191,191) (141,141,141) (155,155,155) (124,124,124) (124,124,124) (124,124,124) (116,116,116) (110,110,110) (98,98,98) (114,114,114) (98,98,98) (110,110,110) (116,116,116) (114,114,114) (118,118,118) (112,112,112) (114,114,114) (122,122,122) (118,118,118) (122,122,122) (126,126,126) (120,120,120) (108,108,108) (114,114,114) (149,149,149) (143,143,143) (151,151,151) (143,143,143) (141,141,141) (133,133,133) (141,141,141) (157,157,157) (139,139,139) (120,120,120) (137,137,137) (141,141,141) (147,147,147) (143,143,143) (151,151,151) (157,157,157) (145,145,145) (163,163,163) (149,149,149) (149,149,149) (163,163,163) (167,167,167) (169,169,169) (179,179,179) (157,157,157) (171,171,171) (179,179,179) (171,171,171) (143,143,143) (167,167,167) (167,167,167) (179,179,179) (181,181,181) (169,169,169) (165,165,165) (177,177,177) (179,179,179) (171,171,171) (163,163,163) (179,179,179) (173,173,173) (179,179,179) (173,173,173) (171,171,171) (167,167,167) (167,167,167) (183,183,183) (179,179,179) (173,173,173) (183,183,183) (181,181,181) (181,181,181) (183,183,183) (181,181,181) (187,187,187) (177,177,177) (177,177,177) (179,179,179) (189,189,189) (191,191,191) (193,193,193) (183,183,183) (189,189,189) (191,191,191) (189,189,189) (185,185,185) (177,177,177) (183,183,183) (183,183,183) (167,167,167) (177,177,177) (185,185,185) (187,187,187) (185,185,185) (173,173,173) (183,183,183) (175,175,175) (183,183,183) (169,169,169) (163,163,163) (167,167,167) (179,179,179) (185,185,185) (193,193,193) (205,205,205) (197,197,197) (167,167,167) (187,187,187) (201,201,201) (193,193,193) (195,195,195) (207,207,207) (211,211,211) (209,209,209) (205,205,205) (197,197,197) (197,197,197) (201,201,201) (199,199,199) (199,199,199) (199,199,199) (199,199,199) (199,199,199) (199,199,199) (201,201,201) (201,201,201) (203,203,203) (205,205,205) (205,205,205) (205,205,205) (187,187,187) (187,187,187) (197,197,197) (203,203,203) (211,211,211) (209,209,209) (211,211,211) (219,219,219) (221,221,221) (217,217,217) (98,98,98) (40,40,40) (36,36,36) (42,42,42) (46,46,46) (46,46,46) (42,42,42) (52,52,52) (46,46,46) (44,44,44) (42,42,42) (38,38,38) (48,48,48) (48,48,48) (56,56,56) (54,54,54) (58,58,58) (54,54,54) (82,82,82) (108,108,108) (137,137,137) (147,147,147) (151,151,151) (143,143,143) (141,141,141) (145,145,145) (155,155,155) (159,159,159) (157,157,157) (163,163,163) (159,159,159) (159,159,159) (159,159,159) (159,159,159) (159,159,159) (155,155,155) (155,155,155) (157,157,157) (157,157,157) (161,161,161) (153,153,153) (155,155,155) (155,155,155) (153,153,153) (155,155,155) (155,155,155) (153,153,153) (157,157,157) (153,153,153) 
(102,102,102) (96,96,96) (94,94,94) (104,104,104) (102,102,102) (100,100,100) (96,96,96) (96,96,96) (96,96,96) (96,96,96) (102,102,102) (98,98,98) (106,106,106) (116,116,116) (129,129,129) (151,151,151) (151,151,151) (157,157,157) (171,171,171) (169,169,169) (173,173,173) (175,175,175) (175,175,175) (171,171,171) (175,175,175) (171,171,171) (169,169,169) (161,161,161) (147,147,147) (133,133,133) (114,114,114) (102,102,102) (80,80,80) (72,72,72) (76,76,76) (86,86,86) (86,86,86) (88,88,88) (90,90,90) (96,96,96) (100,100,100) (94,94,94) (98,98,98) (96,96,96) (98,98,98) (98,98,98) (98,98,98) (96,96,96) (100,100,100) (94,94,94) (100,100,100) (102,102,102) (100,100,100) (104,104,104) (110,110,110) (102,102,102) (104,104,104) (100,100,100) (90,90,90) (112,112,112) (217,217,217) (201,201,201) (193,193,193) (153,153,153) (157,157,157) (141,141,141) (137,137,137) (131,131,131) (124,124,124) (114,114,114) (112,112,112) (120,120,120) (104,104,104) (110,110,110) (96,96,96) (110,110,110) (110,110,110) (96,96,96) (102,102,102) (118,118,118) (112,112,112) (124,124,124) (129,129,129) (114,114,114) (114,114,114) (118,118,118) (137,137,137) (139,139,139) (149,149,149) (147,147,147) (145,145,145) (133,133,133) (139,139,139) (153,153,153) (159,159,159) (122,122,122) (137,137,137) (151,151,151) (149,149,149) (153,153,153) (151,151,151) (157,157,157) (159,159,159) (131,131,131) (137,137,137) (159,159,159) (147,147,147) (169,169,169) (179,179,179) (177,177,177) (167,167,167) (177,177,177) (157,157,157) (145,145,145) (151,151,151) (167,167,167) (177,177,177) (179,179,179) (161,161,161) (161,161,161) (179,179,179) (165,165,165) (175,175,175) (173,173,173) (185,185,185) (173,173,173) (165,165,165) (179,179,179) (173,173,173) (173,173,173) (173,173,173) (169,169,169) (175,175,175) (163,163,163) (173,173,173) (179,179,179) (177,177,177) (187,187,187) (189,189,189) (185,185,185) (177,177,177) (183,183,183) (179,179,179) (171,171,171) (179,179,179) (187,187,187) (185,185,185) (195,195,195) (189,189,189) (183,183,183) (187,187,187) (185,185,185) (177,177,177) (185,185,185) (177,177,177) (163,163,163) (183,183,183) (173,173,173) (185,185,185) (183,183,183) (185,185,185) (179,179,179) (177,177,177) (167,167,167) (175,175,175) (159,159,159) (163,163,163) (175,175,175) (199,199,199) (207,207,207) (191,191,191) (171,171,171) (181,181,181) (191,191,191) (197,197,197) (195,195,195) (201,201,201) (207,207,207) (209,209,209) (207,207,207) (205,205,205) (199,199,199) (189,189,189) (199,199,199) (201,201,201) (197,197,197) (201,201,201) (199,199,199) (195,195,195) (201,201,201) (201,201,201) (203,203,203) (201,201,201) (205,205,205) (203,203,203) (207,207,207) (189,189,189) (181,181,181) (171,171,171) (191,191,191) (193,193,193) (205,205,205) (207,207,207) (211,211,211) (217,217,217) (217,217,217) (231,231,231) (30,30,30) (34,34,34) (42,42,42) (44,44,44) (54,54,54) (46,46,46) (52,52,52) (54,54,54) (58,58,58) (50,50,50) (44,44,44) (46,46,46) (46,46,46) (56,56,56) (60,60,60) (52,52,52) (42,42,42) (52,52,52) (72,72,72) (120,120,120) (145,145,145) (151,151,151) (151,151,151) (147,147,147) (143,143,143) (149,149,149) (155,155,155) (159,159,159) (161,161,161) (163,163,163) (163,163,163) (161,161,161) (161,161,161) (157,157,157) (161,161,161) (157,157,157) (157,157,157) (155,155,155) (161,161,161) (159,159,159) (159,159,159) (157,157,157) (157,157,157) (157,157,157) (157,157,157) (157,157,157) (157,157,157) (159,159,159) (155,155,155) 
(98,98,98) (96,96,96) (98,98,98) (104,104,104) (108,108,108) (98,98,98) (96,96,96) (98,98,98) (96,96,96) (96,96,96) (96,96,96) (96,96,96) (102,102,102) (114,114,114) (129,129,129) (141,141,141) (151,151,151) (159,159,159) (165,165,165) (165,165,165) (173,173,173) (169,169,169) (173,173,173) (173,173,173) (173,173,173) (171,171,171) (167,167,167) (163,163,163) (149,149,149) (137,137,137) (120,120,120) (98,98,98) (80,80,80) (78,78,78) (76,76,76) (78,78,78) (86,86,86) (92,92,92) (96,96,96) (96,96,96) (96,96,96) (100,100,100) (96,96,96) (100,100,100) (98,98,98) (98,98,98) (98,98,98) (98,98,98) (100,100,100) (102,102,102) (98,98,98) (98,98,98) (102,102,102) (102,102,102) (104,104,104) (106,106,106) (100,100,100) (98,98,98) (90,90,90) (139,139,139) (217,217,217) (199,199,199) (177,177,177) (179,179,179) (139,139,139) (139,139,139) (139,139,139) (137,137,137) (120,120,120) (133,133,133) (116,116,116) (106,106,106) (100,100,100) (104,104,104) (104,104,104) (112,112,112) (106,106,106) (114,114,114) (106,106,106) (118,118,118) (114,114,114) (112,112,112) (106,106,106) (110,110,110) (122,122,122) (135,135,135) (145,145,145) (141,141,141) (149,149,149) (147,147,147) (129,129,129) (141,141,141) (151,151,151) (143,143,143) (108,108,108) (137,137,137) (145,145,145) (153,153,153) (147,147,147) (147,147,147) (153,153,153) (153,153,153) (137,137,137) (129,129,129) (145,145,145) (143,143,143) (161,161,161) (165,165,165) (159,159,159) (179,179,179) (169,169,169) (167,167,167) (153,153,153) (139,139,139) (171,171,171) (181,181,181) (175,175,175) (177,177,177) (169,169,169) (159,159,159) (163,163,163) (181,181,181) (173,173,173) (173,173,173) (177,177,177) (183,183,183) (173,173,173) (175,175,175) (175,175,175) (173,173,173) (171,171,171) (171,171,171) (155,155,155) (175,175,175) (173,173,173) (173,173,173) (185,185,185) (181,181,181) (173,173,173) (167,167,167) (177,177,177) (183,183,183) (187,187,187) (181,181,181) (173,173,173) (181,181,181) (187,187,187) (191,191,191) (191,191,191) (189,189,189) (181,181,181) (175,175,175) (183,183,183) (179,179,179) (185,185,185) (179,179,179) (167,167,167) (183,183,183) (163,163,163) (183,183,183) (181,181,181) (181,181,181) (163,163,163) (167,167,167) (153,153,153) (155,155,155) (191,191,191) (205,205,205) (193,193,193) (181,181,181) (171,171,171) (185,185,185) (197,197,197) (199,199,199) (201,201,201) (209,209,209) (205,205,205) (207,207,207) (203,203,203) (205,205,205) (197,197,197) (195,195,195) (199,199,199) (201,201,201) (199,199,199) (201,201,201) (199,199,199) (199,199,199) (199,199,199) (201,201,201) (205,205,205) (201,201,201) (205,205,205) (203,203,203) (207,207,207) (199,199,199) (165,165,165) (165,165,165) (165,165,165) (179,179,179) (193,193,193) (209,209,209) (199,199,199) (209,209,209) (219,219,219) (211,211,211) (213,213,213) (42,42,42) (42,42,42) (42,42,42) (46,46,46) (44,44,44) (42,42,42) (52,52,52) (48,48,48) (64,64,64) (50,50,50) (42,42,42) (54,54,54) (50,50,50) (52,52,52) (60,60,60) (52,52,52) (42,42,42) (52,52,52) (96,96,96) (133,133,133) (159,159,159) (151,151,151) (149,149,149) (143,143,143) (151,151,151) (155,155,155) (161,161,161) (159,159,159) (159,159,159) (159,159,159) (161,161,161) (159,159,159) (159,159,159) (165,165,165) (159,159,159) (161,161,161) (159,159,159) (159,159,159) (155,155,155) (161,161,161) (157,157,157) (157,157,157) (159,159,159) (157,157,157) (157,157,157) (157,157,157) (157,157,157) (159,159,159) (155,155,155) 
(94,94,94) (100,100,100) (104,104,104) (98,98,98) (96,96,96) (98,98,98) (98,98,98) (100,100,100) (94,94,94) (98,98,98) (98,98,98) (96,96,96) (104,104,104) (116,116,116) (126,126,126) (143,143,143) (151,151,151) (159,159,159) (167,167,167) (169,169,169) (173,173,173) (171,171,171) (175,175,175) (171,171,171) (171,171,171) (171,171,171) (171,171,171) (157,157,157) (149,149,149) (137,137,137) (118,118,118) (100,100,100) (86,86,86) (82,82,82) (80,80,80) (84,84,84) (92,92,92) (92,92,92) (94,94,94) (90,90,90) (92,92,92) (102,102,102) (100,100,100) (100,100,100) (102,102,102) (96,96,96) (98,98,98) (102,102,102) (96,96,96) (100,100,100) (100,100,100) (98,98,98) (104,104,104) (102,102,102) (106,106,106) (106,106,106) (100,100,100) (98,98,98) (90,90,90) (147,147,147) (219,219,219) (193,193,193) (189,189,189) (157,157,157) (183,183,183) (149,149,149) (141,141,141) (149,149,149) (126,126,126) (126,126,126) (118,118,118) (112,112,112) (104,104,104) (110,110,110) (100,100,100) (100,100,100) (116,116,116) (114,114,114) (110,110,110) (129,129,129) (114,114,114) (102,102,102) (100,100,100) (110,110,110) (149,149,149) (145,145,145) (135,135,135) (145,145,145) (147,147,147) (133,133,133) (149,149,149) (141,141,141) (147,147,147) (110,110,110) (131,131,131) (145,145,145) (151,151,151) (143,143,143) (149,149,149) (151,151,151) (153,153,153) (151,151,151) (137,137,137) (143,143,143) (151,151,151) (157,157,157) (137,137,137) (169,169,169) (155,155,155) (149,149,149) (173,173,173) (141,141,141) (157,157,157) (171,171,171) (175,175,175) (171,171,171) (171,171,171) (165,165,165) (171,171,171) (165,165,165) (167,167,167) (161,161,161) (179,179,179) (177,177,177) (173,173,173) (171,171,171) (177,177,177) (169,169,169) (159,159,159) (153,153,153) (165,165,165) (179,179,179) (165,165,165) (165,165,165) (165,165,165) (179,179,179) (163,163,163) (171,171,171) (163,163,163) (173,173,173) (183,183,183) (177,177,177) (187,187,187) (189,189,189) (187,187,187) (175,175,175) (183,183,183) (189,189,189) (183,183,183) (177,177,177) (181,181,181) (175,175,175) (179,179,179) (183,183,183) (177,177,177) (191,191,191) (185,185,185) (165,165,165) (171,171,171) (171,171,171) (177,177,177) (169,169,169) (157,157,157) (159,159,159) (191,191,191) (207,207,207) (201,201,201) (179,179,179) (175,175,175) (195,195,195) (191,191,191) (195,195,195) (197,197,197) (205,205,205) (207,207,207) (203,203,203) (201,201,201) (199,199,199) (201,201,201) (199,199,199) (199,199,199) (197,197,197) (199,199,199) (201,201,201) (199,199,199) (199,199,199) (201,201,201) (201,201,201) (199,199,199) (201,201,201) (205,205,205) (205,205,205) (205,205,205) (203,203,203) (205,205,205) (171,171,171) (159,159,159) (161,161,161) (159,159,159) (175,175,175) (201,201,201) (169,169,169) (187,187,187) (201,201,201) (209,209,209) (213,213,213) (74,74,74) (38,38,38) (42,42,42) (42,42,42) (44,44,44) (52,52,52) (46,46,46) (48,48,48) (48,48,48) (46,46,46) (42,42,42) (44,44,44) (46,46,46) (46,46,46) (42,42,42) (48,48,48) (56,56,56) (48,48,48) (70,70,70) (118,118,118) (145,145,145) (153,153,153) (149,149,149) (147,147,147) (147,147,147) (155,155,155) (159,159,159) (161,161,161) (163,163,163) (163,163,163) (161,161,161) (159,159,159) (161,161,161) (157,157,157) (161,161,161) (159,159,159) (159,159,159) (155,155,155) (157,157,157) (153,153,153) (159,159,159) (155,155,155) (159,159,159) (153,153,153) (157,157,157) (155,155,155) (155,155,155) (155,155,155) (153,153,153) (155,155,155) 
(96,96,96) (96,96,96) (92,92,92) (100,100,100) (96,96,96) (92,92,92) (94,94,94) (98,98,98) (98,98,98) (98,98,98) (98,98,98) (96,96,96) (104,104,104) (118,118,118) (133,133,133) (147,147,147) (153,153,153) (163,163,163) (169,169,169) (171,171,171) (173,173,173) (169,169,169) (173,173,173) (173,173,173) (167,167,167) (173,173,173) (167,167,167) (157,157,157) (149,149,149) (133,133,133) (118,118,118) (94,94,94) (80,80,80) (78,78,78) (76,76,76) (84,84,84) (88,88,88) (92,92,92) (96,96,96) (90,90,90) (98,98,98) (98,98,98) (106,106,106) (100,100,100) (94,94,94) (102,102,102) (98,98,98) (100,100,100) (98,98,98) (100,100,100) (100,100,100) (100,100,100) (100,100,100) (104,104,104) (102,102,102) (102,102,102) (102,102,102) (100,100,100) (90,90,90) (153,153,153) (215,215,215) (199,199,199) (171,171,171) (177,177,177) (149,149,149) (169,169,169) (129,129,129) (149,149,149) (129,129,129) (135,135,135) (126,126,126) (122,122,122) (116,116,116) (98,98,98) (82,82,82) (114,114,114) (108,108,108) (106,106,106) (120,120,120) (120,120,120) (120,120,120) (102,102,102) (114,114,114) (143,143,143) (143,143,143) (143,143,143) (141,141,141) (133,133,133) (135,135,135) (141,141,141) (161,161,161) (106,106,106) (110,110,110) (120,120,120) (151,151,151) (147,147,147) (151,151,151) (149,149,149) (147,147,147) (151,151,151) (131,131,131) (157,157,157) (145,145,145) (153,153,153) (159,159,159) (151,151,151) (139,139,139) (141,141,141) (167,167,167) (151,151,151) (135,135,135) (165,165,165) (171,171,171) (175,175,175) (175,175,175) (163,163,163) (163,163,163) (165,165,165) (175,175,175) (167,167,167) (169,169,169) (171,171,171) (159,159,159) (169,169,169) (177,177,177) (167,167,167) (157,157,157) (165,165,165) (169,169,169) (161,161,161) (163,163,163) (155,155,155) (173,173,173) (175,175,175) (165,165,165) (157,157,157) (161,161,161) (173,173,173) (179,179,179) (171,171,171) (169,169,169) (179,179,179) (173,173,173) (185,185,185) (187,187,187) (183,183,183) (171,171,171) (179,179,179) (179,179,179) (175,175,175) (177,177,177) (171,171,171) (167,167,167) (185,185,185) (179,179,179) (179,179,179) (175,175,175) (159,159,159) (173,173,173) (151,151,151) (161,161,161) (157,157,157) (173,173,173) (203,203,203) (201,201,201) (189,189,189) (167,167,167) (193,193,193) (193,193,193) (191,191,191) (193,193,193) (207,207,207) (203,203,203) (199,199,199) (201,201,201) (199,199,199) (193,193,193) (191,191,191) (193,193,193) (195,195,195) (199,199,199) (195,195,195) (197,197,197) (197,197,197) (201,201,201) (201,201,201) (197,197,197) (203,203,203) (203,203,203) (203,203,203) (203,203,203) (207,207,207) (207,207,207) (203,203,203) (187,187,187) (159,159,159) (155,155,155) (155,155,155) (165,165,165) (189,189,189) (135,135,135) (147,147,147) (179,179,179) (195,195,195) (207,207,207) (235,235,235) (24,24,24) (38,38,38) (44,44,44) (64,64,64) (46,46,46) (54,54,54) (50,50,50) (62,62,62) (48,48,48) (42,42,42) (40,40,40) (46,46,46) (52,52,52) (40,40,40) (40,40,40) (52,52,52) (76,76,76) (78,78,78) (106,106,106) (137,137,137) (149,149,149) (151,151,151) (147,147,147) (141,141,141) (149,149,149) (157,157,157) (157,157,157) (157,157,157) (159,159,159) (161,161,161) (161,161,161) (157,157,157) (159,159,159) (161,161,161) (155,155,155) (161,161,161) (157,157,157) (157,157,157) (159,159,159) (153,153,153) (159,159,159) (157,157,157) (159,159,159) (159,159,159) (159,159,159) (159,159,159) (155,155,155) (157,157,157) (159,159,159) (155,155,155) 
(100,100,100) (100,100,100) (96,96,96) (106,106,106) (92,92,92) (94,94,94) (96,96,96) (94,94,94) (96,96,96) (96,96,96) (100,100,100) (96,96,96) (100,100,100) (118,118,118) (133,133,133) (147,147,147) (157,157,157) (163,163,163) (167,167,167) (173,173,173) (171,171,171) (173,173,173) (173,173,173) (173,173,173) (165,165,165) (167,167,167) (163,163,163) (161,161,161) (147,147,147) (133,133,133) (116,116,116) (96,96,96) (88,88,88) (80,80,80) (78,78,78) (80,80,80) (84,84,84) (94,94,94) (96,96,96) (96,96,96) (104,104,104) (100,100,100) (94,94,94) (102,102,102) (100,100,100) (98,98,98) (100,100,100) (98,98,98) (96,96,96) (100,100,100) (100,100,100) (102,102,102) (102,102,102) (98,98,98) (108,108,108) (94,94,94) (100,100,100) (94,94,94) (84,84,84) (143,143,143) (213,213,213) (179,179,179) (195,195,195) (153,153,153) (167,167,167) (151,151,151) (163,163,163) (135,135,135) (139,139,139) (129,129,129) (141,141,141) (122,122,122) (104,104,104) (100,100,100) (108,108,108) (86,86,86) (98,98,98) (116,116,116) (110,110,110) (112,112,112) (104,104,104) (114,114,114) (143,143,143) (133,133,133) (137,137,137) (137,137,137) (139,139,139) (133,133,133) (139,139,139) (153,153,153) (129,129,129) (114,114,114) (124,124,124) (139,139,139) (139,139,139) (151,151,151) (151,151,151) (155,155,155) (141,141,141) (139,139,139) (145,145,145) (143,143,143) (159,159,159) (149,149,149) (137,137,137) (151,151,151) (153,153,153) (143,143,143) (145,145,145) (145,145,145) (155,155,155) (167,167,167) (171,171,171) (169,169,169) (173,173,173) (167,167,167) (163,163,163) (161,161,161) (163,163,163) (171,171,171) (167,167,167) (171,171,171) (171,171,171) (155,155,155) (161,161,161) (175,175,175) (161,161,161) (159,159,159) (167,167,167) (167,167,167) (167,167,167) (171,171,171) (159,159,159) (151,151,151) (157,157,157) (161,161,161) (165,165,165) (169,169,169) (177,177,177) (175,175,175) (173,173,173) (165,165,165) (171,171,171) (173,173,173) (187,187,187) (179,179,179) (179,179,179) (169,169,169) (177,177,177) (175,175,175) (175,175,175) (167,167,167) (165,165,165) (163,163,163) (183,183,183) (183,183,183) (173,173,173) (171,171,171) (149,149,149) (151,151,151) (167,167,167) (193,193,193) (199,199,199) (187,187,187) (167,167,167) (191,191,191) (195,195,195) (191,191,191) (195,195,195) (205,205,205) (207,207,207) (201,201,201) (199,199,199) (197,197,197) (197,197,197) (193,193,193) (191,191,191) (193,193,193) (189,189,189) (191,191,191) (195,195,195) (197,197,197) (201,201,201) (199,199,199) (203,203,203) (201,201,201) (199,199,199) (201,201,201) (201,201,201) (207,207,207) (201,201,201) (207,207,207) (201,201,201) (211,211,211) (163,163,163) (155,155,155) (157,157,157) (171,171,171) (189,189,189) (137,137,137) (131,131,131) (155,155,155) (183,183,183) (193,193,193) (209,209,209) (159,159,159) (38,38,38) (46,46,46) (38,38,38) (46,46,46) (52,52,52) (74,74,74) (52,52,52) (50,50,50) (46,46,46) (42,42,42) (44,44,44) (46,46,46) (54,54,54) (44,44,44) (46,46,46) (60,60,60) (84,84,84) (96,96,96) (124,124,124) (149,149,149) (149,149,149) (147,147,147) (143,143,143) (145,145,145) (155,155,155) (159,159,159) (159,159,159) (161,161,161) (161,161,161) (157,157,157) (155,155,155) (159,159,159) (159,159,159) (161,161,161) (161,161,161) (157,157,157) (157,157,157) (155,155,155) (157,157,157) (159,159,159) (151,151,151) (157,157,157) (159,159,159) (157,157,157) (157,157,157) (159,159,159) (157,157,157) (153,153,153) (157,157,157) (159,159,159) 
(98,98,98) (94,94,94) (90,90,90) (94,94,94) (94,94,94) (96,96,96) (94,94,94) (90,90,90) (94,94,94) (94,94,94) (94,94,94) (98,98,98) (100,100,100) (120,120,120) (135,135,135) (145,145,145) (151,151,151) (161,161,161) (171,171,171) (167,167,167) (171,171,171) (171,171,171) (173,173,173) (167,167,167) (169,169,169) (167,167,167) (165,165,165) (159,159,159) (149,149,149) (133,133,133) (118,118,118) (104,104,104) (88,88,88) (76,76,76) (82,82,82) (80,80,80) (86,86,86) (90,90,90) (94,94,94) (96,96,96) (96,96,96) (96,96,96) (102,102,102) (100,100,100) (98,98,98) (106,106,106) (92,92,92) (102,102,102) (98,98,98) (96,96,96) (96,96,96) (102,102,102) (102,102,102) (102,102,102) (104,104,104) (96,96,96) (96,96,96) (92,92,92) (88,88,88) (175,175,175) (201,201,201) (195,195,195) (169,169,169) (175,175,175) (149,149,149) (173,173,173) (139,139,139) (145,145,145) (122,122,122) (153,153,153) (135,135,135) (118,118,118) (98,98,98) (102,102,102) (90,90,90) (94,94,94) (104,104,104) (106,106,106) (108,108,108) (92,92,92) (116,116,116) (147,147,147) (141,141,141) (137,137,137) (135,135,135) (139,139,139) (129,129,129) (143,143,143) (141,141,141) (120,120,120) (118,118,118) (122,122,122) (147,147,147) (141,141,141) (137,137,137) (145,145,145) (153,153,153) (133,133,133) (147,147,147) (137,137,137) (141,141,141) (157,157,157) (120,120,120) (149,149,149) (151,151,151) (161,161,161) (155,155,155) (145,145,145) (135,135,135) (163,163,163) (173,173,173) (157,157,157) (153,153,153) (167,167,167) (155,155,155) (165,165,165) (169,169,169) (177,177,177) (161,161,161) (171,171,171) (165,165,165) (165,165,165) (163,163,163) (161,161,161) (159,159,159) (155,155,155) (173,173,173) (169,169,169) (163,163,163) (165,165,165) (167,167,167) (155,155,155) (141,141,141) (169,169,169) (169,169,169) (167,167,167) (175,175,175) (169,169,169) (167,167,167) (179,179,179) (179,179,179) (163,163,163) (175,175,175) (165,165,165) (173,173,173) (183,183,183) (179,179,179) (173,173,173) (167,167,167) (167,167,167) (175,175,175) (171,171,171) (163,163,163) (171,171,171) (169,169,169) (173,173,173) (165,165,165) (151,151,151) (143,143,143) (185,185,185) (199,199,199) (203,203,203) (163,163,163) (179,179,179) (191,191,191) (179,179,179) (195,195,195) (205,205,205) (209,209,209) (203,203,203) (199,199,199) (199,199,199) (197,197,197) (185,185,185) (189,189,189) (193,193,193) (195,195,195) (195,195,195) (193,193,193) (197,197,197) (197,197,197) (199,199,199) (201,201,201) (203,203,203) (199,199,199) (201,201,201) (201,201,201) (199,199,199) (203,203,203) (209,209,209) (207,207,207) (207,207,207) (209,209,209) (175,175,175) (147,147,147) (161,161,161) (163,163,163) (185,185,185) (143,143,143) (129,129,129) (143,143,143) (169,169,169) (177,177,177) (197,197,197) (223,223,223) (32,32,32) (42,42,42) (40,40,40) (44,44,44) (42,42,42) (48,48,48) (70,70,70) (52,52,52) (44,44,44) (38,38,38) (42,42,42) (46,46,46) (52,52,52) (52,52,52) (44,44,44) (52,52,52) (64,64,64) (84,84,84) (112,112,112) (151,151,151) (153,153,153) (147,147,147) (149,149,149) (143,143,143) (149,149,149) (157,157,157) (157,157,157) (159,159,159) (161,161,161) (161,161,161) (165,165,165) (159,159,159) (159,159,159) (157,157,157) (157,157,157) (157,157,157) (161,161,161) (157,157,157) (161,161,161) (161,161,161) (157,157,157) (155,155,155) (155,155,155) (155,155,155) (155,155,155) (159,159,159) (159,159,159) (159,159,159) (155,155,155) (161,161,161) (159,159,159) 
(96,96,96) (106,106,106) (94,94,94) (94,94,94) (94,94,94) (100,100,100) (98,98,98) (90,90,90) (92,92,92) (94,94,94) (90,90,90) (100,100,100) (106,106,106) (118,118,118) (131,131,131) (143,143,143) (157,157,157) (159,159,159) (167,167,167) (167,167,167) (171,171,171) (173,173,173) (171,171,171) (173,173,173) (169,169,169) (171,171,171) (169,169,169) (159,159,159) (151,151,151) (141,141,141) (118,118,118) (102,102,102) (84,84,84) (78,78,78) (80,80,80) (84,84,84) (92,92,92) (96,96,96) (96,96,96) (96,96,96) (98,98,98) (100,100,100) (96,96,96) (98,98,98) (96,96,96) (94,94,94) (94,94,94) (98,98,98) (98,98,98) (98,98,98) (100,100,100) (98,98,98) (104,104,104) (92,92,92) (94,94,94) (96,96,96) (92,92,92) (88,88,88) (80,80,80) (219,219,219) (203,203,203) (171,171,171) (185,185,185) (161,161,161) (169,169,169) (143,143,143) (151,151,151) (147,147,147) (145,145,145) (120,120,120) (153,153,153) (114,114,114) (116,116,116) (100,100,100) (108,108,108) (108,108,108) (110,110,110) (108,108,108) (108,108,108) (114,114,114) (137,137,137) (141,141,141) (135,135,135) (135,135,135) (133,133,133) (120,120,120) (139,139,139) (143,143,143) (108,108,108) (129,129,129) (118,118,118) (137,137,137) (143,143,143) (143,143,143) (141,141,141) (139,139,139) (145,145,145) (137,137,137) (143,143,143) (147,147,147) (137,137,137) (141,141,141) (129,129,129) (151,151,151) (155,155,155) (153,153,153) (149,149,149) (141,141,141) (159,159,159) (155,155,155) (155,155,155) (165,165,165) (157,157,157) (143,143,143) (157,157,157) (159,159,159) (157,157,157) (179,179,179) (159,159,159) (153,153,153) (155,155,155) (157,157,157) (163,163,163) (165,165,165) (165,165,165) (165,165,165) (157,157,157) (175,175,175) (171,171,171) (135,135,135) (153,153,153) (163,163,163) (173,173,173) (163,163,163) (161,161,161) (167,167,167) (153,153,153) (169,169,169) (171,171,171) (169,169,169) (173,173,173) (173,173,173) (161,161,161) (175,175,175) (165,165,165) (169,169,169) (169,169,169) (167,167,167) (173,173,173) (163,163,163) (167,167,167) (173,173,173) (161,161,161) (167,167,167) (153,153,153) (151,151,151) (163,163,163) (175,175,175) (193,193,193) (199,199,199) (173,173,173) (167,167,167) (187,187,187) (187,187,187) (195,195,195) (199,199,199) (203,203,203) (207,207,207) (201,201,201) (199,199,199) (197,197,197) (191,191,191) (191,191,191) (195,195,195) (193,193,193) (193,193,193) (193,193,193) (191,191,191) (199,199,199) (197,197,197) (199,199,199) (199,199,199) (203,203,203) (201,201,201) (199,199,199) (201,201,201) (203,203,203) (203,203,203) (205,205,205) (207,207,207) (207,207,207) (211,211,211) (213,213,213) (153,153,153) (157,157,157) (169,169,169) (185,185,185) (139,139,139) (137,137,137) (155,155,155) (169,169,169) (171,171,171) (173,173,173) (205,205,205) (233,233,233) (20,20,20) (38,38,38) (40,40,40) (40,40,40) (48,48,48) (50,50,50) (50,50,50) (46,46,46) (38,38,38) (38,38,38) (46,46,46) (52,52,52) (52,52,52) (46,46,46) (48,48,48) (56,56,56) (80,80,80) (96,96,96) (129,129,129) (153,153,153) (151,151,151) (145,145,145) (143,143,143) (147,147,147) (151,151,151) (159,159,159) (159,159,159) (157,157,157) (161,161,161) (157,157,157) (159,159,159) (159,159,159) (155,155,155) (159,159,159) (159,159,159) (157,157,157) (161,161,161) (159,159,159) (161,161,161) (159,159,159) (155,155,155) (157,157,157) (157,157,157) (157,157,157) (157,157,157) (159,159,159) (155,155,155) (157,157,157) (159,159,159) (157,157,157) (161,161,161) 
(94,94,94) (98,98,98) (94,94,94) (96,96,96) (92,92,92) (94,94,94) (102,102,102) (94,94,94) (90,90,90) (96,96,96) (94,94,94) (100,100,100) (104,104,104) (116,116,116) (135,135,135) (143,143,143) (155,155,155) (161,161,161) (165,165,165) (171,171,171) (169,169,169) (173,173,173) (167,167,167) (171,171,171) (171,171,171) (171,171,171) (171,171,171) (157,157,157) (147,147,147) (139,139,139) (120,120,120) (98,98,98) (88,88,88) (76,76,76) (84,84,84) (84,84,84) (92,92,92) (92,92,92) (94,94,94) (104,104,104) (98,98,98) (98,98,98) (98,98,98) (100,100,100) (102,102,102) (98,98,98) (96,96,96) (102,102,102) (96,96,96) (100,100,100) (102,102,102) (96,96,96) (102,102,102) (98,98,98) (100,100,100) (96,96,96) (92,92,92) (90,90,90) (78,78,78) (223,223,223) (191,191,191) (193,193,193) (179,179,179) (185,185,185) (159,159,159) (147,147,147) (153,153,153) (165,165,165) (126,126,126) (149,149,149) (141,141,141) (131,131,131) (114,114,114) (116,116,116) (110,110,110) (104,104,104) (104,104,104) (96,96,96) (129,129,129) (137,137,137) (145,145,145) (139,139,139) (139,139,139) (133,133,133) (131,131,131) (137,137,137) (141,141,141) (106,106,106) (124,124,124) (120,120,120) (143,143,143) (147,147,147) (137,137,137) (149,149,149) (153,153,153) (133,133,133) (137,137,137) (139,139,139) (147,147,147) (118,118,118) (133,133,133) (145,145,145) (157,157,157) (145,145,145) (151,151,151) (126,126,126) (133,133,133) (159,159,159) (163,163,163) (165,165,165) (151,151,151) (153,153,153) (155,155,155) (163,163,163) (149,149,149) (153,153,153) (157,157,157) (155,155,155) (159,159,159) (149,149,149) (163,163,163) (159,159,159) (165,165,165) (159,159,159) (167,167,167) (169,169,169) (155,155,155) (147,147,147) (145,145,145) (149,149,149) (167,167,167) (179,179,179) (159,159,159) (165,165,165) (173,173,173) (169,169,169) (163,163,163) (157,157,157) (169,169,169) (165,165,165) (179,179,179) (159,159,159) (173,173,173) (157,157,157) (169,169,169) (161,161,161) (155,155,155) (161,161,161) (173,173,173) (167,167,167) (155,155,155) (173,173,173) (163,163,163) (145,145,145) (155,155,155) (153,153,153) (177,177,177) (201,201,201) (179,179,179) (171,171,171) (187,187,187) (171,171,171) (195,195,195) (195,195,195) (203,203,203) (201,201,201) (199,199,199) (197,197,197) (197,197,197) (191,191,191) (191,191,191) (187,187,187) (191,191,191) (195,195,195) (195,195,195) (195,195,195) (197,197,197) (197,197,197) (197,197,197) (197,197,197) (203,203,203) (201,201,201) (203,203,203) (199,199,199) (201,201,201) (203,203,203) (205,205,205) (205,205,205) (207,207,207) (209,209,209) (209,209,209) (207,207,207) (155,155,155) (151,151,151) (157,157,157) (181,181,181) (155,155,155) (143,143,143) (165,165,165) (169,169,169) (169,169,169) (151,151,151) (191,191,191) (217,217,217) (161,161,161) (40,40,40) (46,46,46) (44,44,44) (44,44,44) (48,48,48) (46,46,46) (52,52,52) (42,42,42) (64,64,64) (42,42,42) (46,46,46) (54,54,54) (46,46,46) (52,52,52) (50,50,50) (66,66,66) (74,74,74) (122,122,122) (149,149,149) (157,157,157) (153,153,153) (145,145,145) (147,147,147) (151,151,151) (155,155,155) (157,157,157) (157,157,157) (161,161,161) (159,159,159) (159,159,159) (155,155,155) (157,157,157) (161,161,161) (157,157,157) (157,157,157) (155,155,155) (157,157,157) (155,155,155) (159,159,159) (157,157,157) (155,155,155) (155,155,155) (157,157,157) (159,159,159) (157,157,157) (159,159,159) (153,153,153) (157,157,157) (157,157,157) (157,157,157) (159,159,159) 
(98,98,98) (96,96,96) (98,98,98) (98,98,98) (90,90,90) (94,94,94) (92,92,92) (96,96,96) (90,90,90) (96,96,96) (96,96,96) (98,98,98) (110,110,110) (126,126,126) (139,139,139) (145,145,145) (155,155,155) (159,159,159) (165,165,165) (167,167,167) (173,173,173) (173,173,173) (169,169,169) (171,171,171) (175,175,175) (169,169,169) (169,169,169) (163,163,163) (147,147,147) (137,137,137) (120,120,120) (102,102,102) (78,78,78) (72,72,72) (80,80,80) (86,86,86) (90,90,90) (90,90,90) (94,94,94) (96,96,96) (102,102,102) (100,100,100) (94,94,94) (96,96,96) (98,98,98) (98,98,98) (98,98,98) (94,94,94) (94,94,94) (98,98,98) (96,96,96) (98,98,98) (100,100,100) (96,96,96) (100,100,100) (92,92,92) (88,88,88) (84,84,84) (68,68,68) (247,247,247) (201,201,201) (181,181,181) (189,189,189) (173,173,173) (169,169,169) (167,167,167) (157,157,157) (153,153,153) (165,165,165) (135,135,135) (147,147,147) (120,120,120) (122,122,122) (110,110,110) (108,108,108) (106,106,106) (90,90,90) (110,110,110) (137,137,137) (122,122,122) (137,137,137) (137,137,137) (131,131,131) (137,137,137) (139,139,139) (145,145,145) (108,108,108) (124,124,124) (118,118,118) (135,135,135) (147,147,147) (143,143,143) (147,147,147) (145,145,145) (145,145,145) (137,137,137) (147,147,147) (133,133,133) (112,112,112) (129,129,129) (141,141,141) (149,149,149) (153,153,153) (153,153,153) (137,137,137) (145,145,145) (161,161,161) (155,155,155) (161,161,161) (153,153,153) (163,163,163) (145,145,145) (147,147,147) (171,171,171) (167,167,167) (147,147,147) (151,151,151) (157,157,157) (149,149,149) (135,135,135) (151,151,151) (155,155,155) (163,163,163) (171,171,171) (157,157,157) (143,143,143) (157,157,157) (153,153,153) (169,169,169) (163,163,163) (157,157,157) (159,159,159) (163,163,163) (163,163,163) (161,161,161) (167,167,167) (163,163,163) (169,169,169) (155,155,155) (173,173,173) (153,153,153) (169,169,169) (161,161,161) (171,171,171) (151,151,151) (163,163,163) (165,165,165) (157,157,157) (159,159,159) (163,163,163) (155,155,155) (159,159,159) (155,155,155) (145,145,145) (181,181,181) (195,195,195) (191,191,191) (171,171,171) (181,181,181) (171,171,171) (189,189,189) (199,199,199) (201,201,201) (197,197,197) (193,193,193) (189,189,189) (189,189,189) (183,183,183) (181,181,181) (185,185,185) (191,191,191) (189,189,189) (193,193,193) (197,197,197) (199,199,199) (197,197,197) (197,197,197) (197,197,197) (201,201,201) (203,203,203) (203,203,203) (203,203,203) (203,203,203) (201,201,201) (201,201,201) (201,201,201) (205,205,205) (209,209,209) (209,209,209) (209,209,209) (209,209,209) (203,203,203) (147,147,147) (157,157,157) (177,177,177) (139,139,139) (145,145,145) (167,167,167) (171,171,171) (137,137,137) (133,133,133) (163,163,163) (209,209,209) (235,235,235) (22,22,22) (40,40,40) (42,42,42) (42,42,42) (46,46,46) (50,50,50) (48,48,48) (50,50,50) (52,52,52) (40,40,40) (70,70,70) (54,54,54) (52,52,52) (52,52,52) (50,50,50) (68,68,68) (68,68,68) (102,102,102) (143,143,143) (153,153,153) (151,151,151) (149,149,149) (139,139,139) (143,143,143) (151,151,151) (159,159,159) (159,159,159) (161,161,161) (161,161,161) (159,159,159) (155,155,155) (157,157,157) (159,159,159) (153,153,153) (157,157,157) (159,159,159) (157,157,157) (161,161,161) (155,155,155) (157,157,157) (155,155,155) (157,157,157) (155,155,155) (155,155,155) (157,157,157) (157,157,157) (151,151,151) (155,155,155) (157,157,157) (153,153,153) (155,155,155) (155,155,155) 
(94,94,94) (94,94,94) (92,92,92) (98,98,98) (100,100,100) (92,92,92) (92,92,92) (94,94,94) (98,98,98) (94,94,94) (98,98,98) (100,100,100) (108,108,108) (120,120,120) (135,135,135) (147,147,147) (155,155,155) (161,161,161) (169,169,169) (167,167,167) (169,169,169) (171,171,171) (173,173,173) (177,177,177) (173,173,173) (171,171,171) (165,165,165) (163,163,163) (153,153,153) (141,141,141) (124,124,124) (98,98,98) (84,84,84) (74,74,74) (80,80,80) (82,82,82) (84,84,84) (92,92,92) (94,94,94) (92,92,92) (94,94,94) (96,96,96) (94,94,94) (98,98,98) (94,94,94) (92,92,92) (96,96,96) (102,102,102) (102,102,102) (100,100,100) (98,98,98) (92,92,92) (98,98,98) (102,102,102) (98,98,98) (92,92,92) (94,94,94) (82,82,82) (70,70,70) (231,231,231) (201,201,201) (209,209,209) (183,183,183) (191,191,191) (175,175,175) (177,177,177) (167,167,167) (169,169,169) (145,145,145) (129,129,129) (155,155,155) (139,139,139) (129,129,129) (108,108,108) (106,106,106) (90,90,90) (104,104,104) (137,137,137) (141,141,141) (133,133,133) (122,122,122) (135,135,135) (126,126,126) (135,135,135) (139,139,139) (110,110,110) (129,129,129) (120,120,120) (141,141,141) (147,147,147) (135,135,135) (137,137,137) (145,145,145) (141,141,141) (135,135,135) (149,149,149) (120,120,120) (120,120,120) (135,135,135) (135,135,135) (153,153,153) (151,151,151) (135,135,135) (143,143,143) (137,137,137) (151,151,151) (165,165,165) (159,159,159) (155,155,155) (153,153,153) (159,159,159) (147,147,147) (153,153,153) (145,145,145) (155,155,155) (161,161,161) (161,161,161) (139,139,139) (141,141,141) (135,135,135) (124,124,124) (124,124,124) (102,102,102) (78,78,78) (110,110,110) (171,171,171) (159,159,159) (165,165,165) (165,165,165) (165,165,165) (159,159,159) (165,165,165) (155,155,155) (165,165,165) (161,161,161) (155,155,155) (163,163,163) (171,171,171) (161,161,161) (153,153,153) (171,171,171) (155,155,155) (163,163,163) (163,163,163) (165,165,165) (155,155,155) (165,165,165) (161,161,161) (139,139,139) (161,161,161) (155,155,155) (145,145,145) (163,163,163) (195,195,195) (197,197,197) (179,179,179) (161,161,161) (175,175,175) (191,191,191) (189,189,189) (203,203,203) (205,205,205) (199,199,199) (191,191,191) (187,187,187) (185,185,185) (185,185,185) (187,187,187) (189,189,189) (189,189,189) (193,193,193) (195,195,195) (195,195,195) (191,191,191) (197,197,197) (197,197,197) (199,199,199) (201,201,201) (203,203,203) (203,203,203) (203,203,203) (203,203,203) (205,205,205) (201,201,201) (203,203,203) (207,207,207) (205,205,205) (209,209,209) (209,209,209) (211,211,211) (213,213,213) (143,143,143) (153,153,153) (175,175,175) (137,137,137) (155,155,155) (173,173,173) (135,135,135) (98,98,98) (112,112,112) (153,153,153) (193,193,193) (219,219,219) (217,217,217) (30,30,30) (36,36,36) (42,42,42) (50,50,50) (48,48,48) (54,54,54) (50,50,50) (62,62,62) (58,58,58) (52,52,52) (50,50,50) (68,68,68) (58,58,58) (48,48,48) (52,52,52) (48,48,48) (70,70,70) (112,112,112) (149,149,149) (153,153,153) (149,149,149) (145,145,145) (143,143,143) (151,151,151) (157,157,157) (155,155,155) (157,157,157) (159,159,159) (159,159,159) (155,155,155) (157,157,157) (157,157,157) (155,155,155) (155,155,155) (157,157,157) (155,155,155) (157,157,157) (159,159,159) (155,155,155) (157,157,157) (155,155,155) (155,155,155) (157,157,157) (157,157,157) (157,157,157) (159,159,159) (157,157,157) (157,157,157) (159,159,159) (157,157,157) (153,153,153) (155,155,155) 
(98,98,98) (98,98,98) (96,96,96) (100,100,100) (96,96,96) (96,96,96) (94,94,94) (96,96,96) (100,100,100) (100,100,100) (102,102,102) (104,104,104) (114,114,114) (122,122,122) (133,133,133) (143,143,143) (151,151,151) (163,163,163) (165,165,165) (171,171,171) (173,173,173) (169,169,169) (175,175,175) (169,169,169) (169,169,169) (171,171,171) (167,167,167) (161,161,161) (147,147,147) (141,141,141) (118,118,118) (92,92,92) (82,82,82) (74,74,74) (72,72,72) (88,88,88) (90,90,90) (90,90,90) (96,96,96) (100,100,100) (96,96,96) (102,102,102) (98,98,98) (94,94,94) (90,90,90) (94,94,94) (96,96,96) (96,96,96) (92,92,92) (96,96,96) (100,100,100) (100,100,100) (100,100,100) (98,98,98) (98,98,98) (96,96,96) (86,86,86) (80,80,80) (74,74,74) (239,239,239) (213,213,213) (185,185,185) (197,197,197) (199,199,199) (175,175,175) (171,171,171) (169,169,169) (161,161,161) (137,137,137) (151,151,151) (137,137,137) (149,149,149) (129,129,129) (135,135,135) (98,98,98) (92,92,92) (131,131,131) (124,124,124) (137,137,137) (135,135,135) (129,129,129) (124,124,124) (143,143,143) (143,143,143) (100,100,100) (131,131,131) (126,126,126) (131,131,131) (147,147,147) (139,139,139) (137,137,137) (139,139,139) (143,143,143) (137,137,137) (139,139,139) (116,116,116) (129,129,129) (139,139,139) (129,129,129) (139,139,139) (159,159,159) (141,141,141) (137,137,137) (131,131,131) (137,137,137) (151,151,151) (153,153,153) (155,155,155) (159,159,159) (145,145,145) (106,106,106) (98,98,98) (98,98,98) (112,112,112) (118,118,118) (129,129,129) (145,145,145) (157,157,157) (145,145,145) (120,120,120) (157,157,157) (139,139,139) (139,139,139) (106,106,106) (46,46,46) (167,167,167) (163,163,163) (161,161,161) (161,161,161) (163,163,163) (157,157,157) (151,151,151) (157,157,157) (161,161,161) (159,159,159) (169,169,169) (161,161,161) (163,163,163) (167,167,167) (151,151,151) (155,155,155) (163,163,163) (149,149,149) (171,171,171) (159,159,159) (167,167,167) (149,149,149) (165,165,165) (149,149,149) (143,143,143) (149,149,149) (181,181,181) (193,193,193) (199,199,199) (157,157,157) (171,171,171) (175,175,175) (195,195,195) (197,197,197) (195,195,195) (195,195,195) (199,199,199) (193,193,193) (191,191,191) (189,189,189) (191,191,191) (191,191,191) (187,187,187) (193,193,193) (193,193,193) (193,193,193) (197,197,197) (195,195,195) (195,195,195) (197,197,197) (197,197,197) (203,203,203) (199,199,199) (201,201,201) (205,205,205) (203,203,203) (201,201,201) (205,205,205) (203,203,203) (205,205,205) (205,205,205) (207,207,207) (213,213,213) (209,209,209) (211,211,211) (201,201,201) (153,153,153) (171,171,171) (145,145,145) (161,161,161) (120,120,120) (90,90,90) (100,100,100) (92,92,92) (129,129,129) (167,167,167) (217,217,217) (221,221,221) (120,120,120) (42,42,42) (34,34,34) (38,38,38) (46,46,46) (46,46,46) (44,44,44) (48,48,48) (46,46,46) (48,48,48) (46,46,46) (60,60,60) (60,60,60) (50,50,50) (64,64,64) (56,56,56) (64,64,64) (96,96,96) (133,133,133) (153,153,153) (151,151,151) (143,143,143) (143,143,143) (149,149,149) (155,155,155) (159,159,159) (159,159,159) (159,159,159) (159,159,159) (159,159,159) (155,155,155) (157,157,157) (157,157,157) (157,157,157) (155,155,155) (153,153,153) (155,155,155) (159,159,159) (159,159,159) (155,155,155) (155,155,155) (155,155,155) (155,155,155) (155,155,155) (155,155,155) (155,155,155) (157,157,157) (155,155,155) (157,157,157) (155,155,155) (157,157,157) (157,157,157) (153,153,153) 
(98,98,98) (98,98,98) (100,100,100) (98,98,98) (94,94,94) (98,98,98) (100,100,100) (98,98,98) (100,100,100) (100,100,100) (106,106,106) (104,104,104) (108,108,108) (122,122,122) (135,135,135) (145,145,145) (155,155,155) (161,161,161) (169,169,169) (173,173,173) (171,171,171) (171,171,171) (175,175,175) (173,173,173) (173,173,173) (173,173,173) (169,169,169) (163,163,163) (151,151,151) (143,143,143) (120,120,120) (92,92,92) (82,82,82) (68,68,68) (74,74,74) (82,82,82) (84,84,84) (88,88,88) (90,90,90) (96,96,96) (100,100,100) (92,92,92) (96,96,96) (94,94,94) (96,96,96) (100,100,100) (94,94,94) (98,98,98) (100,100,100) (100,100,100) (98,98,98) (98,98,98) (98,98,98) (98,98,98) (96,96,96) (96,96,96) (90,90,90) (76,76,76) (62,62,62) (235,235,235) (199,199,199) (209,209,209) (197,197,197) (187,187,187) (189,189,189) (163,163,163) (181,181,181) (141,141,141) (169,169,169) (137,137,137) (159,159,159) (137,137,137) (153,153,153) (110,110,110) (118,118,118) (112,112,112) (131,131,131) (124,124,124) (124,124,124) (135,135,135) (131,131,131) (131,131,131) (145,145,145) (90,90,90) (122,122,122) (118,118,118) (129,129,129) (147,147,147) (145,145,145) (143,143,143) (135,135,135) (141,141,141) (139,139,139) (149,149,149) (114,114,114) (124,124,124) (135,135,135) (135,135,135) (149,149,149) (143,143,143) (133,133,133) (139,139,139) (126,126,126) (155,155,155) (151,151,151) (147,147,147) (147,147,147) (139,139,139) (108,108,108) (98,98,98) (120,120,120) (133,133,133) (116,116,116) (108,108,108) (96,96,96) (94,94,94) (100,100,100) (133,133,133) (135,135,135) (112,112,112) (149,149,149) (159,159,159) (163,163,163) (139,139,139) (100,100,100) (100,100,100) (124,124,124) (149,149,149) (169,169,169) (153,153,153) (169,169,169) (163,163,163) (135,135,135) (141,141,141) (139,139,139) (137,137,137) (151,151,151) (161,161,161) (153,153,153) (165,165,165) (145,145,145) (104,104,104) (70,70,70) (40,40,40) (159,159,159) (155,155,155) (157,157,157) (137,137,137) (147,147,147) (139,139,139) (183,183,183) (201,201,201) (171,171,171) (169,169,169) (169,169,169) (191,191,191) (197,197,197) (197,197,197) (203,203,203) (197,197,197) (197,197,197) (195,195,195) (189,189,189) (189,189,189) (189,189,189) (193,193,193) (193,193,193) (193,193,193) (189,189,189) (195,195,195) (195,195,195) (199,199,199) (199,199,199) (197,197,197) (201,201,201) (197,197,197) (203,203,203) (203,203,203) (205,205,205) (205,205,205) (203,203,203) (203,203,203) (205,205,205) (203,203,203) (205,205,205) (205,205,205) (209,209,209) (211,211,211) (213,213,213) (209,209,209) (161,161,161) (165,165,165) (147,147,147) (151,151,151) (80,80,80) (82,82,82) (84,84,84) (98,98,98) (108,108,108) (159,159,159) (203,203,203) (221,221,221) (233,233,233) (8,8,8) (34,34,34) (36,36,36) (36,36,36) (44,44,44) (50,50,50) (54,54,54) (44,44,44) (40,40,40) (46,46,46) (54,54,54) (56,56,56) (52,52,52) (46,46,46) (56,56,56) (60,60,60) (72,72,72) (120,120,120) (145,145,145) (151,151,151) (149,149,149) (145,145,145) (145,145,145) (153,153,153) (157,157,157) (161,161,161) (161,161,161) (159,159,159) (159,159,159) (159,159,159) (161,161,161) (155,155,155) (155,155,155) (153,153,153) (157,157,157) (157,157,157) (155,155,155) (155,155,155) (159,159,159) (153,153,153) (157,157,157) (153,153,153) (155,155,155) (153,153,153) (157,157,157) (155,155,155) (157,157,157) (159,159,159) (155,155,155) (153,153,153) (153,153,153) (153,153,153) (153,153,153) 
(100,100,100) (96,96,96) (98,98,98) (98,98,98) (94,94,94) (100,100,100) (98,98,98) (98,98,98) (98,98,98) (102,102,102) (106,106,106) (104,104,104) (114,114,114) (122,122,122) (139,139,139) (149,149,149) (155,155,155) (157,157,157) (171,171,171) (173,173,173) (171,171,171) (173,173,173) (173,173,173) (171,171,171) (171,171,171) (173,173,173) (169,169,169) (163,163,163) (161,161,161) (139,139,139) (120,120,120) (98,98,98) (80,80,80) (68,68,68) (72,72,72) (80,80,80) (90,90,90) (90,90,90) (96,96,96) (92,92,92) (96,96,96) (100,100,100) (100,100,100) (102,102,102) (104,104,104) (100,100,100) (98,98,98) (102,102,102) (100,100,100) (100,100,100) (98,98,98) (104,104,104) (100,100,100) (96,96,96) (94,94,94) (94,94,94) (92,92,92) (78,78,78) (70,70,70) (245,245,245) (217,217,217) (195,195,195) (193,193,193) (203,203,203) (167,167,167) (177,177,177) (149,149,149) (171,171,171) (137,137,137) (155,155,155) (143,143,143) (167,167,167) (141,141,141) (131,131,131) (114,114,114) (126,126,126) (112,112,112) (122,122,122) (129,129,129) (126,126,126) (129,129,129) (141,141,141) (96,96,96) (108,108,108) (124,124,124) (129,129,129) (143,143,143) (137,137,137) (135,135,135) (137,137,137) (133,133,133) (133,133,133) (151,151,151) (108,108,108) (126,126,126) (131,131,131) (129,129,129) (139,139,139) (141,141,141) (145,145,145) (124,124,124) (135,135,135) (151,151,151) (147,147,147) (153,153,153) (153,153,153) (137,137,137) (88,88,88) (110,110,110) (129,129,129) (149,149,149) (137,137,137) (137,137,137) (120,120,120) (120,120,120) (114,114,114) (112,112,112) (74,74,74) (80,80,80) (133,133,133) (163,163,163) (167,167,167) (165,165,165) (165,165,165) (145,145,145) (129,129,129) (114,114,114) (116,116,116) (108,108,108) (88,88,88) (104,104,104) (187,187,187) (161,161,161) (163,163,163) (167,167,167) (129,129,129) (104,104,104) (135,135,135) (118,118,118) (173,173,173) (179,179,179) (114,114,114) (135,135,135) (68,68,68) (40,40,40) (161,161,161) (157,157,157) (137,137,137) (155,155,155) (197,197,197) (181,181,181) (169,169,169) (163,163,163) (167,167,167) (193,193,193) (189,189,189) (209,209,209) (201,201,201) (197,197,197) (191,191,191) (191,191,191) (195,195,195) (195,195,195) (195,195,195) (193,193,193) (191,191,191) (189,189,189) (193,193,193) (195,195,195) (197,197,197) (199,199,199) (199,199,199) (203,203,203) (201,201,201) (201,201,201) (203,203,203) (205,205,205) (203,203,203) (205,205,205) (203,203,203) (203,203,203) (203,203,203) (203,203,203) (205,205,205) (203,203,203) (209,209,209) (209,209,209) (213,213,213) (215,215,215) (163,163,163) (165,165,165) (159,159,159) (86,86,86) (74,74,74) (86,86,86) (98,98,98) (94,94,94) (114,114,114) (139,139,139) (191,191,191) (213,213,213) (219,219,219) (155,155,155) (32,32,32) (38,38,38) (42,42,42) (38,38,38) (44,44,44) (44,44,44) (54,54,54) (44,44,44) (52,52,52) (46,46,46) (50,50,50) (54,54,54) (62,62,62) (48,48,48) (56,56,56) (64,64,64) (94,94,94) (141,141,141) (155,155,155) (149,149,149) (151,151,151) (145,145,145) (147,147,147) (155,155,155) (159,159,159) (161,161,161) (157,157,157) (155,155,155) (155,155,155) (155,155,155) (163,163,163) (159,159,159) (157,157,157) (157,157,157) (155,155,155) (157,157,157) (155,155,155) (153,153,153) (155,155,155) (153,153,153) (155,155,155) (153,153,153) (155,155,155) (157,157,157) (153,153,153) (157,157,157) (155,155,155) (155,155,155) (157,157,157) (155,155,155) (149,149,149) (155,155,155) (151,151,151) 
(98,98,98) (96,96,96) (96,96,96) (98,98,98) (102,102,102) (96,96,96) (98,98,98) (98,98,98) (100,100,100) (98,98,98) (104,104,104) (106,106,106) (110,110,110) (124,124,124) (137,137,137) (145,145,145) (155,155,155) (163,163,163) (169,169,169) (171,171,171) (173,173,173) (171,171,171) (177,177,177) (173,173,173) (171,171,171) (173,173,173) (171,171,171) (161,161,161) (155,155,155) (139,139,139) (120,120,120) (98,98,98) (80,80,80) (68,68,68) (78,78,78) (82,82,82) (82,82,82) (92,92,92) (96,96,96) (96,96,96) (104,104,104) (92,92,92) (98,98,98) (102,102,102) (102,102,102) (96,96,96) (102,102,102) (102,102,102) (96,96,96) (98,98,98) (96,96,96) (102,102,102) (100,100,100) (96,96,96) (92,92,92) (88,88,88) (86,86,86) (78,78,78) (72,72,72) (231,231,231) (203,203,203) (205,205,205) (197,197,197) (179,179,179) (197,197,197) (161,161,161) (185,185,185) (137,137,137) (157,157,157) (126,126,126) (167,167,167) (147,147,147) (159,159,159) (137,137,137) (120,120,120) (114,114,114) (120,120,120) (116,116,116) (116,116,116) (122,122,122) (137,137,137) (100,100,100) (108,108,108) (120,120,120) (126,126,126) (143,143,143) (143,143,143) (139,139,139) (135,135,135) (131,131,131) (139,139,139) (118,118,118) (116,116,116) (120,120,120) (126,126,126) (131,131,131) (133,133,133) (137,137,137) (137,137,137) (129,129,129) (126,126,126) (145,145,145) (141,141,141) (147,147,147) (147,147,147) (149,149,149) (122,122,122) (126,126,126) (147,147,147) (141,141,141) (133,133,133) (112,112,112) (110,110,110) (108,108,108) (92,92,92) (88,88,88) (92,92,92) (98,98,98) (58,58,58) (135,135,135) (157,157,157) (171,171,171) (159,159,159) (161,161,161) (114,114,114) (131,131,131) (133,133,133) (139,139,139) (129,129,129) (116,116,116) (82,82,82) (64,64,64) (74,74,74) (116,116,116) (86,86,86) (96,96,96) (94,94,94) (96,96,96) (92,92,92) (44,44,44) (64,64,64) (48,48,48) (88,88,88) (68,68,68) (34,34,34) (82,82,82) (149,149,149) (181,181,181) (197,197,197) (167,167,167) (157,157,157) (155,155,155) (183,183,183) (189,189,189) (191,191,191) (191,191,191) (195,195,195) (201,201,201) (193,193,193) (193,193,193) (195,195,195) (197,197,197) (197,197,197) (195,195,195) (195,195,195) (191,191,191) (191,191,191) (195,195,195) (195,195,195) (197,197,197) (201,201,201) (199,199,199) (197,197,197) (199,199,199) (203,203,203) (199,199,199) (201,201,201) (201,201,201) (207,207,207) (203,203,203) (201,201,201) (201,201,201) (205,205,205) (205,205,205) (205,205,205) (209,209,209) (213,213,213) (195,195,195) (161,161,161) (153,153,153) (98,98,98) (88,88,88) (76,76,76) (90,90,90) (86,86,86) (94,94,94) (100,100,100) (129,129,129) (183,183,183) (203,203,203) (217,217,217) (231,231,231) (18,18,18) (42,42,42) (36,36,36) (46,46,46) (46,46,46) (52,52,52) (44,44,44) (54,54,54) (42,42,42) (42,42,42) (42,42,42) (50,50,50) (50,50,50) (52,52,52) (48,48,48) (50,50,50) (64,64,64) (120,120,120) (151,151,151) (153,153,153) (149,149,149) (141,141,141) (145,145,145) (151,151,151) (157,157,157) (159,159,159) (165,165,165) (159,159,159) (159,159,159) (159,159,159) (161,161,161) (157,157,157) (159,159,159) (159,159,159) (157,157,157) (155,155,155) (153,153,153) (155,155,155) (159,159,159) (153,153,153) (155,155,155) (155,155,155) (155,155,155) (151,151,151) (151,151,151) (151,151,151) (155,155,155) (153,153,153) (149,149,149) (155,155,155) (153,153,153) (153,153,153) (157,157,157) (151,151,151) 
(98,98,98) (100,100,100) (100,100,100) (96,96,96) (94,94,94) (102,102,102) (98,98,98) (98,98,98) (98,98,98) (102,102,102) (106,106,106) (112,112,112) (118,118,118) (126,126,126) (139,139,139) (151,151,151) (155,155,155) (163,163,163) (167,167,167) (169,169,169) (173,173,173) (171,171,171) (175,175,175) (173,173,173) (173,173,173) (177,177,177) (171,171,171) (161,161,161) (151,151,151) (143,143,143) (124,124,124) (102,102,102) (84,84,84) (78,78,78) (68,68,68) (78,78,78) (82,82,82) (90,90,90) (90,90,90) (94,94,94) (94,94,94) (100,100,100) (96,96,96) (100,100,100) (98,98,98) (94,94,94) (100,100,100) (100,100,100) (98,98,98) (98,98,98) (102,102,102) (100,100,100) (98,98,98) (100,100,100) (98,98,98) (92,92,92) (96,96,96) (78,78,78) (72,72,72) (245,245,245) (207,207,207) (207,207,207) (193,193,193) (205,205,205) (183,183,183) (197,197,197) (165,165,165) (169,169,169) (120,120,120) (135,135,135) (141,141,141) (155,155,155) (175,175,175) (116,116,116) (102,102,102) (114,114,114) (120,120,120) (126,126,126) (120,120,120) (131,131,131) (110,110,110) (106,106,106) (118,118,118) (120,120,120) (139,139,139) (139,139,139) (133,133,133) (141,141,141) (137,137,137) (139,139,139) (120,120,120) (116,116,116) (126,126,126) (135,135,135) (126,126,126) (133,133,133) (137,137,137) (126,126,126) (131,131,131) (129,129,129) (147,147,147) (147,147,147) (133,133,133) (145,145,145) (147,147,147) (106,106,106) (120,120,120) (149,149,149) (143,143,143) (129,129,129) (106,106,106) (90,90,90) (108,108,108) (108,108,108) (80,80,80) (84,84,84) (72,72,72) (58,58,58) (72,72,72) (126,126,126) (139,139,139) (157,157,157) (151,151,151) (137,137,137) (133,133,133) (124,124,124) (102,102,102) (72,72,72) (106,106,106) (58,58,58) (82,82,82) (92,92,92) (112,112,112) (62,62,62) (76,76,76) (62,62,62) (60,60,60) (54,54,54) (70,70,70) (44,44,44) (50,50,50) (46,46,46) (42,42,42) (38,38,38) (42,42,42) (52,52,52) (193,193,193) (203,203,203) (143,143,143) (147,147,147) (163,163,163) (187,187,187) (193,193,193) (201,201,201) (199,199,199) (193,193,193) (199,199,199) (193,193,193) (189,189,189) (191,191,191) (195,195,195) (197,197,197) (199,199,199) (191,191,191) (193,193,193) (189,189,189) (191,191,191) (197,197,197) (197,197,197) (197,197,197) (201,201,201) (201,201,201) (203,203,203) (197,197,197) (201,201,201) (199,199,199) (199,199,199) (205,205,205) (203,203,203) (201,201,201) (207,207,207) (205,205,205) (205,205,205) (203,203,203) (209,209,209) (209,209,209) (155,155,155) (151,151,151) (102,102,102) (90,90,90) (84,84,84) (86,86,86) (88,88,88) (90,90,90) (88,88,88) (110,110,110) (126,126,126) (177,177,177) (195,195,195) (211,211,211) (219,219,219) (54,54,54) (40,40,40) (36,36,36) (40,40,40) (46,46,46) (54,54,54) (50,50,50) (44,44,44) (54,54,54) (44,44,44) (50,50,50) (46,46,46) (52,52,52) (50,50,50) (42,42,42) (44,44,44) (48,48,48) (100,100,100) (133,133,133) (149,149,149) (151,151,151) (147,147,147) (143,143,143) (145,145,145) (159,159,159) (161,161,161) (161,161,161) (159,159,159) (155,155,155) (159,159,159) (159,159,159) (157,157,157) (157,157,157) (161,161,161) (155,155,155) (157,157,157) (153,153,153) (155,155,155) (157,157,157) (157,157,157) (155,155,155) (153,153,153) (155,155,155) (155,155,155) (153,153,153) (155,155,155) (155,155,155) (149,149,149) (153,153,153) (155,155,155) (155,155,155) (153,153,153) (153,153,153) (151,151,151) (153,153,153) 
(98,98,98) (98,98,98) (108,108,108) (102,102,102) (100,100,100) (96,96,96) (98,98,98) (98,98,98) (98,98,98) (104,104,104) (108,108,108) (114,114,114) (116,116,116) (124,124,124) (143,143,143) (147,147,147) (155,155,155) (161,161,161) (171,171,171) (173,173,173) (171,171,171) (169,169,169) (173,173,173) (173,173,173) (175,175,175) (173,173,173) (171,171,171) (165,165,165) (149,149,149) (141,141,141) (122,122,122) (102,102,102) (82,82,82) (78,78,78) (76,76,76) (82,82,82) (80,80,80) (94,94,94) (94,94,94) (96,96,96) (94,94,94) (94,94,94) (98,98,98) (108,108,108) (96,96,96) (92,92,92) (104,104,104) (106,106,106) (96,96,96) (98,98,98) (100,100,100) (98,98,98) (100,100,100) (100,100,100) (94,94,94) (98,98,98) (94,94,94) (86,86,86) (78,78,78) (183,183,183) (215,215,215) (195,195,195) (205,205,205) (183,183,183) (217,217,217) (175,175,175) (173,173,173) (143,143,143) (143,143,143) (122,122,122) (129,129,129) (147,147,147) (122,122,122) (106,106,106) (110,110,110) (108,108,108) (116,116,116) (122,122,122) (124,124,124) (108,108,108) (96,96,96) (118,118,118) (120,120,120) (147,147,147) (141,141,141) (131,131,131) (133,133,133) (135,135,135) (137,137,137) (118,118,118) (129,129,129) (135,135,135) (129,129,129) (131,131,131) (135,135,135) (139,139,139) (137,137,137) (126,126,126) (116,116,116) (147,147,147) (143,143,143) (139,139,139) (143,143,143) (135,135,135) (104,104,104) (124,124,124) (139,139,139) (137,137,137) (139,139,139) (114,114,114) (94,94,94) (118,118,118) (120,120,120) (88,88,88) (116,116,116) (118,118,118) (108,108,108) (96,96,96) (94,94,94) (139,139,139) (100,100,100) (114,114,114) (129,129,129) (141,141,141) (102,102,102) (88,88,88) (76,76,76) (60,60,60) (54,54,54) (68,68,68) (108,108,108) (137,137,137) (50,50,50) (58,58,58) (94,94,94) (64,64,64) (44,44,44) (44,44,44) (46,46,46) (38,38,38) (44,44,44) (44,44,44) (38,38,38) (38,38,38) (92,92,92) (175,175,175) (179,179,179) (157,157,157) (147,147,147) (183,183,183) (197,197,197) (199,199,199) (201,201,201) (197,197,197) (195,195,195) (195,195,195) (195,195,195) (193,193,193) (195,195,195) (195,195,195) (197,197,197) (195,195,195) (193,193,193) (193,193,193) (187,187,187) (191,191,191) (197,197,197) (195,195,195) (199,199,199) (199,199,199) (201,201,201) (199,199,199) (201,201,201) (203,203,203) (199,199,199) (191,191,191) (201,201,201) (207,207,207) (203,203,203) (203,203,203) (205,205,205) (205,205,205) (209,209,209) (205,205,205) (151,151,151) (112,112,112) (88,88,88) (90,90,90) (92,92,92) (90,90,90) (82,82,82) (88,88,88) (90,90,90) (98,98,98) (94,94,94) (133,133,133) (167,167,167) (189,189,189) (201,201,201) (215,215,215) (187,187,187) (36,36,36) (32,32,32) (38,38,38) (44,44,44) (56,56,56) (54,54,54) (56,56,56) (50,50,50) (48,48,48) (42,42,42) (46,46,46) (56,56,56) (54,54,54) (48,48,48) (46,46,46) (38,38,38) (60,60,60) (122,122,122) (145,145,145) (149,149,149) (145,145,145) (143,143,143) (141,141,141) (151,151,151) (157,157,157) (163,163,163) (161,161,161) (161,161,161) (165,165,165) (161,161,161) (159,159,159) (157,157,157) (159,159,159) (161,161,161) (159,159,159) (159,159,159) (159,159,159) (157,157,157) (157,157,157) (155,155,155) (153,153,153) (151,151,151) (151,151,151) (153,153,153) (155,155,155) (153,153,153) (157,157,157) (153,153,153) (151,151,151) (151,151,151) (153,153,153) (153,153,153) (153,153,153) (159,159,159) (153,153,153) 
(94,94,94) (100,100,100) (100,100,100) (104,104,104) (100,100,100) (98,98,98) (98,98,98) (98,98,98) (104,104,104) (100,100,100) (108,108,108) (110,110,110) (116,116,116) (124,124,124) (137,137,137) (147,147,147) (157,157,157) (163,163,163) (171,171,171) (171,171,171) (173,173,173) (171,171,171) (169,169,169) (177,177,177) (173,173,173) (175,175,175) (169,169,169) (163,163,163) (157,157,157) (141,141,141) (126,126,126) (100,100,100) (80,80,80) (72,72,72) (76,76,76) (80,80,80) (86,86,86) (92,92,92) (92,92,92) (98,98,98) (94,94,94) (98,98,98) (94,94,94) (96,96,96) (98,98,98) (98,98,98) (102,102,102) (106,106,106) (98,98,98) (98,98,98) (98,98,98) (94,94,94) (104,104,104) (98,98,98) (100,100,100) (96,96,96) (98,98,98) (86,86,86) (78,78,78) (129,129,129) (213,213,213) (209,209,209) (189,189,189) (215,215,215) (185,185,185) (205,205,205) (155,155,155) (163,163,163) (116,116,116) (112,112,112) (124,124,124) (122,122,122) (126,126,126) (118,118,118) (114,114,114) (118,118,118) (114,114,114) (120,120,120) (129,129,129) (96,96,96) (120,120,120) (114,114,114) (135,135,135) (139,139,139) (135,135,135) (135,135,135) (133,133,133) (133,133,133) (116,116,116) (112,112,112) (129,129,129) (131,131,131) (133,133,133) (139,139,139) (131,131,131) (129,129,129) (135,135,135) (126,126,126) (141,141,141) (139,139,139) (141,141,141) (141,141,141) (137,137,137) (116,116,116) (118,118,118) (124,124,124) (141,141,141) (133,133,133) (120,120,120) (104,104,104) (133,133,133) (129,129,129) (98,98,98) (106,106,106) (143,143,143) (118,118,118) (122,122,122) (64,64,64) (82,82,82) (104,104,104) (78,78,78) (92,92,92) (126,126,126) (88,88,88) (84,84,84) (86,86,86) (42,42,42) (70,70,70) (62,62,62) (133,133,133) (44,44,44) (58,58,58) (78,78,78) (80,80,80) (70,70,70) (62,62,62) (48,48,48) (42,42,42) (38,38,38) (34,34,34) (40,40,40) (34,34,34) (72,72,72) (131,131,131) (187,187,187) (167,167,167) (137,137,137) (157,157,157) (185,185,185) (203,203,203) (207,207,207) (205,205,205) (199,199,199) (197,197,197) (195,195,195) (189,189,189) (193,193,193) (191,191,191) (189,189,189) (193,193,193) (195,195,195) (197,197,197) (195,195,195) (191,191,191) (193,193,193) (191,191,191) (197,197,197) (195,195,195) (195,195,195) (199,199,199) (197,197,197) (199,199,199) (197,197,197) (197,197,197) (201,201,201) (197,197,197) (207,207,207) (207,207,207) (205,205,205) (209,209,209) (217,217,217) (189,189,189) (106,106,106) (84,84,84) (86,86,86) (84,84,84) (90,90,90) (88,88,88) (102,102,102) (92,92,92) (94,94,94) (92,92,92) (102,102,102) (124,124,124) (141,141,141) (171,171,171) (187,187,187) (201,201,201) (213,213,213) (177,177,177) (26,26,26) (42,42,42) (40,40,40) (42,42,42) (50,50,50) (50,50,50) (50,50,50) (46,46,46) (50,50,50) (60,60,60) (46,46,46) (52,52,52) (60,60,60) (56,56,56) (46,46,46) (36,36,36) (44,44,44) (84,84,84) (139,139,139) (149,149,149) (147,147,147) (145,145,145) (145,145,145) (147,147,147) (159,159,159) (163,163,163) (161,161,161) (159,159,159) (159,159,159) (157,157,157) (161,161,161) (163,163,163) (159,159,159) (157,157,157) (159,159,159) (157,157,157) (161,161,161) (157,157,157) (157,157,157) (157,157,157) (155,155,155) (155,155,155) (153,153,153) (155,155,155) (155,155,155) (153,153,153) (155,155,155) (155,155,155) (153,153,153) (155,155,155) (153,153,153) (155,155,155) (153,153,153) (149,149,149) (153,153,153) (155,155,155) 
(100,100,100) (102,102,102) (100,100,100) (98,98,98) (96,96,96) (100,100,100) (96,96,96) (92,92,92) (100,100,100) (106,106,106) (108,108,108) (108,108,108) (118,118,118) (129,129,129) (135,135,135) (149,149,149) (157,157,157) (161,161,161) (171,171,171) (173,173,173) (171,171,171) (171,171,171) (173,173,173) (173,173,173) (171,171,171) (171,171,171) (167,167,167) (165,165,165) (153,153,153) (139,139,139) (122,122,122) (96,96,96) (80,80,80) (72,72,72) (74,74,74) (76,76,76) (88,88,88) (92,92,92) (96,96,96) (100,100,100) (96,96,96) (98,98,98) (100,100,100) (96,96,96) (104,104,104) (94,94,94) (102,102,102) (100,100,100) (96,96,96) (98,98,98) (100,100,100) (102,102,102) (98,98,98) (96,96,96) (100,100,100) (96,96,96) (90,90,90) (86,86,86) (78,78,78) (90,90,90) (223,223,223) (203,203,203) (213,213,213) (187,187,187) (207,207,207) (183,183,183) (187,187,187) (149,149,149) (129,129,129) (112,112,112) (112,112,112) (145,145,145) (139,139,139) (122,122,122) (120,120,120) (135,135,135) (116,116,116) (116,116,116) (96,96,96) (116,116,116) (114,114,114) (131,131,131) (141,141,141) (137,137,137) (139,139,139) (135,135,135) (139,139,139) (112,112,112) (124,124,124) (124,124,124) (124,124,124) (137,137,137) (139,139,139) (133,133,133) (137,137,137) (129,129,129) (116,116,116) (133,133,133) (141,141,141) (143,143,143) (139,139,139) (137,137,137) (139,139,139) (100,100,100) (131,131,131) (135,135,135) (126,126,126) (112,112,112) (94,94,94) (129,129,129) (122,122,122) (124,124,124) (122,122,122) (102,102,102) (70,70,70) (60,60,60) (62,62,62) (52,52,52) (50,50,50) (64,64,64) (70,70,70) (96,96,96) (102,102,102) (122,122,122) (88,88,88) (96,96,96) (96,96,96) (98,98,98) (118,118,118) (60,60,60) (92,92,92) (86,86,86) (52,52,52) (42,42,42) (94,94,94) (34,34,34) (48,48,48) (46,46,46) (40,40,40) (32,32,32) (30,30,30) (30,30,30) (131,131,131) (195,195,195) (147,147,147) (133,133,133) (149,149,149) (193,193,193) (179,179,179) (193,193,193) (201,201,201) (195,195,195) (195,195,195) (197,197,197) (193,193,193) (195,195,195) (193,193,193) (195,195,195) (191,191,191) (195,195,195) (195,195,195) (191,191,191) (195,195,195) (195,195,195) (189,189,189) (191,191,191) (191,191,191) (191,191,191) (195,195,195) (197,197,197) (195,195,195) (199,199,199) (203,203,203) (205,205,205) (203,203,203) (203,203,203) (205,205,205) (211,211,211) (209,209,209) (205,205,205) (74,74,74) (86,86,86) (94,94,94) (88,88,88) (88,88,88) (86,86,86) (84,84,84) (90,90,90) (96,96,96) (92,92,92) (104,104,104) (112,112,112) (133,133,133) (163,163,163) (177,177,177) (193,193,193) (197,197,197) (221,221,221) (28,28,28) (46,46,46) (40,40,40) (38,38,38) (38,38,38) (50,50,50) (50,50,50) (50,50,50) (50,50,50) (42,42,42) (42,42,42) (44,44,44) (46,46,46) (52,52,52) (52,52,52) (48,48,48) (44,44,44) (40,40,40) (44,44,44) (118,118,118) (137,137,137) (151,151,151) (147,147,147) (143,143,143) (141,141,141) (155,155,155) (157,157,157) (163,163,163) (163,163,163) (163,163,163) (161,161,161) (159,159,159) (163,163,163) (163,163,163) (157,157,157) (159,159,159) (159,159,159) (157,157,157) (153,153,153) (159,159,159) (153,153,153) (157,157,157) (157,157,157) (155,155,155) (155,155,155) (157,157,157) (157,157,157) (149,149,149) (151,151,151) (155,155,155) (157,157,157) (157,157,157) (151,151,151) (151,151,151) (151,151,151) (153,153,153) (153,153,153) (153,153,153) 
(102,102,102) (106,106,106) (102,102,102) (104,104,104) (102,102,102) (102,102,102) (96,96,96) (92,92,92) (102,102,102) (108,108,108) (106,106,106) (108,108,108) (114,114,114) (131,131,131) (135,135,135) (145,145,145) (157,157,157) (165,165,165) (169,169,169) (171,171,171) (173,173,173) (171,171,171) (175,175,175) (175,175,175) (173,173,173) (173,173,173) (169,169,169) (161,161,161) (157,157,157) (139,139,139) (124,124,124) (96,96,96) (78,78,78) (74,74,74) (78,78,78) (80,80,80) (82,82,82) (94,94,94) (100,100,100) (96,96,96) (96,96,96) (102,102,102) (102,102,102) (98,98,98) (98,98,98) (94,94,94) (98,98,98) (104,104,104) (100,100,100) (96,96,96) (102,102,102) (100,100,100) (98,98,98) (94,94,94) (96,96,96) (92,92,92) (92,92,92) (86,86,86) (78,78,78) (68,68,68) (225,225,225) (211,211,211) (193,193,193) (213,213,213) (183,183,183) (219,219,219) (159,159,159) (153,153,153) (129,129,129) (106,106,106) (143,143,143) (163,163,163) (135,135,135) (159,159,159) (112,112,112) (126,126,126) (112,112,112) (106,106,106) (112,112,112) (112,112,112) (126,126,126) (139,139,139) (126,126,126) (141,141,141) (135,135,135) (137,137,137) (118,118,118) (122,122,122) (129,129,129) (129,129,129) (133,133,133) (135,135,135) (131,131,131) (129,129,129) (126,126,126) (122,122,122) (133,133,133) (139,139,139) (145,145,145) (137,137,137) (133,133,133) (114,114,114) (96,96,96) (131,131,131) (135,135,135) (133,133,133) (131,131,131) (108,108,108) (118,118,118) (118,118,118) (114,114,114) (106,106,106) (82,82,82) (58,58,58) (64,64,64) (50,50,50) (56,56,56) (58,58,58) (56,56,56) (58,58,58) (94,94,94) (102,102,102) (126,126,126) (98,98,98) (106,106,106) (88,88,88) (102,102,102) (98,98,98) (88,88,88) (129,129,129) (38,38,38) (54,54,54) (66,66,66) (64,64,64) (102,102,102) (38,38,38) (30,30,30) (30,30,30) (42,42,42) (40,40,40) (42,42,42) (169,169,169) (183,183,183) (133,133,133) (106,106,106) (157,157,157) (197,197,197) (195,195,195) (189,189,189) (183,183,183) (185,185,185) (191,191,191) (195,195,195) (195,195,195) (191,191,191) (193,193,193) (195,195,195) (191,191,191) (189,189,189) (185,185,185) (191,191,191) (197,197,197) (189,189,189) (187,187,187) (189,189,189) (191,191,191) (193,193,193) (193,193,193) (195,195,195) (195,195,195) (195,195,195) (199,199,199) (197,197,197) (201,201,201) (199,199,199) (203,203,203) (203,203,203) (209,209,209) (159,159,159) (88,88,88) (92,92,92) (94,94,94) (98,98,98) (92,92,92) (92,92,92) (86,86,86) (92,92,92) (92,92,92) (106,106,106) (122,122,122) (137,137,137) (151,151,151) (171,171,171) (183,183,183) (199,199,199) (199,199,199) (227,227,227) (12,12,12) (42,42,42) (42,42,42) (46,46,46) (42,42,42) (46,46,46) (52,52,52) (54,54,54) (52,52,52) (44,44,44) (48,48,48) (48,48,48) (44,44,44) (44,44,44) (50,50,50) (58,58,58) (54,54,54) (46,46,46) (50,50,50) (80,80,80) (129,129,129) (151,151,151) (147,147,147) (149,149,149) (141,141,141) (153,153,153) (159,159,159) (163,163,163) (163,163,163) (165,165,165) (163,163,163) (163,163,163) (161,161,161) (157,157,157) (157,157,157) (161,161,161) (157,157,157) (155,155,155) (161,161,161) (159,159,159) (159,159,159) (157,157,157) (159,159,159) (155,155,155) (157,157,157) (155,155,155) (153,153,153) (155,155,155) (151,151,151) (151,151,151) (153,153,153) (153,153,153) (155,155,155) (153,153,153) (155,155,155) (151,151,151) (155,155,155) (153,153,153) (155,155,155) 
(108,108,108) (102,102,102) (104,104,104) (102,102,102) (102,102,102) (100,100,100) (94,94,94) (98,98,98) (94,94,94) (104,104,104) (110,110,110) (108,108,108) (114,114,114) (126,126,126) (135,135,135) (145,145,145) (151,151,151) (159,159,159) (169,169,169) (171,171,171) (171,171,171) (171,171,171) (171,171,171) (171,171,171) (171,171,171) (173,173,173) (165,165,165) (161,161,161) (155,155,155) (141,141,141) (126,126,126) (94,94,94) (82,82,82) (82,82,82) (72,72,72) (78,78,78) (86,86,86) (90,90,90) (94,94,94) (96,96,96) (102,102,102) (96,96,96) (96,96,96) (98,98,98) (98,98,98) (96,96,96) (100,100,100) (102,102,102) (100,100,100) (96,96,96) (96,96,96) (106,106,106) (104,104,104) (98,98,98) (96,96,96) (94,94,94) (96,96,96) (94,94,94) (80,80,80) (78,78,78) (229,229,229) (195,195,195) (209,209,209) (191,191,191) (207,207,207) (193,193,193) (189,189,189) (143,143,143) (131,131,131) (135,135,135) (139,139,139) (135,135,135) (155,155,155) (133,133,133) (145,145,145) (122,122,122) (94,94,94) (114,114,114) (114,114,114) (122,122,122) (135,135,135) (129,129,129) (139,139,139) (133,133,133) (129,129,129) (124,124,124) (112,112,112) (129,129,129) (131,131,131) (124,124,124) (135,135,135) (135,135,135) (135,135,135) (131,131,131) (122,122,122) (129,129,129) (145,145,145) (133,133,133) (135,135,135) (139,139,139) (126,126,126) (86,86,86) (131,131,131) (126,126,126) (133,133,133) (137,137,137) (135,135,135) (100,100,100) (96,96,96) (66,66,66) (62,62,62) (72,72,72) (78,78,78) (78,78,78) (66,66,66) (58,58,58) (58,58,58) (56,56,56) (58,58,58) (86,86,86) (129,129,129) (90,90,90) (116,116,116) (90,90,90) (54,54,54) (52,52,52) (94,94,94) (80,80,80) (135,135,135) (90,90,90) (74,74,74) (98,98,98) (84,84,84) (36,36,36) (143,143,143) (16,16,16) (34,34,34) (28,28,28) (34,34,34) (76,76,76) (183,183,183) (181,181,181) (116,116,116) (114,114,114) (155,155,155) (189,189,189) (197,197,197) (189,189,189) (179,179,179) (179,179,179) (181,181,181) (189,189,189) (191,191,191) (191,191,191) (191,191,191) (189,189,189) (193,193,193) (187,187,187) (181,181,181) (189,189,189) (191,191,191) (191,191,191) (189,189,189) (187,187,187) (193,193,193) (193,193,193) (189,189,189) (197,197,197) (195,195,195) (197,197,197) (197,197,197) (195,195,195) (197,197,197) (195,195,195) (199,199,199) (203,203,203) (133,133,133) (122,122,122) (129,129,129) (129,129,129) (96,96,96) (94,94,94) (96,96,96) (88,88,88) (86,86,86) (92,92,92) (100,100,100) (124,124,124) (145,145,145) (153,153,153) (165,165,165) (169,169,169) (177,177,177) (187,187,187) (193,193,193) (221,221,221) (82,82,82) (42,42,42) (50,50,50) (48,48,48) (46,46,46) (48,48,48) (50,50,50) (52,52,52) (50,50,50) (52,52,52) (46,46,46) (40,40,40) (42,42,42) (50,50,50) (60,60,60) (62,62,62) (64,64,64) (50,50,50) (46,46,46) (50,50,50) (108,108,108) (137,137,137) (149,149,149) (149,149,149) (149,149,149) (139,139,139) (157,157,157) (157,157,157) (167,167,167) (165,165,165) (167,167,167) (161,161,161) (161,161,161) (161,161,161) (165,165,165) (163,163,163) (163,163,163) (159,159,159) (157,157,157) (159,159,159) (159,159,159) (157,157,157) (155,155,155) (157,157,157) (157,157,157) (155,155,155) (153,153,153) (159,159,159) (157,157,157) (157,157,157) (155,155,155) (157,157,157) (153,153,153) (153,153,153) (155,155,155) (155,155,155) (157,157,157) (151,151,151) (155,155,155) (151,151,151) 
(102,102,102) (106,106,106) (110,110,110) (104,104,104) (106,106,106) (94,94,94) (100,100,100) (102,102,102) (102,102,102) (102,102,102) (100,100,100) (104,104,104) (110,110,110) (126,126,126) (137,137,137) (149,149,149) (151,151,151) (161,161,161) (165,165,165) (171,171,171) (173,173,173) (171,171,171) (169,169,169) (169,169,169) (169,169,169) (169,169,169) (169,169,169) (165,165,165) (155,155,155) (143,143,143) (124,124,124) (100,100,100) (86,86,86) (70,70,70) (78,78,78) (78,78,78) (82,82,82) (90,90,90) (96,96,96) (94,94,94) (90,90,90) (100,100,100) (94,94,94) (98,98,98) (100,100,100) (100,100,100) (102,102,102) (96,96,96) (96,96,96) (98,98,98) (96,96,96) (102,102,102) (100,100,100) (98,98,98) (98,98,98) (98,98,98) (100,100,100) (88,88,88) (86,86,86) (76,76,76) (116,116,116) (225,225,225) (195,195,195) (209,209,209) (181,181,181) (209,209,209) (165,165,165) (165,165,165) (143,143,143) (120,120,120) (131,131,131) (155,155,155) (159,159,159) (163,163,163) (122,122,122) (114,114,114) (108,108,108) (112,112,112) (108,108,108) (133,133,133) (137,137,137) (137,137,137) (129,129,129) (139,139,139) (124,124,124) (112,112,112) (126,126,126) (129,129,129) (124,124,124) (122,122,122) (137,137,137) (135,135,135) (126,126,126) (118,118,118) (122,122,122) (145,145,145) (143,143,143) (133,133,133) (139,139,139) (131,131,131) (131,131,131) (72,72,72) (135,135,135) (137,137,137) (135,135,135) (102,102,102) (96,96,96) (80,80,80) (48,48,48) (72,72,72) (100,100,100) (104,104,104) (66,66,66) (52,52,52) (50,50,50) (50,50,50) (52,52,52) (44,44,44) (70,70,70) (133,133,133) (90,90,90) (129,129,129) (102,102,102) (42,42,42) (40,40,40) (46,46,46) (92,92,92) (129,129,129) (56,56,56) (88,88,88) (100,100,100) (56,56,56) (60,60,60) (40,40,40) (133,133,133) (34,34,34) (30,30,30) (30,30,30) (88,88,88) (191,191,191) (153,153,153) (122,122,122) (116,116,116) (181,181,181) (189,189,189) (193,193,193) (195,195,195) (179,179,179) (175,175,175) (177,177,177) (187,187,187) (187,187,187) (191,191,191) (189,189,189) (189,189,189) (191,191,191) (191,191,191) (185,185,185) (189,189,189) (185,185,185) (187,187,187) (189,189,189) (189,189,189) (195,195,195) (191,191,191) (195,195,195) (193,193,193) (195,195,195) (195,195,195) (197,197,197) (197,197,197) (197,197,197) (203,203,203) (199,199,199) (173,173,173) (92,92,92) (98,98,98) (114,114,114) (141,141,141) (126,126,126) (108,108,108) (94,94,94) (102,102,102) (98,98,98) (116,116,116) (145,145,145) (145,145,145) (167,167,167) (163,163,163) (167,167,167) (169,169,169) (177,177,177) (177,177,177) (197,197,197) (223,223,223) (58,58,58) (46,46,46) (38,38,38) (50,50,50) (50,50,50) (56,56,56) (52,52,52) (62,62,62) (52,52,52) (58,58,58) (46,46,46) (46,46,46) (46,46,46) (44,44,44) (44,44,44) (60,60,60) (72,72,72) (50,50,50) (58,58,58) (60,60,60) (82,82,82) (133,133,133) (149,149,149) (151,151,151) (147,147,147) (141,141,141) (147,147,147) (159,159,159) (165,165,165) (167,167,167) (161,161,161) (161,161,161) (163,163,163) (159,159,159) (163,163,163) (161,161,161) (159,159,159) (163,163,163) (161,161,161) (159,159,159) (159,159,159) (159,159,159) (159,159,159) (157,157,157) (159,159,159) (157,157,157) (157,157,157) (155,155,155) (153,153,153) (157,157,157) (155,155,155) (153,153,153) (157,157,157) (155,155,155) (155,155,155) (153,153,153) (157,157,157) (153,153,153) (153,153,153) (155,155,155) (151,151,151) 
(110,110,110) (100,100,100) (108,108,108) (104,104,104) (104,104,104) (104,104,104) (106,106,106) (94,94,94) (98,98,98) (96,96,96) (104,104,104) (106,106,106) (114,114,114) (126,126,126) (137,137,137) (147,147,147) (155,155,155) (161,161,161) (167,167,167) (171,171,171) (169,169,169) (173,173,173) (171,171,171) (167,167,167) (171,171,171) (171,171,171) (169,169,169) (163,163,163) (153,153,153) (143,143,143) (126,126,126) (104,104,104) (86,86,86) (70,70,70) (74,74,74) (80,80,80) (84,84,84) (90,90,90) (96,96,96) (94,94,94) (94,94,94) (96,96,96) (100,100,100) (92,92,92) (98,98,98) (102,102,102) (102,102,102) (96,96,96) (102,102,102) (96,96,96) (100,100,100) (102,102,102) (100,100,100) (98,98,98) (102,102,102) (98,98,98) (98,98,98) (92,92,92) (90,90,90) (78,78,78) (88,88,88) (225,225,225) (211,211,211) (189,189,189) (201,201,201) (185,185,185) (203,203,203) (155,155,155) (169,169,169) (129,129,129) (129,129,129) (153,153,153) (122,122,122) (141,141,141) (112,112,112) (106,106,106) (108,108,108) (118,118,118) (135,135,135) (141,141,141) (133,133,133) (135,135,135) (139,139,139) (129,129,129) (110,110,110) (126,126,126) (120,120,120) (133,133,133) (129,129,129) (124,124,124) (129,129,129) (135,135,135) (120,120,120) (122,122,122) (139,139,139) (135,135,135) (131,131,131) (141,141,141) (137,137,137) (143,143,143) (133,133,133) (74,74,74) (141,141,141) (126,126,126) (98,98,98) (80,80,80) (52,52,52) (52,52,52) (66,66,66) (114,114,114) (76,76,76) (48,48,48) (48,48,48) (52,52,52) (56,56,56) (46,46,46) (60,60,60) (42,42,42) (126,126,126) (124,124,124) (120,120,120) (94,94,94) (36,36,36) (56,56,56) (38,38,38) (50,50,50) (141,141,141) (56,56,56) (92,92,92) (102,102,102) (84,84,84) (42,42,42) (38,38,38) (36,36,36) (122,122,122) (112,112,112) (28,28,28) (120,120,120) (181,181,181) (149,149,149) (124,124,124) (135,135,135) (177,177,177) (203,203,203) (191,191,191) (193,193,193) (181,181,181) (183,183,183) (179,179,179) (183,183,183) (187,187,187) (187,187,187) (187,187,187) (189,189,189) (187,187,187) (187,187,187) (187,187,187) (183,183,183) (185,185,185) (187,187,187) (187,187,187) (193,193,193) (193,193,193) (189,189,189) (193,193,193) (191,191,191) (193,193,193) (195,195,195) (195,195,195) (199,199,199) (199,199,199) (195,195,195) (211,211,211) (86,86,86) (70,70,70) (104,104,104) (108,108,108) (116,116,116) (141,141,141) (139,139,139) (143,143,143) (126,126,126) (147,147,147) (155,155,155) (161,161,161) (169,169,169) (167,167,167) (165,165,165) (175,175,175) (165,165,165) (167,167,167) (181,181,181) (191,191,191) (215,215,215) (64,64,64) (42,42,42) (44,44,44) (40,40,40) (52,52,52) (50,50,50) (52,52,52) (56,56,56) (56,56,56) (48,48,48) (54,54,54) (46,46,46) (54,54,54) (48,48,48) (42,42,42) (42,42,42) (64,64,64) (52,52,52) (50,50,50) (52,52,52) (48,48,48) (106,106,106) (133,133,133) (147,147,147) (145,145,145) (149,149,149) (139,139,139) (153,153,153) (163,163,163) (165,165,165) (159,159,159) (165,165,165) (159,159,159) (163,163,163) (163,163,163) (165,165,165) (165,165,165) (165,165,165) (163,163,163) (159,159,159) (161,161,161) (159,159,159) (157,157,157) (155,155,155) (157,157,157) (155,155,155) (159,159,159) (157,157,157) (153,153,153) (153,153,153) (159,159,159) (149,149,149) (153,153,153) (153,153,153) (155,155,155) (155,155,155) (157,157,157) (157,157,157) (155,155,155) (149,149,149) (151,151,151) (151,151,151) 
(108,108,108) (102,102,102) (112,112,112) (100,100,100) (100,100,100) (104,104,104) (102,102,102) (94,94,94) (100,100,100) (102,102,102) (100,100,100) (106,106,106) (112,112,112) (122,122,122) (131,131,131) (147,147,147) (155,155,155) (163,163,163) (169,169,169) (173,173,173) (171,171,171) (173,173,173) (173,173,173) (175,175,175) (169,169,169) (171,171,171) (171,171,171) (163,163,163) (153,153,153) (139,139,139) (129,129,129) (104,104,104) (86,86,86) (72,72,72) (76,76,76) (84,84,84) (84,84,84) (92,92,92) (96,96,96) (96,96,96) (94,94,94) (98,98,98) (92,92,92) (100,100,100) (96,96,96) (102,102,102) (100,100,100) (100,100,100) (100,100,100) (100,100,100) (98,98,98) (100,100,100) (94,94,94) (94,94,94) (102,102,102) (102,102,102) (104,104,104) (98,98,98) (88,88,88) (80,80,80) (86,86,86) (223,223,223) (199,199,199) (209,209,209) (183,183,183) (207,207,207) (187,187,187) (191,191,191) (161,161,161) (165,165,165) (131,131,131) (145,145,145) (153,153,153) (126,126,126) (106,106,106) (112,112,112) (112,112,112) (126,126,126) (137,137,137) (135,135,135) (139,139,139) (129,129,129) (114,114,114) (96,96,96) (116,116,116) (122,122,122) (126,126,126) (131,131,131) (129,129,129) (129,129,129) (122,122,122) (122,122,122) (118,118,118) (108,108,108) (137,137,137) (135,135,135) (137,137,137) (135,135,135) (141,141,141) (147,147,147) (133,133,133) (94,94,94) (147,147,147) (80,80,80) (58,58,58) (60,60,60) (58,58,58) (108,108,108) (80,80,80) (58,58,58) (48,48,48) (46,46,46) (44,44,44) (62,62,62) (42,42,42) (48,48,48) (48,48,48) (46,46,46) (126,126,126) (76,76,76) (100,100,100) (44,44,44) (50,50,50) (54,54,54) (54,54,54) (155,155,155) (84,84,84) (60,60,60) (96,96,96) (72,72,72) (36,36,36) (40,40,40) (42,42,42) (32,32,32) (80,80,80) (66,66,66) (131,131,131) (183,183,183) (131,131,131) (124,124,124) (120,120,120) (187,187,187) (197,197,197) (197,197,197) (187,187,187) (183,183,183) (185,185,185) (177,177,177) (179,179,179) (183,183,183) (189,189,189) (181,181,181) (185,185,185) (179,179,179) (179,179,179) (185,185,185) (177,177,177) (183,183,183) (189,189,189) (187,187,187) (189,189,189) (187,187,187) (191,191,191) (189,189,189) (193,193,193) (195,195,195) (193,193,193) (199,199,199) (197,197,197) (201,201,201) (211,211,211) (78,78,78) (44,44,44) (90,90,90) (100,100,100) (88,88,88) (110,110,110) (92,92,92) (135,135,135) (147,147,147) (159,159,159) (165,165,165) (163,163,163) (163,163,163) (167,167,167) (165,165,165) (165,165,165) (165,165,165) (173,173,173) (167,167,167) (181,181,181) (197,197,197) (217,217,217) (110,110,110) (34,34,34) (40,40,40) (44,44,44) (46,46,46) (44,44,44) (56,56,56) (60,60,60) (56,56,56) (52,52,52) (44,44,44) (54,54,54) (44,44,44) (54,54,54) (50,50,50) (48,48,48) (46,46,46) (58,58,58) (46,46,46) (42,42,42) (48,48,48) (68,68,68) (118,118,118) (147,147,147) (147,147,147) (145,145,145) (143,143,143) (145,145,145) (159,159,159) (165,165,165) (165,165,165) (163,163,163) (165,165,165) (163,163,163) (169,169,169) (163,163,163) (163,163,163) (161,161,161) (161,161,161) (163,163,163) (163,163,163) (161,161,161) (157,157,157) (157,157,157) (157,157,157) (159,159,159) (157,157,157) (155,155,155) (155,155,155) (155,155,155) (151,151,151) (155,155,155) (155,155,155) (155,155,155) (157,157,157) (151,151,151) (155,155,155) (155,155,155) (153,153,153) (155,155,155) (151,151,151) (153,153,153) (149,149,149) 
(106,106,106) (112,112,112) (104,104,104) (104,104,104) (102,102,102) (98,98,98) (108,108,108) (102,102,102) (96,96,96) (102,102,102) (100,100,100) (108,108,108) (116,116,116) (126,126,126) (135,135,135) (147,147,147) (155,155,155) (163,163,163) (167,167,167) (175,175,175) (173,173,173) (167,167,167) (171,171,171) (171,171,171) (175,175,175) (169,169,169) (171,171,171) (165,165,165) (153,153,153) (141,141,141) (126,126,126) (110,110,110) (90,90,90) (68,68,68) (76,76,76) (82,82,82) (86,86,86) (88,88,88) (86,86,86) (96,96,96) (96,96,96) (92,92,92) (94,94,94) (100,100,100) (100,100,100) (100,100,100) (104,104,104) (98,98,98) (98,98,98) (98,98,98) (102,102,102) (104,104,104) (96,96,96) (94,94,94) (102,102,102) (96,96,96) (100,100,100) (100,100,100) (92,92,92) (84,84,84) (82,82,82) (187,187,187) (221,221,221) (187,187,187) (207,207,207) (189,189,189) (205,205,205) (201,201,201) (165,165,165) (159,159,159) (181,181,181) (133,133,133) (171,171,171) (94,94,94) (102,102,102) (122,122,122) (133,133,133) (135,135,135) (135,135,135) (133,133,133) (137,137,137) (131,131,131) (96,96,96) (114,114,114) (124,124,124) (124,124,124) (133,133,133) (120,120,120) (122,122,122) (129,129,129) (124,124,124) (118,118,118) (129,129,129) (141,141,141) (124,124,124) (114,114,114) (90,90,90) (70,70,70) (133,133,133) (139,139,139) (129,129,129) (88,88,88) (90,90,90) (52,52,52) (82,82,82) (62,62,62) (98,98,98) (64,64,64) (54,54,54) (66,66,66) (44,44,44) (44,44,44) (68,68,68) (48,48,48) (34,34,34) (52,52,52) (40,40,40) (126,126,126) (133,133,133) (50,50,50) (74,74,74) (50,50,50) (46,46,46) (66,66,66) (143,143,143) (106,106,106) (92,92,92) (100,100,100) (96,96,96) (34,34,34) (30,30,30) (94,94,94) (26,26,26) (62,62,62) (48,48,48) (149,149,149) (179,179,179) (145,145,145) (118,118,118) (137,137,137) (191,191,191) (187,187,187) (199,199,199) (193,193,193) (179,179,179) (183,183,183) (173,173,173) (183,183,183) (177,177,177) (185,185,185) (183,183,183) (181,181,181) (177,177,177) (179,179,179) (177,177,177) (179,179,179) (183,183,183) (183,183,183) (181,181,181) (187,187,187) (189,189,189) (193,193,193) (195,195,195) (189,189,189) (193,193,193) (193,193,193) (199,199,199) (193,193,193) (201,201,201) (122,122,122) (44,44,44) (104,104,104) (50,50,50) (96,96,96) (124,124,124) (98,98,98) (112,112,112) (104,104,104) (133,133,133) (143,143,143) (165,165,165) (167,167,167) (165,165,165) (165,165,165) (163,163,163) (165,165,165) (171,171,171) (167,167,167) (175,175,175) (187,187,187) (199,199,199) (213,213,213) (110,110,110) (38,38,38) (38,38,38) (38,38,38) (42,42,42) (48,48,48) (54,54,54) (52,52,52) (50,50,50) (56,56,56) (54,54,54) (60,60,60) (56,56,56) (42,42,42) (42,42,42) (44,44,44) (46,46,46) (58,58,58) (56,56,56) (54,54,54) (42,42,42) (52,52,52) (88,88,88) (131,131,131) (153,153,153) (145,145,145) (141,141,141) (141,141,141) (149,149,149) (157,157,157) (165,165,165) (169,169,169) (165,165,165) (163,163,163) (161,161,161) (167,167,167) (163,163,163) (161,161,161) (165,165,165) (163,163,163) (159,159,159) (163,163,163) (159,159,159) (157,157,157) (157,157,157) (157,157,157) (157,157,157) (159,159,159) (159,159,159) (155,155,155) (155,155,155) (155,155,155) (155,155,155) (157,157,157) (155,155,155) (157,157,157) (153,153,153) (153,153,153) (153,153,153) (151,151,151) (151,151,151) (153,153,153) (153,153,153) (149,149,149) 
(108,108,108) (108,108,108) (104,104,104) (104,104,104) (102,102,102) (102,102,102) (100,100,100) (104,104,104) (104,104,104) (106,106,106) (100,100,100) (102,102,102) (108,108,108) (122,122,122) (135,135,135) (145,145,145) (151,151,151) (163,163,163) (165,165,165) (171,171,171) (169,169,169) (175,175,175) (175,175,175) (173,173,173) (173,173,173) (171,171,171) (169,169,169) (159,159,159) (155,155,155) (143,143,143) (133,133,133) (104,104,104) (86,86,86) (70,70,70) (74,74,74) (80,80,80) (88,88,88) (94,94,94) (92,92,92) (96,96,96) (98,98,98) (102,102,102) (92,92,92) (98,98,98) (96,96,96) (96,96,96) (100,100,100) (94,94,94) (94,94,94) (92,92,92) (100,100,100) (98,98,98) (100,100,100) (98,98,98) (104,104,104) (106,106,106) (106,106,106) (102,102,102) (100,100,100) (90,90,90) (82,82,82) (88,88,88) (227,227,227) (217,217,217) (201,201,201) (199,199,199) (197,197,197) (171,171,171) (159,159,159) (185,185,185) (157,157,157) (165,165,165) (131,131,131) (102,102,102) (100,100,100) (133,133,133) (122,122,122) (126,126,126) (139,139,139) (135,135,135) (129,129,129) (106,106,106) (122,122,122) (129,129,129) (124,124,124) (124,124,124) (131,131,131) (118,118,118) (120,120,120) (129,129,129) (120,120,120) (118,118,118) (141,141,141) (135,135,135) (139,139,139) (129,129,129) (129,129,129) (108,108,108) (88,88,88) (70,70,70) (116,116,116) (78,78,78) (58,58,58) (64,64,64) (68,68,68) (86,86,86) (68,68,68) (62,62,62) (58,58,58) (58,58,58) (56,56,56) (82,82,82) (52,52,52) (40,40,40) (38,38,38) (52,52,52) (102,102,102) (72,72,72) (64,64,64) (48,48,48) (54,54,54) (56,56,56) (54,54,54) (120,120,120) (66,66,66) (94,94,94) (126,126,126) (110,110,110) (40,40,40) (28,28,28) (141,141,141) (4,4,4) (26,26,26) (129,129,129) (137,137,137) (185,185,185) (120,120,120) (116,116,116) (139,139,139) (191,191,191) (197,197,197) (193,193,193) (197,197,197) (191,191,191) (183,183,183) (177,177,177) (179,179,179) (181,181,181) (183,183,183) (179,179,179) (183,183,183) (185,185,185) (181,181,181) (177,177,177) (179,179,179) (177,177,177) (171,171,171) (183,183,183) (189,189,189) (191,191,191) (185,185,185) (191,191,191) (187,187,187) (193,193,193) (191,191,191) (195,195,195) (189,189,189) (207,207,207) (34,34,34) (34,34,34) (76,76,76) (114,114,114) (94,94,94) (62,62,62) (151,151,151) (120,120,120) (106,106,106) (126,126,126) (104,104,104) (139,139,139) (157,157,157) (159,159,159) (167,167,167) (169,169,169) (173,173,173) (169,169,169) (177,177,177) (177,177,177) (187,187,187) (195,195,195) (221,221,221) (135,135,135) (34,34,34) (42,42,42) (40,40,40) (46,46,46) (46,46,46) (50,50,50) (54,54,54) (52,52,52) (58,58,58) (54,54,54) (48,48,48) (54,54,54) (52,52,52) (46,46,46) (42,42,42) (56,56,56) (52,52,52) (54,54,54) (48,48,48) (58,58,58) (58,58,58) (56,56,56) (104,104,104) (135,135,135) (145,145,145) (147,147,147) (141,141,141) (145,145,145) (159,159,159) (167,167,167) (165,165,165) (163,163,163) (167,167,167) (167,167,167) (165,165,165) (167,167,167) (167,167,167) (163,163,163) (163,163,163) (161,161,161) (161,161,161) (161,161,161) (159,159,159) (161,161,161) (161,161,161) (161,161,161) (157,157,157) (159,159,159) (155,155,155) (153,153,153) (155,155,155) (157,157,157) (153,153,153) (155,155,155) (157,157,157) (157,157,157) (157,157,157) (157,157,157) (153,153,153) (149,149,149) (159,159,159) (151,151,151) (153,153,153) (149,149,149) 
(106,106,106) (106,106,106) (104,104,104) (104,104,104) (102,102,102) (100,100,100) (98,98,98) (98,98,98) (100,100,100) (98,98,98) (108,108,108) (106,106,106) (108,108,108) (122,122,122) (129,129,129) (147,147,147) (153,153,153) (163,163,163) (169,169,169) (171,171,171) (171,171,171) (171,171,171) (175,175,175) (171,171,171) (173,173,173) (171,171,171) (171,171,171) (163,163,163) (157,157,157) (145,145,145) (129,129,129) (108,108,108) (84,84,84) (70,70,70) (70,70,70) (78,78,78) (80,80,80) (92,92,92) (90,90,90) (90,90,90) (96,96,96) (94,94,94) (92,92,92) (96,96,96) (102,102,102) (98,98,98) (100,100,100) (98,98,98) (94,94,94) (96,96,96) (98,98,98) (98,98,98) (94,94,94) (100,100,100) (100,100,100) (102,102,102) (102,102,102) (106,106,106) (102,102,102) (98,98,98) (86,86,86) (84,84,84) (175,175,175) (221,221,221) (213,213,213) (205,205,205) (197,197,197) (171,171,171) (157,157,157) (179,179,179) (181,181,181) (173,173,173) (100,100,100) (88,88,88) (129,129,129) (129,129,129) (133,133,133) (122,122,122) (129,129,129) (124,124,124) (104,104,104) (106,106,106) (131,131,131) (131,131,131) (122,122,122) (129,129,129) (120,120,120) (120,120,120) (120,120,120) (126,126,126) (120,120,120) (137,137,137) (133,133,133) (143,143,143) (137,137,137) (139,139,139) (84,84,84) (44,44,44) (98,98,98) (70,70,70) (68,68,68) (90,90,90) (84,84,84) (68,68,68) (100,100,100) (80,80,80) (62,62,62) (62,62,62) (44,44,44) (50,50,50) (98,98,98) (112,112,112) (42,42,42) (36,36,36) (38,38,38) (74,74,74) (110,110,110) (102,102,102) (34,34,34) (42,42,42) (44,44,44) (42,42,42) (54,54,54) (80,80,80) (66,66,66) (84,84,84) (94,94,94) (62,62,62) (32,32,32) (145,145,145) (143,143,143) (30,30,30) (26,26,26) (181,181,181) (167,167,167) (126,126,126) (114,114,114) (141,141,141) (193,193,193) (197,197,197) (197,197,197) (193,193,193) (191,191,191) (189,189,189) (183,183,183) (181,181,181) (175,175,175) (181,181,181) (181,181,181) (179,179,179) (181,181,181) (181,181,181) (173,173,173) (173,173,173) (177,177,177) (181,181,181) (177,177,177) (175,175,175) (187,187,187) (189,189,189) (191,191,191) (193,193,193) (191,191,191) (189,189,189) (195,195,195) (181,181,181) (159,159,159) (74,74,74) (70,70,70) (52,52,52) (54,54,54) (112,112,112) (114,114,114) (80,80,80) (92,92,92) (145,145,145) (106,106,106) (137,137,137) (110,110,110) (122,122,122) (153,153,153) (153,153,153) (169,169,169) (169,169,169) (169,169,169) (173,173,173) (183,183,183) (185,185,185) (201,201,201) (211,211,211) (26,26,26) (40,40,40) (52,52,52) (36,36,36) (42,42,42) (44,44,44) (48,48,48) (54,54,54) (54,54,54) (52,52,52) (54,54,54) (58,58,58) (60,60,60) (56,56,56) (48,48,48) (54,54,54) (44,44,44) (46,46,46) (50,50,50) (48,48,48) (46,46,46) (50,50,50) (56,56,56) (86,86,86) (120,120,120) (143,143,143) (141,141,141) (147,147,147) (133,133,133) (149,149,149) (161,161,161) (169,169,169) (167,167,167) (165,165,165) (159,159,159) (167,167,167) (163,163,163) (163,163,163) (161,161,161) (161,161,161) (165,165,165) (165,165,165) (161,161,161) (165,165,165) (161,161,161) (161,161,161) (163,163,163) (157,157,157) (161,161,161) (157,157,157) (157,157,157) (159,159,159) (157,157,157) (159,159,159) (159,159,159) (157,157,157) (155,155,155) (157,157,157) (157,157,157) (155,155,155) (153,153,153) (151,151,151) (153,153,153) (147,147,147) (153,153,153) (151,151,151) 
(116,116,116) (110,110,110) (110,110,110) (100,100,100) (104,104,104) (106,106,106) (104,104,104) (100,100,100) (98,98,98) (98,98,98) (98,98,98) (100,100,100) (110,110,110) (118,118,118) (126,126,126) (143,143,143) (153,153,153) (167,167,167) (169,169,169) (171,171,171) (167,167,167) (169,169,169) (173,173,173) (177,177,177) (171,171,171) (171,171,171) (169,169,169) (161,161,161) (153,153,153) (141,141,141) (129,129,129) (102,102,102) (78,78,78) (74,74,74) (74,74,74) (78,78,78) (86,86,86) (92,92,92) (94,94,94) (96,96,96) (94,94,94) (104,104,104) (96,96,96) (98,98,98) (98,98,98) (96,96,96) (94,94,94) (94,94,94) (98,98,98) (100,100,100) (98,98,98) (100,100,100) (98,98,98) (100,100,100) (106,106,106) (104,104,104) (102,102,102) (104,104,104) (100,100,100) (102,102,102) (92,92,92) (84,84,84) (76,76,76) (219,219,219) (213,213,213) (203,203,203) (207,207,207) (183,183,183) (159,159,159) (175,175,175) (185,185,185) (165,165,165) (98,98,98) (108,108,108) (139,139,139) (131,131,131) (129,129,129) (129,129,129) (124,124,124) (118,118,118) (106,106,106) (122,122,122) (126,126,126) (129,129,129) (126,126,126) (122,122,122) (122,122,122) (118,118,118) (126,126,126) (114,114,114) (135,135,135) (137,137,137) (122,122,122) (106,106,106) (88,88,88) (100,100,100) (90,90,90) (80,80,80) (62,62,62) (66,66,66) (72,72,72) (70,70,70) (60,60,60) (90,90,90) (70,70,70) (60,60,60) (62,62,62) (46,46,46) (44,44,44) (52,52,52) (129,129,129) (42,42,42) (36,36,36) (44,44,44) (42,42,42) (88,88,88) (102,102,102) (100,100,100) (42,42,42) (46,46,46) (62,62,62) (74,74,74) (62,62,62) (46,46,46) (46,46,46) (88,88,88) (102,102,102) (40,40,40) (40,40,40) (157,157,157) (34,34,34) (28,28,28) (104,104,104) (145,145,145) (92,92,92) (118,118,118) (149,149,149) (199,199,199) (189,189,189) (199,199,199) (193,193,193) (193,193,193) (189,189,189) (191,191,191) (185,185,185) (177,177,177) (185,185,185) (177,177,177) (181,181,181) (183,183,183) (185,185,185) (171,171,171) (175,175,175) (167,167,167) (181,181,181) (179,179,179) (179,179,179) (175,175,175) (187,187,187) (193,193,193) (191,191,191) (191,191,191) (187,187,187) (187,187,187) (187,187,187) (179,179,179) (167,167,167) (122,122,122) (76,76,76) (92,92,92) (96,96,96) (62,62,62) (108,108,108) (102,102,102) (98,98,98) (141,141,141) (133,133,133) (112,112,112) (118,118,118) (100,100,100) (149,149,149) (151,151,151) (161,161,161) (167,167,167) (175,175,175) (175,175,175) (189,189,189) (209,209,209) (163,163,163) (34,34,34) (40,40,40) (40,40,40) (54,54,54) (40,40,40) (44,44,44) (50,50,50) (48,48,48) (44,44,44) (50,50,50) (58,58,58) (62,62,62) (56,56,56) (52,52,52) (48,48,48) (44,44,44) (42,42,42) (40,40,40) (40,40,40) (50,50,50) (54,54,54) (50,50,50) (50,50,50) (64,64,64) (84,84,84) (129,129,129) (137,137,137) (133,133,133) (137,137,137) (137,137,137) (155,155,155) (165,165,165) (163,163,163) (171,171,171) (167,167,167) (167,167,167) (163,163,163) (167,167,167) (165,165,165) (161,161,161) (159,159,159) (163,163,163) (165,165,165) (161,161,161) (161,161,161) (161,161,161) (161,161,161) (161,161,161) (159,159,159) (157,157,157) (157,157,157) (155,155,155) (157,157,157) (161,161,161) (157,157,157) (159,159,159) (155,155,155) (155,155,155) (155,155,155) (155,155,155) (157,157,157) (153,153,153) (151,151,151) (155,155,155) (151,151,151) (149,149,149) (151,151,151) 
(106,106,106) (104,104,104) (108,108,108) (112,112,112) (106,106,106) (100,100,100) (98,98,98) (100,100,100) (96,96,96) (98,98,98) (94,94,94) (98,98,98) (106,106,106) (118,118,118) (129,129,129) (143,143,143) (155,155,155) (159,159,159) (167,167,167) (173,173,173) (173,173,173) (171,171,171) (171,171,171) (169,169,169) (177,177,177) (171,171,171) (169,169,169) (165,165,165) (157,157,157) (147,147,147) (124,124,124) (102,102,102) (80,80,80) (74,74,74) (74,74,74) (84,84,84) (88,88,88) (84,84,84) (90,90,90) (92,92,92) (94,94,94) (94,94,94) (98,98,98) (98,98,98) (100,100,100) (94,94,94) (96,96,96) (98,98,98) (98,98,98) (98,98,98) (94,94,94) (98,98,98) (96,96,96) (102,102,102) (108,108,108) (104,104,104) (106,106,106) (102,102,102) (110,110,110) (102,102,102) (102,102,102) (92,92,92) (82,82,82) (120,120,120) (203,203,203) (219,219,219) (199,199,199) (189,189,189) (185,185,185) (171,171,171) (187,187,187) (173,173,173) (104,104,104) (159,159,159) (124,124,124) (131,131,131) (131,131,131) (131,131,131) (116,116,116) (110,110,110) (122,122,122) (126,126,126) (131,131,131) (133,133,133) (129,129,129) (124,124,124) (120,120,120) (126,126,126) (112,112,112) (139,139,139) (135,135,135) (122,122,122) (120,120,120) (118,118,118) (120,120,120) (114,114,114) (100,100,100) (104,104,104) (88,88,88) (86,86,86) (58,58,58) (68,68,68) (90,90,90) (78,78,78) (52,52,52) (42,42,42) (38,38,38) (34,34,34) (70,70,70) (86,86,86) (131,131,131) (32,32,32) (42,42,42) (42,42,42) (46,46,46) (90,90,90) (98,98,98) (100,100,100) (40,40,40) (56,56,56) (56,56,56) (50,50,50) (58,58,58) (52,52,52) (50,50,50) (120,120,120) (54,54,54) (34,34,34) (62,62,62) (141,141,141) (50,50,50) (135,135,135) (147,147,147) (98,98,98) (98,98,98) (173,173,173) (195,195,195) (197,197,197) (197,197,197) (193,193,193) (193,193,193) (191,191,191) (185,185,185) (183,183,183) (181,181,181) (183,183,183) (175,175,175) (177,177,177) (181,181,181) (175,175,175) (181,181,181) (171,171,171) (165,165,165) (171,171,171) (181,181,181) (179,179,179) (181,181,181) (179,179,179) (189,189,189) (187,187,187) (185,185,185) (181,181,181) (179,179,179) (177,177,177) (193,193,193) (193,193,193) (177,177,177) (149,149,149) (92,92,92) (76,76,76) (66,66,66) (116,116,116) (74,74,74) (100,100,100) (88,88,88) (86,86,86) (143,143,143) (122,122,122) (124,124,124) (102,102,102) (135,135,135) (149,149,149) (161,161,161) (181,181,181) (187,187,187) (197,197,197) (203,203,203) (135,135,135) (34,34,34) (40,40,40) (42,42,42) (42,42,42) (46,46,46) (42,42,42) (48,48,48) (52,52,52) (58,58,58) (54,54,54) (50,50,50) (54,54,54) (58,58,58) (52,52,52) (48,48,48) (44,44,44) (42,42,42) (48,48,48) (46,46,46) (46,46,46) (58,58,58) (62,62,62) (50,50,50) (72,72,72) (66,66,66) (118,118,118) (135,135,135) (131,131,131) (131,131,131) (129,129,129) (145,145,145) (161,161,161) (167,167,167) (167,167,167) (165,165,165) (163,163,163) (167,167,167) (163,163,163) (163,163,163) (161,161,161) (163,163,163) (161,161,161) (161,161,161) (163,163,163) (163,163,163) (165,165,165) (163,163,163) (163,163,163) (161,161,161) (161,161,161) (159,159,159) (155,155,155) (163,163,163) (159,159,159) (155,155,155) (157,157,157) (157,157,157) (161,161,161) (155,155,155) (157,157,157) (155,155,155) (155,155,155) (153,153,153) (155,155,155) (153,153,153) (155,155,155) (145,145,145) (149,149,149) 
(110,110,110) (108,108,108) (108,108,108) (108,108,108) (100,100,100) (102,102,102) (104,104,104) (102,102,102) (100,100,100) (102,102,102) (98,98,98) (98,98,98) (102,102,102) (114,114,114) (129,129,129) (141,141,141) (153,153,153) (161,161,161) (167,167,167) (167,167,167) (171,171,171) (173,173,173) (173,173,173) (175,175,175) (177,177,177) (173,173,173) (169,169,169) (167,167,167) (155,155,155) (141,141,141) (129,129,129) (104,104,104) (80,80,80) (74,74,74) (74,74,74) (80,80,80) (80,80,80) (86,86,86) (92,92,92) (94,94,94) (94,94,94) (98,98,98) (94,94,94) (98,98,98) (98,98,98) (98,98,98) (98,98,98) (98,98,98) (100,100,100) (100,100,100) (98,98,98) (92,92,92) (100,100,100) (104,104,104) (104,104,104) (106,106,106) (108,108,108) (106,106,106) (110,110,110) (106,106,106) (100,100,100) (98,98,98) (90,90,90) (86,86,86) (209,209,209) (207,207,207) (205,205,205) (191,191,191) (199,199,199) (183,183,183) (187,187,187) (110,110,110) (92,92,92) (147,147,147) (116,116,116) (120,120,120) (129,129,129) (124,124,124) (110,110,110) (118,118,118) (122,122,122) (129,129,129) (133,133,133) (122,122,122) (145,145,145) (135,135,135) (135,135,135) (133,133,133) (124,124,124) (120,120,120) (108,108,108) (135,135,135) (133,133,133) (129,129,129) (104,104,104) (60,60,60) (76,76,76) (88,88,88) (70,70,70) (72,72,72) (82,82,82) (102,102,102) (104,104,104) (60,60,60) (50,50,50) (46,46,46) (42,42,42) (38,38,38) (46,46,46) (108,108,108) (137,137,137) (38,38,38) (38,38,38) (54,54,54) (64,64,64) (72,72,72) (60,60,60) (74,74,74) (50,50,50) (72,72,72) (58,58,58) (46,46,46) (52,52,52) (42,42,42) (42,42,42) (112,112,112) (76,76,76) (38,38,38) (145,145,145) (104,104,104) (149,149,149) (141,141,141) (106,106,106) (106,106,106) (145,145,145) (189,189,189) (187,187,187) (193,193,193) (193,193,193) (193,193,193) (191,191,191) (187,187,187) (183,183,183) (181,181,181) (183,183,183) (177,177,177) (181,181,181) (179,179,179) (179,179,179) (179,179,179) (171,171,171) (171,171,171) (173,173,173) (179,179,179) (181,181,181) (187,187,187) (181,181,181) (181,181,181) (189,189,189) (183,183,183) (181,181,181) (185,185,185) (185,185,185) (195,195,195) (191,191,191) (195,195,195) (185,185,185) (163,163,163) (122,122,122) (92,92,92) (90,90,90) (58,58,58) (135,135,135) (112,112,112) (110,110,110) (110,110,110) (129,129,129) (139,139,139) (122,122,122) (122,122,122) (145,145,145) (155,155,155) (169,169,169) (189,189,189) (201,201,201) (187,187,187) (82,82,82) (42,42,42) (44,44,44) (46,46,46) (42,42,42) (46,46,46) (42,42,42) (48,48,48) (52,52,52) (56,56,56) (52,52,52) (50,50,50) (46,46,46) (56,56,56) (58,58,58) (50,50,50) (56,56,56) (44,44,44) (48,48,48) (48,48,48) (44,44,44) (56,56,56) (56,56,56) (46,46,46) (56,56,56) (58,58,58) (90,90,90) (120,120,120) (137,137,137) (131,131,131) (124,124,124) (129,129,129) (151,151,151) (165,165,165) (169,169,169) (169,169,169) (171,171,171) (167,167,167) (161,161,161) (163,163,163) (163,163,163) (163,163,163) (163,163,163) (161,161,161) (163,163,163) (161,161,161) (163,163,163) (165,165,165) (159,159,159) (165,165,165) (161,161,161) (157,157,157) (159,159,159) (161,161,161) (157,157,157) (159,159,159) (157,157,157) (161,161,161) (161,161,161) (157,157,157) (153,153,153) (157,157,157) (153,153,153) (159,159,159) (151,151,151) (157,157,157) (155,155,155) (153,153,153) (155,155,155) (151,151,151) 
(108,108,108) (108,108,108) (108,108,108) (108,108,108) (106,106,106) (102,102,102) (102,102,102) (100,100,100) (98,98,98) (98,98,98) (98,98,98) (94,94,94) (102,102,102) (110,110,110) (133,133,133) (139,139,139) (149,149,149) (163,163,163) (171,171,171) (173,173,173) (171,171,171) (175,175,175) (173,173,173) (171,171,171) (175,175,175) (175,175,175) (171,171,171) (161,161,161) (151,151,151) (143,143,143) (129,129,129) (100,100,100) (88,88,88) (74,74,74) (70,70,70) (78,78,78) (82,82,82) (84,84,84) (86,86,86) (98,98,98) (92,92,92) (96,96,96) (96,96,96) (100,100,100) (98,98,98) (98,98,98) (96,96,96) (96,96,96) (94,94,94) (96,96,96) (102,102,102) (96,96,96) (102,102,102) (104,104,104) (104,104,104) (106,106,106) (110,110,110) (112,112,112) (110,110,110) (106,106,106) (106,106,106) (100,100,100) (90,90,90) (88,88,88) (102,102,102) (227,227,227) (199,199,199) (199,199,199) (193,193,193) (193,193,193) (199,199,199) (100,100,100) (169,169,169) (133,133,133) (112,112,112) (112,112,112) (122,122,122) (112,112,112) (110,110,110) (135,135,135) (126,126,126) (129,129,129) (131,131,131) (118,118,118) (120,120,120) (110,110,110) (110,110,110) (120,120,120) (131,131,131) (120,120,120) (120,120,120) (110,110,110) (106,106,106) (100,100,100) (96,96,96) (72,72,72) (70,70,70) (74,74,74) (84,84,84) (88,88,88) (88,88,88) (98,98,98) (92,92,92) (66,66,66) (54,54,54) (56,56,56) (42,42,42) (48,48,48) (58,58,58) (112,112,112) (114,114,114) (38,38,38) (48,48,48) (48,48,48) (104,104,104) (46,46,46) (46,46,46) (50,50,50) (62,62,62) (62,62,62) (96,96,96) (98,98,98) (96,96,96) (90,90,90) (78,78,78) (122,122,122) (80,80,80) (76,76,76) (135,135,135) (84,84,84) (98,98,98) (131,131,131) (106,106,106) (161,161,161) (173,173,173) (189,189,189) (187,187,187) (183,183,183) (183,183,183) (187,187,187) (189,189,189) (185,185,185) (185,185,185) (175,175,175) (177,177,177) (179,179,179) (175,175,175) (177,177,177) (177,177,177) (169,169,169) (173,173,173) (175,175,175) (171,171,171) (177,177,177) (185,185,185) (185,185,185) (183,183,183) (181,181,181) (183,183,183) (193,193,193) (189,189,189) (185,185,185) (193,193,193) (197,197,197) (201,201,201) (199,199,199) (185,185,185) (179,179,179) (133,133,133) (102,102,102) (88,88,88) (82,82,82) (56,56,56) (135,135,135) (74,74,74) (68,68,68) (52,52,52) (143,143,143) (129,129,129) (131,131,131) (133,133,133) (147,147,147) (175,175,175) (173,173,173) (129,129,129) (54,54,54) (48,48,48) (40,40,40) (42,42,42) (48,48,48) (46,46,46) (46,46,46) (40,40,40) (52,52,52) (56,56,56) (56,56,56) (56,56,56) (54,54,54) (64,64,64) (56,56,56) (58,58,58) (52,52,52) (58,58,58) (40,40,40) (42,42,42) (52,52,52) (46,46,46) (50,50,50) (52,52,52) (48,48,48) (66,66,66) (66,66,66) (112,112,112) (129,129,129) (131,131,131) (124,124,124) (118,118,118) (137,137,137) (155,155,155) (171,171,171) (167,167,167) (171,171,171) (171,171,171) (167,167,167) (161,161,161) (161,161,161) (163,163,163) (163,163,163) (165,165,165) (163,163,163) (163,163,163) (165,165,165) (157,157,157) (161,161,161) (159,159,159) (163,163,163) (157,157,157) (161,161,161) (159,159,159) (159,159,159) (159,159,159) (161,161,161) (159,159,159) (157,157,157) (159,159,159) (157,157,157) (155,155,155) (155,155,155) (159,159,159) (153,153,153) (155,155,155) (153,153,153) (155,155,155) (153,153,153) (151,151,151) (151,151,151) 
(108,108,108) (110,110,110) (106,106,106) (108,108,108) (104,104,104) (104,104,104) (104,104,104) (104,104,104) (100,100,100) (98,98,98) (96,96,96) (94,94,94) (94,94,94) (116,116,116) (129,129,129) (145,145,145) (153,153,153) (161,161,161) (169,169,169) (173,173,173) (173,173,173) (171,171,171) (169,169,169) (179,179,179) (173,173,173) (171,171,171) (169,169,169) (163,163,163) (155,155,155) (145,145,145) (126,126,126) (104,104,104) (82,82,82) (64,64,64) (76,76,76) (80,80,80) (86,86,86) (84,84,84) (92,92,92) (90,90,90) (92,92,92) (94,94,94) (92,92,92) (98,98,98) (98,98,98) (98,98,98) (92,92,92) (98,98,98) (98,98,98) (100,100,100) (94,94,94) (98,98,98) (98,98,98) (104,104,104) (102,102,102) (106,106,106) (108,108,108) (112,112,112) (112,112,112) (110,110,110) (108,108,108) (104,104,104) (96,96,96) (90,90,90) (78,78,78) (229,229,229) (223,223,223) (201,201,201) (197,197,197) (193,193,193) (197,197,197) (151,151,151) (143,143,143) (120,120,120) (122,122,122) (116,116,116) (114,114,114) (98,98,98) (116,116,116) (124,124,124) (133,133,133) (129,129,129) (118,118,118) (108,108,108) (112,112,112) (110,110,110) (137,137,137) (135,135,135) (129,129,129) (114,114,114) (133,133,133) (133,133,133) (112,112,112) (84,84,84) (64,64,64) (70,70,70) (62,62,62) (60,60,60) (82,82,82) (68,68,68) (92,92,92) (84,84,84) (70,70,70) (72,72,72) (56,56,56) (52,52,52) (50,50,50) (44,44,44) (66,66,66) (86,86,86) (98,98,98) (46,46,46) (72,72,72) (70,70,70) (38,38,38) (46,46,46) (46,46,46) (50,50,50) (50,50,50) (56,56,56) (44,44,44) (56,56,56) (62,62,62) (44,44,44) (42,42,42) (98,98,98) (76,76,76) (64,64,64) (112,112,112) (66,66,66) (129,129,129) (139,139,139) (120,120,120) (171,171,171) (155,155,155) (179,179,179) (175,175,175) (175,175,175) (179,179,179) (181,181,181) (185,185,185) (181,181,181) (173,173,173) (171,171,171) (169,169,169) (171,171,171) (177,177,177) (171,171,171) (173,173,173) (175,175,175) (175,175,175) (177,177,177) (175,175,175) (177,177,177) (177,177,177) (173,173,173) (177,177,177) (191,191,191) (195,195,195) (195,195,195) (191,191,191) (189,189,189) (195,195,195) (193,193,193) (199,199,199) (201,201,201) (195,195,195) (193,193,193) (159,159,159) (120,120,120) (94,94,94) (82,82,82) (68,68,68) (28,28,28) (129,129,129) (82,82,82) (92,92,92) (84,84,84) (145,145,145) (131,131,131) (131,131,131) (151,151,151) (163,163,163) (120,120,120) (116,116,116) (54,54,54) (40,40,40) (40,40,40) (46,46,46) (44,44,44) (46,46,46) (42,42,42) (48,48,48) (48,48,48) (52,52,52) (54,54,54) (60,60,60) (52,52,52) (60,60,60) (54,54,54) (54,54,54) (56,56,56) (46,46,46) (38,38,38) (52,52,52) (48,48,48) (50,50,50) (48,48,48) (54,54,54) (54,54,54) (60,60,60) (78,78,78) (122,122,122) (131,131,131) (133,133,133) (124,124,124) (126,126,126) (139,139,139) (161,161,161) (169,169,169) (167,167,167) (167,167,167) (167,167,167) (165,165,165) (163,163,163) (165,165,165) (165,165,165) (163,163,163) (161,161,161) (161,161,161) (163,163,163) (163,163,163) (163,163,163) (159,159,159) (161,161,161) (165,165,165) (161,161,161) (161,161,161) (161,161,161) (161,161,161) (163,163,163) (161,161,161) (161,161,161) (157,157,157) (153,153,153) (155,155,155) (157,157,157) (159,159,159) (155,155,155) (157,157,157) (157,157,157) (153,153,153) (153,153,153) (151,151,151) (149,149,149) (151,151,151) 
(104,104,104) (112,112,112) (106,106,106) (102,102,102) (104,104,104) (104,104,104) (102,102,102) (102,102,102) (102,102,102) (102,102,102) (92,92,92) (96,96,96) (94,94,94) (112,112,112) (129,129,129) (141,141,141) (151,151,151) (159,159,159) (167,167,167) (169,169,169) (177,177,177) (177,177,177) (171,171,171) (171,171,171) (177,177,177) (171,171,171) (171,171,171) (167,167,167) (157,157,157) (141,141,141) (129,129,129) (108,108,108) (82,82,82) (66,66,66) (72,72,72) (82,82,82) (86,86,86) (82,82,82) (90,90,90) (86,86,86) (94,94,94) (96,96,96) (100,100,100) (96,96,96) (98,98,98) (96,96,96) (94,94,94) (92,92,92) (98,98,98) (96,96,96) (96,96,96) (98,98,98) (100,100,100) (100,100,100) (102,102,102) (106,106,106) (108,108,108) (106,106,106) (114,114,114) (106,106,106) (106,106,106) (106,106,106) (98,98,98) (86,86,86) (88,88,88) (225,225,225) (211,211,211) (217,217,217) (201,201,201) (201,201,201) (189,189,189) (187,187,187) (129,129,129) (122,122,122) (124,124,124) (126,126,126) (96,96,96) (104,104,104) (114,114,114) (131,131,131) (129,129,129) (116,116,116) (116,116,116) (114,114,114) (124,124,124) (139,139,139) (131,131,131) (137,137,137) (124,124,124) (92,92,92) (126,126,126) (133,133,133) (122,122,122) (88,88,88) (62,62,62) (62,62,62) (70,70,70) (56,56,56) (54,54,54) (56,56,56) (88,88,88) (78,78,78) (80,80,80) (66,66,66) (70,70,70) (46,46,46) (52,52,52) (62,62,62) (78,78,78) (50,50,50) (98,98,98) (92,92,92) (96,96,96) (48,48,48) (52,52,52) (46,46,46) (48,48,48) (46,46,46) (48,48,48) (48,48,48) (50,50,50) (48,48,48) (48,48,48) (38,38,38) (40,40,40) (80,80,80) (78,78,78) (110,110,110) (82,82,82) (56,56,56) (100,100,100) (116,116,116) (137,137,137) (147,147,147) (163,163,163) (181,181,181) (177,177,177) (171,171,171) (179,179,179) (177,177,177) (179,179,179) (169,169,169) (177,177,177) (167,167,167) (171,171,171) (177,177,177) (171,171,171) (171,171,171) (179,179,179) (179,179,179) (173,173,173) (169,169,169) (175,175,175) (173,173,173) (167,167,167) (185,185,185) (197,197,197) (199,199,199) (197,197,197) (195,195,195) (195,195,195) (191,191,191) (197,197,197) (197,197,197) (197,197,197) (197,197,197) (199,199,199) (191,191,191) (171,171,171) (135,135,135) (102,102,102) (94,94,94) (74,74,74) (56,56,56) (46,46,46) (90,90,90) (84,84,84) (52,52,52) (139,139,139) (129,129,129) (143,143,143) (155,155,155) (147,147,147) (126,126,126) (106,106,106) (54,54,54) (40,40,40) (40,40,40) (44,44,44) (40,40,40) (42,42,42) (44,44,44) (54,54,54) (54,54,54) (52,52,52) (52,52,52) (60,60,60) (62,62,62) (56,56,56) (58,58,58) (50,50,50) (46,46,46) (46,46,46) (42,42,42) (42,42,42) (50,50,50) (56,56,56) (50,50,50) (48,48,48) (62,62,62) (66,66,66) (96,96,96) (131,131,131) (137,137,137) (133,133,133) (118,118,118) (129,129,129) (147,147,147) (161,161,161) (165,165,165) (165,165,165) (165,165,165) (167,167,167) (167,167,167) (163,163,163) (167,167,167) (171,171,171) (161,161,161) (163,163,163) (161,161,161) (163,163,163) (167,167,167) (159,159,159) (161,161,161) (165,165,165) (163,163,163) (163,163,163) (161,161,161) (159,159,159) (165,165,165) (163,163,163) (159,159,159) (159,159,159) (159,159,159) (161,161,161) (157,157,157) (153,153,153) (157,157,157) (157,157,157) (155,155,155) (155,155,155) (151,151,151) (157,157,157) (153,153,153) (151,151,151) (151,151,151) 
(108,108,108) (102,102,102) (104,104,104) (106,106,106) (102,102,102) (104,104,104) (100,100,100) (98,98,98) (102,102,102) (96,96,96) (92,92,92) (88,88,88) (100,100,100) (112,112,112) (124,124,124) (139,139,139) (151,151,151) (159,159,159) (167,167,167) (169,169,169) (171,171,171) (169,169,169) (169,169,169) (175,175,175) (173,173,173) (177,177,177) (173,173,173) (167,167,167) (157,157,157) (145,145,145) (131,131,131) (104,104,104) (78,78,78) (68,68,68) (72,72,72) (80,80,80) (78,78,78) (84,84,84) (92,92,92) (88,88,88) (92,92,92) (100,100,100) (98,98,98) (100,100,100) (92,92,92) (98,98,98) (100,100,100) (102,102,102) (96,96,96) (98,98,98) (94,94,94) (98,98,98) (104,104,104) (104,104,104) (106,106,106) (102,102,102) (114,114,114) (114,114,114) (114,114,114) (110,110,110) (106,106,106) (108,108,108) (98,98,98) (90,90,90) (80,80,80) (229,229,229) (219,219,219) (213,213,213) (205,205,205) (197,197,197) (187,187,187) (129,129,129) (112,112,112) (118,118,118) (118,118,118) (118,118,118) (114,114,114) (118,118,118) (129,129,129) (122,122,122) (112,112,112) (112,112,112) (120,120,120) (131,131,131) (145,145,145) (135,135,135) (131,131,131) (126,126,126) (118,118,118) (90,90,90) (129,129,129) (106,106,106) (86,86,86) (72,72,72) (80,80,80) (76,76,76) (62,62,62) (50,50,50) (40,40,40) (56,56,56) (70,70,70) (72,72,72) (66,66,66) (68,68,68) (84,84,84) (72,72,72) (60,60,60) (52,52,52) (82,82,82) (38,38,38) (129,129,129) (122,122,122) (92,92,92) (46,46,46) (44,44,44) (46,46,46) (46,46,46) (44,44,44) (48,48,48) (48,48,48) (58,58,58) (40,40,40) (44,44,44) (38,38,38) (42,42,42) (96,96,96) (131,131,131) (86,86,86) (88,88,88) (74,74,74) (183,183,183) (131,131,131) (185,185,185) (173,173,173) (177,177,177) (177,177,177) (179,179,179) (183,183,183) (187,187,187) (183,183,183) (171,171,171) (173,173,173) (163,163,163) (171,171,171) (175,175,175) (179,179,179) (175,175,175) (179,179,179) (173,173,173) (167,167,167) (175,175,175) (173,173,173) (169,169,169) (167,167,167) (189,189,189) (193,193,193) (195,195,195) (199,199,199) (199,199,199) (195,195,195) (199,199,199) (197,197,197) (197,197,197) (193,193,193) (197,197,197) (199,199,199) (201,201,201) (189,189,189) (177,177,177) (143,143,143) (104,104,104) (98,98,98) (80,80,80) (56,56,56) (40,40,40) (94,94,94) (98,98,98) (78,78,78) (104,104,104) (129,129,129) (131,131,131) (147,147,147) (151,151,151) (129,129,129) (98,98,98) (46,46,46) (46,46,46) (44,44,44) (38,38,38) (42,42,42) (44,44,44) (44,44,44) (58,58,58) (56,56,56) (56,56,56) (52,52,52) (60,60,60) (56,56,56) (58,58,58) (58,58,58) (48,48,48) (46,46,46) (44,44,44) (42,42,42) (42,42,42) (46,46,46) (56,56,56) (50,50,50) (52,52,52) (52,52,52) (70,70,70) (116,116,116) (133,133,133) (135,135,135) (126,126,126) (122,122,122) (139,139,139) (153,153,153) (157,157,157) (165,165,165) (165,165,165) (163,163,163) (163,163,163) (165,165,165) (167,167,167) (169,169,169) (163,163,163) (159,159,159) (161,161,161) (161,161,161) (165,165,165) (161,161,161) (161,161,161) (159,159,159) (163,163,163) (161,161,161) (161,161,161) (163,163,163) (159,159,159) (163,163,163) (161,161,161) (163,163,163) (157,157,157) (161,161,161) (159,159,159) (157,157,157) (157,157,157) (159,159,159) (155,155,155) (157,157,157) (157,157,157) (159,159,159) (151,151,151) (153,153,153) (153,153,153) (151,151,151) 
(106,106,106) (106,106,106) (102,102,102) (108,108,108) (104,104,104) (106,106,106) (102,102,102) (98,98,98) (98,98,98) (94,94,94) (92,92,92) (88,88,88) (92,92,92) (114,114,114) (126,126,126) (145,145,145) (149,149,149) (159,159,159) (165,165,165) (171,171,171) (173,173,173) (173,173,173) (173,173,173) (173,173,173) (171,171,171) (173,173,173) (175,175,175) (157,157,157) (157,157,157) (145,145,145) (129,129,129) (110,110,110) (80,80,80) (72,72,72) (64,64,64) (78,78,78) (86,86,86) (92,92,92) (92,92,92) (92,92,92) (98,98,98) (100,100,100) (98,98,98) (98,98,98) (100,100,100) (106,106,106) (102,102,102) (100,100,100) (100,100,100) (100,100,100) (96,96,96) (94,94,94) (98,98,98) (102,102,102) (106,106,106) (112,112,112) (108,108,108) (112,112,112) (110,110,110) (112,112,112) (108,108,108) (106,106,106) (102,102,102) (92,92,92) (86,86,86) (225,225,225) (217,217,217) (209,209,209) (215,215,215) (205,205,205) (171,171,171) (104,104,104) (106,106,106) (124,124,124) (124,124,124) (116,116,116) (116,116,116) (124,124,124) (126,126,126) (112,112,112) (102,102,102) (120,120,120) (133,133,133) (139,139,139) (129,129,129) (135,135,135) (129,129,129) (124,124,124) (108,108,108) (88,88,88) (72,72,72) (66,66,66) (48,48,48) (72,72,72) (90,90,90) (66,66,66) (50,50,50) (42,42,42) (48,48,48) (46,46,46) (48,48,48) (96,96,96) (58,58,58) (68,68,68) (84,84,84) (90,90,90) (40,40,40) (54,54,54) (80,80,80) (34,34,34) (52,52,52) (118,118,118) (124,124,124) (74,74,74) (42,42,42) (48,48,48) (48,48,48) (48,48,48) (40,40,40) (40,40,40) (44,44,44) (42,42,42) (36,36,36) (36,36,36) (98,98,98) (110,110,110) (110,110,110) (78,78,78) (104,104,104) (131,131,131) (181,181,181) (129,129,129) (183,183,183) (181,181,181) (181,181,181) (181,181,181) (181,181,181) (189,189,189) (183,183,183) (179,179,179) (169,169,169) (161,161,161) (163,163,163) (167,167,167) (165,165,165) (171,171,171) (181,181,181) (177,177,177) (171,171,171) (153,153,153) (165,165,165) (169,169,169) (175,175,175) (189,189,189) (193,193,193) (195,195,195) (191,191,191) (203,203,203) (203,203,203) (199,199,199) (195,195,195) (195,195,195) (197,197,197) (201,201,201) (203,203,203) (197,197,197) (195,195,195) (191,191,191) (173,173,173) (159,159,159) (122,122,122) (94,94,94) (72,72,72) (54,54,54) (48,48,48) (48,48,48) (96,96,96) (76,76,76) (64,64,64) (139,139,139) (126,126,126) (145,145,145) (147,147,147) (135,135,135) (80,80,80) (52,52,52) (46,46,46) (42,42,42) (44,44,44) (48,48,48) (46,46,46) (46,46,46) (50,50,50) (60,60,60) (52,52,52) (50,50,50) (54,54,54) (58,58,58) (58,58,58) (58,58,58) (48,48,48) (50,50,50) (42,42,42) (42,42,42) (46,46,46) (54,54,54) (50,50,50) (42,42,42) (48,48,48) (54,54,54) (96,96,96) (133,133,133) (139,139,139) (129,129,129) (129,129,129) (124,124,124) (141,141,141) (157,157,157) (159,159,159) (161,161,161) (163,163,163) (165,165,165) (167,167,167) (163,163,163) (161,161,161) (163,163,163) (165,165,165) (163,163,163) (161,161,161) (159,159,159) (159,159,159) (163,163,163) (165,165,165) (159,159,159) (167,167,167) (163,163,163) (161,161,161) (159,159,159) (163,163,163) (157,157,157) (161,161,161) (161,161,161) (159,159,159) (159,159,159) (157,157,157) (155,155,155) (159,159,159) (157,157,157) (157,157,157) (159,159,159) (157,157,157) (153,153,153) (155,155,155) (151,151,151) (149,149,149) (149,149,149) 
(104,104,104) (108,108,108) (104,104,104) (106,106,106) (106,106,106) (104,104,104) (102,102,102) (96,96,96) (100,100,100) (96,96,96) (86,86,86) (90,90,90) (92,92,92) (104,104,104) (129,129,129) (145,145,145) (147,147,147) (157,157,157) (167,167,167) (171,171,171) (169,169,169) (173,173,173) (171,171,171) (173,173,173) (175,175,175) (175,175,175) (173,173,173) (161,161,161) (153,153,153) (143,143,143) (124,124,124) (108,108,108) (82,82,82) (72,72,72) (76,76,76) (78,78,78) (84,84,84) (94,94,94) (96,96,96) (92,92,92) (92,92,92) (98,98,98) (98,98,98) (96,96,96) (104,104,104) (98,98,98) (100,100,100) (104,104,104) (100,100,100) (96,96,96) (100,100,100) (102,102,102) (98,98,98) (106,106,106) (102,102,102) (108,108,108) (114,114,114) (116,116,116) (114,114,114) (112,112,112) (108,108,108) (108,108,108) (108,108,108) (96,96,96) (88,88,88) (201,201,201) (215,215,215) (215,215,215) (209,209,209) (217,217,217) (110,110,110) (100,100,100) (106,106,106) (120,120,120) (110,110,110) (114,114,114) (120,120,120) (122,122,122) (118,118,118) (106,106,106) (118,118,118) (133,133,133) (139,139,139) (129,129,129) (131,131,131) (133,133,133) (122,122,122) (120,120,120) (122,122,122) (38,38,38) (42,42,42) (58,58,58) (44,44,44) (84,84,84) (58,58,58) (48,48,48) (42,42,42) (46,46,46) (52,52,52) (46,46,46) (48,48,48) (90,90,90) (90,90,90) (58,58,58) (86,86,86) (96,96,96) (38,38,38) (46,46,46) (86,86,86) (32,32,32) (44,44,44) (102,102,102) (126,126,126) (149,149,149) (64,64,64) (48,48,48) (44,44,44) (46,46,46) (42,42,42) (40,40,40) (34,34,34) (36,36,36) (36,36,36) (100,100,100) (153,153,153) (102,102,102) (96,96,96) (118,118,118) (189,189,189) (129,129,129) (173,173,173) (167,167,167) (181,181,181) (179,179,179) (183,183,183) (185,185,185) (193,193,193) (191,191,191) (185,185,185) (177,177,177) (161,161,161) (155,155,155) (161,161,161) (165,165,165) (171,171,171) (175,175,175) (181,181,181) (177,177,177) (161,161,161) (159,159,159) (171,171,171) (181,181,181) (181,181,181) (185,185,185) (193,193,193) (195,195,195) (193,193,193) (199,199,199) (199,199,199) (199,199,199) (197,197,197) (197,197,197) (197,197,197) (199,199,199) (205,205,205) (203,203,203) (199,199,199) (199,199,199) (185,185,185) (161,161,161) (116,116,116) (90,90,90) (86,86,86) (52,52,52) (46,46,46) (40,40,40) (70,70,70) (84,84,84) (64,64,64) (143,143,143) (135,135,135) (165,165,165) (157,157,157) (147,147,147) (52,52,52) (54,54,54) (52,52,52) (44,44,44) (42,42,42) (44,44,44) (50,50,50) (46,46,46) (56,56,56) (52,52,52) (56,56,56) (60,60,60) (60,60,60) (70,70,70) (58,58,58) (56,56,56) (50,50,50) (52,52,52) (44,44,44) (40,40,40) (54,54,54) (52,52,52) (46,46,46) (42,42,42) (54,54,54) (64,64,64) (106,106,106) (139,139,139) (141,141,141) (135,135,135) (129,129,129) (135,135,135) (151,151,151) (155,155,155) (151,151,151) (155,155,155) (161,161,161) (165,165,165) (165,165,165) (163,163,163) (163,163,163) (167,167,167) (165,165,165) (161,161,161) (165,165,165) (157,157,157) (159,159,159) (159,159,159) (157,157,157) (163,163,163) (163,163,163) (163,163,163) (163,163,163) (163,163,163) (159,159,159) (161,161,161) (157,157,157) (159,159,159) (161,161,161) (155,155,155) (157,157,157) (159,159,159) (159,159,159) (157,157,157) (161,161,161) (157,157,157) (155,155,155) (155,155,155) (153,153,153) (155,155,155) (151,151,151) (147,147,147) 
(106,106,106) (104,104,104) (110,110,110) (110,110,110) (106,106,106) (100,100,100) (98,98,98) (100,100,100) (100,100,100) (98,98,98) (96,96,96) (90,90,90) (100,100,100) (108,108,108) (129,129,129) (137,137,137) (151,151,151) (157,157,157) (169,169,169) (171,171,171) (173,173,173) (169,169,169) (175,175,175) (175,175,175) (171,171,171) (173,173,173) (173,173,173) (163,163,163) (157,157,157) (143,143,143) (126,126,126) (102,102,102) (86,86,86) (74,74,74) (76,76,76) (76,76,76) (82,82,82) (86,86,86) (100,100,100) (90,90,90) (100,100,100) (98,98,98) (100,100,100) (96,96,96) (102,102,102) (104,104,104) (102,102,102) (96,96,96) (100,100,100) (98,98,98) (98,98,98) (104,104,104) (102,102,102) (106,106,106) (106,106,106) (110,110,110) (108,108,108) (110,110,110) (112,112,112) (114,114,114) (112,112,112) (110,110,110) (110,110,110) (100,100,100) (94,94,94) (175,175,175) (221,221,221) (219,219,219) (211,211,211) (179,179,179) (108,108,108) (102,102,102) (104,104,104) (104,104,104) (114,114,114) (116,116,116) (114,114,114) (110,110,110) (102,102,102) (122,122,122) (131,131,131) (122,122,122) (124,124,124) (98,98,98) (131,131,131) (114,114,114) (114,114,114) (126,126,126) (120,120,120) (102,102,102) (44,44,44) (42,42,42) (58,58,58) (98,98,98) (44,44,44) (44,44,44) (52,52,52) (42,42,42) (42,42,42) (48,48,48) (42,42,42) (66,66,66) (84,84,84) (78,78,78) (62,62,62) (86,86,86) (68,68,68) (40,40,40) (108,108,108) (26,26,26) (44,44,44) (42,42,42) (96,96,96) (139,139,139) (88,88,88) (104,104,104) (100,100,100) (50,50,50) (32,32,32) (34,34,34) (30,30,30) (40,40,40) (70,70,70) (163,163,163) (129,129,129) (94,94,94) (118,118,118) (185,185,185) (161,161,161) (141,141,141) (122,122,122) (183,183,183) (185,185,185) (175,175,175) (181,181,181) (193,193,193) (191,191,191) (191,191,191) (173,173,173) (167,167,167) (165,165,165) (159,159,159) (161,161,161) (165,165,165) (173,173,173) (185,185,185) (177,177,177) (161,161,161) (159,159,159) (167,167,167) (173,173,173) (175,175,175) (187,187,187) (187,187,187) (193,193,193) (195,195,195) (195,195,195) (199,199,199) (205,205,205) (201,201,201) (201,201,201) (203,203,203) (203,203,203) (205,205,205) (205,205,205) (205,205,205) (205,205,205) (201,201,201) (189,189,189) (171,171,171) (139,139,139) (100,100,100) (92,92,92) (50,50,50) (36,36,36) (48,48,48) (46,46,46) (84,84,84) (64,64,64) (114,114,114) (153,153,153) (157,157,157) (167,167,167) (120,120,120) (50,50,50) (46,46,46) (46,46,46) (44,44,44) (42,42,42) (50,50,50) (52,52,52) (48,48,48) (50,50,50) (54,54,54) (50,50,50) (58,58,58) (62,62,62) (62,62,62) (58,58,58) (54,54,54) (46,46,46) (44,44,44) (46,46,46) (46,46,46) (50,50,50) (54,54,54) (52,52,52) (58,58,58) (54,54,54) (86,86,86) (129,129,129) (143,143,143) (135,135,135) (129,129,129) (131,131,131) (145,145,145) (153,153,153) (149,149,149) (149,149,149) (151,151,151) (157,157,157) (157,157,157) (157,157,157) (161,161,161) (167,167,167) (165,165,165) (165,165,165) (167,167,167) (165,165,165) (161,161,161) (163,163,163) (159,159,159) (159,159,159) (161,161,161) (159,159,159) (161,161,161) (163,163,163) (167,167,167) (161,161,161) (161,161,161) (159,159,159) (159,159,159) (157,157,157) (157,157,157) (157,157,157) (157,157,157) (159,159,159) (157,157,157) (159,159,159) (159,159,159) (153,153,153) (157,157,157) (157,157,157) (153,153,153) (155,155,155) (151,151,151) 
(102,102,102) (100,100,100) (106,106,106) (104,104,104) (104,104,104) (98,98,98) (100,100,100) (98,98,98) (102,102,102) (102,102,102) (96,96,96) (88,88,88) (96,96,96) (110,110,110) (131,131,131) (141,141,141) (151,151,151) (159,159,159) (167,167,167) (169,169,169) (171,171,171) (173,173,173) (171,171,171) (175,175,175) (175,175,175) (173,173,173) (169,169,169) (167,167,167) (157,157,157) (149,149,149) (129,129,129) (110,110,110) (84,84,84) (74,74,74) (66,66,66) (76,76,76) (84,84,84) (86,86,86) (98,98,98) (96,96,96) (102,102,102) (100,100,100) (96,96,96) (94,94,94) (100,100,100) (96,96,96) (96,96,96) (102,102,102) (98,98,98) (102,102,102) (102,102,102) (100,100,100) (100,100,100) (102,102,102) (102,102,102) (108,108,108) (106,106,106) (110,110,110) (120,120,120) (120,120,120) (112,112,112) (110,110,110) (108,108,108) (104,104,104) (94,94,94) (106,106,106) (223,223,223) (213,213,213) (219,219,219) (126,126,126) (104,104,104) (110,110,110) (110,110,110) (106,106,106) (112,112,112) (112,112,112) (110,110,110) (112,112,112) (135,135,135) (129,129,129) (126,126,126) (129,129,129) (129,129,129) (88,88,88) (116,116,116) (112,112,112) (116,116,116) (84,84,84) (74,74,74) (60,60,60) (46,46,46) (50,50,50) (96,96,96) (80,80,80) (42,42,42) (40,40,40) (44,44,44) (54,54,54) (46,46,46) (58,58,58) (48,48,48) (46,46,46) (52,52,52) (84,84,84) (72,72,72) (66,66,66) (64,64,64) (58,58,58) (98,98,98) (36,36,36) (62,62,62) (54,54,54) (80,80,80) (153,153,153) (30,30,30) (44,44,44) (42,42,42) (36,36,36) (42,42,42) (30,30,30) (32,32,32) (66,66,66) (173,173,173) (139,139,139) (106,106,106) (129,129,129) (193,193,193) (165,165,165) (165,165,165) (165,165,165) (129,129,129) (153,153,153) (179,179,179) (173,173,173) (177,177,177) (191,191,191) (185,185,185) (187,187,187) (169,169,169) (165,165,165) (167,167,167) (165,165,165) (165,165,165) (173,173,173) (179,179,179) (183,183,183) (153,153,153) (155,155,155) (165,165,165) (171,171,171) (181,181,181) (179,179,179) (185,185,185) (195,195,195) (197,197,197) (199,199,199) (195,195,195) (201,201,201) (203,203,203) (205,205,205) (199,199,199) (203,203,203) (205,205,205) (207,207,207) (213,213,213) (211,211,211) (211,211,211) (207,207,207) (193,193,193) (181,181,181) (151,151,151) (106,106,106) (96,96,96) (62,62,62) (40,40,40) (42,42,42) (46,46,46) (66,66,66) (72,72,72) (84,84,84) (155,155,155) (159,159,159) (165,165,165) (116,116,116) (48,48,48) (50,50,50) (46,46,46) (40,40,40) (54,54,54) (44,44,44) (52,52,52) (52,52,52) (58,58,58) (52,52,52) (54,54,54) (54,54,54) (58,58,58) (66,66,66) (54,54,54) (50,50,50) (44,44,44) (40,40,40) (40,40,40) (44,44,44) (54,54,54) (46,46,46) (46,46,46) (54,54,54) (68,68,68) (116,116,116) (139,139,139) (143,143,143) (137,137,137) (126,126,126) (145,145,145) (155,155,155) (153,153,153) (153,153,153) (149,149,149) (149,149,149) (155,155,155) (149,149,149) (155,155,155) (153,153,153) (157,157,157) (155,155,155) (161,161,161) (157,157,157) (157,157,157) (159,159,159) (161,161,161) (159,159,159) (161,161,161) (159,159,159) (159,159,159) (161,161,161) (163,163,163) (167,167,167) (161,161,161) (157,157,157) (161,161,161) (159,159,159) (159,159,159) (157,157,157) (157,157,157) (159,159,159) (155,155,155) (159,159,159) (157,157,157) (157,157,157) (155,155,155) (155,155,155) (155,155,155) (153,153,153) (151,151,151) (149,149,149) 
(98,98,98) (108,108,108) (100,100,100) (102,102,102) (100,100,100) (104,104,104) (102,102,102) (98,98,98) (94,94,94) (98,98,98) (94,94,94) (90,90,90) (88,88,88) (108,108,108) (133,133,133) (141,141,141) (149,149,149) (161,161,161) (163,163,163) (167,167,167) (169,169,169) (175,175,175) (171,171,171) (177,177,177) (173,173,173) (173,173,173) (175,175,175) (167,167,167) (155,155,155) (141,141,141) (135,135,135) (116,116,116) (88,88,88) (76,76,76) (80,80,80) (74,74,74) (80,80,80) (84,84,84) (96,96,96) (96,96,96) (96,96,96) (104,104,104) (98,98,98) (100,100,100) (106,106,106) (104,104,104) (104,104,104) (100,100,100) (102,102,102) (100,100,100) (100,100,100) (100,100,100) (106,106,106) (102,102,102) (98,98,98) (102,102,102) (181,181,181) (108,108,108) (116,116,116) (118,118,118) (112,112,112) (116,116,116) (112,112,112) (102,102,102) (98,98,98) (96,96,96) (225,225,225) (221,221,221) (217,217,217) (106,106,106) (116,116,116) (112,112,112) (122,122,122) (116,116,116) (112,112,112) (110,110,110) (98,98,98) (122,122,122) (137,137,137) (124,124,124) (122,122,122) (106,106,106) (106,106,106) (64,64,64) (54,54,54) (86,86,86) (82,82,82) (74,74,74) (92,92,92) (92,92,92) (56,56,56) (54,54,54) (104,104,104) (44,44,44) (40,40,40) (44,44,44) (44,44,44) (66,66,66) (46,46,46) (58,58,58) (42,42,42) (52,52,52) (48,48,48) (58,58,58) (76,76,76) (58,58,58) (52,52,52) (72,72,72) (92,92,92) (46,46,46) (98,98,98) (44,44,44) (54,54,54) (143,143,143) (24,24,24) (40,40,40) (38,38,38) (34,34,34) (32,32,32) (32,32,32) (34,34,34) (163,163,163) (139,139,139) (102,102,102) (126,126,126) (183,183,183) (177,177,177) (163,163,163) (163,163,163) (159,159,159) (131,131,131) (167,167,167) (163,163,163) (159,159,159) (181,181,181) (187,187,187) (173,173,173) (179,179,179) (171,171,171) (169,169,169) (171,171,171) (169,169,169) (169,169,169) (177,177,177) (177,177,177) (137,137,137) (157,157,157) (165,165,165) (167,167,167) (173,173,173) (179,179,179) (187,187,187) (189,189,189) (191,191,191) (191,191,191) (199,199,199) (193,193,193) (201,201,201) (201,201,201) (199,199,199) (201,201,201) (201,201,201) (201,201,201) (207,207,207) (209,209,209) (209,209,209) (207,207,207) (209,209,209) (201,201,201) (185,185,185) (157,157,157) (120,120,120) (96,96,96) (70,70,70) (48,48,48) (38,38,38) (38,38,38) (56,56,56) (76,76,76) (56,56,56) (157,157,157) (159,159,159) (173,173,173) (147,147,147) (42,42,42) (58,58,58) (58,58,58) (58,58,58) (52,52,52) (48,48,48) (64,64,64) (52,52,52) (52,52,52) (50,50,50) (58,58,58) (60,60,60) (66,66,66) (64,64,64) (52,52,52) (48,48,48) (46,46,46) (48,48,48) (48,48,48) (54,54,54) (56,56,56) (56,56,56) (42,42,42) (48,48,48) (82,82,82) (120,120,120) (145,145,145) (139,139,139) (131,131,131) (129,129,129) (149,149,149) (161,161,161) (159,159,159) (151,151,151) (157,157,157) (147,147,147) (153,153,153) (149,149,149) (149,149,149) (149,149,149) (151,151,151) (155,155,155) (155,155,155) (157,157,157) (159,159,159) (161,161,161) (159,159,159) (161,161,161) (161,161,161) (159,159,159) (161,161,161) (159,159,159) (163,163,163) (159,159,159) (163,163,163) (159,159,159) (159,159,159) (159,159,159) (159,159,159) (161,161,161) (157,157,157) (161,161,161) (155,155,155) (157,157,157) (157,157,157) (155,155,155) (153,153,153) (151,151,151) (157,157,157) (151,151,151) (153,153,153) (147,147,147) 
(104,104,104) (102,102,102) (104,104,104) (104,104,104) (102,102,102) (100,100,100) (98,98,98) (98,98,98) (98,98,98) (100,100,100) (94,94,94) (92,92,92) (96,96,96) (104,104,104) (126,126,126) (139,139,139) (149,149,149) (161,161,161) (165,165,165) (173,173,173) (173,173,173) (171,171,171) (169,169,169) (179,179,179) (173,173,173) (173,173,173) (173,173,173) (169,169,169) (155,155,155) (147,147,147) (126,126,126) (110,110,110) (88,88,88) (72,72,72) (80,80,80) (76,76,76) (84,84,84) (88,88,88) (90,90,90) (92,92,92) (98,98,98) (102,102,102) (102,102,102) (106,106,106) (102,102,102) (104,104,104) (106,106,106) (98,98,98) (98,98,98) (100,100,100) (96,96,96) (100,100,100) (98,98,98) (102,102,102) (106,106,106) (177,177,177) (108,108,108) (110,110,110) (110,110,110) (116,116,116) (112,112,112) (116,116,116) (114,114,114) (112,112,112) (104,104,104) (104,104,104) (149,149,149) (229,229,229) (221,221,221) (102,102,102) (116,116,116) (114,114,114) (120,120,120) (124,124,124) (110,110,110) (96,96,96) (118,118,118) (135,135,135) (122,122,122) (120,120,120) (139,139,139) (114,114,114) (126,126,126) (104,104,104) (70,70,70) (80,80,80) (68,68,68) (46,46,46) (64,64,64) (44,44,44) (44,44,44) (56,56,56) (114,114,114) (44,44,44) (44,44,44) (42,42,42) (62,62,62) (62,62,62) (50,50,50) (52,52,52) (52,52,52) (54,54,54) (68,68,68) (42,42,42) (58,58,58) (64,64,64) (50,50,50) (52,52,52) (100,100,100) (110,110,110) (135,135,135) (54,54,54) (50,50,50) (145,145,145) (62,62,62) (36,36,36) (30,30,30) (34,34,34) (34,34,34) (18,18,18) (155,155,155) (149,149,149) (116,116,116) (114,114,114) (183,183,183) (165,165,165) (173,173,173) (169,169,169) (167,167,167) (171,171,171) (135,135,135) (171,171,171) (177,177,177) (167,167,167) (185,185,185) (191,191,191) (185,185,185) (175,175,175) (169,169,169) (169,169,169) (173,173,173) (171,171,171) (171,171,171) (161,161,161) (147,147,147) (155,155,155) (165,165,165) (169,169,169) (173,173,173) (177,177,177) (185,185,185) (191,191,191) (185,185,185) (195,195,195) (193,193,193) (199,199,199) (197,197,197) (201,201,201) (201,201,201) (201,201,201) (199,199,199) (203,203,203) (209,209,209) (209,209,209) (207,207,207) (211,211,211) (211,211,211) (213,213,213) (203,203,203) (193,193,193) (163,163,163) (126,126,126) (96,96,96) (78,78,78) (58,58,58) (44,44,44) (38,38,38) (42,42,42) (52,52,52) (70,70,70) (129,129,129) (151,151,151) (173,173,173) (131,131,131) (58,58,58) (50,50,50) (56,56,56) (40,40,40) (44,44,44) (52,52,52) (50,50,50) (58,58,58) (60,60,60) (56,56,56) (68,68,68) (60,60,60) (66,66,66) (60,60,60) (52,52,52) (46,46,46) (46,46,46) (44,44,44) (46,46,46) (56,56,56) (52,52,52) (48,48,48) (42,42,42) (46,46,46) (98,98,98) (129,129,129) (143,143,143) (135,135,135) (129,129,129) (135,135,135) (157,157,157) (161,161,161) (157,157,157) (155,155,155) (147,147,147) (153,153,153) (149,149,149) (151,151,151) (151,151,151) (149,149,149) (149,149,149) (147,147,147) (145,145,145) (147,147,147) (153,153,153) (149,149,149) (153,153,153) (157,157,157) (155,155,155) (159,159,159) (159,159,159) (157,157,157) (159,159,159) (163,163,163) (159,159,159) (161,161,161) (161,161,161) (157,157,157) (159,159,159) (159,159,159) (161,161,161) (155,155,155) (157,157,157) (159,159,159) (155,155,155) (155,155,155) (153,153,153) (157,157,157) (157,157,157) (157,157,157) (153,153,153) (149,149,149) 
(102,102,102) (112,112,112) (104,104,104) (106,106,106) (102,102,102) (102,102,102) (102,102,102) (100,100,100) (100,100,100) (100,100,100) (94,94,94) (90,90,90) (94,94,94) (114,114,114) (129,129,129) (141,141,141) (149,149,149) (159,159,159) (173,173,173) (173,173,173) (173,173,173) (171,171,171) (175,175,175) (171,171,171) (173,173,173) (171,171,171) (173,173,173) (165,165,165) (153,153,153) (141,141,141) (131,131,131) (106,106,106) (90,90,90) (72,72,72) (72,72,72) (84,84,84) (84,84,84) (92,92,92) (92,92,92) (104,104,104) (100,100,100) (102,102,102) (102,102,102) (104,104,104) (106,106,106) (108,108,108) (104,104,104) (104,104,104) (102,102,102) (100,100,100) (100,100,100) (98,98,98) (102,102,102) (104,104,104) (143,143,143) (108,108,108) (112,112,112) (116,116,116) (114,114,114) (114,114,114) (118,118,118) (114,114,114) (116,116,116) (116,116,116) (108,108,108) (108,108,108) (108,108,108) (233,233,233) (225,225,225) (114,114,114) (112,112,112) (118,118,118) (112,112,112) (116,116,116) (116,116,116) (124,124,124) (124,124,124) (114,114,114) (131,131,131) (131,131,131) (135,135,135) (129,129,129) (104,104,104) (106,106,106) (98,98,98) (88,88,88) (52,52,52) (52,52,52) (58,58,58) (40,40,40) (46,46,46) (46,46,46) (108,108,108) (36,36,36) (38,38,38) (46,46,46) (80,80,80) (48,48,48) (64,64,64) (42,42,42) (44,44,44) (52,52,52) (54,54,54) (42,42,42) (58,58,58) (58,58,58) (56,56,56) (48,48,48) (68,68,68) (108,108,108) (122,122,122) (74,74,74) (58,58,58) (86,86,86) (100,100,100) (32,32,32) (26,26,26) (28,28,28) (30,30,30) (139,139,139) (151,151,151) (124,124,124) (118,118,118) (187,187,187) (171,171,171) (175,175,175) (185,185,185) (173,173,173) (169,169,169) (175,175,175) (137,137,137) (167,167,167) (165,165,165) (181,181,181) (189,189,189) (191,191,191) (191,191,191) (171,171,171) (169,169,169) (167,167,167) (169,169,169) (161,161,161) (153,153,153) (149,149,149) (157,157,157) (159,159,159) (167,167,167) (167,167,167) (171,171,171) (181,181,181) (185,185,185) (193,193,193) (191,191,191) (193,193,193) (195,195,195) (201,201,201) (201,201,201) (195,195,195) (203,203,203) (203,203,203) (201,201,201) (203,203,203) (209,209,209) (209,209,209) (209,209,209) (209,209,209) (211,211,211) (209,209,209) (205,205,205) (199,199,199) (171,171,171) (133,133,133) (104,104,104) (80,80,80) (54,54,54) (38,38,38) (30,30,30) (42,42,42) (46,46,46) (88,88,88) (56,56,56) (165,165,165) (169,169,169) (131,131,131) (66,66,66) (60,60,60) (54,54,54) (58,58,58) (50,50,50) (52,52,52) (54,54,54) (54,54,54) (58,58,58) (60,60,60) (54,54,54) (60,60,60) (66,66,66) (60,60,60) (48,48,48) (52,52,52) (42,42,42) (44,44,44) (48,48,48) (50,50,50) (52,52,52) (40,40,40) (48,48,48) (56,56,56) (104,104,104) (137,137,137) (143,143,143) (135,135,135) (129,129,129) (147,147,147) (159,159,159) (165,165,165) (157,157,157) (159,159,159) (157,157,157) (157,157,157) (155,155,155) (153,153,153) (157,157,157) (151,151,151) (149,149,149) (151,151,151) (153,153,153) (145,145,145) (159,159,159) (149,149,149) (151,151,151) (149,149,149) (151,151,151) (151,151,151) (157,157,157) (161,161,161) (159,159,159) (161,161,161) (161,161,161) (159,159,159) (159,159,159) (159,159,159) (157,157,157) (159,159,159) (159,159,159) (155,155,155) (155,155,155) (155,155,155) (157,157,157) (155,155,155) (153,153,153) (151,151,151) (153,153,153) (149,149,149) (149,149,149) (145,145,145) 
(102,102,102) (104,104,104) (102,102,102) (102,102,102) (100,100,100) (94,94,94) (100,100,100) (98,98,98) (100,100,100) (94,94,94) (90,90,90) (92,92,92) (100,100,100) (104,104,104) (124,124,124) (137,137,137) (149,149,149) (155,155,155) (167,167,167) (171,171,171) (171,171,171) (173,173,173) (175,175,175) (175,175,175) (175,175,175) (173,173,173) (173,173,173) (165,165,165) (155,155,155) (143,143,143) (129,129,129) (114,114,114) (90,90,90) (78,78,78) (82,82,82) (84,84,84) (84,84,84) (90,90,90) (100,100,100) (98,98,98) (104,104,104) (100,100,100) (98,98,98) (100,100,100) (100,100,100) (102,102,102) (102,102,102) (100,100,100) (100,100,100) (98,98,98) (100,100,100) (106,106,106) (102,102,102) (106,106,106) (116,116,116) (112,112,112) (114,114,114) (118,118,118) (114,114,114) (120,120,120) (118,118,118) (120,120,120) (118,118,118) (116,116,116) (116,116,116) (112,112,112) (106,106,106) (161,161,161) (225,225,225) (147,147,147) (122,122,122) (116,116,116) (114,114,114) (104,104,104) (131,131,131) (124,124,124) (122,122,122) (137,137,137) (120,120,120) (135,135,135) (126,126,126) (106,106,106) (98,98,98) (98,98,98) (44,44,44) (48,48,48) (50,50,50) (80,80,80) (42,42,42) (36,36,36) (40,40,40) (48,48,48) (110,110,110) (42,42,42) (52,52,52) (62,62,62) (46,46,46) (52,52,52) (70,70,70) (44,44,44) (54,54,54) (56,56,56) (48,48,48) (54,54,54) (72,72,72) (52,52,52) (36,36,36) (72,72,72) (90,90,90) (100,100,100) (74,74,74) (98,98,98) (88,88,88) (129,129,129) (141,141,141) (22,22,22) (30,30,30) (34,34,34) (124,124,124) (155,155,155) (120,120,120) (120,120,120) (179,179,179) (181,181,181) (169,169,169) (185,185,185) (183,183,183) (181,181,181) (171,171,171) (181,181,181) (145,145,145) (151,151,151) (159,159,159) (173,173,173) (195,195,195) (199,199,199) (181,181,181) (165,165,165) (167,167,167) (163,163,163) (161,161,161) (149,149,149) (151,151,151) (155,155,155) (159,159,159) (161,161,161) (173,173,173) (169,169,169) (173,173,173) (181,181,181) (185,185,185) (189,189,189) (195,195,195) (197,197,197) (195,195,195) (193,193,193) (199,199,199) (201,201,201) (203,203,203) (203,203,203) (201,201,201) (205,205,205) (207,207,207) (209,209,209) (209,209,209) (211,211,211) (213,213,213) (213,213,213) (207,207,207) (197,197,197) (179,179,179) (143,143,143) (100,100,100) (88,88,88) (62,62,62) (44,44,44) (34,34,34) (40,40,40) (48,48,48) (84,84,84) (36,36,36) (183,183,183) (169,169,169) (116,116,116) (90,90,90) (58,58,58) (58,58,58) (42,42,42) (54,54,54) (60,60,60) (60,60,60) (52,52,52) (64,64,64) (64,64,64) (60,60,60) (66,66,66) (68,68,68) (58,58,58) (48,48,48) (42,42,42) (48,48,48) (44,44,44) (50,50,50) (52,52,52) (48,48,48) (42,42,42) (46,46,46) (76,76,76) (131,131,131) (145,145,145) (141,141,141) (131,131,131) (137,137,137) (151,151,151) (165,165,165) (163,163,163) (165,165,165) (161,161,161) (157,157,157) (157,157,157) (155,155,155) (155,155,155) (151,151,151) (149,149,149) (151,151,151) (147,147,147) (147,147,147) (147,147,147) (151,151,151) (149,149,149) (147,147,147) (147,147,147) (147,147,147) (145,145,145) (147,147,147) (145,145,145) (149,149,149) (157,157,157) (155,155,155) (159,159,159) (155,155,155) (159,159,159) (155,155,155) (155,155,155) (155,155,155) (157,157,157) (153,153,153) (157,157,157) (155,155,155) (153,153,153) (155,155,155) (151,151,151) (153,153,153) (151,151,151) (153,153,153) (151,151,151) 
(104,104,104) (106,106,106) (104,104,104) (100,100,100) (102,102,102) (98,98,98) (100,100,100) (96,96,96) (96,96,96) (92,92,92) (92,92,92) (86,86,86) (92,92,92) (108,108,108) (126,126,126) (139,139,139) (147,147,147) (157,157,157) (167,167,167) (171,171,171) (169,169,169) (173,173,173) (177,177,177) (177,177,177) (173,173,173) (169,169,169) (173,173,173) (171,171,171) (153,153,153) (145,145,145) (126,126,126) (108,108,108) (86,86,86) (74,74,74) (78,78,78) (82,82,82) (94,94,94) (92,92,92) (98,98,98) (90,90,90) (98,98,98) (100,100,100) (100,100,100) (100,100,100) (106,106,106) (106,106,106) (104,104,104) (98,98,98) (98,98,98) (100,100,100) (100,100,100) (104,104,104) (102,102,102) (108,108,108) (118,118,118) (124,124,124) (110,110,110) (112,112,112) (120,120,120) (124,124,124) (120,120,120) (118,118,118) (118,118,118) (120,120,120) (116,116,116) (114,114,114) (112,112,112) (118,118,118) (231,231,231) (171,171,171) (118,118,118) (120,120,120) (110,110,110) (118,118,118) (135,135,135) (120,120,120) (129,129,129) (133,133,133) (129,129,129) (120,120,120) (120,120,120) (88,88,88) (92,92,92) (42,42,42) (46,46,46) (52,52,52) (96,96,96) (80,80,80) (42,42,42) (42,42,42) (40,40,40) (42,42,42) (92,92,92) (76,76,76) (62,62,62) (52,52,52) (64,64,64) (72,72,72) (48,48,48) (42,42,42) (56,56,56) (48,48,48) (44,44,44) (60,60,60) (62,62,62) (56,56,56) (40,40,40) (48,48,48) (108,108,108) (76,76,76) (76,76,76) (42,42,42) (34,34,34) (24,24,24) (145,145,145) (30,30,30) (32,32,32) (112,112,112) (161,161,161) (118,118,118) (114,114,114) (145,145,145) (171,171,171) (165,165,165) (175,175,175) (179,179,179) (195,195,195) (185,185,185) (181,181,181) (179,179,179) (151,151,151) (135,135,135) (165,165,165) (179,179,179) (197,197,197) (191,191,191) (171,171,171) (161,161,161) (159,159,159) (169,169,169) (157,157,157) (153,153,153) (161,161,161) (155,155,155) (167,167,167) (169,169,169) (173,173,173) (173,173,173) (175,175,175) (179,179,179) (187,187,187) (191,191,191) (195,195,195) (195,195,195) (199,199,199) (195,195,195) (199,199,199) (199,199,199) (203,203,203) (201,201,201) (203,203,203) (207,207,207) (205,205,205) (209,209,209) (209,209,209) (211,211,211) (211,211,211) (211,211,211) (211,211,211) (203,203,203) (189,189,189) (153,153,153) (120,120,120) (90,90,90) (74,74,74) (46,46,46) (42,42,42) (42,42,42) (46,46,46) (56,56,56) (58,58,58) (185,185,185) (169,169,169) (143,143,143) (116,116,116) (44,44,44) (52,52,52) (48,48,48) (54,54,54) (56,56,56) (60,60,60) (54,54,54) (54,54,54) (62,62,62) (56,56,56) (58,58,58) (74,74,74) (60,60,60) (52,52,52) (50,50,50) (48,48,48) (52,52,52) (54,54,54) (54,54,54) (48,48,48) (46,46,46) (48,48,48) (110,110,110) (141,141,141) (145,145,145) (137,137,137) (129,129,129) (139,139,139) (153,153,153) (167,167,167) (165,165,165) (159,159,159) (165,165,165) (163,163,163) (163,163,163) (165,165,165) (155,155,155) (155,155,155) (157,157,157) (151,151,151) (155,155,155) (155,155,155) (153,153,153) (151,151,151) (149,149,149) (147,147,147) (149,149,149) (145,145,145) (145,145,145) (147,147,147) (141,141,141) (143,143,143) (145,145,145) (147,147,147) (149,149,149) (151,151,151) (155,155,155) (155,155,155) (157,157,157) (155,155,155) (153,153,153) (149,149,149) (151,151,151) (151,151,151) (151,151,151) (153,153,153) (159,159,159) (153,153,153) (151,151,151) (155,155,155) (151,151,151) 
(100,100,100) (102,102,102) (102,102,102) (96,96,96) (106,106,106) (102,102,102) (96,96,96) (96,96,96) (96,96,96) (92,92,92) (94,94,94) (88,88,88) (92,92,92) (110,110,110) (126,126,126) (139,139,139) (151,151,151) (159,159,159) (165,165,165) (169,169,169) (173,173,173) (175,175,175) (175,175,175) (177,177,177) (175,175,175) (173,173,173) (169,169,169) (165,165,165) (157,157,157) (147,147,147) (137,137,137) (104,104,104) (88,88,88) (74,74,74) (78,78,78) (82,82,82) (94,94,94) (92,92,92) (94,94,94) (96,96,96) (98,98,98) (98,98,98) (108,108,108) (102,102,102) (104,104,104) (104,104,104) (104,104,104) (100,100,100) (104,104,104) (100,100,100) (108,108,108) (104,104,104) (104,104,104) (106,106,106) (108,108,108) (124,124,124) (110,110,110) (124,124,124) (116,116,116) (118,118,118) (118,118,118) (120,120,120) (118,118,118) (122,122,122) (120,120,120) (116,116,116) (118,118,118) (118,118,118) (155,155,155) (149,149,149) (126,126,126) (114,114,114) (110,110,110) (139,139,139) (129,129,129) (133,133,133) (126,126,126) (133,133,133) (137,137,137) (133,133,133) (92,92,92) (66,66,66) (44,44,44) (64,64,64) (40,40,40) (70,70,70) (100,100,100) (42,42,42) (40,40,40) (54,54,54) (40,40,40) (42,42,42) (48,48,48) (104,104,104) (54,54,54) (50,50,50) (58,58,58) (78,78,78) (52,52,52) (60,60,60) (46,46,46) (42,42,42) (42,42,42) (90,90,90) (50,50,50) (80,80,80) (48,48,48) (48,48,48) (68,68,68) (50,50,50) (82,82,82) (32,32,32) (30,30,30) (34,34,34) (126,126,126) (90,90,90) (86,86,86) (161,161,161) (122,122,122) (118,118,118) (137,137,137) (169,169,169) (161,161,161) (165,165,165) (175,175,175) (179,179,179) (189,189,189) (185,185,185) (187,187,187) (175,175,175) (157,157,157) (122,122,122) (171,171,171) (191,191,191) (189,189,189) (169,169,169) (161,161,161) (153,153,153) (161,161,161) (155,155,155) (155,155,155) (161,161,161) (159,159,159) (161,161,161) (169,169,169) (173,173,173) (175,175,175) (179,179,179) (177,177,177) (175,175,175) (181,181,181) (187,187,187) (195,195,195) (195,195,195) (193,193,193) (197,197,197) (203,203,203) (195,195,195) (203,203,203) (201,201,201) (205,205,205) (203,203,203) (205,205,205) (211,211,211) (211,211,211) (209,209,209) (211,211,211) (213,213,213) (213,213,213) (209,209,209) (193,193,193) (155,155,155) (129,129,129) (96,96,96) (76,76,76) (54,54,54) (44,44,44) (40,40,40) (36,36,36) (44,44,44) (92,92,92) (131,131,131) (167,167,167) (177,177,177) (118,118,118) (50,50,50) (54,54,54) (38,38,38) (54,54,54) (54,54,54) (52,52,52) (62,62,62) (64,64,64) (58,58,58) (60,60,60) (62,62,62) (50,50,50) (54,54,54) (54,54,54) (50,50,50) (46,46,46) (52,52,52) (52,52,52) (50,50,50) (38,38,38) (40,40,40) (66,66,66) (116,116,116) (139,139,139) (143,143,143) (135,135,135) (131,131,131) (149,149,149) (163,163,163) (167,167,167) (163,163,163) (161,161,161) (161,161,161) (163,163,163) (161,161,161) (161,161,161) (161,161,161) (163,163,163) (163,163,163) (159,159,159) (153,153,153) (155,155,155) (151,151,151) (153,153,153) (153,153,153) (155,155,155) (151,151,151) (145,145,145) (145,145,145) (145,145,145) (145,145,145) (147,147,147) (149,149,149) (145,145,145) (149,149,149) (145,145,145) (147,147,147) (145,145,145) (147,147,147) (153,153,153) (153,153,153) (159,159,159) (151,151,151) (149,149,149) (151,151,151) (153,153,153) (153,153,153) (155,155,155) (151,151,151) (151,151,151) (149,149,149) 
(100,100,100) (106,106,106) (104,104,104) (100,100,100) (102,102,102) (100,100,100) (100,100,100) (92,92,92) (102,102,102) (100,100,100) (94,94,94) (90,90,90) (96,96,96) (108,108,108) (126,126,126) (137,137,137) (147,147,147) (157,157,157) (163,163,163) (173,173,173) (171,171,171) (175,175,175) (173,173,173) (173,173,173) (175,175,175) (173,173,173) (173,173,173) (161,161,161) (157,157,157) (151,151,151) (129,129,129) (106,106,106) (84,84,84) (80,80,80) (76,76,76) (82,82,82) (86,86,86) (94,94,94) (96,96,96) (92,92,92) (100,100,100) (100,100,100) (102,102,102) (100,100,100) (100,100,100) (100,100,100) (104,104,104) (100,100,100) (104,104,104) (98,98,98) (100,100,100) (100,100,100) (108,108,108) (106,106,106) (112,112,112) (114,114,114) (118,118,118) (112,112,112) (112,112,112) (116,116,116) (112,112,112) (114,114,114) (110,110,110) (112,112,112) (100,100,100) (120,120,120) (133,133,133) (133,133,133) (104,104,104) (141,141,141) (108,108,108) (112,112,112) (126,126,126) (131,131,131) (141,141,141) (141,141,141) (124,124,124) (129,129,129) (124,124,124) (94,94,94) (78,78,78) (48,48,48) (68,68,68) (52,52,52) (32,32,32) (34,34,34) (118,118,118) (56,56,56) (32,32,32) (88,88,88) (48,48,48) (42,42,42) (38,38,38) (46,46,46) (72,72,72) (44,44,44) (98,98,98) (60,60,60) (38,38,38) (40,40,40) (54,54,54) (42,42,42) (40,40,40) (102,102,102) (38,38,38) (90,90,90) (52,52,52) (36,36,36) (52,52,52) (50,50,50) (129,129,129) (22,22,22) (34,34,34) (30,30,30) (36,36,36) (98,98,98) (141,141,141) (133,133,133) (106,106,106) (131,131,131) (177,177,177) (159,159,159) (161,161,161) (161,161,161) (165,165,165) (179,179,179) (187,187,187) (185,185,185) (183,183,183) (185,185,185) (165,165,165) (126,126,126) (175,175,175) (193,193,193) (175,175,175) (165,165,165) (155,155,155) (155,155,155) (151,151,151) (159,159,159) (159,159,159) (163,163,163) (161,161,161) (165,165,165) (171,171,171) (175,175,175) (171,171,171) (175,175,175) (175,175,175) (179,179,179) (183,183,183) (187,187,187) (191,191,191) (195,195,195) (195,195,195) (197,197,197) (203,203,203) (197,197,197) (197,197,197) (201,201,201) (201,201,201) (203,203,203) (207,207,207) (207,207,207) (209,209,209) (207,207,207) (213,213,213) (213,213,213) (213,213,213) (211,211,211) (197,197,197) (171,171,171) (133,133,133) (100,100,100) (88,88,88) (60,60,60) (42,42,42) (40,40,40) (40,40,40) (48,48,48) (100,100,100) (100,100,100) (171,171,171) (187,187,187) (86,86,86) (48,48,48) (56,56,56) (40,40,40) (56,56,56) (64,64,64) (58,58,58) (62,62,62) (56,56,56) (64,64,64) (62,62,62) (72,72,72) (56,56,56) (46,46,46) (52,52,52) (48,48,48) (56,56,56) (54,54,54) (58,58,58) (44,44,44) (42,42,42) (72,72,72) (112,112,112) (133,133,133) (145,145,145) (135,135,135) (135,135,135) (143,143,143) (151,151,151) (165,165,165) (165,165,165) (161,161,161) (159,159,159) (161,161,161) (161,161,161) (161,161,161) (159,159,159) (161,161,161) (163,163,163) (165,165,165) (161,161,161) (159,159,159) (161,161,161) (161,161,161) (159,159,159) (155,155,155) (155,155,155) (155,155,155) (147,147,147) (147,147,147) (147,147,147) (143,143,143) (145,145,145) (147,147,147) (143,143,143) (147,147,147) (141,141,141) (145,145,145) (145,145,145) (143,143,143) (147,147,147) (145,145,145) (143,143,143) (155,155,155) (149,149,149) (153,153,153) (155,155,155) (155,155,155) (153,153,153) (149,149,149) (151,151,151) (151,151,151) 
(102,102,102) (106,106,106) (98,98,98) (104,104,104) (98,98,98) (106,106,106) (100,100,100) (94,94,94) (94,94,94) (102,102,102) (94,94,94) (90,90,90) (96,96,96) (106,106,106) (122,122,122) (141,141,141) (149,149,149) (155,155,155) (169,169,169) (171,171,171) (173,173,173) (175,175,175) (175,175,175) (175,175,175) (175,175,175) (175,175,175) (171,171,171) (165,165,165) (157,157,157) (143,143,143) (131,131,131) (106,106,106) (86,86,86) (74,74,74) (72,72,72) (84,84,84) (84,84,84) (84,84,84) (94,94,94) (98,98,98) (98,98,98) (98,98,98) (102,102,102) (102,102,102) (106,106,106) (106,106,106) (100,100,100) (108,108,108) (100,100,100) (102,102,102) (102,102,102) (104,104,104) (106,106,106) (106,106,106) (110,110,110) (114,114,114) (120,120,120) (118,118,118) (120,120,120) (118,118,118) (116,116,116) (118,118,118) (112,112,112) (110,110,110) (120,120,120) (122,122,122) (143,143,143) (82,82,82) (80,80,80) (120,120,120) (120,120,120) (110,110,110) (131,131,131) (129,129,129) (129,129,129) (129,129,129) (120,120,120) (129,129,129) (120,120,120) (102,102,102) (72,72,72) (42,42,42) (100,100,100) (36,36,36) (38,38,38) (30,30,30) (124,124,124) (66,66,66) (64,64,64) (38,38,38) (50,50,50) (60,60,60) (52,52,52) (48,48,48) (52,52,52) (104,104,104) (64,64,64) (58,58,58) (36,36,36) (42,42,42) (54,54,54) (38,38,38) (54,54,54) (116,116,116) (36,36,36) (72,72,72) (92,92,92) (64,64,64) (46,46,46) (46,46,46) (129,129,129) (48,48,48) (28,28,28) (32,32,32) (42,42,42) (116,116,116) (129,129,129) (96,96,96) (129,129,129) (181,181,181) (161,161,161) (161,161,161) (159,159,159) (161,161,161) (161,161,161) (173,173,173) (187,187,187) (189,189,189) (183,183,183) (183,183,183) (171,171,171) (161,161,161) (185,185,185) (171,171,171) (167,167,167) (163,163,163) (155,155,155) (155,155,155) (167,167,167) (163,163,163) (163,163,163) (159,159,159) (169,169,169) (165,165,165) (173,173,173) (173,173,173) (173,173,173) (175,175,175) (177,177,177) (179,179,179) (177,177,177) (183,183,183) (191,191,191) (193,193,193) (197,197,197) (197,197,197) (195,195,195) (199,199,199) (197,197,197) (201,201,201) (199,199,199) (205,205,205) (203,203,203) (205,205,205) (207,207,207) (209,209,209) (211,211,211) (211,211,211) (211,211,211) (203,203,203) (203,203,203) (179,179,179) (135,135,135) (102,102,102) (98,98,98) (68,68,68) (42,42,42) (38,38,38) (40,40,40) (46,46,46) (92,92,92) (80,80,80) (173,173,173) (171,171,171) (100,100,100) (40,40,40) (56,56,56) (50,50,50) (56,56,56) (52,52,52) (56,56,56) (58,58,58) (58,58,58) (66,66,66) (64,64,64) (58,58,58) (56,56,56) (50,50,50) (50,50,50) (50,50,50) (50,50,50) (52,52,52) (56,56,56) (44,44,44) (52,52,52) (66,66,66) (120,120,120) (135,135,135) (139,139,139) (135,135,135) (133,133,133) (143,143,143) (157,157,157) (165,165,165) (163,163,163) (163,163,163) (163,163,163) (161,161,161) (159,159,159) (163,163,163) (161,161,161) (161,161,161) (161,161,161) (165,165,165) (167,167,167) (163,163,163) (161,161,161) (165,165,165) (159,159,159) (155,155,155) (155,155,155) (157,157,157) (149,149,149) (153,153,153) (149,149,149) (149,149,149) (145,145,145) (147,147,147) (143,143,143) (147,147,147) (141,141,141) (143,143,143) (141,141,141) (139,139,139) (143,143,143) (143,143,143) (141,141,141) (145,145,145) (145,145,145) (151,151,151) (153,153,153) (149,149,149) (151,151,151) (151,151,151) (151,151,151) (153,153,153) 
(100,100,100) (102,102,102) (102,102,102) (102,102,102) (98,98,98) (98,98,98) (98,98,98) (98,98,98) (96,96,96) (94,94,94) (90,90,90) (86,86,86) (92,92,92) (104,104,104) (126,126,126) (139,139,139) (151,151,151) (161,161,161) (165,165,165) (169,169,169) (171,171,171) (173,173,173) (173,173,173) (177,177,177) (173,173,173) (175,175,175) (171,171,171) (169,169,169) (159,159,159) (145,145,145) (129,129,129) (108,108,108) (88,88,88) (74,74,74) (74,74,74) (76,76,76) (86,86,86) (90,90,90) (98,98,98) (98,98,98) (98,98,98) (102,102,102) (102,102,102) (96,96,96) (102,102,102) (100,100,100) (104,104,104) (104,104,104) (102,102,102) (104,104,104) (104,104,104) (102,102,102) (104,104,104) (112,112,112) (110,110,110) (106,106,106) (118,118,118) (114,114,114) (120,120,120) (120,120,120) (116,116,116) (122,122,122) (118,118,118) (120,120,120) (118,118,118) (131,131,131) (145,145,145) (116,116,116) (137,137,137) (169,169,169) (203,203,203) (110,110,110) (116,116,116) (133,133,133) (129,129,129) (131,131,131) (112,112,112) (122,122,122) (116,116,116) (90,90,90) (46,46,46) (66,66,66) (122,122,122) (42,42,42) (32,32,32) (40,40,40) (133,133,133) (80,80,80) (36,36,36) (42,42,42) (54,54,54) (52,52,52) (76,76,76) (78,78,78) (120,120,120) (72,72,72) (72,72,72) (48,48,48) (40,40,40) (40,40,40) (62,62,62) (36,36,36) (64,64,64) (32,32,32) (40,40,40) (62,62,62) (124,124,124) (54,54,54) (44,44,44) (124,124,124) (36,36,36) (44,44,44) (46,46,46) (28,28,28) (131,131,131) (153,153,153) (86,86,86) (106,106,106) (195,195,195) (157,157,157) (167,167,167) (165,165,165) (169,169,169) (157,157,157) (161,161,161) (175,175,175) (189,189,189) (189,189,189) (181,181,181) (185,185,185) (173,173,173) (177,177,177) (177,177,177) (177,177,177) (161,161,161) (149,149,149) (159,159,159) (161,161,161) (163,163,163) (165,165,165) (167,167,167) (167,167,167) (167,167,167) (171,171,171) (173,173,173) (179,179,179) (177,177,177) (177,177,177) (177,177,177) (175,175,175) (179,179,179) (185,185,185) (187,187,187) (191,191,191) (189,189,189) (197,197,197) (199,199,199) (195,195,195) (195,195,195) (199,199,199) (199,199,199) (201,201,201) (203,203,203) (203,203,203) (207,207,207) (205,205,205) (211,211,211) (209,209,209) (209,209,209) (209,209,209) (203,203,203) (175,175,175) (147,147,147) (106,106,106) (84,84,84) (58,58,58) (38,38,38) (38,38,38) (46,46,46) (52,52,52) (86,86,86) (62,62,62) (183,183,183) (177,177,177) (102,102,102) (50,50,50) (74,74,74) (54,54,54) (64,64,64) (60,60,60) (58,58,58) (62,62,62) (56,56,56) (60,60,60) (64,64,64) (62,62,62) (46,46,46) (50,50,50) (64,64,64) (50,50,50) (50,50,50) (56,56,56) (44,44,44) (42,42,42) (54,54,54) (82,82,82) (120,120,120) (143,143,143) (137,137,137) (129,129,129) (131,131,131) (147,147,147) (161,161,161) (161,161,161) (163,163,163) (163,163,163) (167,167,167) (161,161,161) (157,157,157) (161,161,161) (159,159,159) (163,163,163) (161,161,161) (165,165,165) (163,163,163) (167,167,167) (161,161,161) (165,165,165) (163,163,163) (155,155,155) (157,157,157) (155,155,155) (155,155,155) (153,153,153) (147,147,147) (151,151,151) (143,143,143) (149,149,149) (149,149,149) (143,143,143) (143,143,143) (141,141,141) (145,145,145) (141,141,141) (143,143,143) (143,143,143) (143,143,143) (145,145,145) (141,141,141) (145,145,145) (141,141,141) (147,147,147) (145,145,145) (149,149,149) (153,153,153) (151,151,151) 
(94,94,94) (104,104,104) (102,102,102) (104,104,104) (94,94,94) (102,102,102) (98,98,98) (100,100,100) (98,98,98) (96,96,96) (92,92,92) (88,88,88) (92,92,92) (104,104,104) (129,129,129) (143,143,143) (151,151,151) (155,155,155) (165,165,165) (169,169,169) (171,171,171) (175,175,175) (173,173,173) (177,177,177) (175,175,175) (175,175,175) (171,171,171) (167,167,167) (157,157,157) (147,147,147) (133,133,133) (108,108,108) (84,84,84) (74,74,74) (76,76,76) (78,78,78) (84,84,84) (92,92,92) (94,94,94) (98,98,98) (100,100,100) (100,100,100) (104,104,104) (104,104,104) (110,110,110) (100,100,100) (98,98,98) (100,100,100) (102,102,102) (106,106,106) (98,98,98) (102,102,102) (104,104,104) (106,106,106) (114,114,114) (112,112,112) (114,114,114) (118,118,118) (114,114,114) (126,126,126) (122,122,122) (120,120,120) (124,124,124) (122,122,122) (129,129,129) (122,122,122) (199,199,199) (76,76,76) (129,129,129) (149,149,149) (177,177,177) (126,126,126) (124,124,124) (126,126,126) (131,131,131) (129,129,129) (112,112,112) (137,137,137) (104,104,104) (42,42,42) (50,50,50) (70,70,70) (135,135,135) (32,32,32) (36,36,36) (42,42,42) (139,139,139) (104,104,104) (34,34,34) (46,46,46) (40,40,40) (48,48,48) (90,90,90) (100,100,100) (64,64,64) (54,54,54) (48,48,48) (38,38,38) (40,40,40) (44,44,44) (52,52,52) (42,42,42) (98,98,98) (40,40,40) (38,38,38) (48,48,48) (100,100,100) (36,36,36) (50,50,50) (54,54,54) (50,50,50) (54,54,54) (46,46,46) (90,90,90) (165,165,165) (88,88,88) (88,88,88) (191,191,191) (175,175,175) (165,165,165) (171,171,171) (177,177,177) (165,165,165) (155,155,155) (159,159,159) (179,179,179) (191,191,191) (189,189,189) (191,191,191) (185,185,185) (185,185,185) (181,181,181) (181,181,181) (94,94,94) (100,100,100) (122,122,122) (137,137,137) (147,147,147) (153,153,153) (163,163,163) (165,165,165) (167,167,167) (165,165,165) (177,177,177) (179,179,179) (175,175,175) (179,179,179) (177,177,177) (177,177,177) (175,175,175) (179,179,179) (181,181,181) (183,183,183) (189,189,189) (193,193,193) (197,197,197) (195,195,195) (193,193,193) (195,195,195) (195,195,195) (197,197,197) (199,199,199) (201,201,201) (201,201,201) (207,207,207) (203,203,203) (207,207,207) (211,211,211) (209,209,209) (205,205,205) (205,205,205) (183,183,183) (151,151,151) (100,100,100) (60,60,60) (54,54,54) (42,42,42) (40,40,40) (38,38,38) (40,40,40) (62,62,62) (44,44,44) (181,181,181) (181,181,181) (131,131,131) (66,66,66) (72,72,72) (50,50,50) (62,62,62) (58,58,58) (56,56,56) (58,58,58) (64,64,64) (58,58,58) (62,62,62) (56,56,56) (50,50,50) (46,46,46) (58,58,58) (46,46,46) (50,50,50) (54,54,54) (44,44,44) (44,44,44) (66,66,66) (104,104,104) (129,129,129) (137,137,137) (133,133,133) (129,129,129) (139,139,139) (151,151,151) (159,159,159) (163,163,163) (165,165,165) (161,161,161) (159,159,159) (161,161,161) (161,161,161) (159,159,159) (157,157,157) (159,159,159) (159,159,159) (165,165,165) (163,163,163) (163,163,163) (167,167,167) (165,165,165) (161,161,161) (161,161,161) (159,159,159) (161,161,161) (157,157,157) (157,157,157) (155,155,155) (151,151,151) (151,151,151) (151,151,151) (143,143,143) (145,145,145) (143,143,143) (143,143,143) (147,147,147) (143,143,143) (147,147,147) (143,143,143) (143,143,143) (139,139,139) (141,141,141) (143,143,143) (143,143,143) (141,141,141) (139,139,139) (143,143,143) (143,143,143) (147,147,147) 
(102,102,102) (96,96,96) (98,98,98) (100,100,100) (94,94,94) (98,98,98) (100,100,100) (96,96,96) (98,98,98) (100,100,100) (92,92,92) (88,88,88) (90,90,90) (106,106,106) (126,126,126) (139,139,139) (147,147,147) (161,161,161) (165,165,165) (169,169,169) (173,173,173) (175,175,175) (175,175,175) (175,175,175) (175,175,175) (177,177,177) (171,171,171) (167,167,167) (157,157,157) (145,145,145) (131,131,131) (106,106,106) (86,86,86) (80,80,80) (74,74,74) (80,80,80) (86,86,86) (96,96,96) (90,90,90) (96,96,96) (102,102,102) (104,104,104) (104,104,104) (100,100,100) (102,102,102) (90,90,90) (100,100,100) (100,100,100) (98,98,98) (102,102,102) (102,102,102) (104,104,104) (106,106,106) (108,108,108) (116,116,116) (118,118,118) (118,118,118) (118,118,118) (120,120,120) (118,118,118) (120,120,120) (118,118,118) (118,118,118) (227,227,227) (201,201,201) (165,165,165) (50,50,50) (38,38,38) (36,36,36) (34,34,34) (42,42,42) (131,131,131) (135,135,135) (122,122,122) (131,131,131) (108,108,108) (114,114,114) (88,88,88) (70,70,70) (62,62,62) (98,98,98) (90,90,90) (58,58,58) (34,34,34) (42,42,42) (78,78,78) (129,129,129) (26,26,26) (34,34,34) (60,60,60) (50,50,50) (62,62,62) (52,52,52) (46,46,46) (50,50,50) (50,50,50) (48,48,48) (42,42,42) (52,52,52) (46,46,46) (50,50,50) (48,48,48) (70,70,70) (42,42,42) (40,40,40) (110,110,110) (112,112,112) (40,40,40) (98,98,98) (50,50,50) (42,42,42) (30,30,30) (40,40,40) (139,139,139) (114,114,114) (100,100,100) (147,147,147) (185,185,185) (171,171,171) (167,167,167) (185,185,185) (183,183,183) (163,163,163) (155,155,155) (155,155,155) (179,179,179) (195,195,195) (191,191,191) (197,197,197) (189,189,189) (187,187,187) (143,143,143) (60,60,60) (84,84,84) (92,92,92) (106,106,106) (102,102,102) (122,122,122) (129,129,129) (133,133,133) (137,137,137) (151,151,151) (167,167,167) (171,171,171) (175,175,175) (179,179,179) (183,183,183) (181,181,181) (173,173,173) (177,177,177) (175,175,175) (175,175,175) (183,183,183) (183,183,183) (187,187,187) (193,193,193) (195,195,195) (193,193,193) (193,193,193) (195,195,195) (193,193,193) (195,195,195) (197,197,197) (201,201,201) (199,199,199) (203,203,203) (205,205,205) (207,207,207) (203,203,203) (199,199,199) (185,185,185) (165,165,165) (135,135,135) (78,78,78) (60,60,60) (48,48,48) (42,42,42) (36,36,36) (34,34,34) (44,44,44) (58,58,58) (44,44,44) (175,175,175) (181,181,181) (139,139,139) (58,58,58) (52,52,52) (64,64,64) (56,56,56) (52,52,52) (60,60,60) (58,58,58) (72,72,72) (70,70,70) (72,72,72) (52,52,52) (50,50,50) (46,46,46) (50,50,50) (48,48,48) (52,52,52) (50,50,50) (46,46,46) (42,42,42) (70,70,70) (116,116,116) (137,137,137) (137,137,137) (131,131,131) (129,129,129) (145,145,145) (159,159,159) (159,159,159) (159,159,159) (161,161,161) (159,159,159) (159,159,159) (159,159,159) (157,157,157) (165,165,165) (163,163,163) (159,159,159) (157,157,157) (161,161,161) (159,159,159) (159,159,159) (163,163,163) (163,163,163) (161,161,161) (163,163,163) (159,159,159) (155,155,155) (155,155,155) (157,157,157) (155,155,155) (157,157,157) (151,151,151) (151,151,151) (151,151,151) (147,147,147) (151,151,151) (145,145,145) (149,149,149) (151,151,151) (143,143,143) (147,147,147) (143,143,143) (141,141,141) (143,143,143) (137,137,137) (143,143,143) (139,139,139) (143,143,143) (139,139,139) (139,139,139) (139,139,139) 
(98,98,98) (100,100,100) (100,100,100) (100,100,100) (104,104,104) (100,100,100) (96,96,96) (100,100,100) (100,100,100) (96,96,96) (92,92,92) (92,92,92) (92,92,92) (102,102,102) (126,126,126) (137,137,137) (151,151,151) (159,159,159) (165,165,165) (169,169,169) (175,175,175) (179,179,179) (179,179,179) (177,177,177) (175,175,175) (173,173,173) (173,173,173) (163,163,163) (157,157,157) (147,147,147) (126,126,126) (108,108,108) (86,86,86) (74,74,74) (72,72,72) (88,88,88) (88,88,88) (88,88,88) (92,92,92) (94,94,94) (100,100,100) (98,98,98) (100,100,100) (104,104,104) (102,102,102) (104,104,104) (104,104,104) (104,104,104) (98,98,98) (100,100,100) (104,104,104) (102,102,102) (104,104,104) (110,110,110) (108,108,108) (116,116,116) (120,120,120) (116,116,116) (118,118,118) (122,122,122) (124,124,124) (120,120,120) (118,118,118) (223,223,223) (78,78,78) (30,30,30) (52,52,52) (38,38,38) (44,44,44) (38,38,38) (94,94,94) (151,151,151) (225,225,225) (207,207,207) (118,118,118) (82,82,82) (112,112,112) (70,70,70) (48,48,48) (56,56,56) (68,68,68) (135,135,135) (38,38,38) (48,48,48) (40,40,40) (94,94,94) (135,135,135) (14,14,14) (40,40,40) (54,54,54) (38,38,38) (48,48,48) (54,54,54) (56,56,56) (62,62,62) (56,56,56) (40,40,40) (46,46,46) (56,56,56) (42,42,42) (46,46,46) (70,70,70) (92,92,92) (40,40,40) (60,60,60) (86,86,86) (108,108,108) (34,34,34) (92,92,92) (28,28,28) (38,38,38) (34,34,34) (139,139,139) (129,129,129) (92,92,92) (133,133,133) (191,191,191) (167,167,167) (171,171,171) (181,181,181) (189,189,189) (187,187,187) (151,151,151) (151,151,151) (157,157,157) (187,187,187) (189,189,189) (195,195,195) (193,193,193) (207,207,207) (100,100,100) (102,102,102) (120,120,120) (120,120,120) (118,118,118) (100,100,100) (102,102,102) (90,90,90) (76,76,76) (82,82,82) (106,106,106) (116,116,116) (133,133,133) (155,155,155) (167,167,167) (175,175,175) (181,181,181) (175,175,175) (177,177,177) (177,177,177) (175,175,175) (173,173,173) (179,179,179) (183,183,183) (189,189,189) (193,193,193) (193,193,193) (193,193,193) (185,185,185) (191,191,191) (193,193,193) (197,197,197) (197,197,197) (203,203,203) (201,201,201) (205,205,205) (207,207,207) (203,203,203) (195,195,195) (183,183,183) (151,151,151) (129,129,129) (94,94,94) (70,70,70) (56,56,56) (48,48,48) (42,42,42) (38,38,38) (40,40,40) (38,38,38) (64,64,64) (50,50,50) (120,120,120) (185,185,185) (141,141,141) (90,90,90) (58,58,58) (60,60,60) (74,74,74) (62,62,62) (62,62,62) (56,56,56) (64,64,64) (62,62,62) (52,52,52) (52,52,52) (46,46,46) (50,50,50) (48,48,48) (58,58,58) (54,54,54) (52,52,52) (42,42,42) (50,50,50) (82,82,82) (124,124,124) (137,137,137) (141,141,141) (135,135,135) (129,129,129) (153,153,153) (161,161,161) (163,163,163) (159,159,159) (159,159,159) (159,159,159) (161,161,161) (157,157,157) (155,155,155) (157,157,157) (157,157,157) (157,157,157) (161,161,161) (159,159,159) (155,155,155) (159,159,159) (163,163,163) (159,159,159) (159,159,159) (161,161,161) (163,163,163) (153,153,153) (153,153,153) (155,155,155) (157,157,157) (155,155,155) (155,155,155) (155,155,155) (155,155,155) (153,153,153) (151,151,151) (153,153,153) (151,151,151) (149,149,149) (149,149,149) (143,143,143) (141,141,141) (143,143,143) (141,141,141) (141,141,141) (141,141,141) (139,139,139) (139,139,139) (139,139,139) (135,135,135) (137,137,137) 
(100,100,100) (104,104,104) (104,104,104) (98,98,98) (100,100,100) (96,96,96) (100,100,100) (100,100,100) (98,98,98) (102,102,102) (94,94,94) (90,90,90) (90,90,90) (108,108,108) (129,129,129) (145,145,145) (153,153,153) (157,157,157) (167,167,167) (173,173,173) (173,173,173) (177,177,177) (175,175,175) (177,177,177) (181,181,181) (177,177,177) (173,173,173) (167,167,167) (157,157,157) (149,149,149) (133,133,133) (108,108,108) (82,82,82) (74,74,74) (74,74,74) (84,84,84) (84,84,84) (90,90,90) (96,96,96) (94,94,94) (94,94,94) (100,100,100) (102,102,102) (102,102,102) (100,100,100) (100,100,100) (104,104,104) (102,102,102) (102,102,102) (102,102,102) (98,98,98) (106,106,106) (104,104,104) (102,102,102) (110,110,110) (118,118,118) (114,114,114) (118,118,118) (118,118,118) (126,126,126) (122,122,122) (129,129,129) (139,139,139) (187,187,187) (161,161,161) (66,66,66) (58,58,58) (44,44,44) (38,38,38) (40,40,40) (131,131,131) (177,177,177) (120,120,120) (135,135,135) (110,110,110) (64,64,64) (88,88,88) (66,66,66) (60,60,60) (90,90,90) (88,88,88) (60,60,60) (40,40,40) (36,36,36) (94,94,94) (90,90,90) (151,151,151) (24,24,24) (32,32,32) (38,38,38) (40,40,40) (76,76,76) (78,78,78) (60,60,60) (40,40,40) (78,78,78) (52,52,52) (42,42,42) (44,44,44) (38,38,38) (42,42,42) (40,40,40) (72,72,72) (100,100,100) (38,38,38) (110,110,110) (80,80,80) (34,34,34) (78,78,78) (34,34,34) (48,48,48) (122,122,122) (157,157,157) (98,98,98) (116,116,116) (195,195,195) (161,161,161) (175,175,175) (183,183,183) (185,185,185) (199,199,199) (175,175,175) (151,151,151) (155,155,155) (173,173,173) (189,189,189) (197,197,197) (195,195,195) (203,203,203) (116,116,116) (131,131,131) (143,143,143) (155,155,155) (149,149,149) (151,151,151) (147,147,147) (131,131,131) (118,118,118) (92,92,92) (66,66,66) (70,70,70) (60,60,60) (72,72,72) (90,90,90) (139,139,139) (157,157,157) (169,169,169) (175,175,175) (173,173,173) (175,175,175) (171,171,171) (173,173,173) (175,175,175) (177,177,177) (189,189,189) (191,191,191) (193,193,193) (195,195,195) (189,189,189) (193,193,193) (189,189,189) (191,191,191) (193,193,193) (201,201,201) (197,197,197) (193,193,193) (193,193,193) (183,183,183) (147,147,147) (110,110,110) (102,102,102) (96,96,96) (80,80,80) (70,70,70) (58,58,58) (54,54,54) (40,40,40) (44,44,44) (42,42,42) (46,46,46) (58,58,58) (56,56,56) (126,126,126) (187,187,187) (145,145,145) (92,92,92) (60,60,60) (56,56,56) (56,56,56) (62,62,62) (66,66,66) (58,58,58) (64,64,64) (58,58,58) (56,56,56) (54,54,54) (52,52,52) (44,44,44) (48,48,48) (56,56,56) (54,54,54) (52,52,52) (48,48,48) (54,54,54) (88,88,88) (139,139,139) (139,139,139) (135,135,135) (129,129,129) (139,139,139) (157,157,157) (163,163,163) (161,161,161) (161,161,161) (159,159,159) (157,157,157) (155,155,155) (157,157,157) (157,157,157) (159,159,159) (157,157,157) (157,157,157) (155,155,155) (157,157,157) (153,153,153) (153,153,153) (153,153,153) (155,155,155) (155,155,155) (161,161,161) (155,155,155) (153,153,153) (153,153,153) (155,155,155) (151,151,151) (155,155,155) (155,155,155) (149,149,149) (151,151,151) (157,157,157) (153,153,153) (159,159,159) (155,155,155) (153,153,153) (153,153,153) (147,147,147) (141,141,141) (143,143,143) (143,143,143) (143,143,143) (143,143,143) (139,139,139) (143,143,143) (131,131,131) (133,133,133) (133,133,133) 
(104,104,104) (104,104,104) (100,100,100) (100,100,100) (106,106,106) (104,104,104) (98,98,98) (98,98,98) (102,102,102) (98,98,98) (94,94,94) (94,94,94) (92,92,92) (102,102,102) (124,124,124) (137,137,137) (151,151,151) (153,153,153) (167,167,167) (175,175,175) (175,175,175) (173,173,173) (175,175,175) (177,177,177) (177,177,177) (179,179,179) (175,175,175) (169,169,169) (157,157,157) (145,145,145) (135,135,135) (104,104,104) (82,82,82) (78,78,78) (84,84,84) (82,82,82) (88,88,88) (94,94,94) (92,92,92) (98,98,98) (100,100,100) (104,104,104) (106,106,106) (104,104,104) (104,104,104) (100,100,100) (98,98,98) (100,100,100) (100,100,100) (98,98,98) (100,100,100) (102,102,102) (108,108,108) (108,108,108) (104,104,104) (110,110,110) (116,116,116) (114,114,114) (114,114,114) (116,116,116) (137,137,137) (141,141,141) (137,137,137) (135,135,135) (165,165,165) (50,50,50) (56,56,56) (44,44,44) (38,38,38) (30,30,30) (135,135,135) (129,129,129) (100,100,100) (88,88,88) (98,98,98) (60,60,60) (90,90,90) (56,56,56) (64,64,64) (96,96,96) (96,96,96) (48,48,48) (42,42,42) (70,70,70) (92,92,92) (60,60,60) (143,143,143) (50,50,50) (38,38,38) (46,46,46) (72,72,72) (76,76,76) (60,60,60) (58,58,58) (70,70,70) (94,94,94) (64,64,64) (52,52,52) (40,40,40) (40,40,40) (38,38,38) (40,40,40) (44,44,44) (76,76,76) (106,106,106) (84,84,84) (36,36,36) (98,98,98) (42,42,42) (28,28,28) (40,40,40) (161,161,161) (135,135,135) (94,94,94) (193,193,193) (169,169,169) (169,169,169) (179,179,179) (189,189,189) (197,197,197) (191,191,191) (163,163,163) (149,149,149) (169,169,169) (187,187,187) (195,195,195) (199,199,199) (187,187,187) (114,114,114) (122,122,122) (137,137,137) (151,151,151) (153,153,153) (139,139,139) (155,155,155) (159,159,159) (159,159,159) (139,139,139) (126,126,126) (118,118,118) (100,100,100) (84,84,84) (72,72,72) (62,62,62) (64,64,64) (80,80,80) (135,135,135) (161,161,161) (171,171,171) (169,169,169) (167,167,167) (171,171,171) (175,175,175) (175,175,175) (183,183,183) (197,197,197) (191,191,191) (193,193,193) (185,185,185) (193,193,193) (197,197,197) (195,195,195) (187,187,187) (191,191,191) (177,177,177) (159,159,159) (102,102,102) (82,82,82) (86,86,86) (88,88,88) (84,84,84) (114,114,114) (122,122,122) (104,104,104) (108,108,108) (86,86,86) (50,50,50) (52,52,52) (44,44,44) (38,38,38) (48,48,48) (66,66,66) (129,129,129) (181,181,181) (143,143,143) (126,126,126) (62,62,62) (52,52,52) (50,50,50) (66,66,66) (68,68,68) (60,60,60) (66,66,66) (60,60,60) (52,52,52) (44,44,44) (50,50,50) (54,54,54) (46,46,46) (56,56,56) (66,66,66) (54,54,54) (46,46,46) (58,58,58) (110,110,110) (137,137,137) (137,137,137) (129,129,129) (131,131,131) (145,145,145) (157,157,157) (159,159,159) (161,161,161) (159,159,159) (157,157,157) (159,159,159) (155,155,155) (155,155,155) (157,157,157) (157,157,157) (155,155,155) (153,153,153) (157,157,157) (155,155,155) (155,155,155) (159,159,159) (157,157,157) (157,157,157) (153,153,153) (157,157,157) (157,157,157) (155,155,155) (159,159,159) (153,153,153) (153,153,153) (157,157,157) (151,151,151) (157,157,157) (155,155,155) (153,153,153) (155,155,155) (155,155,155) (155,155,155) (153,153,153) (157,157,157) (151,151,151) (147,147,147) (151,151,151) (143,143,143) (143,143,143) (139,139,139) (141,141,141) (137,137,137) (133,133,133) (135,135,135) (129,129,129) 
(98,98,98) (98,98,98) (102,102,102) (100,100,100) (108,108,108) (108,108,108) (104,104,104) (104,104,104) (98,98,98) (98,98,98) (94,94,94) (86,86,86) (88,88,88) (106,106,106) (126,126,126) (137,137,137) (151,151,151) (155,155,155) (165,165,165) (171,171,171) (175,175,175) (171,171,171) (175,175,175) (175,175,175) (177,177,177) (177,177,177) (179,179,179) (169,169,169) (157,157,157) (147,147,147) (131,131,131) (112,112,112) (88,88,88) (78,78,78) (80,80,80) (84,84,84) (90,90,90) (94,94,94) (96,96,96) (96,96,96) (100,100,100) (106,106,106) (102,102,102) (98,98,98) (100,100,100) (102,102,102) (102,102,102) (96,96,96) (94,94,94) (98,98,98) (98,98,98) (110,110,110) (104,104,104) (100,100,100) (106,106,106) (104,104,104) (112,112,112) (114,114,114) (112,112,112) (145,145,145) (157,157,157) (155,155,155) (139,139,139) (143,143,143) (171,171,171) (76,76,76) (46,46,46) (124,124,124) (56,56,56) (26,26,26) (141,141,141) (126,126,126) (112,112,112) (78,78,78) (86,86,86) (60,60,60) (62,62,62) (52,52,52) (78,78,78) (98,98,98) (50,50,50) (54,54,54) (52,52,52) (131,131,131) (90,90,90) (34,34,34) (78,78,78) (147,147,147) (40,40,40) (44,44,44) (50,50,50) (62,62,62) (42,42,42) (38,38,38) (40,40,40) (88,88,88) (104,104,104) (52,52,52) (34,34,34) (44,44,44) (42,42,42) (48,48,48) (38,38,38) (48,48,48) (58,58,58) (120,120,120) (42,42,42) (44,44,44) (30,30,30) (20,20,20) (126,126,126) (143,143,143) (114,114,114) (167,167,167) (185,185,185) (167,167,167) (171,171,171) (183,183,183) (193,193,193) (197,197,197) (181,181,181) (155,155,155) (155,155,155) (181,181,181) (195,195,195) (201,201,201) (151,151,151) (112,112,112) (120,120,120) (124,124,124) (124,124,124) (135,135,135) (131,131,131) (131,131,131) (58,58,58) (163,163,163) (155,155,155) (139,139,139) (133,133,133) (122,122,122) (110,110,110) (106,106,106) (94,94,94) (94,94,94) (80,80,80) (92,92,92) (110,110,110) (143,143,143) (163,163,163) (163,163,163) (167,167,167) (161,161,161) (169,169,169) (175,175,175) (185,185,185) (187,187,187) (193,193,193) (193,193,193) (189,189,189) (187,187,187) (191,191,191) (183,183,183) (179,179,179) (177,177,177) (124,124,124) (88,88,88) (90,90,90) (102,102,102) (108,108,108) (114,114,114) (122,122,122) (137,137,137) (122,122,122) (98,98,98) (98,98,98) (74,74,74) (54,54,54) (56,56,56) (42,42,42) (48,48,48) (50,50,50) (66,66,66) (98,98,98) (183,183,183) (147,147,147) (116,116,116) (48,48,48) (50,50,50) (54,54,54) (74,74,74) (56,56,56) (60,60,60) (72,72,72) (68,68,68) (52,52,52) (46,46,46) (66,66,66) (50,50,50) (52,52,52) (52,52,52) (60,60,60) (54,54,54) (62,62,62) (72,72,72) (120,120,120) (143,143,143) (137,137,137) (133,133,133) (135,135,135) (151,151,151) (159,159,159) (159,159,159) (159,159,159) (157,157,157) (161,161,161) (157,157,157) (155,155,155) (155,155,155) (159,159,159) (159,159,159) (155,155,155) (159,159,159) (151,151,151) (155,155,155) (155,155,155) (155,155,155) (161,161,161) (157,157,157) (161,161,161) (159,159,159) (159,159,159) (157,157,157) (157,157,157) (155,155,155) (147,147,147) (155,155,155) (155,155,155) (155,155,155) (155,155,155) (155,155,155) (157,157,157) (153,153,153) (157,157,157) (153,153,153) (157,157,157) (151,151,151) (149,149,149) (153,153,153) (151,151,151) (147,147,147) (143,143,143) (139,139,139) (133,133,133) (133,133,133) (135,135,135) (129,129,129) 
(100,100,100) (104,104,104) (104,104,104) (106,106,106) (104,104,104) (108,108,108) (104,104,104) (100,100,100) (102,102,102) (92,92,92) (90,90,90) (92,92,92) (90,90,90) (104,104,104) (129,129,129) (141,141,141) (147,147,147) (157,157,157) (165,165,165) (173,173,173) (175,175,175) (175,175,175) (177,177,177) (177,177,177) (177,177,177) (177,177,177) (173,173,173) (167,167,167) (161,161,161) (147,147,147) (137,137,137) (112,112,112) (92,92,92) (74,74,74) (76,76,76) (84,84,84) (82,82,82) (90,90,90) (92,92,92) (98,98,98) (104,104,104) (102,102,102) (100,100,100) (104,104,104) (104,104,104) (98,98,98) (104,104,104) (100,100,100) (96,96,96) (102,102,102) (98,98,98) (102,102,102) (102,102,102) (104,104,104) (104,104,104) (108,108,108) (106,106,106) (116,116,116) (129,129,129) (151,151,151) (157,157,157) (155,155,155) (153,153,153) (149,149,149) (181,181,181) (183,183,183) (135,135,135) (175,175,175) (137,137,137) (124,124,124) (126,126,126) (120,120,120) (149,149,149) (48,48,48) (58,58,58) (38,38,38) (58,58,58) (78,78,78) (82,82,82) (131,131,131) (70,70,70) (76,76,76) (80,80,80) (114,114,114) (32,32,32) (34,34,34) (50,50,50) (108,108,108) (36,36,36) (48,48,48) (38,38,38) (90,90,90) (46,46,46) (36,36,36) (36,36,36) (78,78,78) (108,108,108) (36,36,36) (42,42,42) (40,40,40) (42,42,42) (50,50,50) (44,44,44) (44,44,44) (36,36,36) (38,38,38) (86,86,86) (28,28,28) (34,34,34) (102,102,102) (165,165,165) (104,104,104) (133,133,133) (193,193,193) (163,163,163) (167,167,167) (185,185,185) (193,193,193) (203,203,203) (195,195,195) (177,177,177) (167,167,167) (177,177,177) (187,187,187) (215,215,215) (102,102,102) (100,100,100) (104,104,104) (106,106,106) (92,92,92) (98,98,98) (104,104,104) (112,112,112) (90,90,90) (46,46,46) (116,116,116) (135,135,135) (76,76,76) (112,112,112) (66,66,66) (108,108,108) (124,124,124) (94,94,94) (116,116,116) (108,108,108) (112,112,112) (108,108,108) (129,129,129) (147,147,147) (157,157,157) (157,157,157) (163,163,163) (163,163,163) (171,171,171) (183,183,183) (197,197,197) (195,195,195) (195,195,195) (189,189,189) (189,189,189) (193,193,193) (183,183,183) (163,163,163) (137,137,137) (122,122,122) (129,129,129) (110,110,110) (122,122,122) (100,100,100) (94,94,94) (60,60,60) (98,98,98) (98,98,98) (74,74,74) (80,80,80) (66,66,66) (64,64,64) (58,58,58) (40,40,40) (44,44,44) (58,58,58) (78,78,78) (104,104,104) (185,185,185) (141,141,141) (108,108,108) (106,106,106) (44,44,44) (50,50,50) (94,94,94) (62,62,62) (62,62,62) (62,62,62) (58,58,58) (50,50,50) (44,44,44) (52,52,52) (54,54,54) (52,52,52) (54,54,54) (48,48,48) (50,50,50) (60,60,60) (92,92,92) (131,131,131) (143,143,143) (133,133,133) (129,129,129) (133,133,133) (159,159,159) (159,159,159) (161,161,161) (159,159,159) (157,157,157) (157,157,157) (153,153,153) (157,157,157) (153,153,153) (157,157,157) (155,155,155) (159,159,159) (157,157,157) (155,155,155) (157,157,157) (155,155,155) (161,161,161) (155,155,155) (157,157,157) (157,157,157) (159,159,159) (153,153,153) (155,155,155) (153,153,153) (157,157,157) (153,153,153) (151,151,151) (153,153,153) (155,155,155) (149,149,149) (155,155,155) (155,155,155) (159,159,159) (159,159,159) (155,155,155) (153,153,153) (153,153,153) (147,147,147) (151,151,151) (153,153,153) (151,151,151) (145,145,145) (145,145,145) (137,137,137) (137,137,137) (137,137,137) (129,129,129) 
(104,104,104) (102,102,102) (100,100,100) (108,108,108) (100,100,100) (100,100,100) (98,98,98) (100,100,100) (98,98,98) (92,92,92) (92,92,92) (88,88,88) (88,88,88) (98,98,98) (126,126,126) (139,139,139) (151,151,151) (159,159,159) (167,167,167) (173,173,173) (177,177,177) (179,179,179) (175,175,175) (177,177,177) (175,175,175) (175,175,175) (175,175,175) (165,165,165) (163,163,163) (151,151,151) (133,133,133) (110,110,110) (84,84,84) (72,72,72) (74,74,74) (76,76,76) (86,86,86) (84,84,84) (96,96,96) (102,102,102) (98,98,98) (98,98,98) (102,102,102) (104,104,104) (102,102,102) (98,98,98) (100,100,100) (100,100,100) (96,96,96) (92,92,92) (94,94,94) (96,96,96) (100,100,100) (98,98,98) (104,104,104) (118,118,118) (129,129,129) (153,153,153) (143,143,143) (149,149,149) (157,157,157) (155,155,155) (159,159,159) (153,153,153) (153,153,153) (155,155,155) (133,133,133) (175,175,175) (157,157,157) (62,62,62) (70,70,70) (42,42,42) (40,40,40) (48,48,48) (86,86,86) (52,52,52) (76,76,76) (90,90,90) (124,124,124) (34,34,34) (64,64,64) (88,88,88) (74,74,74) (116,116,116) (36,36,36) (32,32,32) (48,48,48) (62,62,62) (58,58,58) (40,40,40) (50,50,50) (98,98,98) (40,40,40) (38,38,38) (40,40,40) (46,46,46) (94,94,94) (96,96,96) (38,38,38) (44,44,44) (48,48,48) (40,40,40) (44,44,44) (50,50,50) (48,48,48) (36,36,36) (36,36,36) (32,32,32) (14,14,14) (145,145,145) (110,110,110) (94,94,94) (193,193,193) (167,167,167) (169,169,169) (175,175,175) (189,189,189) (203,203,203) (203,203,203) (187,187,187) (181,181,181) (177,177,177) (191,191,191) (227,227,227) (64,64,64) (82,82,82) (94,94,94) (76,76,76) (64,64,64) (86,86,86) (64,64,64) (62,62,62) (58,58,58) (52,52,52) (44,44,44) (50,50,50) (48,48,48) (46,46,46) (46,46,46) (46,46,46) (80,80,80) (98,98,98) (122,122,122) (129,129,129) (120,120,120) (122,122,122) (118,118,118) (131,131,131) (137,137,137) (149,149,149) (159,159,159) (153,153,153) (159,159,159) (173,173,173) (185,185,185) (195,195,195) (191,191,191) (195,195,195) (193,193,193) (193,193,193) (191,191,191) (181,181,181) (155,155,155) (141,141,141) (98,98,98) (98,98,98) (56,56,56) (52,52,52) (50,50,50) (48,48,48) (52,52,52) (56,56,56) (60,60,60) (62,62,62) (70,70,70) (64,64,64) (78,78,78) (40,40,40) (48,48,48) (36,36,36) (42,42,42) (86,86,86) (80,80,80) (183,183,183) (161,161,161) (118,118,118) (80,80,80) (50,50,50) (46,46,46) (92,92,92) (56,56,56) (68,68,68) (56,56,56) (50,50,50) (48,48,48) (50,50,50) (48,48,48) (50,50,50) (50,50,50) (52,52,52) (42,42,42) (42,42,42) (56,56,56) (112,112,112) (143,143,143) (137,137,137) (137,137,137) (126,126,126) (145,145,145) (155,155,155) (161,161,161) (159,159,159) (165,165,165) (157,157,157) (155,155,155) (153,153,153) (153,153,153) (157,157,157) (157,157,157) (159,159,159) (157,157,157) (151,151,151) (155,155,155) (153,153,153) (157,157,157) (155,155,155) (153,153,153) (155,155,155) (157,157,157) (155,155,155) (159,159,159) (155,155,155) (151,151,151) (153,153,153) (149,149,149) (155,155,155) (153,153,153) (155,155,155) (151,151,151) (157,157,157) (153,153,153) (155,155,155) (157,157,157) (153,153,153) (153,153,153) (149,149,149) (149,149,149) (147,147,147) (145,145,145) (145,145,145) (143,143,143) (143,143,143) (141,141,141) (137,137,137) (141,141,141) (131,131,131) 
(98,98,98) (104,104,104) (100,100,100) (100,100,100) (98,98,98) (102,102,102) (100,100,100) (100,100,100) (92,92,92) (98,98,98) (84,84,84) (90,90,90) (84,84,84) (104,104,104) (124,124,124) (137,137,137) (151,151,151) (157,157,157) (165,165,165) (173,173,173) (175,175,175) (177,177,177) (177,177,177) (179,179,179) (177,177,177) (175,175,175) (173,173,173) (167,167,167) (159,159,159) (143,143,143) (131,131,131) (110,110,110) (88,88,88) (76,76,76) (74,74,74) (82,82,82) (86,86,86) (82,82,82) (94,94,94) (94,94,94) (102,102,102) (106,106,106) (102,102,102) (100,100,100) (100,100,100) (98,98,98) (102,102,102) (98,98,98) (96,96,96) (96,96,96) (100,100,100) (92,92,92) (94,94,94) (94,94,94) (131,131,131) (147,147,147) (195,195,195) (124,124,124) (145,145,145) (149,149,149) (151,151,151) (153,153,153) (153,153,153) (155,155,155) (157,157,157) (149,149,149) (94,94,94) (98,98,98) (139,139,139) (66,66,66) (42,42,42) (32,32,32) (30,30,30) (64,64,64) (112,112,112) (76,76,76) (92,92,92) (137,137,137) (102,102,102) (58,58,58) (66,66,66) (106,106,106) (82,82,82) (126,126,126) (36,36,36) (38,38,38) (38,38,38) (44,44,44) (74,74,74) (42,42,42) (40,40,40) (112,112,112) (42,42,42) (44,44,44) (40,40,40) (38,38,38) (34,34,34) (126,126,126) (124,124,124) (36,36,36) (42,42,42) (38,38,38) (40,40,40) (46,46,46) (36,36,36) (44,44,44) (28,28,28) (28,28,28) (133,133,133) (159,159,159) (108,108,108) (175,175,175) (179,179,179) (173,173,173) (175,175,175) (183,183,183) (195,195,195) (203,203,203) (193,193,193) (185,185,185) (185,185,185) (187,187,187) (221,221,221) (46,46,46) (72,72,72) (70,70,70) (66,66,66) (58,58,58) (50,50,50) (52,52,52) (52,52,52) (48,48,48) (46,46,46) (48,48,48) (50,50,50) (48,48,48) (56,56,56) (64,64,64) (46,46,46) (38,38,38) (42,42,42) (50,50,50) (147,147,147) (141,141,141) (129,129,129) (133,133,133) (126,126,126) (129,129,129) (139,139,139) (143,143,143) (151,151,151) (155,155,155) (159,159,159) (169,169,169) (183,183,183) (193,193,193) (195,195,195) (199,199,199) (203,203,203) (197,197,197) (185,185,185) (167,167,167) (126,126,126) (46,46,46) (50,50,50) (52,52,52) (50,50,50) (50,50,50) (48,48,48) (46,46,46) (52,52,52) (54,54,54) (54,54,54) (56,56,56) (54,54,54) (70,70,70) (50,50,50) (40,40,40) (40,40,40) (38,38,38) (44,44,44) (80,80,80) (60,60,60) (171,171,171) (163,163,163) (108,108,108) (84,84,84) (66,66,66) (46,46,46) (78,78,78) (58,58,58) (58,58,58) (54,54,54) (44,44,44) (44,44,44) (46,46,46) (46,46,46) (60,60,60) (56,56,56) (54,54,54) (44,44,44) (38,38,38) (56,56,56) (120,120,120) (145,145,145) (137,137,137) (129,129,129) (133,133,133) (149,149,149) (161,161,161) (157,157,157) (161,161,161) (157,157,157) (159,159,159) (155,155,155) (153,153,153) (155,155,155) (151,151,151) (151,151,151) (155,155,155) (153,153,153) (155,155,155) (161,161,161) (157,157,157) (155,155,155) (157,157,157) (157,157,157) (153,153,153) (155,155,155) (157,157,157) (157,157,157) (155,155,155) (155,155,155) (153,153,153) (153,153,153) (153,153,153) (155,155,155) (151,151,151) (153,153,153) (155,155,155) (151,151,151) (153,153,153) (157,157,157) (155,155,155) (151,151,151) (149,149,149) (145,145,145) (147,147,147) (141,141,141) (147,147,147) (143,143,143) (145,145,145) (137,137,137) (137,137,137) (135,135,135) (135,135,135) 
(92,92,92) (98,98,98) (98,98,98) (94,94,94) (100,100,100) (94,94,94) (94,94,94) (94,94,94) (94,94,94) (90,90,90) (80,80,80) (78,78,78) (84,84,84) (100,100,100) (116,116,116) (135,135,135) (149,149,149) (155,155,155) (163,163,163) (169,169,169) (175,175,175) (175,175,175) (179,179,179) (175,175,175) (175,175,175) (177,177,177) (173,173,173) (165,165,165) (157,157,157) (145,145,145) (139,139,139) (110,110,110) (82,82,82) (70,70,70) (70,70,70) (72,72,72) (86,86,86) (86,86,86) (90,90,90) (90,90,90) (92,92,92) (94,94,94) (102,102,102) (102,102,102) (102,102,102) (98,98,98) (92,92,92) (100,100,100) (96,96,96) (94,94,94) (92,92,92) (86,86,86) (92,92,92) (114,114,114) (185,185,185) (205,205,205) (207,207,207) (114,114,114) (141,141,141) (149,149,149) (147,147,147) (153,153,153) (155,155,155) (153,153,153) (139,139,139) (116,116,116) (82,82,82) (46,46,46) (84,84,84) (52,52,52) (36,36,36) (34,34,34) (54,54,54) (120,120,120) (110,110,110) (68,68,68) (100,100,100) (100,100,100) (58,58,58) (84,84,84) (76,76,76) (66,66,66) (104,104,104) (120,120,120) (28,28,28) (46,46,46) (50,50,50) (60,60,60) (38,38,38) (84,84,84) (38,38,38) (143,143,143) (44,44,44) (42,42,42) (38,38,38) (36,36,36) (36,36,36) (52,52,52) (122,122,122) (116,116,116) (72,72,72) (34,34,34) (38,38,38) (44,44,44) (36,36,36) (38,38,38) (32,32,32) (60,60,60) (165,165,165) (92,92,92) (143,143,143) (197,197,197) (167,167,167) (171,171,171) (175,175,175) (183,183,183) (195,195,195) (201,201,201) (193,193,193) (189,189,189) (191,191,191) (209,209,209) (72,72,72) (64,64,64) (66,66,66) (58,58,58) (50,50,50) (48,48,48) (52,52,52) (52,52,52) (50,50,50) (44,44,44) (42,42,42) (44,44,44) (46,46,46) (56,56,56) (124,124,124) (90,90,90) (54,54,54) (42,42,42) (46,46,46) (38,38,38) (54,54,54) (118,118,118) (139,139,139) (135,135,135) (124,124,124) (131,131,131) (141,141,141) (143,143,143) (147,147,147) (153,153,153) (161,161,161) (169,169,169) (187,187,187) (197,197,197) (203,203,203) (205,205,205) (207,207,207) (199,199,199) (165,165,165) (60,60,60) (54,54,54) (58,58,58) (50,50,50) (60,60,60) (52,52,52) (84,84,84) (72,72,72) (58,58,58) (46,46,46) (52,52,52) (64,64,64) (56,56,56) (56,56,56) (54,54,54) (48,48,48) (44,44,44) (42,42,42) (44,44,44) (50,50,50) (68,68,68) (54,54,54) (169,169,169) (163,163,163) (90,90,90) (94,94,94) (64,64,64) (62,62,62) (84,84,84) (58,58,58) (60,60,60) (52,52,52) (46,46,46) (46,46,46) (52,52,52) (48,48,48) (46,46,46) (50,50,50) (52,52,52) (46,46,46) (42,42,42) (84,84,84) (131,131,131) (143,143,143) (135,135,135) (133,133,133) (147,147,147) (159,159,159) (161,161,161) (159,159,159) (159,159,159) (155,155,155) (155,155,155) (151,151,151) (153,153,153) (155,155,155) (153,153,153) (155,155,155) (155,155,155) (157,157,157) (157,157,157) (157,157,157) (153,153,153) (155,155,155) (153,153,153) (153,153,153) (159,159,159) (155,155,155) (153,153,153) (153,153,153) (151,151,151) (155,155,155) (155,155,155) (153,153,153) (153,153,153) (151,151,151) (153,153,153) (149,149,149) (147,147,147) (151,151,151) (149,149,149) (153,153,153) (149,149,149) (145,145,145) (143,143,143) (145,145,145) (141,141,141) (139,139,139) (141,141,141) (141,141,141) (139,139,139) (135,135,135) (139,139,139) (137,137,137) (135,135,135) 
(98,98,98) (92,92,92) (98,98,98) (96,96,96) (94,94,94) (98,98,98) (92,92,92) (94,94,94) (90,90,90) (82,82,82) (82,82,82) (76,76,76) (78,78,78) (98,98,98) (124,124,124) (135,135,135) (147,147,147) (157,157,157) (165,165,165) (177,177,177) (177,177,177) (173,173,173) (177,177,177) (179,179,179) (177,177,177) (175,175,175) (173,173,173) (165,165,165) (157,157,157) (145,145,145) (131,131,131) (110,110,110) (84,84,84) (74,74,74) (66,66,66) (78,78,78) (84,84,84) (90,90,90) (100,100,100) (90,90,90) (98,98,98) (94,94,94) (94,94,94) (98,98,98) (98,98,98) (100,100,100) (94,94,94) (92,92,92) (92,92,92) (90,90,90) (88,88,88) (82,82,82) (80,80,80) (231,231,231) (183,183,183) (209,209,209) (183,183,183) (124,124,124) (143,143,143) (147,147,147) (151,151,151) (157,157,157) (147,147,147) (96,96,96) (139,139,139) (102,102,102) (62,62,62) (84,84,84) (40,40,40) (40,40,40) (36,36,36) (38,38,38) (151,151,151) (106,106,106) (44,44,44) (54,54,54) (112,112,112) (34,34,34) (46,46,46) (90,90,90) (100,100,100) (78,78,78) (153,153,153) (102,102,102) (38,38,38) (34,34,34) (46,46,46) (72,72,72) (48,48,48) (54,54,54) (50,50,50) (141,141,141) (34,34,34) (44,44,44) (46,46,46) (40,40,40) (40,40,40) (42,42,42) (64,64,64) (104,104,104) (96,96,96) (110,110,110) (32,32,32) (42,42,42) (34,34,34) (34,34,34) (28,28,28) (155,155,155) (131,131,131) (92,92,92) (205,205,205) (167,167,167) (165,165,165) (177,177,177) (181,181,181) (181,181,181) (199,199,199) (195,195,195) (197,197,197) (189,189,189) (209,209,209) (72,72,72) (72,72,72) (74,74,74) (70,70,70) (42,42,42) (48,48,48) (48,48,48) (52,52,52) (46,46,46) (54,54,54) (50,50,50) (46,46,46) (80,80,80) (68,68,68) (139,139,139) (203,203,203) (181,181,181) (116,116,116) (48,48,48) (38,38,38) (40,40,40) (42,42,42) (78,78,78) (129,129,129) (129,129,129) (124,124,124) (126,126,126) (135,135,135) (141,141,141) (147,147,147) (151,151,151) (161,161,161) (167,167,167) (185,185,185) (203,203,203) (209,209,209) (209,209,209) (207,207,207) (179,179,179) (50,50,50) (50,50,50) (44,44,44) (42,42,42) (58,58,58) (82,82,82) (92,92,92) (185,185,185) (141,141,141) (102,102,102) (44,44,44) (40,40,40) (48,48,48) (56,56,56) (58,58,58) (54,54,54) (40,40,40) (52,52,52) (46,46,46) (36,36,36) (42,42,42) (64,64,64) (54,54,54) (159,159,159) (167,167,167) (88,88,88) (102,102,102) (66,66,66) (58,58,58) (86,86,86) (60,60,60) (60,60,60) (50,50,50) (50,50,50) (48,48,48) (50,50,50) (48,48,48) (48,48,48) (50,50,50) (50,50,50) (44,44,44) (52,52,52) (108,108,108) (139,139,139) (145,145,145) (139,139,139) (135,135,135) (153,153,153) (159,159,159) (163,163,163) (155,155,155) (157,157,157) (157,157,157) (153,153,153) (155,155,155) (153,153,153) (153,153,153) (151,151,151) (151,151,151) (155,155,155) (153,153,153) (153,153,153) (153,153,153) (157,157,157) (151,151,151) (153,153,153) (157,157,157) (155,155,155) (155,155,155) (149,149,149) (153,153,153) (153,153,153) (155,155,155) (153,153,153) (155,155,155) (153,153,153) (151,151,151) (153,153,153) (149,149,149) (147,147,147) (151,151,151) (151,151,151) (151,151,151) (143,143,143) (141,141,141) (143,143,143) (141,141,141) (141,141,141) (137,137,137) (135,135,135) (135,135,135) (139,139,139) (139,139,139) (131,131,131) (133,133,133) (135,135,135) 
(96,96,96) (104,104,104) (92,92,92) (94,94,94) (92,92,92) (98,98,98) (92,92,92) (90,90,90) (88,88,88) (82,82,82) (80,80,80) (76,76,76) (74,74,74) (92,92,92) (120,120,120) (135,135,135) (151,151,151) (157,157,157) (169,169,169) (175,175,175) (179,179,179) (173,173,173) (179,179,179) (177,177,177) (179,179,179) (179,179,179) (175,175,175) (165,165,165) (157,157,157) (149,149,149) (129,129,129) (114,114,114) (82,82,82) (74,74,74) (72,72,72) (82,82,82) (88,88,88) (90,90,90) (98,98,98) (98,98,98) (96,96,96) (100,100,100) (94,94,94) (100,100,100) (100,100,100) (96,96,96) (98,98,98) (98,98,98) (92,92,92) (92,92,92) (90,90,90) (88,88,88) (80,80,80) (215,215,215) (175,175,175) (197,197,197) (131,131,131) (131,131,131) (141,141,141) (145,145,145) (151,151,151) (153,153,153) (133,133,133) (106,106,106) (139,139,139) (112,112,112) (62,62,62) (52,52,52) (38,38,38) (56,56,56) (40,40,40) (118,118,118) (76,76,76) (36,36,36) (40,40,40) (116,116,116) (46,46,46) (36,36,36) (40,40,40) (94,94,94) (120,120,120) (94,94,94) (118,118,118) (38,38,38) (42,42,42) (40,40,40) (46,46,46) (48,48,48) (38,38,38) (46,46,46) (44,44,44) (139,139,139) (54,54,54) (52,52,52) (44,44,44) (42,42,42) (40,40,40) (48,48,48) (48,48,48) (46,46,46) (42,42,42) (64,64,64) (64,64,64) (58,58,58) (34,34,34) (30,30,30) (78,78,78) (161,161,161) (96,96,96) (157,157,157) (189,189,189) (173,173,173) (177,177,177) (179,179,179) (183,183,183) (195,195,195) (203,203,203) (197,197,197) (199,199,199) (209,209,209) (84,84,84) (82,82,82) (84,84,84) (68,68,68) (48,48,48) (44,44,44) (44,44,44) (64,64,64) (90,90,90) (48,48,48) (82,82,82) (40,40,40) (34,34,34) (42,42,42) (62,62,62) (44,44,44) (209,209,209) (199,199,199) (195,195,195) (137,137,137) (66,66,66) (56,56,56) (114,114,114) (74,74,74) (124,124,124) (120,120,120) (118,118,118) (129,129,129) (129,129,129) (139,139,139) (149,149,149) (145,145,145) (159,159,159) (169,169,169) (187,187,187) (207,207,207) (215,215,215) (213,213,213) (207,207,207) (80,80,80) (48,48,48) (52,52,52) (52,52,52) (42,42,42) (60,60,60) (60,60,60) (161,161,161) (161,161,161) (159,159,159) (126,126,126) (64,64,64) (44,44,44) (44,44,44) (50,50,50) (50,50,50) (50,50,50) (46,46,46) (50,50,50) (46,46,46) (38,38,38) (64,64,64) (74,74,74) (34,34,34) (165,165,165) (169,169,169) (92,92,92) (86,86,86) (56,56,56) (72,72,72) (94,94,94) (60,60,60) (58,58,58) (54,54,54) (46,46,46) (46,46,46) (42,42,42) (60,60,60) (58,58,58) (46,46,46) (48,48,48) (48,48,48) (72,72,72) (120,120,120) (143,143,143) (145,145,145) (139,139,139) (141,141,141) (153,153,153) (159,159,159) (161,161,161) (157,157,157) (157,157,157) (159,159,159) (157,157,157) (157,157,157) (151,151,151) (155,155,155) (153,153,153) (151,151,151) (155,155,155) (153,153,153) (151,151,151) (157,157,157) (155,155,155) (151,151,151) (153,153,153) (153,153,153) (153,153,153) (153,153,153) (153,153,153) (155,155,155) (155,155,155) (155,155,155) (147,147,147) (151,151,151) (153,153,153) (151,151,151) (149,149,149) (149,149,149) (153,153,153) (147,147,147) (153,153,153) (145,145,145) (143,143,143) (145,145,145) (141,141,141) (139,139,139) (135,135,135) (133,133,133) (137,137,137) (133,133,133) (137,137,137) (137,137,137) (133,133,133) (131,131,131) (129,129,129) 
(102,102,102) (98,98,98) (98,98,98) (100,100,100) (96,96,96) (100,100,100) (98,98,98) (92,92,92) (86,86,86) (88,88,88) (82,82,82) (74,74,74) (76,76,76) (94,94,94) (118,118,118) (135,135,135) (147,147,147) (159,159,159) (167,167,167) (175,175,175) (177,177,177) (175,175,175) (177,177,177) (177,177,177) (177,177,177) (177,177,177) (177,177,177) (167,167,167) (159,159,159) (143,143,143) (129,129,129) (114,114,114) (84,84,84) (70,70,70) (74,74,74) (84,84,84) (86,86,86) (90,90,90) (100,100,100) (100,100,100) (100,100,100) (102,102,102) (100,100,100) (96,96,96) (100,100,100) (98,98,98) (102,102,102) (100,100,100) (100,100,100) (92,92,92) (92,92,92) (84,84,84) (56,56,56) (145,145,145) (151,151,151) (193,193,193) (193,193,193) (163,163,163) (149,149,149) (141,141,141) (149,149,149) (149,149,149) (116,116,116) (159,159,159) (159,159,159) (34,34,34) (40,40,40) (36,36,36) (40,40,40) (64,64,64) (104,104,104) (68,68,68) (36,36,36) (42,42,42) (88,88,88) (54,54,54) (58,58,58) (48,48,48) (60,60,60) (78,78,78) (86,86,86) (96,96,96) (137,137,137) (62,62,62) (54,54,54) (46,46,46) (46,46,46) (40,40,40) (52,52,52) (48,48,48) (38,38,38) (76,76,76) (72,72,72) (68,68,68) (48,48,48) (36,36,36) (46,46,46) (46,46,46) (56,56,56) (42,42,42) (38,38,38) (56,56,56) (42,42,42) (40,40,40) (50,50,50) (74,74,74) (145,145,145) (114,114,114) (106,106,106) (205,205,205) (169,169,169) (175,175,175) (177,177,177) (181,181,181) (187,187,187) (201,201,201) (197,197,197) (205,205,205) (199,199,199) (137,137,137) (96,96,96) (100,100,100) (86,86,86) (62,62,62) (50,50,50) (50,50,50) (46,46,46) (70,70,70) (116,116,116) (64,64,64) (100,100,100) (90,90,90) (66,66,66) (94,94,94) (74,74,74) (68,68,68) (209,209,209) (203,203,203) (203,203,203) (193,193,193) (131,131,131) (70,70,70) (129,129,129) (92,92,92) (108,108,108) (114,114,114) (112,112,112) (120,120,120) (129,129,129) (135,135,135) (139,139,139) (145,145,145) (157,157,157) (175,175,175) (193,193,193) (207,207,207) (219,219,219) (213,213,213) (114,114,114) (78,78,78) (82,82,82) (58,58,58) (80,80,80) (36,36,36) (72,72,72) (70,70,70) (74,74,74) (159,159,159) (167,167,167) (141,141,141) (82,82,82) (54,54,54) (46,46,46) (42,42,42) (46,46,46) (46,46,46) (42,42,42) (40,40,40) (74,74,74) (42,42,42) (60,60,60) (54,54,54) (48,48,48) (177,177,177) (175,175,175) (129,129,129) (84,84,84) (86,86,86) (68,68,68) (88,88,88) (58,58,58) (54,54,54) (50,50,50) (48,48,48) (48,48,48) (46,46,46) (48,48,48) (48,48,48) (42,42,42) (48,48,48) (56,56,56) (86,86,86) (129,129,129) (143,143,143) (141,141,141) (141,141,141) (141,141,141) (153,153,153) (161,161,161) (159,159,159) (157,157,157) (157,157,157) (159,159,159) (159,159,159) (153,153,153) (153,153,153) (151,151,151) (155,155,155) (155,155,155) (151,151,151) (153,153,153) (151,151,151) (153,153,153) (151,151,151) (153,153,153) (151,151,151) (151,151,151) (151,151,151) (149,149,149) (151,151,151) (153,153,153) (151,151,151) (153,153,153) (153,153,153) (149,149,149) (155,155,155) (147,147,147) (149,149,149) (149,149,149) (147,147,147) (147,147,147) (145,145,145) (145,145,145) (143,143,143) (141,141,141) (141,141,141) (141,141,141) (135,135,135) (133,133,133) (133,133,133) (131,131,131) (129,129,129) (124,124,124) (122,122,122) (135,135,135) (141,141,141) 
(100,100,100) (98,98,98) (100,100,100) (96,96,96) (98,98,98) (92,92,92) (96,96,96) (90,90,90) (88,88,88) (92,92,92) (80,80,80) (76,76,76) (74,74,74) (92,92,92) (118,118,118) (131,131,131) (147,147,147) (159,159,159) (167,167,167) (175,175,175) (179,179,179) (181,181,181) (181,181,181) (177,177,177) (181,181,181) (179,179,179) (175,175,175) (171,171,171) (159,159,159) (141,141,141) (131,131,131) (114,114,114) (88,88,88) (78,78,78) (80,80,80) (88,88,88) (88,88,88) (98,98,98) (100,100,100) (100,100,100) (106,106,106) (104,104,104) (98,98,98) (106,106,106) (102,102,102) (106,106,106) (102,102,102) (100,100,100) (108,108,108) (98,98,98) (88,88,88) (58,58,58) (48,48,48) (118,118,118) (167,167,167) (58,58,58) (80,80,80) (211,211,211) (197,197,197) (169,169,169) (161,161,161) (149,149,149) (80,80,80) (46,46,46) (50,50,50) (42,42,42) (38,38,38) (42,42,42) (64,64,64) (114,114,114) (76,76,76) (50,50,50) (44,44,44) (84,84,84) (66,66,66) (58,58,58) (92,92,92) (42,42,42) (64,64,64) (131,131,131) (104,104,104) (82,82,82) (157,157,157) (46,46,46) (42,42,42) (44,44,44) (50,50,50) (44,44,44) (56,56,56) (38,38,38) (38,38,38) (58,58,58) (131,131,131) (50,50,50) (48,48,48) (52,52,52) (40,40,40) (44,44,44) (60,60,60) (40,40,40) (38,38,38) (42,42,42) (34,34,34) (38,38,38) (38,38,38) (88,88,88) (116,116,116) (90,90,90) (149,149,149) (153,153,153) (151,151,151) (151,151,151) (169,169,169) (187,187,187) (197,197,197) (201,201,201) (197,197,197) (195,195,195) (153,153,153) (108,108,108) (116,116,116) (122,122,122) (110,110,110) (96,96,96) (86,86,86) (52,52,52) (50,50,50) (84,84,84) (106,106,106) (118,118,118) (54,54,54) (80,80,80) (92,92,92) (76,76,76) (46,46,46) (185,185,185) (211,211,211) (211,211,211) (205,205,205) (203,203,203) (163,163,163) (88,88,88) (96,96,96) (118,118,118) (98,98,98) (110,110,110) (116,116,116) (118,118,118) (126,126,126) (133,133,133) (137,137,137) (151,151,151) (161,161,161) (181,181,181) (197,197,197) (215,215,215) (215,215,215) (205,205,205) (102,102,102) (106,106,106) (126,126,126) (56,56,56) (96,96,96) (94,94,94) (86,86,86) (88,88,88) (40,40,40) (187,187,187) (167,167,167) (147,147,147) (86,86,86) (62,62,62) (44,44,44) (44,44,44) (40,40,40) (48,48,48) (44,44,44) (44,44,44) (46,46,46) (44,44,44) (66,66,66) (42,42,42) (34,34,34) (189,189,189) (181,181,181) (141,141,141) (72,72,72) (90,90,90) (74,74,74) (92,92,92) (58,58,58) (62,62,62) (52,52,52) (44,44,44) (50,50,50) (54,54,54) (54,54,54) (52,52,52) (44,44,44) (48,48,48) (52,52,52) (104,104,104) (139,139,139) (139,139,139) (137,137,137) (131,131,131) (149,149,149) (153,153,153) (157,157,157) (153,153,153) (157,157,157) (155,155,155) (157,157,157) (155,155,155) (151,151,151) (151,151,151) (149,149,149) (153,153,153) (153,153,153) (149,149,149) (151,151,151) (149,149,149) (153,153,153) (157,157,157) (155,155,155) (157,157,157) (151,151,151) (153,153,153) (155,155,155) (153,153,153) (149,149,149) (149,149,149) (155,155,155) (149,149,149) (147,147,147) (141,141,141) (151,151,151) (151,151,151) (147,147,147) (149,149,149) (145,145,145) (145,145,145) (143,143,143) (145,145,145) (135,135,135) (139,139,139) (137,137,137) (129,129,129) (129,129,129) (129,129,129) (126,126,126) (129,129,129) (137,137,137) (145,145,145) (155,155,155) (159,159,159) 
(100,100,100) (98,98,98) (100,100,100) (98,98,98) (100,100,100) (94,94,94) (96,96,96) (86,86,86) (94,94,94) (92,92,92) (76,76,76) (72,72,72) (74,74,74) (90,90,90) (114,114,114) (135,135,135) (149,149,149) (155,155,155) (167,167,167) (177,177,177) (179,179,179) (179,179,179) (177,177,177) (181,181,181) (183,183,183) (181,181,181) (177,177,177) (169,169,169) (161,161,161) (145,145,145) (124,124,124) (112,112,112) (94,94,94) (80,80,80) (76,76,76) (84,84,84) (90,90,90) (96,96,96) (100,100,100) (100,100,100) (106,106,106) (104,104,104) (104,104,104) (102,102,102) (108,108,108) (98,98,98) (108,108,108) (116,116,116) (116,116,116) (52,52,52) (56,56,56) (50,50,50) (52,52,52) (48,48,48) (171,171,171) (135,135,135) (201,201,201) (183,183,183) (223,223,223) (229,229,229) (211,211,211) (40,40,40) (40,40,40) (42,42,42) (40,40,40) (40,40,40) (40,40,40) (44,44,44) (96,96,96) (60,60,60) (54,54,54) (68,68,68) (56,56,56) (84,84,84) (60,60,60) (62,62,62) (72,72,72) (76,76,76) (80,80,80) (147,147,147) (102,102,102) (76,76,76) (145,145,145) (64,64,64) (36,36,36) (44,44,44) (48,48,48) (50,50,50) (60,60,60) (40,40,40) (42,42,42) (50,50,50) (80,80,80) (40,40,40) (48,48,48) (50,50,50) (44,44,44) (44,44,44) (54,54,54) (40,40,40) (38,38,38) (32,32,32) (42,42,42) (50,50,50) (52,52,52) (153,153,153) (76,76,76) (120,120,120) (185,185,185) (153,153,153) (175,175,175) (179,179,179) (189,189,189) (199,199,199) (201,201,201) (197,197,197) (197,197,197) (169,169,169) (104,104,104) (116,116,116) (118,118,118) (129,129,129) (129,129,129) (129,129,129) (118,118,118) (86,86,86) (44,44,44) (72,72,72) (112,112,112) (116,116,116) (116,116,116) (82,82,82) (58,58,58) (76,76,76) (163,163,163) (203,203,203) (201,201,201) (205,205,205) (197,197,197) (191,191,191) (147,147,147) (133,133,133) (106,106,106) (126,126,126) (112,112,112) (116,116,116) (124,124,124) (118,118,118) (120,120,120) (131,131,131) (137,137,137) (147,147,147) (165,165,165) (173,173,173) (207,207,207) (219,219,219) (215,215,215) (189,189,189) (96,96,96) (114,114,114) (143,143,143) (108,108,108) (76,76,76) (88,88,88) (84,84,84) (58,58,58) (169,169,169) (181,181,181) (167,167,167) (129,129,129) (78,78,78) (52,52,52) (50,50,50) (44,44,44) (50,50,50) (50,50,50) (46,46,46) (42,42,42) (42,42,42) (44,44,44) (80,80,80) (56,56,56) (52,52,52) (189,189,189) (185,185,185) (139,139,139) (62,62,62) (92,92,92) (82,82,82) (80,80,80) (58,58,58) (56,56,56) (46,46,46) (46,46,46) (52,52,52) (50,50,50) (58,58,58) (48,48,48) (44,44,44) (42,42,42) (52,52,52) (116,116,116) (143,143,143) (139,139,139) (143,143,143) (143,143,143) (153,153,153) (159,159,159) (159,159,159) (157,157,157) (155,155,155) (151,151,151) (155,155,155) (155,155,155) (149,149,149) (153,153,153) (151,151,151) (151,151,151) (151,151,151) (155,155,155) (155,155,155) (153,153,153) (151,151,151) (151,151,151) (153,153,153) (153,153,153) (155,155,155) (151,151,151) (151,151,151) (151,151,151) (151,151,151) (151,151,151) (151,151,151) (155,155,155) (149,149,149) (149,149,149) (149,149,149) (145,145,145) (145,145,145) (147,147,147) (141,141,141) (143,143,143) (137,137,137) (135,135,135) (135,135,135) (133,133,133) (135,135,135) (131,131,131) (131,131,131) (133,133,133) (139,139,139) (145,145,145) (155,155,155) (163,163,163) (169,169,169) (177,177,177) 
(98,98,98) (98,98,98) (104,104,104) (98,98,98) (98,98,98) (98,98,98) (96,96,96) (86,86,86) (92,92,92) (88,88,88) (82,82,82) (74,74,74) (68,68,68) (90,90,90) (116,116,116) (135,135,135) (149,149,149) (157,157,157) (167,167,167) (173,173,173) (177,177,177) (179,179,179) (181,181,181) (179,179,179) (181,181,181) (177,177,177) (181,181,181) (169,169,169) (157,157,157) (147,147,147) (126,126,126) (114,114,114) (96,96,96) (82,82,82) (82,82,82) (92,92,92) (94,94,94) (98,98,98) (102,102,102) (102,102,102) (112,112,112) (110,110,110) (108,108,108) (110,110,110) (108,108,108) (106,106,106) (78,78,78) (50,50,50) (44,44,44) (48,48,48) (110,110,110) (66,66,66) (129,129,129) (155,155,155) (185,185,185) (147,147,147) (171,171,171) (237,237,237) (255,255,255) (223,223,223) (30,30,30) (70,70,70) (64,64,64) (40,40,40) (40,40,40) (38,38,38) (38,38,38) (104,104,104) (110,110,110) (90,90,90) (74,74,74) (50,50,50) (44,44,44) (84,84,84) (82,82,82) (94,94,94) (86,86,86) (88,88,88) (62,62,62) (133,133,133) (129,129,129) (84,84,84) (157,157,157) (82,82,82) (42,42,42) (62,62,62) (40,40,40) (46,46,46) (50,50,50) (38,38,38) (36,36,36) (48,48,48) (58,58,58) (46,46,46) (66,66,66) (46,46,46) (54,54,54) (44,44,44) (48,48,48) (38,38,38) (40,40,40) (34,34,34) (32,32,32) (34,34,34) (149,149,149) (122,122,122) (94,94,94) (211,211,211) (149,149,149) (159,159,159) (177,177,177) (181,181,181) (199,199,199) (197,197,197) (197,197,197) (193,193,193) (147,147,147) (104,104,104) (126,126,126) (122,122,122) (124,124,124) (122,122,122) (143,143,143) (141,141,141) (133,133,133) (114,114,114) (96,96,96) (92,92,92) (94,94,94) (118,118,118) (139,139,139) (131,131,131) (141,141,141) (157,157,157) (187,187,187) (197,197,197) (203,203,203) (209,209,209) (201,201,201) (153,153,153) (139,139,139) (153,153,153) (114,114,114) (124,124,124) (129,129,129) (120,120,120) (116,116,116) (124,124,124) (129,129,129) (129,129,129) (131,131,131) (141,141,141) (163,163,163) (181,181,181) (209,209,209) (223,223,223) (215,215,215) (165,165,165) (100,100,100) (88,88,88) (122,122,122) (137,137,137) (129,129,129) (112,112,112) (149,149,149) (161,161,161) (185,185,185) (173,173,173) (159,159,159) (122,122,122) (82,82,82) (48,48,48) (54,54,54) (54,54,54) (48,48,48) (54,54,54) (52,52,52) (46,46,46) (56,56,56) (50,50,50) (96,96,96) (50,50,50) (54,54,54) (169,169,169) (191,191,191) (135,135,135) (66,66,66) (100,100,100) (96,96,96) (78,78,78) (56,56,56) (44,44,44) (50,50,50) (50,50,50) (44,44,44) (52,52,52) (58,58,58) (46,46,46) (50,50,50) (42,42,42) (74,74,74) (129,129,129) (143,143,143) (137,137,137) (135,135,135) (141,141,141) (153,153,153) (161,161,161) (157,157,157) (157,157,157) (155,155,155) (153,153,153) (151,151,151) (153,153,153) (153,153,153) (151,151,151) (149,149,149) (151,151,151) (151,151,151) (155,155,155) (165,165,165) (153,153,153) (149,149,149) (153,153,153) (149,149,149) (151,151,151) (153,153,153) (155,155,155) (151,151,151) (151,151,151) (149,149,149) (149,149,149) (153,153,153) (149,149,149) (149,149,149) (145,145,145) (147,147,147) (141,141,141) (143,143,143) (137,137,137) (137,137,137) (145,145,145) (141,141,141) (141,141,141) (133,133,133) (135,135,135) (131,131,131) (129,129,129) (141,141,141) (153,153,153) (159,159,159) (165,165,165) (173,173,173) (177,177,177) (181,181,181) (185,185,185) 
(104,104,104) (104,104,104) (102,102,102) (96,96,96) (98,98,98) (96,96,96) (98,98,98) (88,88,88) (90,90,90) (84,84,84) (80,80,80) (74,74,74) (66,66,66) (88,88,88) (118,118,118) (133,133,133) (153,153,153) (157,157,157) (165,165,165) (171,171,171) (179,179,179) (179,179,179) (181,181,181) (179,179,179) (183,183,183) (181,181,181) (181,181,181) (169,169,169) (161,161,161) (147,147,147) (137,137,137) (112,112,112) (96,96,96) (86,86,86) (88,88,88) (88,88,88) (92,92,92) (100,100,100) (98,98,98) (108,108,108) (108,108,108) (112,112,112) (110,110,110) (114,114,114) (116,116,116) (76,76,76) (48,48,48) (42,42,42) (48,48,48) (64,64,64) (139,139,139) (145,145,145) (161,161,161) (149,149,149) (177,177,177) (197,197,197) (213,213,213) (179,179,179) (56,56,56) (44,44,44) (48,48,48) (48,48,48) (102,102,102) (36,36,36) (46,46,46) (112,112,112) (133,133,133) (149,149,149) (88,88,88) (32,32,32) (32,32,32) (32,32,32) (48,48,48) (120,120,120) (52,52,52) (90,90,90) (78,78,78) (78,78,78) (80,80,80) (145,145,145) (131,131,131) (78,78,78) (167,167,167) (116,116,116) (72,72,72) (50,50,50) (96,96,96) (50,50,50) (40,40,40) (36,36,36) (36,36,36) (46,46,46) (50,50,50) (48,48,48) (56,56,56) (46,46,46) (48,48,48) (46,46,46) (56,56,56) (38,38,38) (44,44,44) (32,32,32) (34,34,34) (76,76,76) (159,159,159) (86,86,86) (159,159,159) (203,203,203) (163,163,163) (173,173,173) (185,185,185) (189,189,189) (201,201,201) (197,197,197) (197,197,197) (153,153,153) (92,92,92) (118,118,118) (124,124,124) (129,129,129) (126,126,126) (124,124,124) (147,147,147) (145,145,145) (143,143,143) (135,135,135) (129,129,129) (108,108,108) (102,102,102) (120,120,120) (110,110,110) (133,133,133) (147,147,147) (155,155,155) (157,157,157) (167,167,167) (177,177,177) (169,169,169) (179,179,179) (189,189,189) (159,159,159) (151,151,151) (133,133,133) (137,137,137) (131,131,131) (122,122,122) (120,120,120) (120,120,120) (129,129,129) (129,129,129) (129,129,129) (149,149,149) (157,157,157) (181,181,181) (207,207,207) (223,223,223) (213,213,213) (163,163,163) (151,151,151) (122,122,122) (120,120,120) (129,129,129) (151,151,151) (147,147,147) (151,151,151) (159,159,159) (157,157,157) (135,135,135) (133,133,133) (94,94,94) (54,54,54) (48,48,48) (74,74,74) (62,62,62) (56,56,56) (56,56,56) (48,48,48) (48,48,48) (54,54,54) (56,56,56) (94,94,94) (42,42,42) (48,48,48) (171,171,171) (189,189,189) (147,147,147) (82,82,82) (86,86,86) (108,108,108) (54,54,54) (64,64,64) (46,46,46) (42,42,42) (58,58,58) (42,42,42) (52,52,52) (52,52,52) (58,58,58) (42,42,42) (58,58,58) (98,98,98) (135,135,135) (145,145,145) (139,139,139) (133,133,133) (145,145,145) (161,161,161) (159,159,159) (155,155,155) (157,157,157) (159,159,159) (153,153,153) (149,149,149) (155,155,155) (153,153,153) (151,151,151) (143,143,143) (149,149,149) (151,151,151) (155,155,155) (165,165,165) (169,169,169) (153,153,153) (153,153,153) (153,153,153) (153,153,153) (155,155,155) (151,151,151) (147,147,147) (151,151,151) (149,149,149) (149,149,149) (147,147,147) (147,147,147) (147,147,147) (145,145,145) (139,139,139) (145,145,145) (141,141,141) (139,139,139) (137,137,137) (137,137,137) (143,143,143) (133,133,133) (135,135,135) (124,124,124) (141,141,141) (153,153,153) (161,161,161) (169,169,169) (173,173,173) (181,181,181) (183,183,183) (183,183,183) (189,189,189) (191,191,191) 
(104,104,104) (106,106,106) (106,106,106) (100,100,100) (106,106,106) (96,96,96) (94,94,94) (88,88,88) (88,88,88) (80,80,80) (80,80,80) (80,80,80) (72,72,72) (90,90,90) (126,126,126) (137,137,137) (149,149,149) (159,159,159) (167,167,167) (171,171,171) (175,175,175) (179,179,179) (181,181,181) (181,181,181) (181,181,181) (179,179,179) (177,177,177) (173,173,173) (163,163,163) (147,147,147) (137,137,137) (114,114,114) (92,92,92) (82,82,82) (84,84,84) (90,90,90) (96,96,96) (98,98,98) (104,104,104) (102,102,102) (112,112,112) (108,108,108) (112,112,112) (110,110,110) (147,147,147) (44,44,44) (42,42,42) (44,44,44) (100,100,100) (122,122,122) (177,177,177) (155,155,155) (143,143,143) (141,141,141) (131,131,131) (163,163,163) (227,227,227) (44,44,44) (50,50,50) (58,58,58) (44,44,44) (56,56,56) (124,124,124) (110,110,110) (106,106,106) (84,84,84) (38,38,38) (56,56,56) (118,118,118) (40,40,40) (36,36,36) (42,42,42) (60,60,60) (141,141,141) (48,48,48) (98,98,98) (70,70,70) (72,72,72) (86,86,86) (106,106,106) (124,124,124) (96,96,96) (165,165,165) (72,72,72) (62,62,62) (122,122,122) (46,46,46) (44,44,44) (44,44,44) (42,42,42) (46,46,46) (48,48,48) (44,44,44) (46,46,46) (46,46,46) (48,48,48) (50,50,50) (50,50,50) (42,42,42) (36,36,36) (32,32,32) (30,30,30) (26,26,26) (143,143,143) (102,102,102) (88,88,88) (195,195,195) (157,157,157) (169,169,169) (175,175,175) (189,189,189) (199,199,199) (197,197,197) (199,199,199) (157,157,157) (96,96,96) (110,110,110) (120,120,120) (133,133,133) (133,133,133) (131,131,131) (137,137,137) (143,143,143) (145,145,145) (145,145,145) (147,147,147) (137,137,137) (131,131,131) (139,139,139) (122,122,122) (104,104,104) (124,124,124) (88,88,88) (129,129,129) (131,131,131) (98,98,98) (129,129,129) (92,92,92) (159,159,159) (169,169,169) (179,179,179) (175,175,175) (159,159,159) (135,135,135) (118,118,118) (120,120,120) (124,124,124) (129,129,129) (129,129,129) (133,133,133) (129,129,129) (143,143,143) (155,155,155) (181,181,181) (207,207,207) (225,225,225) (217,217,217) (179,179,179) (171,171,171) (163,163,163) (151,151,151) (147,147,147) (145,145,145) (124,124,124) (108,108,108) (110,110,110) (131,131,131) (40,40,40) (56,56,56) (62,62,62) (66,66,66) (64,64,64) (90,90,90) (70,70,70) (56,56,56) (56,56,56) (46,46,46) (48,48,48) (52,52,52) (54,54,54) (82,82,82) (50,50,50) (46,46,46) (167,167,167) (181,181,181) (141,141,141) (88,88,88) (70,70,70) (98,98,98) (64,64,64) (60,60,60) (46,46,46) (46,46,46) (48,48,48) (46,46,46) (58,58,58) (66,66,66) (48,48,48) (54,54,54) (72,72,72) (116,116,116) (135,135,135) (137,137,137) (131,131,131) (137,137,137) (153,153,153) (157,157,157) (157,157,157) (155,155,155) (157,157,157) (155,155,155) (153,153,153) (155,155,155) (153,153,153) (151,151,151) (147,147,147) (147,147,147) (153,153,153) (153,153,153) (159,159,159) (155,155,155) (151,151,151) (153,153,153) (153,153,153) (151,151,151) (151,151,151) (151,151,151) (155,155,155) (151,151,151) (149,149,149) (149,149,149) (145,145,145) (145,145,145) (147,147,147) (143,143,143) (139,139,139) (139,139,139) (139,139,139) (139,139,139) (139,139,139) (135,135,135) (133,133,133) (137,137,137) (135,135,135) (139,139,139) (149,149,149) (161,161,161) (167,167,167) (177,177,177) (181,181,181) (183,183,183) (185,185,185) (187,187,187) (185,185,185) (187,187,187) (189,189,189) 
(102,102,102) (96,96,96) (108,108,108) (104,104,104) (98,98,98) (98,98,98) (96,96,96) (88,88,88) (84,84,84) (84,84,84) (78,78,78) (70,70,70) (74,74,74) (86,86,86) (110,110,110) (135,135,135) (145,145,145) (157,157,157) (167,167,167) (175,175,175) (179,179,179) (179,179,179) (181,181,181) (183,183,183) (187,187,187) (181,181,181) (181,181,181) (171,171,171) (169,169,169) (149,149,149) (135,135,135) (116,116,116) (98,98,98) (78,78,78) (88,88,88) (90,90,90) (98,98,98) (96,96,96) (100,100,100) (102,102,102) (110,110,110) (106,106,106) (110,110,110) (106,106,106) (116,116,116) (94,94,94) (58,58,58) (86,86,86) (139,139,139) (129,129,129) (165,165,165) (122,122,122) (137,137,137) (135,135,135) (133,133,133) (104,104,104) (78,78,78) (64,64,64) (70,70,70) (42,42,42) (46,46,46) (50,50,50) (38,38,38) (169,169,169) (112,112,112) (62,62,62) (70,70,70) (147,147,147) (46,46,46) (42,42,42) (44,44,44) (50,50,50) (40,40,40) (122,122,122) (78,78,78) (92,92,92) (98,98,98) (38,38,38) (82,82,82) (110,110,110) (104,104,104) (116,116,116) (133,133,133) (98,98,98) (118,118,118) (116,116,116) (36,36,36) (44,44,44) (46,46,46) (50,50,50) (40,40,40) (42,42,42) (46,46,46) (46,46,46) (42,42,42) (44,44,44) (50,50,50) (52,52,52) (40,40,40) (38,38,38) (32,32,32) (32,32,32) (114,114,114) (155,155,155) (98,98,98) (141,141,141) (183,183,183) (161,161,161) (173,173,173) (183,183,183) (195,195,195) (203,203,203) (197,197,197) (165,165,165) (80,80,80) (102,102,102) (118,118,118) (129,129,129) (137,137,137) (139,139,139) (147,147,147) (141,141,141) (145,145,145) (147,147,147) (143,143,143) (141,141,141) (143,143,143) (149,149,149) (147,147,147) (131,131,131) (129,129,129) (122,122,122) (108,108,108) (126,126,126) (137,137,137) (122,122,122) (135,135,135) (129,129,129) (165,165,165) (145,145,145) (153,153,153) (153,153,153) (141,141,141) (133,133,133) (116,116,116) (126,126,126) (131,131,131) (131,131,131) (129,129,129) (126,126,126) (129,129,129) (137,137,137) (155,155,155) (171,171,171) (205,205,205) (223,223,223) (221,221,221) (185,185,185) (163,163,163) (149,149,149) (139,139,139) (131,131,131) (133,133,133) (110,110,110) (114,114,114) (118,118,118) (120,120,120) (84,84,84) (96,96,96) (74,74,74) (92,92,92) (86,86,86) (86,86,86) (68,68,68) (54,54,54) (58,58,58) (44,44,44) (50,50,50) (50,50,50) (58,58,58) (76,76,76) (48,48,48) (52,52,52) (159,159,159) (183,183,183) (159,159,159) (108,108,108) (58,58,58) (98,98,98) (62,62,62) (58,58,58) (50,50,50) (52,52,52) (48,48,48) (46,46,46) (62,62,62) (48,48,48) (44,44,44) (52,52,52) (106,106,106) (129,129,129) (141,141,141) (133,133,133) (131,131,131) (145,145,145) (157,157,157) (155,155,155) (159,159,159) (157,157,157) (153,153,153) (153,153,153) (153,153,153) (151,151,151) (153,153,153) (153,153,153) (151,151,151) (151,151,151) (153,153,153) (149,149,149) (153,153,153) (149,149,149) (151,151,151) (149,149,149) (153,153,153) (149,149,149) (151,151,151) (151,151,151) (151,151,151) (149,149,149) (153,153,153) (151,151,151) (145,145,145) (143,143,143) (147,147,147) (141,141,141) (141,141,141) (137,137,137) (133,133,133) (133,133,133) (135,135,135) (139,139,139) (131,131,131) (139,139,139) (149,149,149) (161,161,161) (169,169,169) (177,177,177) (183,183,183) (187,187,187) (183,183,183) (189,189,189) (189,189,189) (189,189,189) (187,187,187) (189,189,189) (189,189,189) 
(102,102,102) (100,100,100) (100,100,100) (96,96,96) (98,98,98) (96,96,96) (92,92,92) (92,92,92) (82,82,82) (82,82,82) (76,76,76) (72,72,72) (66,66,66) (80,80,80) (112,112,112) (137,137,137) (145,145,145) (157,157,157) (167,167,167) (173,173,173) (175,175,175) (175,175,175) (179,179,179) (183,183,183) (183,183,183) (181,181,181) (179,179,179) (177,177,177) (165,165,165) (149,149,149) (133,133,133) (112,112,112) (92,92,92) (78,78,78) (82,82,82) (86,86,86) (92,92,92) (100,100,100) (102,102,102) (104,104,104) (108,108,108) (116,116,116) (108,108,108) (104,104,104) (116,116,116) (169,169,169) (137,137,137) (155,155,155) (139,139,139) (141,141,141) (159,159,159) (167,167,167) (74,74,74) (70,70,70) (66,66,66) (68,68,68) (106,106,106) (52,52,52) (48,48,48) (42,42,42) (42,42,42) (38,38,38) (52,52,52) (52,52,52) (155,155,155) (124,124,124) (137,137,137) (135,135,135) (100,100,100) (126,126,126) (40,40,40) (56,56,56) (40,40,40) (104,104,104) (66,66,66) (58,58,58) (114,114,114) (62,62,62) (118,118,118) (78,78,78) (120,120,120) (133,133,133) (149,149,149) (133,133,133) (129,129,129) (34,34,34) (42,42,42) (52,52,52) (52,52,52) (44,44,44) (52,52,52) (48,48,48) (40,40,40) (54,54,54) (50,50,50) (52,52,52) (52,52,52) (48,48,48) (38,38,38) (32,32,32) (32,32,32) (46,46,46) (157,157,157) (100,100,100) (108,108,108) (193,193,193) (159,159,159) (175,175,175) (179,179,179) (189,189,189) (201,201,201) (203,203,203) (177,177,177) (76,76,76) (92,92,92) (112,112,112) (122,122,122) (129,129,129) (135,135,135) (139,139,139) (147,147,147) (151,151,151) (145,145,145) (145,145,145) (153,153,153) (147,147,147) (139,139,139) (145,145,145) (149,149,149) (139,139,139) (147,147,147) (141,141,141) (137,137,137) (139,139,139) (141,141,141) (145,145,145) (149,149,149) (155,155,155) (159,159,159) (163,163,163) (155,155,155) (149,149,149) (155,155,155) (141,141,141) (122,122,122) (129,129,129) (133,133,133) (133,133,133) (131,131,131) (126,126,126) (124,124,124) (133,133,133) (163,163,163) (171,171,171) (197,197,197) (221,221,221) (221,221,221) (195,195,195) (173,173,173) (161,161,161) (153,153,153) (147,147,147) (137,137,137) (133,133,133) (135,135,135) (122,122,122) (131,131,131) (108,108,108) (102,102,102) (76,76,76) (104,104,104) (98,98,98) (96,96,96) (78,78,78) (54,54,54) (54,54,54) (38,38,38) (50,50,50) (46,46,46) (58,58,58) (74,74,74) (50,50,50) (54,54,54) (161,161,161) (171,171,171) (171,171,171) (122,122,122) (56,56,56) (100,100,100) (66,66,66) (40,40,40) (48,48,48) (48,48,48) (44,44,44) (50,50,50) (72,72,72) (44,44,44) (36,36,36) (56,56,56) (94,94,94) (133,133,133) (135,135,135) (131,131,131) (129,129,129) (149,149,149) (161,161,161) (157,157,157) (157,157,157) (153,153,153) (155,155,155) (155,155,155) (153,153,153) (153,153,153) (149,149,149) (147,147,147) (149,149,149) (153,153,153) (151,151,151) (151,151,151) (155,155,155) (149,149,149) (149,149,149) (151,151,151) (149,149,149) (153,153,153) (149,149,149) (151,151,151) (151,151,151) (151,151,151) (147,147,147) (147,147,147) (147,147,147) (141,141,141) (145,145,145) (139,139,139) (139,139,139) (143,143,143) (137,137,137) (139,139,139) (137,137,137) (133,133,133) (137,137,137) (155,155,155) (165,165,165) (175,175,175) (185,185,185) (185,185,185) (189,189,189) (189,189,189) (189,189,189) (191,191,191) (189,189,189) (189,189,189) (189,189,189) (187,187,187) (191,191,191) 
(100,100,100) (100,100,100) (100,100,100) (100,100,100) (94,94,94) (94,94,94) (88,88,88) (82,82,82) (82,82,82) (80,80,80) (76,76,76) (70,70,70) (60,60,60) (84,84,84) (112,112,112) (133,133,133) (145,145,145) (163,163,163) (165,165,165) (173,173,173) (177,177,177) (175,175,175) (179,179,179) (177,177,177) (183,183,183) (181,181,181) (179,179,179) (173,173,173) (165,165,165) (151,151,151) (137,137,137) (114,114,114) (96,96,96) (76,76,76) (82,82,82) (92,92,92) (92,92,92) (96,96,96) (104,104,104) (110,110,110) (108,108,108) (108,108,108) (108,108,108) (108,108,108) (108,108,108) (129,129,129) (147,147,147) (157,157,157) (169,169,169) (161,161,161) (116,116,116) (94,94,94) (76,76,76) (66,66,66) (66,66,66) (96,96,96) (80,80,80) (60,60,60) (36,36,36) (40,40,40) (82,82,82) (46,46,46) (64,64,64) (50,50,50) (70,70,70) (141,141,141) (124,124,124) (122,122,122) (124,124,124) (72,72,72) (48,48,48) (46,46,46) (42,42,42) (82,82,82) (74,74,74) (54,54,54) (139,139,139) (112,112,112) (92,92,92) (64,64,64) (60,60,60) (110,110,110) (90,90,90) (155,155,155) (82,82,82) (96,96,96) (90,90,90) (76,76,76) (42,42,42) (44,44,44) (50,50,50) (50,50,50) (40,40,40) (48,48,48) (54,54,54) (48,48,48) (44,44,44) (44,44,44) (34,34,34) (36,36,36) (30,30,30) (129,129,129) (145,145,145) (106,106,106) (153,153,153) (177,177,177) (165,165,165) (177,177,177) (187,187,187) (201,201,201) (207,207,207) (211,211,211) (62,62,62) (92,92,92) (102,102,102) (114,114,114) (122,122,122) (129,129,129) (135,135,135) (145,145,145) (153,153,153) (153,153,153) (151,151,151) (149,149,149) (147,147,147) (155,155,155) (153,153,153) (153,153,153) (151,151,151) (141,141,141) (145,145,145) (143,143,143) (143,143,143) (145,145,145) (151,151,151) (155,155,155) (159,159,159) (167,167,167) (167,167,167) (163,163,163) (157,157,157) (163,163,163) (159,159,159) (133,133,133) (133,133,133) (131,131,131) (137,137,137) (135,135,135) (129,129,129) (124,124,124) (124,124,124) (131,131,131) (161,161,161) (169,169,169) (199,199,199) (213,213,213) (221,221,221) (199,199,199) (187,187,187) (173,173,173) (163,163,163) (155,155,155) (149,149,149) (141,141,141) (135,135,135) (129,129,129) (124,124,124) (118,118,118) (110,110,110) (108,108,108) (108,108,108) (108,108,108) (102,102,102) (82,82,82) (58,58,58) (58,58,58) (40,40,40) (56,56,56) (44,44,44) (60,60,60) (70,70,70) (48,48,48) (52,52,52) (157,157,157) (173,173,173) (167,167,167) (137,137,137) (50,50,50) (94,94,94) (54,54,54) (44,44,44) (58,58,58) (56,56,56) (44,44,44) (50,50,50) (58,58,58) (44,44,44) (40,40,40) (68,68,68) (116,116,116) (139,139,139) (135,135,135) (135,135,135) (137,137,137) (151,151,151) (157,157,157) (153,153,153) (157,157,157) (153,153,153) (151,151,151) (155,155,155) (157,157,157) (153,153,153) (149,149,149) (147,147,147) (151,151,151) (151,151,151) (153,153,153) (151,151,151) (151,151,151) (149,149,149) (149,149,149) (151,151,151) (153,153,153) (149,149,149) (151,151,151) (149,149,149) (151,151,151) (145,145,145) (145,145,145) (147,147,147) (145,145,145) (139,139,139) (141,141,141) (141,141,141) (143,143,143) (137,137,137) (133,133,133) (133,133,133) (126,126,126) (151,151,151) (163,163,163) (175,175,175) (185,185,185) (187,187,187) (187,187,187) (193,193,193) (193,193,193) (191,191,191) (191,191,191) (189,189,189) (191,191,191) (191,191,191) (189,189,189) (189,189,189) (191,191,191) 
(100,100,100) (100,100,100) (88,88,88) (90,90,90) (90,90,90) (82,82,82) (84,84,84) (84,84,84) (82,82,82) (76,76,76) (68,68,68) (60,60,60) (56,56,56) (78,78,78) (112,112,112) (133,133,133) (149,149,149) (157,157,157) (167,167,167) (169,169,169) (175,175,175) (179,179,179) (179,179,179) (183,183,183) (183,183,183) (181,181,181) (181,181,181) (173,173,173) (163,163,163) (151,151,151) (139,139,139) (116,116,116) (92,92,92) (76,76,76) (80,80,80) (88,88,88) (90,90,90) (96,96,96) (102,102,102) (98,98,98) (106,106,106) (110,110,110) (108,108,108) (108,108,108) (108,108,108) (114,114,114) (135,135,135) (163,163,163) (129,129,129) (108,108,108) (120,120,120) (86,86,86) (60,60,60) (60,60,60) (108,108,108) (86,86,86) (60,60,60) (54,54,54) (36,36,36) (42,42,42) (88,88,88) (56,56,56) (88,88,88) (84,84,84) (98,98,98) (68,68,68) (74,74,74) (54,54,54) (106,106,106) (78,78,78) (44,44,44) (36,36,36) (52,52,52) (54,54,54) (86,86,86) (48,48,48) (42,42,42) (126,126,126) (129,129,129) (131,131,131) (118,118,118) (68,68,68) (112,112,112) (52,52,52) (86,86,86) (64,64,64) (42,42,42) (48,48,48) (44,44,44) (44,44,44) (44,44,44) (44,44,44) (40,40,40) (42,42,42) (54,54,54) (44,44,44) (50,50,50) (48,48,48) (38,38,38) (40,40,40) (56,56,56) (157,157,157) (100,100,100) (102,102,102) (187,187,187) (177,177,177) (181,181,181) (187,187,187) (195,195,195) (207,207,207) (217,217,217) (32,32,32) (84,84,84) (102,102,102) (112,112,112) (114,114,114) (126,126,126) (133,133,133) (131,131,131) (141,141,141) (147,147,147) (155,155,155) (157,157,157) (159,159,159) (163,163,163) (161,161,161) (159,159,159) (161,161,161) (163,163,163) (153,153,153) (155,155,155) (161,161,161) (157,157,157) (165,165,165) (171,171,171) (163,163,163) (177,177,177) (173,173,173) (161,161,161) (171,171,171) (163,163,163) (165,165,165) (149,149,149) (141,141,141) (133,133,133) (137,137,137) (143,143,143) (135,135,135) (129,129,129) (131,131,131) (126,126,126) (126,126,126) (151,151,151) (169,169,169) (189,189,189) (217,217,217) (223,223,223) (199,199,199) (187,187,187) (181,181,181) (159,159,159) (153,153,153) (155,155,155) (149,149,149) (145,145,145) (129,129,129) (129,129,129) (131,131,131) (122,122,122) (118,118,118) (118,118,118) (114,114,114) (108,108,108) (86,86,86) (62,62,62) (56,56,56) (36,36,36) (54,54,54) (48,48,48) (58,58,58) (84,84,84) (50,50,50) (52,52,52) (151,151,151) (163,163,163) (179,179,179) (147,147,147) (54,54,54) (86,86,86) (40,40,40) (56,56,56) (60,60,60) (42,42,42) (40,40,40) (48,48,48) (44,44,44) (44,44,44) (48,48,48) (78,78,78) (124,124,124) (141,141,141) (135,135,135) (131,131,131) (139,139,139) (153,153,153) (157,157,157) (157,157,157) (153,153,153) (157,157,157) (159,159,159) (151,151,151) (153,153,153) (153,153,153) (149,149,149) (149,149,149) (153,153,153) (149,149,149) (151,151,151) (147,147,147) (147,147,147) (153,153,153) (149,149,149) (149,149,149) (147,147,147) (153,153,153) (147,147,147) (145,145,145) (145,145,145) (147,147,147) (147,147,147) (147,147,147) (143,143,143) (139,139,139) (141,141,141) (143,143,143) (137,137,137) (135,135,135) (133,133,133) (133,133,133) (147,147,147) (165,165,165) (177,177,177) (189,189,189) (193,193,193) (195,195,195) (195,195,195) (193,193,193) (193,193,193) (191,191,191) (191,191,191) (191,191,191) (189,189,189) (189,189,189) (189,189,189) (191,191,191) (189,189,189) 
(98,98,98) (96,96,96) (88,88,88) (88,88,88) (90,90,90) (84,84,84) (82,82,82) (80,80,80) (82,82,82) (74,74,74) (70,70,70) (62,62,62) (58,58,58) (78,78,78) (108,108,108) (131,131,131) (147,147,147) (151,151,151) (165,165,165) (171,171,171) (179,179,179) (179,179,179) (183,183,183) (185,185,185) (183,183,183) (185,185,185) (181,181,181) (173,173,173) (165,165,165) (151,151,151) (137,137,137) (120,120,120) (96,96,96) (78,78,78) (84,84,84) (84,84,84) (88,88,88) (100,100,100) (104,104,104) (106,106,106) (114,114,114) (112,112,112) (110,110,110) (108,108,108) (114,114,114) (116,116,116) (129,129,129) (110,110,110) (106,106,106) (114,114,114) (76,76,76) (88,88,88) (129,129,129) (126,126,126) (90,90,90) (56,56,56) (56,56,56) (50,50,50) (52,52,52) (52,52,52) (92,92,92) (70,70,70) (122,122,122) (110,110,110) (129,129,129) (74,74,74) (50,50,50) (112,112,112) (88,88,88) (34,34,34) (34,34,34) (46,46,46) (44,44,44) (82,82,82) (106,106,106) (76,76,76) (54,54,54) (38,38,38) (161,161,161) (147,147,147) (66,66,66) (58,58,58) (104,104,104) (122,122,122) (191,191,191) (36,36,36) (40,40,40) (46,46,46) (50,50,50) (48,48,48) (52,52,52) (38,38,38) (44,44,44) (40,40,40) (48,48,48) (48,48,48) (52,52,52) (52,52,52) (42,42,42) (36,36,36) (133,133,133) (122,122,122) (100,100,100) (137,137,137) (163,163,163) (181,181,181) (187,187,187) (191,191,191) (199,199,199) (219,219,219) (22,22,22) (70,70,70) (92,92,92) (108,108,108) (116,116,116) (122,122,122) (129,129,129) (133,133,133) (137,137,137) (141,141,141) (151,151,151) (151,151,151) (157,157,157) (159,159,159) (167,167,167) (167,167,167) (165,165,165) (169,169,169) (171,171,171) (171,171,171) (167,167,167) (165,165,165) (163,163,163) (167,167,167) (177,177,177) (173,173,173) (165,165,165) (165,165,165) (167,167,167) (167,167,167) (161,161,161) (155,155,155) (149,149,149) (135,135,135) (139,139,139) (145,145,145) (137,137,137) (135,135,135) (131,131,131) (126,126,126) (129,129,129) (131,131,131) (153,153,153) (165,165,165) (193,193,193) (213,213,213) (223,223,223) (207,207,207) (189,189,189) (181,181,181) (173,173,173) (163,163,163) (155,155,155) (149,149,149) (147,147,147) (139,139,139) (135,135,135) (131,131,131) (124,124,124) (122,122,122) (122,122,122) (110,110,110) (104,104,104) (92,92,92) (60,60,60) (56,56,56) (42,42,42) (46,46,46) (56,56,56) (60,60,60) (70,70,70) (52,52,52) (44,44,44) (147,147,147) (171,171,171) (177,177,177) (151,151,151) (42,42,42) (82,82,82) (38,38,38) (48,48,48) (68,68,68) (42,42,42) (44,44,44) (54,54,54) (46,46,46) (42,42,42) (46,46,46) (86,86,86) (131,131,131) (135,135,135) (131,131,131) (131,131,131) (149,149,149) (157,157,157) (159,159,159) (153,153,153) (155,155,155) (153,153,153) (155,155,155) (151,151,151) (149,149,149) (149,149,149) (149,149,149) (147,147,147) (151,151,151) (153,153,153) (153,153,153) (155,155,155) (153,153,153) (149,149,149) (145,145,145) (149,149,149) (155,155,155) (151,151,151) (151,151,151) (147,147,147) (149,149,149) (147,147,147) (143,143,143) (139,139,139) (145,145,145) (139,139,139) (143,143,143) (135,135,135) (133,133,133) (131,131,131) (131,131,131) (143,143,143) (167,167,167) (181,181,181) (187,187,187) (193,193,193) (197,197,197) (195,195,195) (195,195,195) (191,191,191) (191,191,191) (191,191,191) (189,189,189) (189,189,189) (189,189,189) (191,191,191) (191,191,191) (189,189,189) (191,191,191) 
(90,90,90) (92,92,92) (94,94,94) (90,90,90) (82,82,82) (86,86,86) (86,86,86) (76,76,76) (72,72,72) (76,76,76) (68,68,68) (58,58,58) (58,58,58) (74,74,74) (112,112,112) (133,133,133) (141,141,141) (151,151,151) (165,165,165) (173,173,173) (177,177,177) (183,183,183) (179,179,179) (177,177,177) (183,183,183) (183,183,183) (181,181,181) (175,175,175) (163,163,163) (149,149,149) (135,135,135) (118,118,118) (94,94,94) (78,78,78) (80,80,80) (84,84,84) (86,86,86) (94,94,94) (102,102,102) (106,106,106) (110,110,110) (110,110,110) (110,110,110) (112,112,112) (114,114,114) (126,126,126) (100,100,100) (112,112,112) (177,177,177) (141,141,141) (149,149,149) (157,157,157) (155,155,155) (129,129,129) (80,80,80) (56,56,56) (58,58,58) (64,64,64) (60,60,60) (74,74,74) (104,104,104) (64,64,64) (129,129,129) (122,122,122) (90,90,90) (84,84,84) (104,104,104) (118,118,118) (66,66,66) (34,34,34) (40,40,40) (42,42,42) (42,42,42) (56,56,56) (102,102,102) (126,126,126) (84,84,84) (88,88,88) (66,66,66) (100,100,100) (124,124,124) (120,120,120) (151,151,151) (171,171,171) (30,30,30) (70,70,70) (68,68,68) (66,66,66) (46,46,46) (44,44,44) (54,54,54) (46,46,46) (44,44,44) (40,40,40) (48,48,48) (52,52,52) (54,54,54) (42,42,42) (44,44,44) (74,74,74) (165,165,165) (102,102,102) (110,110,110) (201,201,201) (171,171,171) (187,187,187) (189,189,189) (197,197,197) (203,203,203) (64,64,64) (54,54,54) (80,80,80) (96,96,96) (112,112,112) (110,110,110) (126,126,126) (131,131,131) (129,129,129) (139,139,139) (141,141,141) (145,145,145) (157,157,157) (161,161,161) (159,159,159) (161,161,161) (169,169,169) (165,165,165) (169,169,169) (169,169,169) (173,173,173) (171,171,171) (173,173,173) (173,173,173) (171,171,171) (171,171,171) (167,167,167) (167,167,167) (169,169,169) (175,175,175) (167,167,167) (161,161,161) (155,155,155) (149,149,149) (141,141,141) (141,141,141) (149,149,149) (139,139,139) (129,129,129) (129,129,129) (129,129,129) (133,133,133) (126,126,126) (141,141,141) (165,165,165) (197,197,197) (209,209,209) (223,223,223) (209,209,209) (187,187,187) (181,181,181) (175,175,175) (167,167,167) (155,155,155) (151,151,151) (143,143,143) (137,137,137) (135,135,135) (131,131,131) (133,133,133) (124,124,124) (122,122,122) (114,114,114) (110,110,110) (94,94,94) (64,64,64) (56,56,56) (40,40,40) (56,56,56) (64,64,64) (62,62,62) (82,82,82) (48,48,48) (42,42,42) (133,133,133) (167,167,167) (183,183,183) (141,141,141) (38,38,38) (76,76,76) (40,40,40) (48,48,48) (56,56,56) (48,48,48) (44,44,44) (50,50,50) (46,46,46) (46,46,46) (60,60,60) (110,110,110) (139,139,139) (137,137,137) (131,131,131) (133,133,133) (151,151,151) (163,163,163) (155,155,155) (155,155,155) (149,149,149) (155,155,155) (153,153,153) (153,153,153) (153,153,153) (149,149,149) (151,151,151) (151,151,151) (151,151,151) (149,149,149) (151,151,151) (149,149,149) (151,151,151) (153,153,153) (149,149,149) (151,151,151) (143,143,143) (145,145,145) (145,145,145) (145,145,145) (147,147,147) (143,143,143) (147,147,147) (141,141,141) (141,141,141) (139,139,139) (135,135,135) (131,131,131) (133,133,133) (131,131,131) (145,145,145) (165,165,165) (179,179,179) (189,189,189) (193,193,193) (197,197,197) (199,199,199) (197,197,197) (195,195,195) (193,193,193) (191,191,191) (191,191,191) (187,187,187) (189,189,189) (185,185,185) (191,191,191) (189,189,189) (189,189,189) (193,193,193) 
(94,94,94) (92,92,92) (100,100,100) (88,88,88) (92,92,92) (86,86,86) (84,84,84) (78,78,78) (76,76,76) (76,76,76) (66,66,66) (62,62,62) (60,60,60) (78,78,78) (102,102,102) (133,133,133) (145,145,145) (159,159,159) (165,165,165) (171,171,171) (177,177,177) (175,175,175) (179,179,179) (183,183,183) (183,183,183) (179,179,179) (179,179,179) (173,173,173) (161,161,161) (153,153,153) (137,137,137) (112,112,112) (94,94,94) (80,80,80) (78,78,78) (90,90,90) (92,92,92) (98,98,98) (96,96,96) (100,100,100) (108,108,108) (110,110,110) (131,131,131) (143,143,143) (163,163,163) (153,153,153) (161,161,161) (171,171,171) (157,157,157) (151,151,151) (90,90,90) (62,62,62) (72,72,72) (84,84,84) (54,54,54) (56,56,56) (60,60,60) (70,70,70) (50,50,50) (102,102,102) (82,82,82) (94,94,94) (120,120,120) (76,76,76) (96,96,96) (112,112,112) (120,120,120) (64,64,64) (40,40,40) (40,40,40) (38,38,38) (42,42,42) (50,50,50) (46,46,46) (50,50,50) (80,80,80) (104,104,104) (118,118,118) (126,126,126) (108,108,108) (84,84,84) (155,155,155) (155,155,155) (48,48,48) (106,106,106) (131,131,131) (104,104,104) (86,86,86) (90,90,90) (38,38,38) (50,50,50) (44,44,44) (48,48,48) (44,44,44) (52,52,52) (42,42,42) (44,44,44) (38,38,38) (38,38,38) (163,163,163) (118,118,118) (102,102,102) (126,126,126) (179,179,179) (185,185,185) (193,193,193) (193,193,193) (205,205,205) (165,165,165) (50,50,50) (62,62,62) (82,82,82) (94,94,94) (114,114,114) (120,120,120) (122,122,122) (131,131,131) (131,131,131) (135,135,135) (139,139,139) (145,145,145) (153,153,153) (153,153,153) (159,159,159) (161,161,161) (169,169,169) (173,173,173) (167,167,167) (171,171,171) (175,175,175) (169,169,169) (181,181,181) (175,175,175) (175,175,175) (173,173,173) (165,165,165) (173,173,173) (173,173,173) (171,171,171) (169,169,169) (163,163,163) (155,155,155) (149,149,149) (143,143,143) (143,143,143) (145,145,145) (139,139,139) (133,133,133) (126,126,126) (135,135,135) (126,126,126) (129,129,129) (141,141,141) (155,155,155) (189,189,189) (215,215,215) (225,225,225) (211,211,211) (191,191,191) (171,171,171) (173,173,173) (173,173,173) (157,157,157) (149,149,149) (145,145,145) (137,137,137) (139,139,139) (135,135,135) (133,133,133) (129,129,129) (122,122,122) (118,118,118) (114,114,114) (92,92,92) (56,56,56) (58,58,58) (44,44,44) (56,56,56) (54,54,54) (72,72,72) (82,82,82) (48,48,48) (38,38,38) (124,124,124) (157,157,157) (173,173,173) (159,159,159) (68,68,68) (64,64,64) (32,32,32) (38,38,38) (62,62,62) (34,34,34) (56,56,56) (56,56,56) (46,46,46) (46,46,46) (66,66,66) (118,118,118) (141,141,141) (137,137,137) (131,131,131) (137,137,137) (157,157,157) (159,159,159) (159,159,159) (153,153,153) (155,155,155) (153,153,153) (153,153,153) (151,151,151) (151,151,151) (153,153,153) (151,151,151) (149,149,149) (149,149,149) (153,153,153) (155,155,155) (149,149,149) (153,153,153) (147,147,147) (147,147,147) (155,155,155) (147,147,147) (147,147,147) (145,145,145) (147,147,147) (141,141,141) (143,143,143) (141,141,141) (137,137,137) (135,135,135) (141,141,141) (135,135,135) (135,135,135) (135,135,135) (133,133,133) (163,163,163) (177,177,177) (189,189,189) (193,193,193) (197,197,197) (197,197,197) (197,197,197) (199,199,199) (193,193,193) (193,193,193) (195,195,195) (191,191,191) (189,189,189) (189,189,189) (191,191,191) (191,191,191) (191,191,191) (193,193,193) (195,195,195) 
(86,86,86) (88,88,88) (88,88,88) (84,84,84) (82,82,82) (84,84,84) (76,76,76) (78,78,78) (78,78,78) (72,72,72) (62,62,62) (58,58,58) (56,56,56) (76,76,76) (118,118,118) (126,126,126) (145,145,145) (155,155,155) (161,161,161) (171,171,171) (177,177,177) (175,175,175) (181,181,181) (179,179,179) (181,181,181) (183,183,183) (179,179,179) (175,175,175) (161,161,161) (149,149,149) (137,137,137) (116,116,116) (90,90,90) (74,74,74) (78,78,78) (82,82,82) (88,88,88) (90,90,90) (104,104,104) (102,102,102) (133,133,133) (149,149,149) (157,157,157) (131,131,131) (143,143,143) (122,122,122) (139,139,139) (129,129,129) (118,118,118) (40,40,40) (46,46,46) (84,84,84) (84,84,84) (54,54,54) (60,60,60) (66,66,66) (68,68,68) (58,58,58) (68,68,68) (104,104,104) (82,82,82) (86,86,86) (86,86,86) (106,106,106) (126,126,126) (135,135,135) (66,66,66) (52,52,52) (52,52,52) (52,52,52) (44,44,44) (42,42,42) (46,46,46) (48,48,48) (48,48,48) (58,58,58) (78,78,78) (68,68,68) (131,131,131) (151,151,151) (116,116,116) (26,26,26) (34,34,34) (40,40,40) (102,102,102) (145,145,145) (124,124,124) (106,106,106) (60,60,60) (46,46,46) (46,46,46) (46,46,46) (44,44,44) (48,48,48) (44,44,44) (46,46,46) (48,48,48) (44,44,44) (78,78,78) (169,169,169) (114,114,114) (116,116,116) (193,193,193) (179,179,179) (191,191,191) (195,195,195) (207,207,207) (223,223,223) (26,26,26) (46,46,46) (68,68,68) (86,86,86) (104,104,104) (118,118,118) (118,118,118) (124,124,124) (126,126,126) (129,129,129) (141,141,141) (141,141,141) (147,147,147) (151,151,151) (151,151,151) (159,159,159) (161,161,161) (167,167,167) (171,171,171) (173,173,173) (173,173,173) (179,179,179) (175,175,175) (169,169,169) (179,179,179) (177,177,177) (177,177,177) (175,175,175) (175,175,175) (175,175,175) (175,175,175) (169,169,169) (167,167,167) (155,155,155) (147,147,147) (149,149,149) (151,151,151) (141,141,141) (139,139,139) (133,133,133) (135,135,135) (131,131,131) (131,131,131) (129,129,129) (137,137,137) (157,157,157) (185,185,185) (211,211,211) (223,223,223) (211,211,211) (197,197,197) (175,175,175) (165,165,165) (161,161,161) (161,161,161) (153,153,153) (147,147,147) (137,137,137) (135,135,135) (133,133,133) (129,129,129) (129,129,129) (129,129,129) (118,118,118) (112,112,112) (96,96,96) (58,58,58) (60,60,60) (42,42,42) (58,58,58) (62,62,62) (66,66,66) (84,84,84) (44,44,44) (40,40,40) (92,92,92) (167,167,167) (167,167,167) (165,165,165) (100,100,100) (66,66,66) (40,40,40) (42,42,42) (50,50,50) (50,50,50) (56,56,56) (42,42,42) (40,40,40) (46,46,46) (90,90,90) (129,129,129) (135,135,135) (135,135,135) (129,129,129) (151,151,151) (159,159,159) (161,161,161) (157,157,157) (155,155,155) (153,153,153) (155,155,155) (155,155,155) (155,155,155) (149,149,149) (149,149,149) (153,153,153) (153,153,153) (155,155,155) (145,145,145) (147,147,147) (151,151,151) (149,149,149) (149,149,149) (145,145,145) (145,145,145) (147,147,147) (147,147,147) (145,145,145) (143,143,143) (139,139,139) (141,141,141) (141,141,141) (141,141,141) (137,137,137) (135,135,135) (133,133,133) (131,131,131) (135,135,135) (163,163,163) (175,175,175) (185,185,185) (193,193,193) (195,195,195) (197,197,197) (195,195,195) (197,197,197) (197,197,197) (193,193,193) (195,195,195) (193,193,193) (191,191,191) (191,191,191) (189,189,189) (193,193,193) (195,195,195) (195,195,195) (197,197,197) (197,197,197) 
(84,84,84) (88,88,88) (90,90,90) (80,80,80) (78,78,78) (78,78,78) (86,86,86) (76,76,76) (70,70,70) (68,68,68) (72,72,72) (60,60,60) (56,56,56) (78,78,78) (106,106,106) (129,129,129) (147,147,147) (155,155,155) (165,165,165) (171,171,171) (177,177,177) (175,175,175) (181,181,181) (175,175,175) (181,181,181) (183,183,183) (179,179,179) (169,169,169) (161,161,161) (153,153,153) (133,133,133) (118,118,118) (88,88,88) (78,78,78) (80,80,80) (86,86,86) (92,92,92) (96,96,96) (106,106,106) (131,131,131) (118,118,118) (116,116,116) (106,106,106) (126,126,126) (129,129,129) (118,118,118) (129,129,129) (92,92,92) (88,88,88) (66,66,66) (78,78,78) (78,78,78) (76,76,76) (58,58,58) (64,64,64) (54,54,54) (58,58,58) (82,82,82) (110,110,110) (56,56,56) (100,100,100) (131,131,131) (118,118,118) (139,139,139) (137,137,137) (108,108,108) (50,50,50) (44,44,44) (50,50,50) (44,44,44) (48,48,48) (42,42,42) (46,46,46) (48,48,48) (50,50,50) (48,48,48) (48,48,48) (102,102,102) (42,42,42) (72,72,72) (86,86,86) (40,40,40) (30,30,30) (52,52,52) (96,96,96) (143,143,143) (124,124,124) (88,88,88) (84,84,84) (46,46,46) (38,38,38) (42,42,42) (50,50,50) (44,44,44) (46,46,46) (38,38,38) (40,40,40) (42,42,42) (145,145,145) (124,124,124) (120,120,120) (116,116,116) (183,183,183) (187,187,187) (191,191,191) (201,201,201) (223,223,223) (18,18,18) (38,38,38) (50,50,50) (64,64,64) (96,96,96) (110,110,110) (122,122,122) (122,122,122) (124,124,124) (124,124,124) (133,133,133) (135,135,135) (139,139,139) (147,147,147) (149,149,149) (155,155,155) (155,155,155) (165,165,165) (167,167,167) (171,171,171) (171,171,171) (177,177,177) (179,179,179) (179,179,179) (175,175,175) (175,175,175) (173,173,173) (179,179,179) (173,173,173) (177,177,177) (177,177,177) (169,169,169) (165,165,165) (161,161,161) (155,155,155) (155,155,155) (143,143,143) (145,145,145) (141,141,141) (139,139,139) (135,135,135) (131,131,131) (129,129,129) (126,126,126) (129,129,129) (139,139,139) (159,159,159) (187,187,187) (209,209,209) (221,221,221) (219,219,219) (199,199,199) (177,177,177) (165,165,165) (167,167,167) (159,159,159) (157,157,157) (149,149,149) (141,141,141) (135,135,135) (135,135,135) (129,129,129) (126,126,126) (129,129,129) (124,124,124) (106,106,106) (90,90,90) (52,52,52) (56,56,56) (46,46,46) (66,66,66) (54,54,54) (82,82,82) (84,84,84) (42,42,42) (40,40,40) (94,94,94) (167,167,167) (159,159,159) (161,161,161) (126,126,126) (46,46,46) (38,38,38) (36,36,36) (46,46,46) (42,42,42) (56,56,56) (46,46,46) (42,42,42) (44,44,44) (100,100,100) (139,139,139) (139,139,139) (139,139,139) (137,137,137) (149,149,149) (159,159,159) (161,161,161) (155,155,155) (155,155,155) (153,153,153) (155,155,155) (151,151,151) (153,153,153) (153,153,153) (151,151,151) (151,151,151) (159,159,159) (147,147,147) (149,149,149) (149,149,149) (149,149,149) (147,147,147) (147,147,147) (145,145,145) (149,149,149) (143,143,143) (147,147,147) (145,145,145) (147,147,147) (143,143,143) (143,143,143) (141,141,141) (141,141,141) (135,135,135) (135,135,135) (129,129,129) (133,133,133) (149,149,149) (171,171,171) (187,187,187) (193,193,193) (193,193,193) (195,195,195) (191,191,191) (195,195,195) (197,197,197) (195,195,195) (193,193,193) (195,195,195) (193,193,193) (193,193,193) (189,189,189) (191,191,191) (193,193,193) (197,197,197) (199,199,199) (199,199,199) (199,199,199) 
(86,86,86) (78,78,78) (74,74,74) (76,76,76) (82,82,82) (74,74,74) (80,80,80) (76,76,76) (74,74,74) (72,72,72) (64,64,64) (58,58,58) (54,54,54) (66,66,66) (108,108,108) (131,131,131) (145,145,145) (157,157,157) (165,165,165) (173,173,173) (177,177,177) (179,179,179) (179,179,179) (179,179,179) (181,181,181) (179,179,179) (177,177,177) (171,171,171) (161,161,161) (149,149,149) (137,137,137) (110,110,110) (96,96,96) (74,74,74) (80,80,80) (90,90,90) (90,90,90) (96,96,96) (104,104,104) (102,102,102) (108,108,108) (110,110,110) (112,112,112) (124,124,124) (131,131,131) (90,90,90) (92,92,92) (70,70,70) (98,98,98) (84,84,84) (104,104,104) (74,74,74) (56,56,56) (78,78,78) (52,52,52) (66,66,66) (86,86,86) (112,112,112) (92,92,92) (60,60,60) (74,74,74) (133,133,133) (137,137,137) (98,98,98) (56,56,56) (74,74,74) (48,48,48) (54,54,54) (46,46,46) (46,46,46) (48,48,48) (48,48,48) (44,44,44) (44,44,44) (54,54,54) (42,42,42) (44,44,44) (48,48,48) (92,92,92) (52,52,52) (74,74,74) (42,42,42) (30,30,30) (36,36,36) (100,100,100) (151,151,151) (139,139,139) (126,126,126) (86,86,86) (46,46,46) (50,50,50) (36,36,36) (44,44,44) (40,40,40) (42,42,42) (40,40,40) (36,36,36) (96,96,96) (163,163,163) (116,116,116) (112,112,112) (203,203,203) (177,177,177) (193,193,193) (185,185,185) (209,209,209) (80,80,80) (38,38,38) (44,44,44) (54,54,54) (72,72,72) (94,94,94) (116,116,116) (120,120,120) (120,120,120) (129,129,129) (126,126,126) (126,126,126) (133,133,133) (139,139,139) (141,141,141) (151,151,151) (151,151,151) (155,155,155) (155,155,155) (163,163,163) (173,173,173) (175,175,175) (173,173,173) (181,181,181) (173,173,173) (179,179,179) (185,185,185) (179,179,179) (179,179,179) (171,171,171) (175,175,175) (171,171,171) (175,175,175) (163,163,163) (157,157,157) (159,159,159) (149,149,149) (147,147,147) (145,145,145) (149,149,149) (139,139,139) (139,139,139) (133,133,133) (129,129,129) (129,129,129) (131,131,131) (137,137,137) (151,151,151) (175,175,175) (207,207,207) (223,223,223) (221,221,221) (201,201,201) (173,173,173) (165,165,165) (161,161,161) (157,157,157) (161,161,161) (149,149,149) (147,147,147) (139,139,139) (135,135,135) (131,131,131) (126,126,126) (129,129,129) (124,124,124) (110,110,110) (82,82,82) (58,58,58) (58,58,58) (48,48,48) (52,52,52) (52,52,52) (70,70,70) (76,76,76) (44,44,44) (38,38,38) (68,68,68) (163,163,163) (171,171,171) (145,145,145) (159,159,159) (36,36,36) (34,34,34) (44,44,44) (46,46,46) (52,52,52) (54,54,54) (46,46,46) (46,46,46) (54,54,54) (110,110,110) (137,137,137) (141,141,141) (133,133,133) (141,141,141) (161,161,161) (161,161,161) (161,161,161) (153,153,153) (155,155,155) (151,151,151) (153,153,153) (153,153,153) (155,155,155) (151,151,151) (147,147,147) (149,149,149) (151,151,151) (151,151,151) (149,149,149) (149,149,149) (147,147,147) (145,145,145) (149,149,149) (149,149,149) (149,149,149) (143,143,143) (147,147,147) (149,149,149) (147,147,147) (143,143,143) (143,143,143) (141,141,141) (135,135,135) (135,135,135) (129,129,129) (131,131,131) (147,147,147) (167,167,167) (181,181,181) (191,191,191) (195,195,195) (193,193,193) (193,193,193) (193,193,193) (193,193,193) (193,193,193) (195,195,195) (193,193,193) (193,193,193) (195,195,195) (193,193,193) (191,191,191) (197,197,197) (197,197,197) (203,203,203) (201,201,201) (203,203,203) (203,203,203) 
(80,80,80) (76,76,76) (78,78,78) (80,80,80) (78,78,78) (78,78,78) (72,72,72) (70,70,70) (72,72,72) (70,70,70) (62,62,62) (58,58,58) (54,54,54) (70,70,70) (106,106,106) (131,131,131) (145,145,145) (151,151,151) (165,165,165) (169,169,169) (175,175,175) (179,179,179) (179,179,179) (177,177,177) (177,177,177) (179,179,179) (179,179,179) (173,173,173) (159,159,159) (151,151,151) (131,131,131) (110,110,110) (92,92,92) (78,78,78) (84,84,84) (86,86,86) (90,90,90) (98,98,98) (96,96,96) (106,106,106) (110,110,110) (114,114,114) (114,114,114) (116,116,116) (126,126,126) (80,80,80) (88,88,88) (92,92,92) (60,60,60) (120,120,120) (94,94,94) (100,100,100) (100,100,100) (64,64,64) (58,58,58) (86,86,86) (116,116,116) (96,96,96) (48,48,48) (58,58,58) (116,116,116) (147,147,147) (90,90,90) (116,116,116) (50,50,50) (110,110,110) (60,60,60) (38,38,38) (44,44,44) (52,52,52) (54,54,54) (50,50,50) (52,52,52) (48,48,48) (54,54,54) (48,48,48) (50,50,50) (54,54,54) (52,52,52) (48,48,48) (86,86,86) (38,38,38) (28,28,28) (54,54,54) (102,102,102) (133,133,133) (110,110,110) (155,155,155) (82,82,82) (36,36,36) (36,36,36) (44,44,44) (36,36,36) (38,38,38) (36,36,36) (34,34,34) (28,28,28) (145,145,145) (112,112,112) (110,110,110) (120,120,120) (199,199,199) (189,189,189) (189,189,189) (195,195,195) (201,201,201) (44,44,44) (44,44,44) (46,46,46) (54,54,54) (78,78,78) (100,100,100) (114,114,114) (118,118,118) (122,122,122) (129,129,129) (126,126,126) (137,137,137) (137,137,137) (131,131,131) (143,143,143) (145,145,145) (143,143,143) (149,149,149) (153,153,153) (161,161,161) (169,169,169) (169,169,169) (171,171,171) (177,177,177) (183,183,183) (175,175,175) (179,179,179) (179,179,179) (175,175,175) (169,169,169) (175,175,175) (171,171,171) (169,169,169) (163,163,163) (157,157,157) (153,153,153) (145,145,145) (147,147,147) (141,141,141) (147,147,147) (145,145,145) (135,135,135) (133,133,133) (126,126,126) (129,129,129) (133,133,133) (137,137,137) (151,151,151) (173,173,173) (211,211,211) (219,219,219) (219,219,219) (205,205,205) (175,175,175) (165,165,165) (167,167,167) (161,161,161) (153,153,153) (151,151,151) (141,141,141) (141,141,141) (133,133,133) (137,137,137) (131,131,131) (129,129,129) (122,122,122) (106,106,106) (66,66,66) (58,58,58) (48,48,48) (48,48,48) (56,56,56) (52,52,52) (70,70,70) (76,76,76) (42,42,42) (38,38,38) (64,64,64) (167,167,167) (165,165,165) (153,153,153) (161,161,161) (30,30,30) (36,36,36) (58,58,58) (50,50,50) (62,62,62) (50,50,50) (44,44,44) (42,42,42) (72,72,72) (122,122,122) (141,141,141) (137,137,137) (135,135,135) (151,151,151) (161,161,161) (161,161,161) (157,157,157) (155,155,155) (151,151,151) (149,149,149) (155,155,155) (153,153,153) (153,153,153) (155,155,155) (153,153,153) (149,149,149) (149,149,149) (147,147,147) (149,149,149) (151,151,151) (145,145,145) (147,147,147) (149,149,149) (141,141,141) (149,149,149) (143,143,143) (141,141,141) (145,145,145) (147,147,147) (141,141,141) (139,139,139) (137,137,137) (137,137,137) (131,131,131) (129,129,129) (129,129,129) (159,159,159) (177,177,177) (187,187,187) (197,197,197) (197,197,197) (195,195,195) (193,193,193) (193,193,193) (193,193,193) (195,195,195) (195,195,195) (193,193,193) (195,195,195) (193,193,193) (193,193,193) (199,199,199) (199,199,199) (201,201,201) (205,205,205) (205,205,205) (205,205,205) (203,203,203) 
(80,80,80) (80,80,80) (78,78,78) (72,72,72) (72,72,72) (72,72,72) (72,72,72) (66,66,66) (76,76,76) (66,66,66) (64,64,64) (56,56,56) (58,58,58) (72,72,72) (102,102,102) (129,129,129) (145,145,145) (155,155,155) (167,167,167) (173,173,173) (173,173,173) (175,175,175) (177,177,177) (173,173,173) (177,177,177) (177,177,177) (173,173,173) (171,171,171) (159,159,159) (151,151,151) (133,133,133) (122,122,122) (94,94,94) (78,78,78) (86,86,86) (84,84,84) (94,94,94) (88,88,88) (98,98,98) (104,104,104) (104,104,104) (106,106,106) (110,110,110) (114,114,114) (110,110,110) (56,56,56) (129,129,129) (133,133,133) (145,145,145) (86,86,86) (66,66,66) (98,98,98) (94,94,94) (68,68,68) (104,104,104) (129,129,129) (58,58,58) (54,54,54) (58,58,58) (56,56,56) (44,44,44) (149,149,149) (104,104,104) (92,92,92) (44,44,44) (56,56,56) (60,60,60) (50,50,50) (54,54,54) (50,50,50) (46,46,46) (50,50,50) (62,62,62) (44,44,44) (50,50,50) (48,48,48) (56,56,56) (44,44,44) (66,66,66) (48,48,48) (76,76,76) (38,38,38) (34,34,34) (62,62,62) (102,102,102) (122,122,122) (84,84,84) (187,187,187) (145,145,145) (58,58,58) (34,34,34) (46,46,46) (34,34,34) (34,34,34) (38,38,38) (36,36,36) (80,80,80) (159,159,159) (114,114,114) (118,118,118) (195,195,195) (183,183,183) (195,195,195) (201,201,201) (223,223,223) (14,14,14) (40,40,40) (52,52,52) (44,44,44) (60,60,60) (74,74,74) (94,94,94) (110,110,110) (126,126,126) (118,118,118) (120,120,120) (129,129,129) (139,139,139) (131,131,131) (137,137,137) (143,143,143) (145,145,145) (149,149,149) (151,151,151) (155,155,155) (155,155,155) (153,153,153) (167,167,167) (167,167,167) (169,169,169) (175,175,175) (175,175,175) (175,175,175) (183,183,183) (173,173,173) (169,169,169) (175,175,175) (165,165,165) (165,165,165) (157,157,157) (157,157,157) (147,147,147) (139,139,139) (143,143,143) (139,139,139) (145,145,145) (137,137,137) (137,137,137) (129,129,129) (116,116,116) (126,126,126) (131,131,131) (141,141,141) (149,149,149) (167,167,167) (195,195,195) (219,219,219) (221,221,221) (213,213,213) (169,169,169) (163,163,163) (163,163,163) (155,155,155) (153,153,153) (149,149,149) (147,147,147) (141,141,141) (137,137,137) (129,129,129) (131,131,131) (129,129,129) (122,122,122) (100,100,100) (68,68,68) (58,58,58) (40,40,40) (60,60,60) (50,50,50) (46,46,46) (66,66,66) (74,74,74) (44,44,44) (36,36,36) (58,58,58) (185,185,185) (177,177,177) (137,137,137) (161,161,161) (46,46,46) (40,40,40) (36,36,36) (48,48,48) (66,66,66) (44,44,44) (56,56,56) (52,52,52) (86,86,86) (131,131,131) (137,137,137) (139,139,139) (137,137,137) (177,177,177) (199,199,199) (161,161,161) (157,157,157) (157,157,157) (153,153,153) (157,157,157) (155,155,155) (157,157,157) (151,151,151) (153,153,153) (149,149,149) (149,149,149) (149,149,149) (147,147,147) (147,147,147) (145,145,145) (145,145,145) (145,145,145) (145,145,145) (141,141,141) (145,145,145) (143,143,143) (137,137,137) (147,147,147) (145,145,145) (139,139,139) (143,143,143) (135,135,135) (133,133,133) (131,131,131) (129,129,129) (147,147,147) (175,175,175) (191,191,191) (193,193,193) (195,195,195) (195,195,195) (195,195,195) (193,193,193) (193,193,193) (193,193,193) (193,193,193) (195,195,195) (193,193,193) (195,195,195) (199,199,199) (201,201,201) (201,201,201) (205,205,205) (205,205,205) (207,207,207) (201,201,201) (205,205,205) (205,205,205) 
(78,78,78) (74,74,74) (76,76,76) (72,72,72) (76,76,76) (74,74,74) (74,74,74) (68,68,68) (64,64,64) (68,68,68) (56,56,56) (52,52,52) (52,52,52) (72,72,72) (106,106,106) (131,131,131) (147,147,147) (157,157,157) (161,161,161) (171,171,171) (171,171,171) (173,173,173) (173,173,173) (173,173,173) (179,179,179) (173,173,173) (175,175,175) (167,167,167) (159,159,159) (151,151,151) (137,137,137) (116,116,116) (92,92,92) (76,76,76) (72,72,72) (88,88,88) (104,104,104) (112,112,112) (96,96,96) (98,98,98) (106,106,106) (110,110,110) (110,110,110) (110,110,110) (116,116,116) (131,131,131) (163,163,163) (114,114,114) (44,44,44) (70,70,70) (116,116,116) (104,104,104) (64,64,64) (90,90,90) (129,129,129) (40,40,40) (54,54,54) (72,72,72) (56,56,56) (50,50,50) (50,50,50) (80,80,80) (126,126,126) (74,74,74) (98,98,98) (50,50,50) (70,70,70) (58,58,58) (56,56,56) (48,48,48) (54,54,54) (46,46,46) (46,46,46) (46,46,46) (46,46,46) (46,46,46) (44,44,44) (70,70,70) (100,100,100) (36,36,36) (44,44,44) (52,52,52) (46,46,46) (46,46,46) (114,114,114) (124,124,124) (82,82,82) (114,114,114) (169,169,169) (157,157,157) (68,68,68) (38,38,38) (34,34,34) (40,40,40) (42,42,42) (38,38,38) (135,135,135) (118,118,118) (112,112,112) (116,116,116) (205,205,205) (195,195,195) (203,203,203) (213,213,213) (114,114,114) (40,40,40) (38,38,38) (66,66,66) (50,50,50) (54,54,54) (70,70,70) (100,100,100) (108,108,108) (118,118,118) (120,120,120) (129,129,129) (126,126,126) (126,126,126) (137,137,137) (141,141,141) (141,141,141) (145,145,145) (151,151,151) (153,153,153) (153,153,153) (155,155,155) (159,159,159) (165,165,165) (165,165,165) (167,167,167) (179,179,179) (173,173,173) (177,177,177) (177,177,177) (177,177,177) (167,167,167) (173,173,173) (167,167,167) (163,163,163) (159,159,159) (155,155,155) (151,151,151) (145,145,145) (139,139,139) (139,139,139) (137,137,137) (139,139,139) (131,131,131) (126,126,126) (124,124,124) (124,124,124) (129,129,129) (137,137,137) (147,147,147) (161,161,161) (183,183,183) (217,217,217) (223,223,223) (209,209,209) (169,169,169) (163,163,163) (161,161,161) (161,161,161) (153,153,153) (149,149,149) (157,157,157) (143,143,143) (139,139,139) (131,131,131) (131,131,131) (126,126,126) (118,118,118) (96,96,96) (62,62,62) (42,42,42) (48,48,48) (58,58,58) (52,52,52) (62,62,62) (76,76,76) (68,68,68) (38,38,38) (40,40,40) (50,50,50) (169,169,169) (165,165,165) (139,139,139) (149,149,149) (80,80,80) (60,60,60) (32,32,32) (52,52,52) (62,62,62) (46,46,46) (50,50,50) (50,50,50) (100,100,100) (137,137,137) (135,135,135) (135,135,135) (141,141,141) (157,157,157) (161,161,161) (161,161,161) (157,157,157) (153,153,153) (155,155,155) (155,155,155) (155,155,155) (153,153,153) (153,153,153) (151,151,151) (155,155,155) (147,147,147) (147,147,147) (149,149,149) (145,145,145) (143,143,143) (147,147,147) (145,145,145) (143,143,143) (145,145,145) (143,143,143) (143,143,143) (145,145,145) (143,143,143) (143,143,143) (139,139,139) (139,139,139) (133,133,133) (129,129,129) (129,129,129) (135,135,135) (165,165,165) (181,181,181) (191,191,191) (195,195,195) (197,197,197) (195,195,195) (191,191,191) (193,193,193) (189,189,189) (191,191,191) (195,195,195) (193,193,193) (195,195,195) (199,199,199) (201,201,201) (203,203,203) (203,203,203) (205,205,205) (203,203,203) (205,205,205) (203,203,203) (203,203,203) (201,201,201) 
(78,78,78) (74,74,74) (70,70,70) (70,70,70) (74,74,74) (74,74,74) (72,72,72) (70,70,70) (66,66,66) (66,66,66) (62,62,62) (50,50,50) (52,52,52) (72,72,72) (108,108,108) (126,126,126) (145,145,145) (155,155,155) (161,161,161) (169,169,169) (175,175,175) (175,175,175) (173,173,173) (173,173,173) (177,177,177) (177,177,177) (175,175,175) (167,167,167) (157,157,157) (147,147,147) (139,139,139) (118,118,118) (84,84,84) (70,70,70) (74,74,74) (80,80,80) (122,122,122) (129,129,129) (94,94,94) (96,96,96) (104,104,104) (112,112,112) (137,137,137) (161,161,161) (159,159,159) (88,88,88) (44,44,44) (54,54,54) (70,70,70) (110,110,110) (149,149,149) (84,84,84) (90,90,90) (155,155,155) (44,44,44) (44,44,44) (46,46,46) (122,122,122) (72,72,72) (50,50,50) (38,38,38) (129,129,129) (143,143,143) (82,82,82) (149,149,149) (62,62,62) (54,54,54) (54,54,54) (60,60,60) (48,48,48) (68,68,68) (42,42,42) (46,46,46) (40,40,40) (42,42,42) (58,58,58) (38,38,38) (62,62,62) (68,68,68) (72,72,72) (62,62,62) (50,50,50) (52,52,52) (82,82,82) (94,94,94) (147,147,147) (110,110,110) (54,54,54) (86,86,86) (193,193,193) (147,147,147) (38,38,38) (36,36,36) (36,36,36) (40,40,40) (44,44,44) (153,153,153) (108,108,108) (110,110,110) (157,157,157) (197,197,197) (203,203,203) (205,205,205) (223,223,223) (26,26,26) (38,38,38) (36,36,36) (66,66,66) (58,58,58) (56,56,56) (78,78,78) (90,90,90) (100,100,100) (112,112,112) (120,120,120) (124,124,124) (131,131,131) (133,133,133) (133,133,133) (131,131,131) (143,143,143) (139,139,139) (147,147,147) (155,155,155) (153,153,153) (157,157,157) (157,157,157) (163,163,163) (165,165,165) (169,169,169) (177,177,177) (171,171,171) (173,173,173) (169,169,169) (173,173,173) (169,169,169) (171,171,171) (167,167,167) (161,161,161) (159,159,159) (149,149,149) (149,149,149) (139,139,139) (133,133,133) (131,131,131) (135,135,135) (135,135,135) (126,126,126) (129,129,129) (126,126,126) (122,122,122) (129,129,129) (137,137,137) (143,143,143) (167,167,167) (185,185,185) (213,213,213) (221,221,221) (215,215,215) (169,169,169) (161,161,161) (157,157,157) (157,157,157) (153,153,153) (145,145,145) (147,147,147) (141,141,141) (137,137,137) (126,126,126) (126,126,126) (129,129,129) (120,120,120) (88,88,88) (60,60,60) (50,50,50) (48,48,48) (58,58,58) (62,62,62) (54,54,54) (76,76,76) (82,82,82) (40,40,40) (36,36,36) (44,44,44) (161,161,161) (165,165,165) (126,126,126) (139,139,139) (108,108,108) (58,58,58) (34,34,34) (56,56,56) (52,52,52) (54,54,54) (44,44,44) (54,54,54) (122,122,122) (141,141,141) (137,137,137) (135,135,135) (153,153,153) (163,163,163) (159,159,159) (161,161,161) (155,155,155) (157,157,157) (155,155,155) (155,155,155) (153,153,153) (157,157,157) (147,147,147) (147,147,147) (149,149,149) (151,151,151) (149,149,149) (145,145,145) (145,145,145) (147,147,147) (147,147,147) (145,145,145) (147,147,147) (145,145,145) (143,143,143) (143,143,143) (141,141,141) (137,137,137) (145,145,145) (139,139,139) (135,135,135) (135,135,135) (129,129,129) (129,129,129) (155,155,155) (173,173,173) (187,187,187) (195,195,195) (193,193,193) (193,193,193) (195,195,195) (193,193,193) (195,195,195) (193,193,193) (193,193,193) (193,193,193) (193,193,193) (197,197,197) (201,201,201) (207,207,207) (207,207,207) (211,211,211) (207,207,207) (205,205,205) (203,203,203) (203,203,203) (201,201,201) (203,203,203) 
(80,80,80) (70,70,70) (78,78,78) (82,82,82) (80,80,80) (74,74,74) (70,70,70) (66,66,66) (68,68,68) (70,70,70) (58,58,58) (48,48,48) (50,50,50) (74,74,74) (104,104,104) (129,129,129) (143,143,143) (153,153,153) (163,163,163) (169,169,169) (171,171,171) (173,173,173) (173,173,173) (173,173,173) (183,183,183) (177,177,177) (177,177,177) (167,167,167) (163,163,163) (147,147,147) (133,133,133) (114,114,114) (88,88,88) (74,74,74) (78,78,78) (80,80,80) (133,133,133) (122,122,122) (96,96,96) (98,98,98) (135,135,135) (163,163,163) (151,151,151) (114,114,114) (118,118,118) (64,64,64) (44,44,44) (48,48,48) (122,122,122) (139,139,139) (143,143,143) (94,94,94) (133,133,133) (56,56,56) (60,60,60) (44,44,44) (78,78,78) (100,100,100) (110,110,110) (42,42,42) (90,90,90) (143,143,143) (126,126,126) (88,88,88) (131,131,131) (66,66,66) (50,50,50) (54,54,54) (72,72,72) (50,50,50) (62,62,62) (44,44,44) (38,38,38) (38,38,38) (36,36,36) (48,48,48) (48,48,48) (84,84,84) (92,92,92) (76,76,76) (80,80,80) (44,44,44) (100,100,100) (78,78,78) (141,141,141) (167,167,167) (171,171,171) (66,66,66) (64,64,64) (126,126,126) (126,126,126) (26,26,26) (30,30,30) (28,28,28) (34,34,34) (145,145,145) (124,124,124) (110,110,110) (122,122,122) (205,205,205) (203,203,203) (203,203,203) (219,219,219) (30,30,30) (34,34,34) (34,34,34) (32,32,32) (64,64,64) (58,58,58) (52,52,52) (68,68,68) (92,92,92) (100,100,100) (112,112,112) (118,118,118) (120,120,120) (129,129,129) (131,131,131) (133,133,133) (131,131,131) (137,137,137) (143,143,143) (141,141,141) (147,147,147) (151,151,151) (157,157,157) (153,153,153) (165,165,165) (159,159,159) (161,161,161) (169,169,169) (173,173,173) (163,163,163) (173,173,173) (167,167,167) (171,171,171) (169,169,169) (167,167,167) (165,165,165) (157,157,157) (157,157,157) (147,147,147) (135,135,135) (131,131,131) (133,133,133) (133,133,133) (131,131,131) (131,131,131) (129,129,129) (118,118,118) (124,124,124) (126,126,126) (131,131,131) (137,137,137) (161,161,161) (187,187,187) (207,207,207) (219,219,219) (219,219,219) (187,187,187) (163,163,163) (163,163,163) (157,157,157) (153,153,153) (147,147,147) (143,143,143) (141,141,141) (137,137,137) (129,129,129) (133,133,133) (122,122,122) (112,112,112) (78,78,78) (54,54,54) (38,38,38) (48,48,48) (50,50,50) (70,70,70) (60,60,60) (76,76,76) (92,92,92) (36,36,36) (40,40,40) (44,44,44) (143,143,143) (171,171,171) (124,124,124) (153,153,153) (118,118,118) (42,42,42) (32,32,32) (58,58,58) (52,52,52) (44,44,44) (40,40,40) (88,88,88) (126,126,126) (145,145,145) (139,139,139) (133,133,133) (153,153,153) (163,163,163) (157,157,157) (159,159,159) (161,161,161) (153,153,153) (157,157,157) (157,157,157) (153,153,153) (157,157,157) (151,151,151) (151,151,151) (149,149,149) (151,151,151) (149,149,149) (151,151,151) (147,147,147) (145,145,145) (149,149,149) (147,147,147) (147,147,147) (143,143,143) (141,141,141) (145,145,145) (139,139,139) (137,137,137) (145,145,145) (137,137,137) (141,141,141) (135,135,135) (129,129,129) (141,141,141) (165,165,165) (185,185,185) (191,191,191) (195,195,195) (197,197,197) (193,193,193) (191,191,191) (191,191,191) (193,193,193) (191,191,191) (191,191,191) (197,197,197) (201,201,201) (203,203,203) (205,205,205) (207,207,207) (211,211,211) (209,209,209) (207,207,207) (207,207,207) (203,203,203) (201,201,201) (201,201,201) (203,203,203) 
(74,74,74) (78,78,78) (78,78,78) (80,80,80) (84,84,84) (80,80,80) (74,74,74) (66,66,66) (62,62,62) (62,62,62) (60,60,60) (54,54,54) (50,50,50) (70,70,70) (100,100,100) (126,126,126) (149,149,149) (151,151,151) (161,161,161) (171,171,171) (175,175,175) (173,173,173) (169,169,169) (171,171,171) (175,175,175) (177,177,177) (177,177,177) (167,167,167) (161,161,161) (149,149,149) (139,139,139) (114,114,114) (88,88,88) (70,70,70) (80,80,80) (74,74,74) (96,96,96) (155,155,155) (104,104,104) (139,139,139) (163,163,163) (114,114,114) (112,112,112) (139,139,139) (112,112,112) (50,50,50) (62,62,62) (116,116,116) (124,124,124) (133,133,133) (60,60,60) (122,122,122) (62,62,62) (54,54,54) (52,52,52) (64,64,64) (104,104,104) (72,72,72) (143,143,143) (58,58,58) (151,151,151) (118,118,118) (116,116,116) (124,124,124) (72,72,72) (129,129,129) (60,60,60) (50,50,50) (60,60,60) (48,48,48) (54,54,54) (40,40,40) (38,38,38) (36,36,36) (36,36,36) (54,54,54) (58,58,58) (122,122,122) (124,124,124) (86,86,86) (58,58,58) (44,44,44) (86,86,86) (126,126,126) (135,135,135) (183,183,183) (185,185,185) (94,94,94) (52,52,52) (90,90,90) (135,135,135) (32,32,32) (28,28,28) (28,28,28) (44,44,44) (165,165,165) (108,108,108) (118,118,118) (139,139,139) (195,195,195) (201,201,201) (207,207,207) (84,84,84) (32,32,32) (36,36,36) (32,32,32) (38,38,38) (78,78,78) (68,68,68) (60,60,60) (74,74,74) (86,86,86) (104,104,104) (112,112,112) (122,122,122) (124,124,124) (129,129,129) (126,126,126) (129,129,129) (137,137,137) (139,139,139) (135,135,135) (147,147,147) (145,145,145) (151,151,151) (155,155,155) (155,155,155) (157,157,157) (161,161,161) (157,157,157) (161,161,161) (171,171,171) (169,169,169) (167,167,167) (169,169,169) (169,169,169) (167,167,167) (159,159,159) (165,165,165) (157,157,157) (149,149,149) (145,145,145) (139,139,139) (133,133,133) (129,129,129) (133,133,133) (133,133,133) (124,124,124) (126,126,126) (118,118,118) (122,122,122) (122,122,122) (129,129,129) (141,141,141) (159,159,159) (179,179,179) (199,199,199) (225,225,225) (225,225,225) (209,209,209) (151,151,151) (159,159,159) (155,155,155) (153,153,153) (147,147,147) (145,145,145) (141,141,141) (131,131,131) (131,131,131) (129,129,129) (122,122,122) (102,102,102) (70,70,70) (44,44,44) (42,42,42) (48,48,48) (44,44,44) (66,66,66) (68,68,68) (66,66,66) (92,92,92) (40,40,40) (30,30,30) (50,50,50) (137,137,137) (167,167,167) (145,145,145) (167,167,167) (131,131,131) (36,36,36) (30,30,30) (56,56,56) (40,40,40) (44,44,44) (50,50,50) (104,104,104) (141,141,141) (139,139,139) (139,139,139) (135,135,135) (157,157,157) (159,159,159) (159,159,159) (159,159,159) (155,155,155) (153,153,153) (151,151,151) (153,153,153) (153,153,153) (153,153,153) (155,155,155) (153,153,153) (149,149,149) (147,147,147) (147,147,147) (147,147,147) (147,147,147) (145,145,145) (143,143,143) (147,147,147) (145,145,145) (145,145,145) (147,147,147) (145,145,145) (141,141,141) (139,139,139) (141,141,141) (139,139,139) (133,133,133) (131,131,131) (133,133,133) (157,157,157) (177,177,177) (189,189,189) (195,195,195) (197,197,197) (193,193,193) (193,193,193) (191,191,191) (193,193,193) (193,193,193) (193,193,193) (195,195,195) (201,201,201) (203,203,203) (205,205,205) (207,207,207) (209,209,209) (209,209,209) (209,209,209) (209,209,209) (205,205,205) (203,203,203) (203,203,203) (201,201,201) (205,205,205) 
(80,80,80) (78,78,78) (80,80,80) (72,72,72) (74,74,74) (72,72,72) (70,70,70) (66,66,66) (62,62,62) (62,62,62) (54,54,54) (48,48,48) (40,40,40) (64,64,64) (100,100,100) (129,129,129) (139,139,139) (157,157,157) (163,163,163) (175,175,175) (173,173,173) (173,173,173) (173,173,173) (173,173,173) (175,175,175) (177,177,177) (173,173,173) (169,169,169) (163,163,163) (151,151,151) (139,139,139) (114,114,114) (88,88,88) (72,72,72) (82,82,82) (72,72,72) (86,86,86) (102,102,102) (147,147,147) (131,131,131) (110,110,110) (104,104,104) (106,106,106) (124,124,124) (118,118,118) (72,72,72) (68,68,68) (116,116,116) (106,106,106) (76,76,76) (110,110,110) (90,90,90) (74,74,74) (90,90,90) (62,62,62) (98,98,98) (90,90,90) (120,120,120) (100,100,100) (58,58,58) (135,135,135) (102,102,102) (116,116,116) (163,163,163) (62,62,62) (147,147,147) (34,34,34) (40,40,40) (56,56,56) (64,64,64) (58,58,58) (44,44,44) (40,40,40) (42,42,42) (40,40,40) (56,56,56) (70,70,70) (60,60,60) (108,108,108) (78,78,78) (56,56,56) (126,126,126) (110,110,110) (122,122,122) (48,48,48) (215,215,215) (187,187,187) (133,133,133) (34,34,34) (60,60,60) (48,48,48) (32,32,32) (30,30,30) (32,32,32) (114,114,114) (135,135,135) (112,112,112) (116,116,116) (201,201,201) (203,203,203) (203,203,203) (191,191,191) (32,32,32) (38,38,38) (36,36,36) (38,38,38) (36,36,36) (80,80,80) (78,78,78) (66,66,66) (68,68,68) (86,86,86) (102,102,102) (112,112,112) (120,120,120) (129,129,129) (126,126,126) (129,129,129) (129,129,129) (135,135,135) (137,137,137) (141,141,141) (143,143,143) (147,147,147) (145,145,145) (155,155,155) (149,149,149) (153,153,153) (163,163,163) (157,157,157) (159,159,159) (159,159,159) (163,163,163) (167,167,167) (165,165,165) (165,165,165) (159,159,159) (165,165,165) (165,165,165) (159,159,159) (147,147,147) (141,141,141) (133,133,133) (131,131,131) (129,129,129) (129,129,129) (124,124,124) (129,129,129) (129,129,129) (122,122,122) (122,122,122) (124,124,124) (129,129,129) (139,139,139) (157,157,157) (171,171,171) (195,195,195) (225,225,225) (225,225,225) (215,215,215) (147,147,147) (159,159,159) (153,153,153) (151,151,151) (145,145,145) (143,143,143) (137,137,137) (133,133,133) (131,131,131) (126,126,126) (116,116,116) (98,98,98) (68,68,68) (44,44,44) (48,48,48) (52,52,52) (46,46,46) (64,64,64) (60,60,60) (68,68,68) (86,86,86) (38,38,38) (30,30,30) (50,50,50) (110,110,110) (167,167,167) (155,155,155) (165,165,165) (129,129,129) (36,36,36) (36,36,36) (54,54,54) (40,40,40) (46,46,46) (54,54,54) (118,118,118) (139,139,139) (141,141,141) (133,133,133) (141,141,141) (155,155,155) (161,161,161) (159,159,159) (159,159,159) (159,159,159) (153,153,153) (147,147,147) (151,151,151) (153,153,153) (155,155,155) (147,147,147) (149,149,149) (147,147,147) (151,151,151) (151,151,151) (151,151,151) (145,145,145) (149,149,149) (151,151,151) (147,147,147) (147,147,147) (143,143,143) (147,147,147) (145,145,145) (139,139,139) (139,139,139) (139,139,139) (135,135,135) (137,137,137) (133,133,133) (141,141,141) (167,167,167) (183,183,183) (195,195,195) (197,197,197) (193,193,193) (193,193,193) (193,193,193) (193,193,193) (195,195,195) (193,193,193) (195,195,195) (197,197,197) (203,203,203) (209,209,209) (209,209,209) (207,207,207) (207,207,207) (209,209,209) (207,207,207) (209,209,209) (207,207,207) (209,209,209) (203,203,203) (205,205,205) (207,207,207) 
(78,78,78) (78,78,78) (78,78,78) (76,76,76) (78,78,78) (72,72,72) (72,72,72) (66,66,66) (68,68,68) (54,54,54) (52,52,52) (50,50,50) (42,42,42) (68,68,68) (104,104,104) (129,129,129) (145,145,145) (155,155,155) (161,161,161) (171,171,171) (171,171,171) (175,175,175) (175,175,175) (177,177,177) (177,177,177) (177,177,177) (173,173,173) (169,169,169) (161,161,161) (151,151,151) (135,135,135) (114,114,114) (86,86,86) (72,72,72) (80,80,80) (80,80,80) (82,82,82) (92,92,92) (94,94,94) (106,106,106) (124,124,124) (135,135,135) (137,137,137) (131,131,131) (126,126,126) (72,72,72) (56,56,56) (118,118,118) (104,104,104) (72,72,72) (104,104,104) (88,88,88) (100,100,100) (52,52,52) (110,110,110) (82,82,82) (62,62,62) (145,145,145) (94,94,94) (68,68,68) (124,124,124) (76,76,76) (129,129,129) (161,161,161) (50,50,50) (135,135,135) (16,16,16) (38,38,38) (46,46,46) (46,46,46) (58,58,58) (48,48,48) (48,48,48) (44,44,44) (56,56,56) (50,50,50) (114,114,114) (104,104,104) (74,74,74) (74,74,74) (90,90,90) (163,163,163) (110,110,110) (112,112,112) (64,64,64) (34,34,34) (60,60,60) (68,68,68) (42,42,42) (40,40,40) (50,50,50) (34,34,34) (34,34,34) (20,20,20) (145,145,145) (116,116,116) (120,120,120) (143,143,143) (203,203,203) (205,205,205) (223,223,223) (26,26,26) (34,34,34) (42,42,42) (34,34,34) (38,38,38) (40,40,40) (90,90,90) (92,92,92) (56,56,56) (68,68,68) (88,88,88) (96,96,96) (112,112,112) (118,118,118) (124,124,124) (129,129,129) (133,133,133) (131,131,131) (135,135,135) (137,137,137) (139,139,139) (133,133,133) (143,143,143) (151,151,151) (147,147,147) (149,149,149) (147,147,147) (153,153,153) (155,155,155) (155,155,155) (157,157,157) (161,161,161) (165,165,165) (163,163,163) (165,165,165) (163,163,163) (161,161,161) (155,155,155) (147,147,147) (145,145,145) (143,143,143) (133,133,133) (124,124,124) (122,122,122) (122,122,122) (131,131,131) (133,133,133) (126,126,126) (124,124,124) (120,120,120) (122,122,122) (131,131,131) (135,135,135) (153,153,153) (167,167,167) (183,183,183) (223,223,223) (229,229,229) (211,211,211) (145,145,145) (157,157,157) (153,153,153) (149,149,149) (151,151,151) (141,141,141) (137,137,137) (135,135,135) (129,129,129) (129,129,129) (108,108,108) (86,86,86) (46,46,46) (42,42,42) (48,48,48) (52,52,52) (66,66,66) (66,66,66) (68,68,68) (72,72,72) (72,72,72) (54,54,54) (32,32,32) (50,50,50) (82,82,82) (165,165,165) (155,155,155) (161,161,161) (137,137,137) (38,38,38) (44,44,44) (46,46,46) (38,38,38) (42,42,42) (64,64,64) (126,126,126) (141,141,141) (139,139,139) (137,137,137) (147,147,147) (159,159,159) (157,157,157) (153,153,153) (155,155,155) (153,153,153) (153,153,153) (155,155,155) (151,151,151) (151,151,151) (151,151,151) (151,151,151) (155,155,155) (149,149,149) (149,149,149) (147,147,147) (145,145,145) (149,149,149) (147,147,147) (147,147,147) (151,151,151) (145,145,145) (147,147,147) (143,143,143) (143,143,143) (141,141,141) (137,137,137) (141,141,141) (135,135,135) (129,129,129) (133,133,133) (159,159,159) (179,179,179) (193,193,193) (199,199,199) (195,195,195) (197,197,197) (193,193,193) (191,191,191) (195,195,195) (193,193,193) (195,195,195) (201,201,201) (205,205,205) (209,209,209) (209,209,209) (209,209,209) (207,207,207) (205,205,205) (207,207,207) (207,207,207) (207,207,207) (207,207,207) (209,209,209) (209,209,209) (205,205,205) (205,205,205) 
(80,80,80) (78,78,78) (76,76,76) (82,82,82) (74,74,74) (78,78,78) (74,74,74) (76,76,76) (62,62,62) (56,56,56) (50,50,50) (52,52,52) (38,38,38) (60,60,60) (96,96,96) (126,126,126) (141,141,141) (155,155,155) (163,163,163) (169,169,169) (175,175,175) (171,171,171) (175,175,175) (175,175,175) (177,177,177) (183,183,183) (179,179,179) (171,171,171) (163,163,163) (147,147,147) (139,139,139) (118,118,118) (88,88,88) (72,72,72) (72,72,72) (76,76,76) (86,86,86) (94,94,94) (118,118,118) (131,131,131) (106,106,106) (108,108,108) (122,122,122) (124,124,124) (112,112,112) (58,58,58) (86,86,86) (92,92,92) (60,60,60) (104,104,104) (114,114,114) (94,94,94) (60,60,60) (104,104,104) (76,76,76) (66,66,66) (98,98,98) (116,116,116) (46,46,46) (60,60,60) (118,118,118) (62,62,62) (139,139,139) (165,165,165) (62,62,62) (52,52,52) (80,80,80) (40,40,40) (48,48,48) (44,44,44) (46,46,46) (76,76,76) (60,60,60) (44,44,44) (40,40,40) (42,42,42) (48,48,48) (42,42,42) (86,86,86) (78,78,78) (118,118,118) (139,139,139) (94,94,94) (70,70,70) (60,60,60) (135,135,135) (80,80,80) (46,46,46) (34,34,34) (48,48,48) (42,42,42) (34,34,34) (84,84,84) (104,104,104) (133,133,133) (110,110,110) (112,112,112) (195,195,195) (203,203,203) (120,120,120) (124,124,124) (30,30,30) (30,30,30) (34,34,34) (36,36,36) (42,42,42) (40,40,40) (102,102,102) (94,94,94) (56,56,56) (72,72,72) (86,86,86) (102,102,102) (108,108,108) (118,118,118) (120,120,120) (126,126,126) (131,131,131) (131,131,131) (135,135,135) (135,135,135) (135,135,135) (139,139,139) (143,143,143) (147,147,147) (149,149,149) (155,155,155) (151,151,151) (151,151,151) (153,153,153) (153,153,153) (159,159,159) (161,161,161) (159,159,159) (165,165,165) (161,161,161) (163,163,163) (161,161,161) (155,155,155) (151,151,151) (145,145,145) (143,143,143) (124,124,124) (116,116,116) (118,118,118) (131,131,131) (131,131,131) (133,133,133) (131,131,131) (126,126,126) (120,120,120) (122,122,122) (133,133,133) (141,141,141) (149,149,149) (171,171,171) (183,183,183) (223,223,223) (229,229,229) (211,211,211) (143,143,143) (141,141,141) (145,145,145) (149,149,149) (149,149,149) (141,141,141) (135,135,135) (133,133,133) (126,126,126) (120,120,120) (114,114,114) (74,74,74) (44,44,44) (40,40,40) (44,44,44) (54,54,54) (48,48,48) (68,68,68) (78,78,78) (66,66,66) (64,64,64) (44,44,44) (34,34,34) (52,52,52) (80,80,80) (159,159,159) (155,155,155) (151,151,151) (139,139,139) (104,104,104) (52,52,52) (38,38,38) (40,40,40) (42,42,42) (86,86,86) (135,135,135) (141,141,141) (143,143,143) (141,141,141) (151,151,151) (163,163,163) (159,159,159) (159,159,159) (155,155,155) (153,153,153) (153,153,153) (153,153,153) (151,151,151) (151,151,151) (151,151,151) (147,147,147) (147,147,147) (149,149,149) (149,149,149) (153,153,153) (147,147,147) (149,149,149) (147,147,147) (149,149,149) (149,149,149) (151,151,151) (145,145,145) (139,139,139) (141,141,141) (141,141,141) (135,135,135) (141,141,141) (133,133,133) (131,131,131) (147,147,147) (167,167,167) (191,191,191) (195,195,195) (197,197,197) (195,195,195) (193,193,193) (195,195,195) (195,195,195) (191,191,191) (193,193,193) (197,197,197) (205,205,205) (207,207,207) (209,209,209) (207,207,207) (207,207,207) (207,207,207) (203,203,203) (203,203,203) (207,207,207) (205,205,205) (207,207,207) (207,207,207) (205,205,205) (207,207,207) (207,207,207) 
(84,84,84) (80,80,80) (82,82,82) (80,80,80) (74,74,74) (74,74,74) (70,70,70) (66,66,66) (58,58,58) (58,58,58) (56,56,56) (48,48,48) (38,38,38) (60,60,60) (96,96,96) (126,126,126) (139,139,139) (159,159,159) (165,165,165) (169,169,169) (171,171,171) (175,175,175) (177,177,177) (175,175,175) (175,175,175) (179,179,179) (179,179,179) (173,173,173) (161,161,161) (151,151,151) (137,137,137) (122,122,122) (90,90,90) (70,70,70) (70,70,70) (86,86,86) (122,122,122) (139,139,139) (131,131,131) (104,104,104) (106,106,106) (108,108,108) (116,116,116) (114,114,114) (68,68,68) (78,78,78) (72,72,72) (98,98,98) (56,56,56) (116,116,116) (129,129,129) (68,68,68) (90,90,90) (64,64,64) (72,72,72) (50,50,50) (147,147,147) (68,68,68) (40,40,40) (92,92,92) (139,139,139) (58,58,58) (147,147,147) (155,155,155) (80,80,80) (48,48,48) (147,147,147) (42,42,42) (42,42,42) (52,52,52) (74,74,74) (60,60,60) (42,42,42) (46,46,46) (34,34,34) (76,76,76) (62,62,62) (92,92,92) (133,133,133) (76,76,76) (80,80,80) (96,96,96) (171,171,171) (137,137,137) (72,72,72) (72,72,72) (46,46,46) (38,38,38) (36,36,36) (44,44,44) (34,34,34) (58,58,58) (159,159,159) (155,155,155) (129,129,129) (104,104,104) (100,100,100) (124,124,124) (145,145,145) (177,177,177) (108,108,108) (38,38,38) (38,38,38) (34,34,34) (46,46,46) (46,46,46) (36,36,36) (88,88,88) (90,90,90) (70,70,70) (68,68,68) (88,88,88) (98,98,98) (118,118,118) (118,118,118) (122,122,122) (126,126,126) (129,129,129) (129,129,129) (133,133,133) (133,133,133) (137,137,137) (141,141,141) (145,145,145) (143,143,143) (147,147,147) (147,147,147) (149,149,149) (149,149,149) (153,153,153) (157,157,157) (155,155,155) (155,155,155) (157,157,157) (159,159,159) (159,159,159) (157,157,157) (159,159,159) (153,153,153) (147,147,147) (139,139,139) (139,139,139) (116,116,116) (108,108,108) (126,126,126) (135,135,135) (141,141,141) (135,135,135) (143,143,143) (141,141,141) (135,135,135) (129,129,129) (124,124,124) (131,131,131) (147,147,147) (173,173,173) (187,187,187) (215,215,215) (231,231,231) (211,211,211) (139,139,139) (147,147,147) (145,145,145) (147,147,147) (145,145,145) (139,139,139) (135,135,135) (129,129,129) (124,124,124) (116,116,116) (106,106,106) (46,46,46) (42,42,42) (48,48,48) (44,44,44) (52,52,52) (56,56,56) (66,66,66) (78,78,78) (64,64,64) (68,68,68) (54,54,54) (34,34,34) (48,48,48) (48,48,48) (145,145,145) (159,159,159) (149,149,149) (149,149,149) (92,92,92) (60,60,60) (36,36,36) (34,34,34) (42,42,42) (114,114,114) (141,141,141) (149,149,149) (147,147,147) (137,137,137) (155,155,155) (159,159,159) (157,157,157) (153,153,153) (151,151,151) (151,151,151) (153,153,153) (147,147,147) (153,153,153) (147,147,147) (155,155,155) (149,149,149) (147,147,147) (153,153,153) (151,151,151) (149,149,149) (151,151,151) (149,149,149) (145,145,145) (149,149,149) (149,149,149) (149,149,149) (149,149,149) (145,145,145) (145,145,145) (137,137,137) (141,141,141) (135,135,135) (129,129,129) (129,129,129) (155,155,155) (175,175,175) (193,193,193) (197,197,197) (195,195,195) (193,193,193) (193,193,193) (195,195,195) (195,195,195) (193,193,193) (199,199,199) (203,203,203) (205,205,205) (207,207,207) (207,207,207) (207,207,207) (205,205,205) (205,205,205) (203,203,203) (203,203,203) (203,203,203) (207,207,207) (207,207,207) (209,209,209) (207,207,207) (205,205,205) (207,207,207) 
(84,84,84) (86,86,86) (78,78,78) (78,78,78) (72,72,72) (76,76,76) (74,74,74) (74,74,74) (70,70,70) (64,64,64) (58,58,58) (48,48,48) (40,40,40) (68,68,68) (106,106,106) (126,126,126) (145,145,145) (153,153,153) (165,165,165) (175,175,175) (173,173,173) (173,173,173) (175,175,175) (175,175,175) (179,179,179) (179,179,179) (179,179,179) (169,169,169) (159,159,159) (151,151,151) (135,135,135) (116,116,116) (88,88,88) (76,76,76) (94,94,94) (131,131,131) (143,143,143) (116,116,116) (96,96,96) (104,104,104) (104,104,104) (118,118,118) (116,116,116) (114,114,114) (68,68,68) (70,70,70) (56,56,56) (90,90,90) (114,114,114) (118,118,118) (76,76,76) (90,90,90) (66,66,66) (72,72,72) (82,82,82) (56,56,56) (143,143,143) (78,78,78) (44,44,44) (76,76,76) (139,139,139) (70,70,70) (100,100,100) (155,155,155) (94,94,94) (52,52,52) (157,157,157) (28,28,28) (62,62,62) (70,70,70) (48,48,48) (40,40,40) (58,58,58) (62,62,62) (36,36,36) (40,40,40) (60,60,60) (48,48,48) (68,68,68) (52,52,52) (40,40,40) (58,58,58) (90,90,90) (114,114,114) (42,42,42) (36,36,36) (34,34,34) (30,30,30) (40,40,40) (28,28,28) (24,24,24) (193,193,193) (163,163,163) (161,161,161) (165,165,165) (163,163,163) (155,155,155) (173,173,173) (185,185,185) (145,145,145) (58,58,58) (32,32,32) (30,30,30) (52,52,52) (46,46,46) (42,42,42) (40,40,40) (96,96,96) (102,102,102) (70,70,70) (60,60,60) (88,88,88) (104,104,104) (114,114,114) (118,118,118) (131,131,131) (126,126,126) (129,129,129) (126,126,126) (131,131,131) (133,133,133) (135,135,135) (141,141,141) (143,143,143) (145,145,145) (147,147,147) (145,145,145) (155,155,155) (149,149,149) (155,155,155) (155,155,155) (157,157,157) (157,157,157) (157,157,157) (157,157,157) (157,157,157) (159,159,159) (161,161,161) (153,153,153) (149,149,149) (143,143,143) (145,145,145) (116,116,116) (114,114,114) (124,124,124) (143,143,143) (139,139,139) (137,137,137) (145,145,145) (141,141,141) (139,139,139) (126,126,126) (118,118,118) (126,126,126) (147,147,147) (167,167,167) (189,189,189) (207,207,207) (219,219,219) (207,207,207) (135,135,135) (153,153,153) (145,145,145) (149,149,149) (139,139,139) (139,139,139) (131,131,131) (126,126,126) (126,126,126) (110,110,110) (78,78,78) (44,44,44) (42,42,42) (44,44,44) (52,52,52) (50,50,50) (56,56,56) (64,64,64) (68,68,68) (74,74,74) (60,60,60) (52,52,52) (36,36,36) (56,56,56) (38,38,38) (147,147,147) (165,165,165) (151,151,151) (149,149,149) (114,114,114) (48,48,48) (34,34,34) (34,34,34) (48,48,48) (139,139,139) (147,147,147) (145,145,145) (141,141,141) (141,141,141) (161,161,161) (159,159,159) (159,159,159) (155,155,155) (151,151,151) (153,153,153) (155,155,155) (149,149,149) (149,149,149) (149,149,149) (149,149,149) (149,149,149) (149,149,149) (149,149,149) (149,149,149) (147,147,147) (145,145,145) (147,147,147) (147,147,147) (151,151,151) (149,149,149) (145,145,145) (141,141,141) (141,141,141) (145,145,145) (145,145,145) (135,135,135) (137,137,137) (126,126,126) (139,139,139) (163,163,163) (183,183,183) (193,193,193) (197,197,197) (195,195,195) (195,195,195) (193,193,193) (191,191,191) (195,195,195) (197,197,197) (201,201,201) (203,203,203) (205,205,205) (207,207,207) (205,205,205) (205,205,205) (207,207,207) (205,205,205) (203,203,203) (203,203,203) (207,207,207) (207,207,207) (209,209,209) (207,207,207) (209,209,209) (207,207,207) (207,207,207) 
(90,90,90) (78,78,78) (76,76,76) (92,92,92) (76,76,76) (82,82,82) (72,72,72) (72,72,72) (68,68,68) (60,60,60) (62,62,62) (48,48,48) (44,44,44) (74,74,74) (100,100,100) (126,126,126) (141,141,141) (151,151,151) (163,163,163) (169,169,169) (171,171,171) (171,171,171) (173,173,173) (171,171,171) (173,173,173) (175,175,175) (177,177,177) (171,171,171) (163,163,163) (155,155,155) (135,135,135) (124,124,124) (98,98,98) (104,104,104) (104,104,104) (88,88,88) (88,88,88) (94,94,94) (96,96,96) (100,100,100) (106,106,106) (120,120,120) (118,118,118) (98,98,98) (84,84,84) (50,50,50) (74,74,74) (98,98,98) (98,98,98) (122,122,122) (108,108,108) (76,76,76) (76,76,76) (36,36,36) (80,80,80) (155,155,155) (80,80,80) (60,60,60) (44,44,44) (48,48,48) (126,126,126) (82,82,82) (82,82,82) (163,163,163) (139,139,139) (54,54,54) (135,135,135) (90,90,90) (40,40,40) (50,50,50) (46,46,46) (46,46,46) (54,54,54) (74,74,74) (32,32,32) (42,42,42) (58,58,58) (66,66,66) (56,56,56) (40,40,40) (40,40,40) (58,58,58) (112,112,112) (78,78,78) (48,48,48) (38,38,38) (38,38,38) (38,38,38) (40,40,40) (32,32,32) (10,10,10) (179,179,179) (167,167,167) (179,179,179) (169,169,169) (175,175,175) (185,185,185) (181,181,181) (163,163,163) (68,68,68) (40,40,40) (32,32,32) (34,34,34) (48,48,48) (42,42,42) (40,40,40) (36,36,36) (104,104,104) (100,100,100) (72,72,72) (76,76,76) (92,92,92) (102,102,102) (116,116,116) (120,120,120) (124,124,124) (124,124,124) (131,131,131) (124,124,124) (131,131,131) (135,135,135) (139,139,139) (145,145,145) (141,141,141) (143,143,143) (145,145,145) (149,149,149) (151,151,151) (153,153,153) (149,149,149) (149,149,149) (153,153,153) (155,155,155) (151,151,151) (157,157,157) (159,159,159) (159,159,159) (157,157,157) (157,157,157) (149,149,149) (147,147,147) (139,139,139) (112,112,112) (112,112,112) (126,126,126) (135,135,135) (133,133,133) (129,129,129) (126,126,126) (133,133,133) (129,129,129) (126,126,126) (122,122,122) (120,120,120) (133,133,133) (147,147,147) (179,179,179) (201,201,201) (203,203,203) (191,191,191) (145,145,145) (143,143,143) (151,151,151) (145,145,145) (147,147,147) (137,137,137) (139,139,139) (129,129,129) (120,120,120) (106,106,106) (44,44,44) (42,42,42) (44,44,44) (46,46,46) (48,48,48) (50,50,50) (54,54,54) (58,58,58) (70,70,70) (60,60,60) (62,62,62) (46,46,46) (42,42,42) (48,48,48) (38,38,38) (141,141,141) (169,169,169) (161,161,161) (141,141,141) (120,120,120) (32,32,32) (46,46,46) (32,32,32) (60,60,60) (129,129,129) (143,143,143) (143,143,143) (141,141,141) (149,149,149) (159,159,159) (161,161,161) (157,157,157) (155,155,155) (151,151,151) (151,151,151) (151,151,151) (147,147,147) (149,149,149) (149,149,149) (155,155,155) (151,151,151) (153,153,153) (151,151,151) (153,153,153) (151,151,151) (145,145,145) (145,145,145) (151,151,151) (147,147,147) (149,149,149) (143,143,143) (143,143,143) (143,143,143) (139,139,139) (139,139,139) (137,137,137) (131,131,131) (129,129,129) (147,147,147) (173,173,173) (187,187,187) (195,195,195) (197,197,197) (195,195,195) (193,193,193) (195,195,195) (195,195,195) (197,197,197) (201,201,201) (203,203,203) (203,203,203) (205,205,205) (203,203,203) (207,207,207) (205,205,205) (205,205,205) (207,207,207) (207,207,207) (207,207,207) (209,209,209) (207,207,207) (211,211,211) (207,207,207) (207,207,207) (207,207,207) (205,205,205) 
(76,76,76) (80,80,80) (78,78,78) (82,82,82) (72,72,72) (72,72,72) (76,76,76) (70,70,70) (66,66,66) (58,58,58) (64,64,64) (58,58,58) (52,52,52) (84,84,84) (110,110,110) (131,131,131) (145,145,145) (151,151,151) (163,163,163) (169,169,169) (169,169,169) (177,177,177) (173,173,173) (173,173,173) (177,177,177) (179,179,179) (177,177,177) (175,175,175) (165,165,165) (151,151,151) (145,145,145) (124,124,124) (104,104,104) (82,82,82) (80,80,80) (78,78,78) (86,86,86) (90,90,90) (98,98,98) (104,104,104) (106,106,106) (110,110,110) (114,114,114) (94,94,94) (78,78,78) (74,74,74) (86,86,86) (88,88,88) (102,102,102) (145,145,145) (98,98,98) (80,80,80) (52,52,52) (34,34,34) (98,98,98) (139,139,139) (94,94,94) (60,60,60) (60,60,60) (54,54,54) (124,124,124) (94,94,94) (88,88,88) (151,151,151) (185,185,185) (36,36,36) (66,66,66) (135,135,135) (40,40,40) (48,48,48) (52,52,52) (76,76,76) (60,60,60) (60,60,60) (34,34,34) (40,40,40) (32,32,32) (40,40,40) (58,58,58) (66,66,66) (44,44,44) (207,207,207) (137,137,137) (34,34,34) (34,34,34) (42,42,42) (46,46,46) (44,44,44) (36,36,36) (30,30,30) (78,78,78) (177,177,177) (181,181,181) (195,195,195) (183,183,183) (187,187,187) (183,183,183) (185,185,185) (24,24,24) (42,42,42) (32,32,32) (36,36,36) (36,36,36) (44,44,44) (46,46,46) (46,46,46) (42,42,42) (90,90,90) (98,98,98) (76,76,76) (80,80,80) (94,94,94) (98,98,98) (112,112,112) (116,116,116) (120,120,120) (120,120,120) (129,129,129) (129,129,129) (129,129,129) (133,133,133) (137,137,137) (135,135,135) (137,137,137) (143,143,143) (143,143,143) (149,149,149) (147,147,147) (153,153,153) (155,155,155) (151,151,151) (153,153,153) (153,153,153) (157,157,157) (159,159,159) (157,157,157) (159,159,159) (159,159,159) (161,161,161) (147,147,147) (147,147,147) (143,143,143) (129,129,129) (122,122,122) (131,131,131) (135,135,135) (98,98,98) (48,48,48) (48,48,48) (74,74,74) (96,96,96) (98,98,98) (118,118,118) (126,126,126) (122,122,122) (141,141,141) (169,169,169) (191,191,191) (201,201,201) (159,159,159) (149,149,149) (149,149,149) (151,151,151) (147,147,147) (141,141,141) (139,139,139) (129,129,129) (129,129,129) (118,118,118) (74,74,74) (42,42,42) (46,46,46) (46,46,46) (40,40,40) (56,56,56) (52,52,52) (60,60,60) (68,68,68) (70,70,70) (66,66,66) (60,60,60) (48,48,48) (50,50,50) (44,44,44) (36,36,36) (149,149,149) (173,173,173) (165,165,165) (129,129,129) (120,120,120) (50,50,50) (46,46,46) (38,38,38) (102,102,102) (129,129,129) (153,153,153) (147,147,147) (141,141,141) (155,155,155) (161,161,161) (155,155,155) (153,153,153) (155,155,155) (151,151,151) (157,157,157) (149,149,149) (153,153,153) (149,149,149) (149,149,149) (149,149,149) (147,147,147) (149,149,149) (151,151,151) (149,149,149) (145,145,145) (147,147,147) (147,147,147) (143,143,143) (149,149,149) (139,139,139) (147,147,147) (145,145,145) (141,141,141) (143,143,143) (137,137,137) (131,131,131) (133,133,133) (133,133,133) (153,153,153) (177,177,177) (189,189,189) (197,197,197) (197,197,197) (197,197,197) (193,193,193) (193,193,193) (197,197,197) (199,199,199) (205,205,205) (203,203,203) (205,205,205) (205,205,205) (203,203,203) (205,205,205) (205,205,205) (207,207,207) (209,209,209) (207,207,207) (209,209,209) (209,209,209) (209,209,209) (207,207,207) (211,211,211) (207,207,207) (207,207,207) (207,207,207) 
(78,78,78) (74,74,74) (72,72,72) (76,76,76) (80,80,80) (78,78,78) (78,78,78) (74,74,74) (64,64,64) (62,62,62) (70,70,70) (60,60,60) (64,64,64) (90,90,90) (120,120,120) (139,139,139) (149,149,149) (157,157,157) (167,167,167) (167,167,167) (171,171,171) (173,173,173) (173,173,173) (177,177,177) (175,175,175) (177,177,177) (175,175,175) (173,173,173) (167,167,167) (151,151,151) (139,139,139) (124,124,124) (96,96,96) (76,76,76) (68,68,68) (82,82,82) (82,82,82) (90,90,90) (96,96,96) (98,98,98) (104,104,104) (110,110,110) (110,110,110) (84,84,84) (102,102,102) (78,78,78) (96,96,96) (94,94,94) (116,116,116) (124,124,124) (90,90,90) (74,74,74) (34,34,34) (24,24,24) (157,157,157) (104,104,104) (52,52,52) (114,114,114) (64,64,64) (82,82,82) (112,112,112) (92,92,92) (88,88,88) (124,124,124) (171,171,171) (78,78,78) (46,46,46) (161,161,161) (30,30,30) (48,48,48) (40,40,40) (68,68,68) (50,50,50) (56,56,56) (60,60,60) (32,32,32) (36,36,36) (36,36,36) (40,40,40) (70,70,70) (70,70,70) (165,165,165) (84,84,84) (44,44,44) (50,50,50) (50,50,50) (52,52,52) (38,38,38) (34,34,34) (18,18,18) (167,167,167) (157,157,157) (161,161,161) (195,195,195) (189,189,189) (199,199,199) (191,191,191) (34,34,34) (36,36,36) (38,38,38) (40,40,40) (38,38,38) (42,42,42) (46,46,46) (46,46,46) (46,46,46) (36,36,36) (106,106,106) (112,112,112) (76,76,76) (82,82,82) (102,102,102) (106,106,106) (112,112,112) (120,120,120) (120,120,120) (120,120,120) (124,124,124) (131,131,131) (131,131,131) (131,131,131) (135,135,135) (135,135,135) (145,145,145) (145,145,145) (147,147,147) (145,145,145) (149,149,149) (149,149,149) (147,147,147) (153,153,153) (153,153,153) (155,155,155) (159,159,159) (159,159,159) (157,157,157) (157,157,157) (159,159,159) (155,155,155) (149,149,149) (147,147,147) (147,147,147) (139,139,139) (118,118,118) (126,126,126) (129,129,129) (114,114,114) (102,102,102) (102,102,102) (122,122,122) (112,112,112) (94,94,94) (86,86,86) (112,112,112) (120,120,120) (133,133,133) (153,153,153) (189,189,189) (175,175,175) (167,167,167) (159,159,159) (147,147,147) (147,147,147) (141,141,141) (139,139,139) (137,137,137) (131,131,131) (131,131,131) (108,108,108) (42,42,42) (50,50,50) (44,44,44) (48,48,48) (46,46,46) (60,60,60) (48,48,48) (62,62,62) (70,70,70) (56,56,56) (68,68,68) (60,60,60) (46,46,46) (56,56,56) (36,36,36) (32,32,32) (126,126,126) (171,171,171) (161,161,161) (124,124,124) (135,135,135) (58,58,58) (38,38,38) (74,74,74) (118,118,118) (145,145,145) (149,149,149) (147,147,147) (141,141,141) (153,153,153) (155,155,155) (155,155,155) (155,155,155) (151,151,151) (149,149,149) (151,151,151) (151,151,151) (151,151,151) (149,149,149) (147,147,147) (147,147,147) (151,151,151) (151,151,151) (149,149,149) (145,145,145) (149,149,149) (149,149,149) (145,145,145) (145,145,145) (143,143,143) (143,143,143) (143,143,143) (147,147,147) (143,143,143) (141,141,141) (139,139,139) (135,135,135) (133,133,133) (133,133,133) (161,161,161) (185,185,185) (193,193,193) (195,195,195) (197,197,197) (195,195,195) (197,197,197) (197,197,197) (199,199,199) (203,203,203) (205,205,205) (207,207,207) (207,207,207) (207,207,207) (207,207,207) (207,207,207) (207,207,207) (207,207,207) (209,209,209) (213,213,213) (209,209,209) (209,209,209) (209,209,209) (211,211,211) (211,211,211) (207,207,207) (207,207,207) (211,211,211) 
(78,78,78) (80,80,80) (76,76,76) (80,80,80) (76,76,76) (78,78,78) (70,70,70) (72,72,72) (68,68,68) (70,70,70) (66,66,66) (70,70,70) (68,68,68) (96,96,96) (124,124,124) (139,139,139) (151,151,151) (157,157,157) (165,165,165) (169,169,169) (173,173,173) (175,175,175) (169,169,169) (177,177,177) (177,177,177) (177,177,177) (181,181,181) (173,173,173) (163,163,163) (155,155,155) (133,133,133) (120,120,120) (92,92,92) (74,74,74) (70,70,70) (84,84,84) (90,90,90) (96,96,96) (96,96,96) (104,104,104) (110,110,110) (120,120,120) (120,120,120) (82,82,82) (96,96,96) (66,66,66) (104,104,104) (82,82,82) (66,66,66) (98,98,98) (56,56,56) (48,48,48) (28,28,28) (153,153,153) (116,116,116) (84,84,84) (56,56,56) (96,96,96) (80,80,80) (50,50,50) (133,133,133) (112,112,112) (80,80,80) (116,116,116) (165,165,165) (118,118,118) (74,74,74) (165,165,165) (14,14,14) (28,28,28) (38,38,38) (50,50,50) (32,32,32) (163,163,163) (131,131,131) (44,44,44) (40,40,40) (34,34,34) (32,32,32) (34,34,34) (143,143,143) (76,76,76) (40,40,40) (32,32,32) (66,66,66) (42,42,42) (50,50,50) (96,96,96) (74,74,74) (100,100,100) (110,110,110) (139,139,139) (151,151,151) (153,153,153) (167,167,167) (173,173,173) (80,80,80) (36,36,36) (32,32,32) (40,40,40) (54,54,54) (40,40,40) (46,46,46) (42,42,42) (48,48,48) (46,46,46) (42,42,42) (110,110,110) (116,116,116) (80,80,80) (80,80,80) (102,102,102) (104,104,104) (110,110,110) (116,116,116) (129,129,129) (129,129,129) (122,122,122) (129,129,129) (129,129,129) (129,129,129) (135,135,135) (137,137,137) (139,139,139) (143,143,143) (147,147,147) (147,147,147) (149,149,149) (147,147,147) (135,135,135) (149,149,149) (149,149,149) (151,151,151) (155,155,155) (155,155,155) (155,155,155) (159,159,159) (153,153,153) (157,157,157) (157,157,157) (147,147,147) (149,149,149) (143,143,143) (129,129,129) (122,122,122) (126,126,126) (129,129,129) (131,131,131) (131,131,131) (133,133,133) (131,131,131) (118,118,118) (118,118,118) (110,110,110) (116,116,116) (131,131,131) (173,173,173) (187,187,187) (173,173,173) (163,163,163) (153,153,153) (151,151,151) (145,145,145) (139,139,139) (137,137,137) (131,131,131) (129,129,129) (116,116,116) (98,98,98) (48,48,48) (44,44,44) (56,56,56) (48,48,48) (42,42,42) (64,64,64) (52,52,52) (56,56,56) (76,76,76) (66,66,66) (72,72,72) (66,66,66) (42,42,42) (54,54,54) (42,42,42) (34,34,34) (96,96,96) (167,167,167) (159,159,159) (122,122,122) (151,151,151) (88,88,88) (38,38,38) (82,82,82) (124,124,124) (145,145,145) (149,149,149) (141,141,141) (147,147,147) (157,157,157) (159,159,159) (157,157,157) (155,155,155) (153,153,153) (155,155,155) (147,147,147) (153,153,153) (153,153,153) (147,147,147) (151,151,151) (149,149,149) (149,149,149) (149,149,149) (147,147,147) (147,147,147) (149,149,149) (147,147,147) (145,145,145) (143,143,143) (143,143,143) (147,147,147) (147,147,147) (145,145,145) (141,141,141) (137,137,137) (135,135,135) (141,141,141) (129,129,129) (145,145,145) (167,167,167) (183,183,183) (193,193,193) (195,195,195) (195,195,195) (195,195,195) (197,197,197) (199,199,199) (199,199,199) (205,205,205) (209,209,209) (205,205,205) (209,209,209) (207,207,207) (207,207,207) (207,207,207) (207,207,207) (207,207,207) (209,209,209) (211,211,211) (209,209,209) (209,209,209) (209,209,209) (209,209,209) (207,207,207) (207,207,207) (205,205,205) (207,207,207) 
(78,78,78) (82,82,82) (76,76,76) (76,76,76) (72,72,72) (78,78,78) (78,78,78) (70,70,70) (64,64,64) (70,70,70) (74,74,74) (74,74,74) (82,82,82) (102,102,102) (126,126,126) (141,141,141) (153,153,153) (159,159,159) (163,163,163) (167,167,167) (169,169,169) (169,169,169) (171,171,171) (171,171,171) (175,175,175) (183,183,183) (181,181,181) (175,175,175) (165,165,165) (149,149,149) (143,143,143) (124,124,124) (92,92,92) (76,76,76) (70,70,70) (82,82,82) (90,90,90) (94,94,94) (92,92,92) (102,102,102) (118,118,118) (120,120,120) (118,118,118) (90,90,90) (34,34,34) (54,54,54) (86,86,86) (88,88,88) (66,66,66) (70,70,70) (48,48,48) (34,34,34) (106,106,106) (124,124,124) (64,64,64) (58,58,58) (84,84,84) (68,68,68) (70,70,70) (58,58,58) (110,110,110) (92,92,92) (84,84,84) (131,131,131) (80,80,80) (165,165,165) (98,98,98) (133,133,133) (76,76,76) (30,30,30) (40,40,40) (54,54,54) (30,30,30) (133,133,133) (155,155,155) (133,133,133) (28,28,28) (28,28,28) (30,30,30) (92,92,92) (96,96,96) (94,94,94) (36,36,36) (32,32,32) (98,98,98) (100,100,100) (116,116,116) (112,112,112) (135,135,135) (163,163,163) (106,106,106) (106,106,106) (112,112,112) (116,116,116) (211,211,211) (185,185,185) (40,40,40) (44,44,44) (40,40,40) (50,50,50) (66,66,66) (92,92,92) (52,52,52) (42,42,42) (48,48,48) (42,42,42) (46,46,46) (106,106,106) (116,116,116) (100,100,100) (82,82,82) (104,104,104) (112,112,112) (112,112,112) (120,120,120) (122,122,122) (122,122,122) (129,129,129) (126,126,126) (131,131,131) (129,129,129) (133,133,133) (139,139,139) (133,133,133) (145,145,145) (141,141,141) (143,143,143) (147,147,147) (143,143,143) (147,147,147) (153,153,153) (151,151,151) (157,157,157) (153,153,153) (157,157,157) (157,157,157) (159,159,159) (159,159,159) (157,157,157) (155,155,155) (151,151,151) (147,147,147) (147,147,147) (143,143,143) (137,137,137) (135,135,135) (124,124,124) (126,126,126) (129,129,129) (133,133,133) (135,135,135) (118,118,118) (126,126,126) (157,157,157) (185,185,185) (193,193,193) (191,191,191) (183,183,183) (169,169,169) (161,161,161) (153,153,153) (149,149,149) (145,145,145) (141,141,141) (135,135,135) (133,133,133) (131,131,131) (122,122,122) (50,50,50) (46,46,46) (42,42,42) (48,48,48) (50,50,50) (46,46,46) (58,58,58) (54,54,54) (60,60,60) (92,92,92) (70,70,70) (74,74,74) (62,62,62) (44,44,44) (60,60,60) (42,42,42) (34,34,34) (66,66,66) (165,165,165) (161,161,161) (124,124,124) (147,147,147) (104,104,104) (42,42,42) (84,84,84) (129,129,129) (147,147,147) (145,145,145) (141,141,141) (149,149,149) (159,159,159) (157,157,157) (157,157,157) (153,153,153) (153,153,153) (155,155,155) (151,151,151) (151,151,151) (153,153,153) (151,151,151) (149,149,149) (151,151,151) (151,151,151) (149,149,149) (147,147,147) (147,147,147) (147,147,147) (143,143,143) (147,147,147) (145,145,145) (143,143,143) (141,141,141) (139,139,139) (141,141,141) (143,143,143) (143,143,143) (133,133,133) (131,131,131) (135,135,135) (153,153,153) (173,173,173) (191,191,191) (195,195,195) (197,197,197) (195,195,195) (195,195,195) (197,197,197) (201,201,201) (205,205,205) (205,205,205) (209,209,209) (207,207,207) (205,205,205) (207,207,207) (207,207,207) (207,207,207) (205,205,205) (209,209,209) (211,211,211) (211,211,211) (209,209,209) (209,209,209) (209,209,209) (207,207,207) (205,205,205) (207,207,207) (207,207,207) (211,211,211) 
(80,80,80) (80,80,80) (72,72,72) (78,78,78) (70,70,70) (80,80,80) (76,76,76) (74,74,74) (70,70,70) (72,72,72) (70,70,70) (76,76,76) (86,86,86) (108,108,108) (129,129,129) (145,145,145) (155,155,155) (159,159,159) (163,163,163) (169,169,169) (169,169,169) (169,169,169) (167,167,167) (173,173,173) (177,177,177) (175,175,175) (181,181,181) (177,177,177) (163,163,163) (155,155,155) (137,137,137) (120,120,120) (94,94,94) (82,82,82) (72,72,72) (82,82,82) (86,86,86) (90,90,90) (94,94,94) (100,100,100) (110,110,110) (114,114,114) (122,122,122) (124,124,124) (38,38,38) (36,36,36) (84,84,84) (80,80,80) (68,68,68) (60,60,60) (44,44,44) (88,88,88) (133,133,133) (54,54,54) (46,46,46) (62,62,62) (84,84,84) (60,60,60) (96,96,96) (76,76,76) (129,129,129) (100,100,100) (98,98,98) (124,124,124) (70,70,70) (161,161,161) (100,100,100) (143,143,143) (133,133,133) (38,38,38) (38,38,38) (56,56,56) (42,42,42) (129,129,129) (145,145,145) (151,151,151) (40,40,40) (32,32,32) (30,30,30) (106,106,106) (40,40,40) (58,58,58) (86,86,86) (104,104,104) (96,96,96) (110,110,110) (124,124,124) (167,167,167) (191,191,191) (86,86,86) (106,106,106) (100,100,100) (124,124,124) (203,203,203) (229,229,229) (22,22,22) (42,42,42) (46,46,46) (46,46,46) (50,50,50) (50,50,50) (70,70,70) (52,52,52) (54,54,54) (50,50,50) (40,40,40) (44,44,44) (108,108,108) (124,124,124) (102,102,102) (86,86,86) (96,96,96) (110,110,110) (114,114,114) (120,120,120) (126,126,126) (124,124,124) (124,124,124) (129,129,129) (133,133,133) (124,124,124) (129,129,129) (137,137,137) (133,133,133) (143,143,143) (145,145,145) (145,145,145) (143,143,143) (143,143,143) (149,149,149) (147,147,147) (149,149,149) (153,153,153) (155,155,155) (153,153,153) (155,155,155) (159,159,159) (155,155,155) (161,161,161) (159,159,159) (157,157,157) (155,155,155) (151,151,151) (149,149,149) (143,143,143) (143,143,143) (133,133,133) (133,133,133) (139,139,139) (149,149,149) (167,167,167) (149,149,149) (149,149,149) (173,173,173) (197,197,197) (195,195,195) (193,193,193) (181,181,181) (171,171,171) (161,161,161) (151,151,151) (149,149,149) (143,143,143) (143,143,143) (135,135,135) (131,131,131) (129,129,129) (84,84,84) (50,50,50) (48,48,48) (40,40,40) (52,52,52) (50,50,50) (48,48,48) (60,60,60) (62,62,62) (68,68,68) (94,94,94) (66,66,66) (82,82,82) (64,64,64) (50,50,50) (76,76,76) (46,46,46) (40,40,40) (58,58,58) (151,151,151) (171,171,171) (116,116,116) (135,135,135) (100,100,100) (46,46,46) (104,104,104) (141,141,141) (153,153,153) (143,143,143) (149,149,149) (153,153,153) (159,159,159) (155,155,155) (155,155,155) (153,153,153) (157,157,157) (151,151,151) (149,149,149) (149,149,149) (153,153,153) (147,147,147) (151,151,151) (149,149,149) (147,147,147) (145,145,145) (151,151,151) (149,149,149) (149,149,149) (143,143,143) (147,147,147) (145,145,145) (143,143,143) (145,145,145) (147,147,147) (141,141,141) (139,139,139) (139,139,139) (133,133,133) (129,129,129) (139,139,139) (155,155,155) (179,179,179) (193,193,193) (197,197,197) (191,191,191) (197,197,197) (195,195,195) (199,199,199) (203,203,203) (205,205,205) (205,205,205) (209,209,209) (207,207,207) (205,205,205) (207,207,207) (207,207,207) (205,205,205) (207,207,207) (209,209,209) (207,207,207) (209,209,209) (209,209,209) (211,211,211) (209,209,209) (207,207,207) (209,209,209) (209,209,209) (211,211,211) (211,211,211) 
(82,82,82) (86,86,86) (80,80,80) (82,82,82) (78,78,78) (84,84,84) (78,78,78) (72,72,72) (70,70,70) (66,66,66) (64,64,64) (76,76,76) (94,94,94) (106,106,106) (129,129,129) (151,151,151) (157,157,157) (161,161,161) (163,163,163) (167,167,167) (169,169,169) (169,169,169) (173,173,173) (177,177,177) (175,175,175) (179,179,179) (179,179,179) (175,175,175) (167,167,167) (155,155,155) (137,137,137) (129,129,129) (98,98,98) (78,78,78) (78,78,78) (82,82,82) (86,86,86) (90,90,90) (94,94,94) (102,102,102) (102,102,102) (118,118,118) (149,149,149) (151,151,151) (56,56,56) (44,44,44) (72,72,72) (84,84,84) (62,62,62) (72,72,72) (52,52,52) (147,147,147) (86,86,86) (56,56,56) (44,44,44) (62,62,62) (76,76,76) (76,76,76) (84,84,84) (92,92,92) (114,114,114) (104,104,104) (108,108,108) (110,110,110) (66,66,66) (167,167,167) (98,98,98) (151,151,151) (133,133,133) (66,66,66) (40,40,40) (64,64,64) (52,52,52) (104,104,104) (124,124,124) (68,68,68) (60,60,60) (44,44,44) (70,70,70) (30,30,30) (42,42,42) (90,90,90) (126,126,126) (110,110,110) (129,129,129) (139,139,139) (157,157,157) (189,189,189) (76,76,76) (110,110,110) (98,98,98) (137,137,137) (161,161,161) (213,213,213) (38,38,38) (46,46,46) (48,48,48) (52,52,52) (48,48,48) (44,44,44) (52,52,52) (64,64,64) (56,56,56) (54,54,54) (50,50,50) (44,44,44) (48,48,48) (96,96,96) (118,118,118) (104,104,104) (84,84,84) (96,96,96) (112,112,112) (118,118,118) (122,122,122) (129,129,129) (120,120,120) (129,129,129) (124,124,124) (126,126,126) (129,129,129) (139,139,139) (137,137,137) (137,137,137) (143,143,143) (145,145,145) (143,143,143) (141,141,141) (147,147,147) (143,143,143) (147,147,147) (153,153,153) (149,149,149) (153,153,153) (157,157,157) (157,157,157) (163,163,163) (157,157,157) (157,157,157) (157,157,157) (155,155,155) (155,155,155) (153,153,153) (147,147,147) (149,149,149) (145,145,145) (143,143,143) (141,141,141) (147,147,147) (165,165,165) (185,185,185) (177,177,177) (151,151,151) (177,177,177) (199,199,199) (193,193,193) (191,191,191) (183,183,183) (171,171,171) (159,159,159) (149,149,149) (147,147,147) (145,145,145) (137,137,137) (131,131,131) (129,129,129) (120,120,120) (52,52,52) (52,52,52) (52,52,52) (46,46,46) (46,46,46) (44,44,44) (50,50,50) (66,66,66) (58,58,58) (58,58,58) (94,94,94) (58,58,58) (88,88,88) (56,56,56) (52,52,52) (66,66,66) (54,54,54) (40,40,40) (38,38,38) (151,151,151) (179,179,179) (110,110,110) (143,143,143) (94,94,94) (62,62,62) (104,104,104) (143,143,143) (147,147,147) (145,145,145) (143,143,143) (157,157,157) (157,157,157) (157,157,157) (151,151,151) (153,153,153) (155,155,155) (155,155,155) (151,151,151) (155,155,155) (153,153,153) (147,147,147) (149,149,149) (149,149,149) (153,153,153) (149,149,149) (153,153,153) (143,143,143) (149,149,149) (143,143,143) (149,149,149) (145,145,145) (147,147,147) (141,141,141) (139,139,139) (141,141,141) (141,141,141) (139,139,139) (131,131,131) (131,131,131) (131,131,131) (163,163,163) (177,177,177) (191,191,191) (197,197,197) (195,195,195) (195,195,195) (197,197,197) (197,197,197) (203,203,203) (205,205,205) (207,207,207) (207,207,207) (209,209,209) (207,207,207) (203,203,203) (207,207,207) (207,207,207) (209,209,209) (207,207,207) (209,209,209) (209,209,209) (209,209,209) (211,211,211) (209,209,209) (211,211,211) (211,211,211) (209,209,209) (213,213,213) (211,211,211) 
(78,78,78) (76,76,76) (70,70,70) (78,78,78) (72,72,72) (80,80,80) (74,74,74) (72,72,72) (68,68,68) (56,56,56) (60,60,60) (74,74,74) (98,98,98) (112,112,112) (135,135,135) (145,145,145) (155,155,155) (159,159,159) (163,163,163) (163,163,163) (169,169,169) (171,171,171) (169,169,169) (175,175,175) (177,177,177) (183,183,183) (181,181,181) (175,175,175) (163,163,163) (157,157,157) (143,143,143) (126,126,126) (104,104,104) (78,78,78) (72,72,72) (82,82,82) (82,82,82) (94,94,94) (96,96,96) (102,102,102) (114,114,114) (145,145,145) (151,151,151) (96,96,96) (52,52,52) (58,58,58) (62,62,62) (76,76,76) (66,66,66) (118,118,118) (129,129,129) (100,100,100) (58,58,58) (46,46,46) (48,48,48) (50,50,50) (64,64,64) (72,72,72) (68,68,68) (82,82,82) (94,94,94) (64,64,64) (112,112,112) (118,118,118) (70,70,70) (118,118,118) (122,122,122) (129,129,129) (122,122,122) (102,102,102) (62,62,62) (76,76,76) (80,80,80) (84,84,84) (84,84,84) (70,70,70) (66,66,66) (64,64,64) (40,40,40) (32,32,32) (46,46,46) (120,120,120) (135,135,135) (139,139,139) (153,153,153) (169,169,169) (183,183,183) (195,195,195) (78,78,78) (86,86,86) (88,88,88) (153,153,153) (201,201,201) (126,126,126) (34,34,34) (44,44,44) (42,42,42) (50,50,50) (56,56,56) (56,56,56) (60,60,60) (66,66,66) (64,64,64) (66,66,66) (58,58,58) (46,46,46) (58,58,58) (100,100,100) (116,116,116) (112,112,112) (92,92,92) (108,108,108) (110,110,110) (120,120,120) (129,129,129) (126,126,126) (126,126,126) (131,131,131) (131,131,131) (133,133,133) (133,133,133) (135,135,135) (143,143,143) (143,143,143) (139,139,139) (139,139,139) (139,139,139) (143,143,143) (139,139,139) (143,143,143) (143,143,143) (153,153,153) (153,153,153) (155,155,155) (153,153,153) (151,151,151) (155,155,155) (157,157,157) (159,159,159) (155,155,155) (151,151,151) (151,151,151) (151,151,151) (151,151,151) (145,145,145) (147,147,147) (141,141,141) (149,149,149) (159,159,159) (177,177,177) (201,201,201) (193,193,193) (165,165,165) (177,177,177) (201,201,201) (195,195,195) (197,197,197) (195,195,195) (167,167,167) (157,157,157) (145,145,145) (147,147,147) (147,147,147) (135,135,135) (139,139,139) (131,131,131) (94,94,94) (46,46,46) (48,48,48) (50,50,50) (50,50,50) (46,46,46) (48,48,48) (52,52,52) (82,82,82) (58,58,58) (86,86,86) (86,86,86) (58,58,58) (76,76,76) (56,56,56) (60,60,60) (54,54,54) (58,58,58) (46,46,46) (44,44,44) (141,141,141) (173,173,173) (131,131,131) (157,157,157) (92,92,92) (78,78,78) (122,122,122) (145,145,145) (145,145,145) (141,141,141) (145,145,145) (157,157,157) (163,163,163) (153,153,153) (159,159,159) (153,153,153) (157,157,157) (147,147,147) (153,153,153) (147,147,147) (153,153,153) (149,149,149) (147,147,147) (151,151,151) (147,147,147) (151,151,151) (149,149,149) (143,143,143) (147,147,147) (145,145,145) (151,151,151) (147,147,147) (145,145,145) (145,145,145) (145,145,145) (139,139,139) (139,139,139) (139,139,139) (131,131,131) (129,129,129) (139,139,139) (163,163,163) (183,183,183) (193,193,193) (195,195,195) (193,193,193) (197,197,197) (201,201,201) (203,203,203) (205,205,205) (211,211,211) (209,209,209) (207,207,207) (205,205,205) (205,205,205) (205,205,205) (205,205,205) (207,207,207) (209,209,209) (209,209,209) (209,209,209) (209,209,209) (209,209,209) (211,211,211) (209,209,209) (213,213,213) (209,209,209) (215,215,215) (211,211,211) (211,211,211) 
(70,70,70) (74,74,74) (70,70,70) (76,76,76) (70,70,70) (76,76,76) (70,70,70) (74,74,74) (66,66,66) (58,58,58) (66,66,66) (78,78,78) (92,92,92) (118,118,118) (131,131,131) (145,145,145) (155,155,155) (163,163,163) (161,161,161) (169,169,169) (171,171,171) (167,167,167) (167,167,167) (173,173,173) (177,177,177) (183,183,183) (175,175,175) (173,173,173) (167,167,167) (153,153,153) (139,139,139) (120,120,120) (94,94,94) (80,80,80) (72,72,72) (80,80,80) (82,82,82) (92,92,92) (96,96,96) (104,104,104) (145,145,145) (143,143,143) (112,112,112) (102,102,102) (68,68,68) (66,66,66) (80,80,80) (70,70,70) (129,129,129) (145,145,145) (62,62,62) (52,52,52) (70,70,70) (48,48,48) (50,50,50) (46,46,46) (74,74,74) (90,90,90) (66,66,66) (74,74,74) (70,70,70) (66,66,66) (124,124,124) (104,104,104) (86,86,86) (68,68,68) (137,137,137) (84,84,84) (153,153,153) (120,120,120) (58,58,58) (90,90,90) (114,114,114) (86,86,86) (74,74,74) (76,76,76) (38,38,38) (56,56,56) (50,50,50) (42,42,42) (68,68,68) (185,185,185) (145,145,145) (167,167,167) (173,173,173) (179,179,179) (189,189,189) (70,70,70) (98,98,98) (88,88,88) (94,94,94) (157,157,157) (201,201,201) (34,34,34) (36,36,36) (52,52,52) (44,44,44) (44,44,44) (52,52,52) (48,48,48) (56,56,56) (60,60,60) (64,64,64) (66,66,66) (50,50,50) (44,44,44) (48,48,48) (70,70,70) (106,106,106) (98,98,98) (80,80,80) (96,96,96) (114,114,114) (114,114,114) (124,124,124) (124,124,124) (124,124,124) (126,126,126) (126,126,126) (129,129,129) (129,129,129) (133,133,133) (137,137,137) (137,137,137) (141,141,141) (143,143,143) (137,137,137) (139,139,139) (141,141,141) (139,139,139) (141,141,141) (147,147,147) (153,153,153) (151,151,151) (151,151,151) (153,153,153) (151,151,151) (149,149,149) (151,151,151) (153,153,153) (153,153,153) (149,149,149) (147,147,147) (151,151,151) (145,145,145) (147,147,147) (151,151,151) (153,153,153) (163,163,163) (183,183,183) (205,205,205) (199,199,199) (177,177,177) (175,175,175) (203,203,203) (201,201,201) (197,197,197) (185,185,185) (167,167,167) (153,153,153) (147,147,147) (137,137,137) (139,139,139) (135,135,135) (133,133,133) (120,120,120) (42,42,42) (42,42,42) (48,48,48) (50,50,50) (48,48,48) (48,48,48) (46,46,46) (50,50,50) (68,68,68) (54,54,54) (90,90,90) (84,84,84) (60,60,60) (80,80,80) (54,54,54) (64,64,64) (52,52,52) (42,42,42) (36,36,36) (42,42,42) (129,129,129) (169,169,169) (124,124,124) (143,143,143) (78,78,78) (102,102,102) (129,129,129) (147,147,147) (147,147,147) (137,137,137) (147,147,147) (161,161,161) (157,157,157) (153,153,153) (153,153,153) (155,155,155) (151,151,151) (151,151,151) (155,155,155) (149,149,149) (149,149,149) (147,147,147) (151,151,151) (147,147,147) (147,147,147) (151,151,151) (143,143,143) (147,147,147) (147,147,147) (147,147,147) (145,145,145) (147,147,147) (141,141,141) (143,143,143) (147,147,147) (139,139,139) (143,143,143) (137,137,137) (135,135,135) (135,135,135) (143,143,143) (171,171,171) (185,185,185) (193,193,193) (199,199,199) (197,197,197) (197,197,197) (199,199,199) (203,203,203) (209,209,209) (209,209,209) (209,209,209) (207,207,207) (205,205,205) (207,207,207) (207,207,207) (205,205,205) (207,207,207) (209,209,209) (207,207,207) (207,207,207) (209,209,209) (209,209,209) (213,213,213) (209,209,209) (209,209,209) (211,211,211) (211,211,211) (211,211,211) (211,211,211) 
(72,72,72) (74,74,74) (72,72,72) (76,76,76) (70,70,70) (72,72,72) (74,74,74) (62,62,62) (64,64,64) (62,62,62) (64,64,64) (76,76,76) (90,90,90) (114,114,114) (133,133,133) (141,141,141) (153,153,153) (161,161,161) (163,163,163) (165,165,165) (171,171,171) (169,169,169) (169,169,169) (177,177,177) (175,175,175) (181,181,181) (179,179,179) (175,175,175) (169,169,169) (155,155,155) (139,139,139) (122,122,122) (98,98,98) (70,70,70) (76,76,76) (76,76,76) (84,84,84) (90,90,90) (94,94,94) (133,133,133) (157,157,157) (106,106,106) (124,124,124) (94,94,94) (54,54,54) (66,66,66) (82,82,82) (104,104,104) (133,133,133) (72,72,72) (42,42,42) (40,40,40) (106,106,106) (58,58,58) (56,56,56) (56,56,56) (70,70,70) (70,70,70) (62,62,62) (66,66,66) (84,84,84) (76,76,76) (66,66,66) (122,122,122) (64,64,64) (96,96,96) (137,137,137) (114,114,114) (155,155,155) (124,124,124) (62,62,62) (56,56,56) (153,153,153) (62,62,62) (42,42,42) (50,50,50) (42,42,42) (38,38,38) (68,68,68) (88,88,88) (124,124,124) (137,137,137) (151,151,151) (167,167,167) (175,175,175) (195,195,195) (175,175,175) (92,92,92) (96,96,96) (92,92,92) (112,112,112) (227,227,227) (24,24,24) (36,36,36) (42,42,42) (42,42,42) (64,64,64) (50,50,50) (48,48,48) (42,42,42) (52,52,52) (46,46,46) (68,68,68) (60,60,60) (44,44,44) (46,46,46) (38,38,38) (66,66,66) (102,102,102) (92,92,92) (86,86,86) (98,98,98) (112,112,112) (112,112,112) (118,118,118) (124,124,124) (124,124,124) (126,126,126) (133,133,133) (129,129,129) (129,129,129) (135,135,135) (135,135,135) (137,137,137) (141,141,141) (141,141,141) (141,141,141) (139,139,139) (145,145,145) (139,139,139) (141,141,141) (141,141,141) (145,145,145) (147,147,147) (153,153,153) (149,149,149) (147,147,147) (151,151,151) (151,151,151) (159,159,159) (153,153,153) (147,147,147) (149,149,149) (151,151,151) (147,147,147) (153,153,153) (153,153,153) (157,157,157) (165,165,165) (193,193,193) (207,207,207) (203,203,203) (181,181,181) (175,175,175) (205,205,205) (201,201,201) (193,193,193) (185,185,185) (169,169,169) (153,153,153) (143,143,143) (147,147,147) (141,141,141) (137,137,137) (133,133,133) (114,114,114) (46,46,46) (46,46,46) (44,44,44) (48,48,48) (46,46,46) (44,44,44) (42,42,42) (54,54,54) (72,72,72) (56,56,56) (80,80,80) (80,80,80) (66,66,66) (80,80,80) (56,56,56) (68,68,68) (52,52,52) (48,48,48) (44,44,44) (46,46,46) (116,116,116) (163,163,163) (120,120,120) (139,139,139) (78,78,78) (124,124,124) (133,133,133) (145,145,145) (147,147,147) (143,143,143) (151,151,151) (159,159,159) (151,151,151) (151,151,151) (157,157,157) (155,155,155) (149,149,149) (153,153,153) (149,149,149) (149,149,149) (149,149,149) (145,145,145) (151,151,151) (149,149,149) (149,149,149) (151,151,151) (147,147,147) (141,141,141) (145,145,145) (143,143,143) (139,139,139) (143,143,143) (143,143,143) (143,143,143) (141,141,141) (139,139,139) (141,141,141) (135,135,135) (135,135,135) (133,133,133) (145,145,145) (169,169,169) (187,187,187) (195,195,195) (197,197,197) (197,197,197) (199,199,199) (203,203,203) (207,207,207) (211,211,211) (209,209,209) (207,207,207) (209,209,209) (205,205,205) (209,209,209) (207,207,207) (207,207,207) (207,207,207) (209,209,209) (207,207,207) (209,209,209) (209,209,209) (213,213,213) (211,211,211) (211,211,211) (209,209,209) (213,213,213) (209,209,209) (211,211,211) (211,211,211) 
(74,74,74) (74,74,74) (70,70,70) (74,74,74) (74,74,74) (68,68,68) (72,72,72) (68,68,68) (64,64,64) (62,62,62) (72,72,72) (80,80,80) (86,86,86) (112,112,112) (124,124,124) (141,141,141) (155,155,155) (159,159,159) (165,165,165) (167,167,167) (169,169,169) (171,171,171) (171,171,171) (175,175,175) (173,173,173) (179,179,179) (177,177,177) (177,177,177) (167,167,167) (157,157,157) (147,147,147) (122,122,122) (96,96,96) (74,74,74) (68,68,68) (80,80,80) (80,80,80) (92,92,92) (122,122,122) (149,149,149) (112,112,112) (106,106,106) (133,133,133) (100,100,100) (62,62,62) (62,62,62) (112,112,112) (112,112,112) (126,126,126) (44,44,44) (48,48,48) (58,58,58) (56,56,56) (82,82,82) (66,66,66) (64,64,64) (64,64,64) (46,46,46) (96,96,96) (74,74,74) (72,72,72) (68,68,68) (80,80,80) (118,118,118) (50,50,50) (64,64,64) (141,141,141) (122,122,122) (104,104,104) (108,108,108) (129,129,129) (137,137,137) (165,165,165) (34,34,34) (60,60,60) (32,32,32) (62,62,62) (96,96,96) (100,100,100) (108,108,108) (102,102,102) (135,135,135) (159,159,159) (167,167,167) (191,191,191) (207,207,207) (80,80,80) (98,98,98) (90,90,90) (108,108,108) (193,193,193) (26,26,26) (44,44,44) (36,36,36) (54,54,54) (48,48,48) (56,56,56) (54,54,54) (50,50,50) (48,48,48) (46,46,46) (52,52,52) (76,76,76) (66,66,66) (54,54,54) (46,46,46) (42,42,42) (64,64,64) (98,98,98) (96,96,96) (102,102,102) (92,92,92) (104,104,104) (116,116,116) (116,116,116) (124,124,124) (122,122,122) (131,131,131) (126,126,126) (129,129,129) (133,133,133) (133,133,133) (139,139,139) (137,137,137) (139,139,139) (145,145,145) (139,139,139) (143,143,143) (143,143,143) (135,135,135) (141,141,141) (143,143,143) (139,139,139) (145,145,145) (149,149,149) (145,145,145) (145,145,145) (145,145,145) (151,151,151) (153,153,153) (149,149,149) (147,147,147) (145,145,145) (151,151,151) (151,151,151) (153,153,153) (155,155,155) (161,161,161) (169,169,169) (195,195,195) (209,209,209) (203,203,203) (171,171,171) (177,177,177) (201,201,201) (203,203,203) (197,197,197) (189,189,189) (165,165,165) (143,143,143) (141,141,141) (145,145,145) (137,137,137) (143,143,143) (131,131,131) (48,48,48) (44,44,44) (42,42,42) (46,46,46) (50,50,50) (48,48,48) (42,42,42) (56,56,56) (52,52,52) (64,64,64) (70,70,70) (80,80,80) (80,80,80) (68,68,68) (74,74,74) (46,46,46) (56,56,56) (62,62,62) (50,50,50) (42,42,42) (40,40,40) (118,118,118) (157,157,157) (141,141,141) (145,145,145) (72,72,72) (131,131,131) (137,137,137) (143,143,143) (145,145,145) (143,143,143) (153,153,153) (153,153,153) (153,153,153) (159,159,159) (153,153,153) (149,149,149) (151,151,151) (153,153,153) (149,149,149) (149,149,149) (149,149,149) (147,147,147) (147,147,147) (147,147,147) (147,147,147) (147,147,147) (145,145,145) (147,147,147) (145,145,145) (143,143,143) (143,143,143) (147,147,147) (147,147,147) (145,145,145) (139,139,139) (141,141,141) (133,133,133) (131,131,131) (126,126,126) (131,131,131) (149,149,149) (173,173,173) (189,189,189) (197,197,197) (197,197,197) (199,199,199) (201,201,201) (205,205,205) (205,205,205) (209,209,209) (205,205,205) (209,209,209) (207,207,207) (207,207,207) (209,209,209) (207,207,207) (207,207,207) (207,207,207) (207,207,207) (207,207,207) (209,209,209) (209,209,209) (213,213,213) (209,209,209) (211,211,211) (209,209,209) (211,211,211) (213,213,213) (211,211,211) (211,211,211) 
(66,66,66) (64,64,64) (66,66,66) (74,74,74) (70,70,70) (68,68,68) (72,72,72) (64,64,64) (62,62,62) (60,60,60) (72,72,72) (74,74,74) (92,92,92) (104,104,104) (129,129,129) (145,145,145) (157,157,157) (157,157,157) (165,165,165) (167,167,167) (171,171,171) (171,171,171) (173,173,173) (177,177,177) (175,175,175) (185,185,185) (179,179,179) (177,177,177) (167,167,167) (155,155,155) (143,143,143) (126,126,126) (98,98,98) (68,68,68) (70,70,70) (74,74,74) (80,80,80) (104,104,104) (149,149,149) (102,102,102) (104,104,104) (110,110,110) (124,124,124) (86,86,86) (78,78,78) (90,90,90) (66,66,66) (122,122,122) (100,100,100) (42,42,42) (54,54,54) (48,48,48) (68,68,68) (62,62,62) (68,68,68) (70,70,70) (68,68,68) (76,76,76) (84,84,84) (76,76,76) (58,58,58) (68,68,68) (70,70,70) (94,94,94) (106,106,106) (44,44,44) (60,60,60) (120,120,120) (153,153,153) (112,112,112) (147,147,147) (143,143,143) (36,36,36) (26,26,26) (38,38,38) (42,42,42) (106,106,106) (133,133,133) (122,122,122) (106,106,106) (114,114,114) (133,133,133) (165,165,165) (183,183,183) (197,197,197) (50,50,50) (114,114,114) (88,88,88) (100,100,100) (175,175,175) (110,110,110) (38,38,38) (36,36,36) (40,40,40) (78,78,78) (64,64,64) (48,48,48) (46,46,46) (42,42,42) (48,48,48) (48,48,48) (56,56,56) (72,72,72) (70,70,70) (48,48,48) (50,50,50) (44,44,44) (42,42,42) (104,104,104) (92,92,92) (94,94,94) (80,80,80) (96,96,96) (120,120,120) (116,116,116) (120,120,120) (124,124,124) (122,122,122) (129,129,129) (129,129,129) (137,137,137) (135,135,135) (139,139,139) (141,141,141) (139,139,139) (143,143,143) (141,141,141) (143,143,143) (137,137,137) (135,135,135) (139,139,139) (139,139,139) (141,141,141) (139,139,139) (141,141,141) (143,143,143) (145,145,145) (147,147,147) (139,139,139) (149,149,149) (143,143,143) (147,147,147) (141,141,141) (145,145,145) (147,147,147) (155,155,155) (155,155,155) (163,163,163) (177,177,177) (191,191,191) (205,205,205) (209,209,209) (195,195,195) (197,197,197) (213,213,213) (191,191,191) (191,191,191) (191,191,191) (169,169,169) (141,141,141) (137,137,137) (139,139,139) (137,137,137) (135,135,135) (141,141,141) (40,40,40) (46,46,46) (46,46,46) (44,44,44) (68,68,68) (50,50,50) (44,44,44) (48,48,48) (52,52,52) (64,64,64) (76,76,76) (80,80,80) (86,86,86) (64,64,64) (76,76,76) (66,66,66) (60,60,60) (56,56,56) (48,48,48) (38,38,38) (38,38,38) (120,120,120) (159,159,159) (141,141,141) (143,143,143) (76,76,76) (129,129,129) (135,135,135) (141,141,141) (145,145,145) (145,145,145) (157,157,157) (155,155,155) (151,151,151) (151,151,151) (153,153,153) (151,151,151) (151,151,151) (153,153,153) (147,147,147) (145,145,145) (145,145,145) (147,147,147) (145,145,145) (143,143,143) (151,151,151) (147,147,147) (149,149,149) (153,153,153) (149,149,149) (145,145,145) (145,145,145) (143,143,143) (145,145,145) (143,143,143) (141,141,141) (143,143,143) (135,135,135) (137,137,137) (133,133,133) (124,124,124) (151,151,151) (175,175,175) (191,191,191) (195,195,195) (197,197,197) (203,203,203) (207,207,207) (209,209,209) (209,209,209) (207,207,207) (211,211,211) (207,207,207) (207,207,207) (211,211,211) (209,209,209) (207,207,207) (207,207,207) (207,207,207) (207,207,207) (207,207,207) (211,211,211) (211,211,211) (211,211,211) (211,211,211) (211,211,211) (211,211,211) (213,213,213) (213,213,213) (211,211,211) (211,211,211) 
(70,70,70) (60,60,60) (64,64,64) (64,64,64) (70,70,70) (74,74,74) (66,66,66) (64,64,64) (66,66,66) (64,64,64) (68,68,68) (70,70,70) (86,86,86) (104,104,104) (129,129,129) (147,147,147) (155,155,155) (159,159,159) (167,167,167) (171,171,171) (169,169,169) (173,173,173) (175,175,175) (175,175,175) (181,181,181) (177,177,177) (181,181,181) (175,175,175) (169,169,169) (153,153,153) (139,139,139) (124,124,124) (102,102,102) (68,68,68) (74,74,74) (76,76,76) (82,82,82) (145,145,145) (100,100,100) (96,96,96) (100,100,100) (112,112,112) (118,118,118) (68,68,68) (72,72,72) (54,54,54) (38,38,38) (120,120,120) (86,86,86) (50,50,50) (66,66,66) (62,62,62) (70,70,70) (60,60,60) (58,58,58) (74,74,74) (84,84,84) (108,108,108) (74,74,74) (92,92,92) (84,84,84) (74,74,74) (82,82,82) (72,72,72) (92,92,92) (80,80,80) (56,56,56) (76,76,76) (124,124,124) (114,114,114) (135,135,135) (143,143,143) (32,32,32) (42,42,42) (38,38,38) (98,98,98) (139,139,139) (161,161,161) (185,185,185) (183,183,183) (137,137,137) (195,195,195) (191,191,191) (197,197,197) (106,106,106) (94,94,94) (86,86,86) (108,108,108) (129,129,129) (221,221,221) (38,38,38) (46,46,46) (38,38,38) (40,40,40) (98,98,98) (76,76,76) (48,48,48) (48,48,48) (42,42,42) (52,52,52) (54,54,54) (64,64,64) (68,68,68) (78,78,78) (44,44,44) (44,44,44) (42,42,42) (58,58,58) (106,106,106) (86,86,86) (102,102,102) (78,78,78) (94,94,94) (110,110,110) (114,114,114) (118,118,118) (124,124,124) (131,131,131) (129,129,129) (129,129,129) (129,129,129) (129,129,129) (145,145,145) (133,133,133) (137,137,137) (141,141,141) (141,141,141) (139,139,139) (135,135,135) (137,137,137) (137,137,137) (137,137,137) (143,143,143) (137,137,137) (131,131,131) (139,139,139) (145,145,145) (139,139,139) (141,141,141) (145,145,145) (143,143,143) (145,145,145) (143,143,143) (145,145,145) (153,153,153) (157,157,157) (157,157,157) (157,157,157) (149,149,149) (145,145,145) (159,159,159) (161,161,161) (185,185,185) (179,179,179) (165,165,165) (155,155,155) (159,159,159) (171,171,171) (157,157,157) (124,124,124) (129,129,129) (133,133,133) (139,139,139) (131,131,131) (46,46,46) (46,46,46) (48,48,48) (42,42,42) (52,52,52) (56,56,56) (46,46,46) (48,48,48) (56,56,56) (54,54,54) (70,70,70) (72,72,72) (84,84,84) (90,90,90) (66,66,66) (88,88,88) (66,66,66) (58,58,58) (70,70,70) (46,46,46) (40,40,40) (36,36,36) (86,86,86) (157,157,157) (171,171,171) (126,126,126) (92,92,92) (135,135,135) (139,139,139) (141,141,141) (143,143,143) (143,143,143) (151,151,151) (159,159,159) (155,155,155) (155,155,155) (153,153,153) (155,155,155) (149,149,149) (153,153,153) (155,155,155) (147,147,147) (145,145,145) (149,149,149) (153,153,153) (153,153,153) (147,147,147) (147,147,147) (149,149,149) (145,145,145) (145,145,145) (143,143,143) (145,145,145) (145,145,145) (145,145,145) (143,143,143) (139,139,139) (139,139,139) (141,141,141) (139,139,139) (129,129,129) (131,131,131) (153,153,153) (175,175,175) (187,187,187) (195,195,195) (201,201,201) (201,201,201) (205,205,205) (209,209,209) (211,211,211) (207,207,207) (209,209,209) (207,207,207) (209,209,209) (209,209,209) (207,207,207) (211,211,211) (209,209,209) (207,207,207) (209,209,209) (209,209,209) (211,211,211) (213,213,213) (215,215,215) (213,213,213) (211,211,211) (211,211,211) (213,213,213) (213,213,213) (209,209,209) (213,213,213) 
(70,70,70) (62,62,62) (58,58,58) (66,66,66) (60,60,60) (64,64,64) (70,70,70) (68,68,68) (66,66,66) (56,56,56) (64,64,64) (78,78,78) (82,82,82) (110,110,110) (129,129,129) (145,145,145) (155,155,155) (165,165,165) (165,165,165) (169,169,169) (173,173,173) (171,171,171) (175,175,175) (175,175,175) (177,177,177) (183,183,183) (181,181,181) (177,177,177) (169,169,169) (157,157,157) (141,141,141) (120,120,120) (96,96,96) (80,80,80) (68,68,68) (80,80,80) (114,114,114) (137,137,137) (94,94,94) (92,92,92) (98,98,98) (112,112,112) (137,137,137) (62,62,62) (46,46,46) (40,40,40) (96,96,96) (88,88,88) (110,110,110) (48,48,48) (66,66,66) (58,58,58) (66,66,66) (54,54,54) (50,50,50) (64,64,64) (66,66,66) (92,92,92) (92,92,92) (96,96,96) (102,102,102) (86,86,86) (88,88,88) (80,80,80) (64,64,64) (120,120,120) (66,66,66) (50,50,50) (72,72,72) (90,90,90) (135,135,135) (124,124,124) (137,137,137) (38,38,38) (42,42,42) (141,141,141) (92,92,92) (131,131,131) (175,175,175) (203,203,203) (205,205,205) (209,209,209) (195,195,195) (145,145,145) (92,92,92) (102,102,102) (90,90,90) (120,120,120) (203,203,203) (10,10,10) (36,36,36) (40,40,40) (42,42,42) (40,40,40) (72,72,72) (72,72,72) (42,42,42) (52,52,52) (38,38,38) (56,56,56) (54,54,54) (66,66,66) (80,80,80) (72,72,72) (54,54,54) (46,46,46) (42,42,42) (60,60,60) (112,112,112) (88,88,88) (92,92,92) (72,72,72) (88,88,88) (106,106,106) (112,112,112) (122,122,122) (124,124,124) (129,129,129) (131,131,131) (129,129,129) (129,129,129) (131,131,131) (135,135,135) (135,135,135) (137,137,137) (135,135,135) (141,141,141) (143,143,143) (137,137,137) (139,139,139) (139,139,139) (141,141,141) (131,131,131) (129,129,129) (126,126,126) (131,131,131) (126,126,126) (133,133,133) (137,137,137) (143,143,143) (135,135,135) (141,141,141) (135,135,135) (137,137,137) (129,129,129) (135,135,135) (129,129,129) (126,126,126) (126,126,126) (126,126,126) (141,141,141) (137,137,137) (151,151,151) (145,145,145) (139,139,139) (137,137,137) (137,137,137) (141,141,141) (110,110,110) (104,104,104) (131,131,131) (143,143,143) (139,139,139) (135,135,135) (46,46,46) (50,50,50) (46,46,46) (42,42,42) (50,50,50) (46,46,46) (48,48,48) (54,54,54) (56,56,56) (56,56,56) (74,74,74) (62,62,62) (84,84,84) (88,88,88) (72,72,72) (90,90,90) (64,64,64) (54,54,54) (72,72,72) (44,44,44) (38,38,38) (44,44,44) (52,52,52) (153,153,153) (165,165,165) (110,110,110) (102,102,102) (141,141,141) (145,145,145) (147,147,147) (143,143,143) (143,143,143) (159,159,159) (155,155,155) (155,155,155) (155,155,155) (155,155,155) (153,153,153) (149,149,149) (145,145,145) (149,149,149) (145,145,145) (147,147,147) (143,143,143) (149,149,149) (149,149,149) (147,147,147) (147,147,147) (147,147,147) (141,141,141) (143,143,143) (145,145,145) (143,143,143) (145,145,145) (139,139,139) (143,143,143) (139,139,139) (141,141,141) (135,135,135) (133,133,133) (129,129,129) (126,126,126) (155,155,155) (179,179,179) (191,191,191) (197,197,197) (205,205,205) (205,205,205) (209,209,209) (211,211,211) (209,209,209) (209,209,209) (207,207,207) (207,207,207) (207,207,207) (209,209,209) (207,207,207) (209,209,209) (209,209,209) (209,209,209) (213,213,213) (209,209,209) (213,213,213) (213,213,213) (213,213,213) (211,211,211) (213,213,213) (213,213,213) (213,213,213) (213,213,213) (211,211,211) (213,213,213) 
(52,52,52) (54,54,54) (58,58,58) (58,58,58) (54,54,54) (64,64,64) (66,66,66) (64,64,64) (62,62,62) (62,62,62) (70,70,70) (74,74,74) (84,84,84) (104,104,104) (131,131,131) (147,147,147) (155,155,155) (161,161,161) (169,169,169) (171,171,171) (173,173,173) (175,175,175) (177,177,177) (179,179,179) (179,179,179) (177,177,177) (179,179,179) (181,181,181) (165,165,165) (153,153,153) (139,139,139) (120,120,120) (98,98,98) (64,64,64) (66,66,66) (98,98,98) (141,141,141) (100,100,100) (88,88,88) (92,92,92) (112,112,112) (143,143,143) (131,131,131) (62,62,62) (42,42,42) (50,50,50) (92,92,92) (38,38,38) (90,90,90) (64,64,64) (62,62,62) (58,58,58) (80,80,80) (66,66,66) (54,54,54) (48,48,48) (62,62,62) (106,106,106) (126,126,126) (96,96,96) (106,106,106) (106,106,106) (78,78,78) (80,80,80) (64,64,64) (70,70,70) (122,122,122) (84,84,84) (98,98,98) (84,84,84) (88,88,88) (122,122,122) (80,80,80) (120,120,120) (155,155,155) (171,171,171) (118,118,118) (133,133,133) (191,191,191) (197,197,197) (205,205,205) (201,201,201) (187,187,187) (86,86,86) (116,116,116) (88,88,88) (102,102,102) (183,183,183) (126,126,126) (40,40,40) (48,48,48) (44,44,44) (48,48,48) (38,38,38) (60,60,60) (80,80,80) (38,38,38) (48,48,48) (46,46,46) (48,48,48) (60,60,60) (68,68,68) (70,70,70) (74,74,74) (72,72,72) (42,42,42) (42,42,42) (44,44,44) (124,124,124) (82,82,82) (106,106,106) (76,76,76) (88,88,88) (98,98,98) (110,110,110) (116,116,116) (122,122,122) (133,133,133) (137,137,137) (122,122,122) (131,131,131) (131,131,131) (126,126,126) (133,133,133) (133,133,133) (139,139,139) (143,143,143) (147,147,147) (143,143,143) (143,143,143) (145,145,145) (143,143,143) (114,114,114) (66,66,66) (76,76,76) (102,102,102) (114,114,114) (126,126,126) (129,129,129) (124,124,124) (120,120,120) (118,118,118) (124,124,124) (112,112,112) (110,110,110) (116,116,116) (108,108,108) (106,106,106) (110,110,110) (112,112,112) (126,126,126) (124,124,124) (131,131,131) (112,112,112) (74,74,74) (86,86,86) (96,96,96) (110,110,110) (100,100,100) (114,114,114) (137,137,137) (147,147,147) (139,139,139) (58,58,58) (46,46,46) (44,44,44) (46,46,46) (52,52,52) (54,54,54) (48,48,48) (50,50,50) (50,50,50) (50,50,50) (62,62,62) (72,72,72) (60,60,60) (84,84,84) (78,78,78) (72,72,72) (82,82,82) (70,70,70) (50,50,50) (68,68,68) (50,50,50) (32,32,32) (40,40,40) (44,44,44) (155,155,155) (163,163,163) (106,106,106) (124,124,124) (141,141,141) (141,141,141) (145,145,145) (149,149,149) (145,145,145) (153,153,153) (155,155,155) (157,157,157) (155,155,155) (151,151,151) (151,151,151) (153,153,153) (155,155,155) (145,145,145) (151,151,151) (151,151,151) (143,143,143) (155,155,155) (147,147,147) (149,149,149) (145,145,145) (147,147,147) (149,149,149) (149,149,149) (141,141,141) (145,145,145) (145,145,145) (147,147,147) (139,139,139) (145,145,145) (139,139,139) (135,135,135) (133,133,133) (129,129,129) (131,131,131) (157,157,157) (181,181,181) (191,191,191) (201,201,201) (205,205,205) (209,209,209) (211,211,211) (211,211,211) (209,209,209) (209,209,209) (211,211,211) (211,211,211) (209,209,209) (207,207,207) (207,207,207) (211,211,211) (209,209,209) (209,209,209) (211,211,211) (211,211,211) (211,211,211) (211,211,211) (211,211,211) (213,213,213) (213,213,213) (211,211,211) (213,213,213) (213,213,213) (213,213,213) (213,213,213) 
(58,58,58) (60,60,60) (54,54,54) (64,64,64) (66,66,66) (68,68,68) (68,68,68) (62,62,62) (64,64,64) (64,64,64) (74,74,74) (78,78,78) (98,98,98) (114,114,114) (131,131,131) (149,149,149) (155,155,155) (163,163,163) (167,167,167) (173,173,173) (175,175,175) (177,177,177) (177,177,177) (179,179,179) (177,177,177) (179,179,179) (179,179,179) (173,173,173) (167,167,167) (155,155,155) (135,135,135) (116,116,116) (92,92,92) (76,76,76) (80,80,80) (157,157,157) (102,102,102) (80,80,80) (84,84,84) (100,100,100) (153,153,153) (159,159,159) (120,120,120) (56,56,56) (52,52,52) (88,88,88) (66,66,66) (36,36,36) (48,48,48) (54,54,54) (78,78,78) (52,52,52) (74,74,74) (46,46,46) (72,72,72) (58,58,58) (54,54,54) (122,122,122) (129,129,129) (106,106,106) (102,102,102) (102,102,102) (114,114,114) (84,84,84) (84,84,84) (58,58,58) (76,76,76) (124,124,124) (133,133,133) (60,60,60) (58,58,58) (70,70,70) (64,64,64) (76,76,76) (122,122,122) (120,120,120) (122,122,122) (181,181,181) (199,199,199) (207,207,207) (213,213,213) (195,195,195) (62,62,62) (104,104,104) (86,86,86) (98,98,98) (139,139,139) (217,217,217) (16,16,16) (40,40,40) (44,44,44) (50,50,50) (46,46,46) (42,42,42) (50,50,50) (72,72,72) (46,46,46) (42,42,42) (48,48,48) (52,52,52) (56,56,56) (62,62,62) (66,66,66) (76,76,76) (80,80,80) (36,36,36) (42,42,42) (46,46,46) (110,110,110) (82,82,82) (98,98,98) (74,74,74) (82,82,82) (102,102,102) (104,104,104) (120,120,120) (120,120,120) (129,129,129) (126,126,126) (122,122,122) (131,131,131) (126,126,126) (129,129,129) (131,131,131) (135,135,135) (137,137,137) (143,143,143) (145,145,145) (147,147,147) (143,143,143) (147,147,147) (141,141,141) (114,114,114) (98,98,98) (98,98,98) (86,86,86) (82,82,82) (86,86,86) (82,82,82) (92,92,92) (94,94,94) (98,98,98) (112,112,112) (104,104,104) (102,102,102) (98,98,98) (86,86,86) (88,88,88) (94,94,94) (110,110,110) (114,114,114) (116,116,116) (122,122,122) (106,106,106) (110,110,110) (98,98,98) (114,114,114) (129,129,129) (120,120,120) (139,139,139) (143,143,143) (145,145,145) (131,131,131) (42,42,42) (44,44,44) (44,44,44) (46,46,46) (52,52,52) (50,50,50) (42,42,42) (46,46,46) (58,58,58) (50,50,50) (76,76,76) (60,60,60) (58,58,58) (86,86,86) (80,80,80) (78,78,78) (78,78,78) (58,58,58) (42,42,42) (88,88,88) (64,64,64) (38,38,38) (48,48,48) (48,48,48) (137,137,137) (163,163,163) (126,126,126) (145,145,145) (145,145,145) (149,149,149) (149,149,149) (147,147,147) (145,145,145) (157,157,157) (155,155,155) (155,155,155) (151,151,151) (149,149,149) (151,151,151) (151,151,151) (151,151,151) (151,151,151) (149,149,149) (147,147,147) (147,147,147) (151,151,151) (145,145,145) (145,145,145) (145,145,145) (151,151,151) (145,145,145) (141,141,141) (145,145,145) (143,143,143) (145,145,145) (143,143,143) (143,143,143) (143,143,143) (139,139,139) (133,133,133) (131,131,131) (126,126,126) (135,135,135) (155,155,155) (183,183,183) (195,195,195) (201,201,201) (207,207,207) (211,211,211) (211,211,211) (209,209,209) (211,211,211) (209,209,209) (209,209,209) (209,209,209) (209,209,209) (205,205,205) (209,209,209) (209,209,209) (211,211,211) (207,207,207) (211,211,211) (211,211,211) (213,213,213) (213,213,213) (213,213,213) (215,215,215) (217,217,217) (213,213,213) (213,213,213) (211,211,211) (213,213,213) (211,211,211) 
(50,50,50) (56,56,56) (62,62,62) (58,58,58) (60,60,60) (64,64,64) (70,70,70) (62,62,62) (62,62,62) (66,66,66) (74,74,74) (88,88,88) (90,90,90) (112,112,112) (133,133,133) (149,149,149) (153,153,153) (165,165,165) (169,169,169) (173,173,173) (175,175,175) (177,177,177) (175,175,175) (175,175,175) (181,181,181) (179,179,179) (183,183,183) (169,169,169) (161,161,161) (155,155,155) (141,141,141) (120,120,120) (88,88,88) (80,80,80) (169,169,169) (106,106,106) (84,84,84) (82,82,82) (92,92,92) (137,137,137) (147,147,147) (122,122,122) (112,112,112) (58,58,58) (60,60,60) (56,56,56) (62,62,62) (50,50,50) (42,42,42) (60,60,60) (56,56,56) (58,58,58) (86,86,86) (50,50,50) (92,92,92) (62,62,62) (60,60,60) (133,133,133) (126,126,126) (106,106,106) (100,100,100) (98,98,98) (94,94,94) (104,104,104) (108,108,108) (100,100,100) (84,84,84) (110,110,110) (147,147,147) (82,82,82) (70,70,70) (82,82,82) (72,72,72) (114,114,114) (143,143,143) (143,143,143) (133,133,133) (112,112,112) (227,227,227) (225,225,225) (207,207,207) (157,157,157) (92,92,92) (94,94,94) (98,98,98) (153,153,153) (207,207,207) (26,26,26) (40,40,40) (42,42,42) (48,48,48) (52,52,52) (44,44,44) (40,40,40) (48,48,48) (66,66,66) (60,60,60) (42,42,42) (42,42,42) (60,60,60) (58,58,58) (60,60,60) (56,56,56) (66,66,66) (80,80,80) (42,42,42) (50,50,50) (46,46,46) (114,114,114) (84,84,84) (86,86,86) (72,72,72) (78,78,78) (96,96,96) (102,102,102) (112,112,112) (118,118,118) (124,124,124) (133,133,133) (120,120,120) (126,126,126) (126,126,126) (131,131,131) (129,129,129) (141,141,141) (135,135,135) (135,135,135) (139,139,139) (149,149,149) (149,149,149) (143,143,143) (143,143,143) (129,129,129) (126,126,126) (124,124,124) (126,126,126) (114,114,114) (112,112,112) (110,110,110) (114,114,114) (116,116,116) (122,122,122) (124,124,124) (129,129,129) (129,129,129) (129,129,129) (124,124,124) (129,129,129) (126,126,126) (129,129,129) (137,137,137) (147,147,147) (147,147,147) (161,161,161) (135,135,135) (129,129,129) (137,137,137) (139,139,139) (141,141,141) (143,143,143) (145,145,145) (139,139,139) (36,36,36) (44,44,44) (46,46,46) (46,46,46) (48,48,48) (58,58,58) (46,46,46) (46,46,46) (50,50,50) (60,60,60) (56,56,56) (72,72,72) (54,54,54) (68,68,68) (72,72,72) (72,72,72) (74,74,74) (84,84,84) (56,56,56) (54,54,54) (98,98,98) (60,60,60) (42,42,42) (46,46,46) (50,50,50) (126,126,126) (163,163,163) (120,120,120) (161,161,161) (143,143,143) (149,149,149) (149,149,149) (149,149,149) (147,147,147) (155,155,155) (153,153,153) (155,155,155) (159,159,159) (149,149,149) (153,153,153) (151,151,151) (153,153,153) (153,153,153) (151,151,151) (155,155,155) (147,147,147) (145,145,145) (149,149,149) (145,145,145) (147,147,147) (147,147,147) (149,149,149) (145,145,145) (147,147,147) (143,143,143) (145,145,145) (145,145,145) (143,143,143) (145,145,145) (137,137,137) (139,139,139) (129,129,129) (122,122,122) (137,137,137) (165,165,165) (189,189,189) (197,197,197) (205,205,205) (209,209,209) (211,211,211) (209,209,209) (211,211,211) (209,209,209) (211,211,211) (211,211,211) (209,209,209) (211,211,211) (207,207,207) (209,209,209) (209,209,209) (209,209,209) (209,209,209) (211,211,211) (211,211,211) (211,211,211) (213,213,213) (213,213,213) (213,213,213) (213,213,213) (213,213,213) (211,211,211) (213,213,213) (213,213,213) (211,211,211) 
(56,56,56) (60,60,60) (58,58,58) (52,52,52) (56,56,56) (60,60,60) (62,62,62) (58,58,58) (60,60,60) (72,72,72) (78,78,78) (82,82,82) (96,96,96) (114,114,114) (135,135,135) (147,147,147) (153,153,153) (167,167,167) (165,165,165) (177,177,177) (175,175,175) (175,175,175) (177,177,177) (179,179,179) (185,185,185) (181,181,181) (181,181,181) (173,173,173) (165,165,165) (157,157,157) (141,141,141) (118,118,118) (102,102,102) (171,171,171) (129,129,129) (78,78,78) (78,78,78) (84,84,84) (110,110,110) (139,139,139) (120,120,120) (118,118,118) (100,100,100) (74,74,74) (68,68,68) (54,54,54) (82,82,82) (44,44,44) (56,56,56) (34,34,34) (46,46,46) (48,48,48) (96,96,96) (54,54,54) (70,70,70) (60,60,60) (48,48,48) (147,147,147) (147,147,147) (114,114,114) (56,56,56) (84,84,84) (102,102,102) (102,102,102) (98,98,98) (94,94,94) (88,88,88) (86,86,86) (56,56,56) (110,110,110) (80,80,80) (104,104,104) (129,129,129) (131,131,131) (155,155,155) (137,137,137) (135,135,135) (116,116,116) (175,175,175) (219,219,219) (171,171,171) (80,80,80) (110,110,110) (100,100,100) (139,139,139) (179,179,179) (126,126,126) (48,48,48) (50,50,50) (54,54,54) (54,54,54) (52,52,52) (44,44,44) (38,38,38) (52,52,52) (56,56,56) (56,56,56) (42,42,42) (48,48,48) (60,60,60) (60,60,60) (56,56,56) (54,54,54) (60,60,60) (78,78,78) (48,48,48) (48,48,48) (52,52,52) (96,96,96) (66,66,66) (82,82,82) (80,80,80) (82,82,82) (98,98,98) (102,102,102) (116,116,116) (118,118,118) (120,120,120) (126,126,126) (122,122,122) (122,122,122) (122,122,122) (126,126,126) (126,126,126) (133,133,133) (135,135,135) (137,137,137) (139,139,139) (143,143,143) (145,145,145) (143,143,143) (145,145,145) (145,145,145) (139,139,139) (133,133,133) (124,124,124) (126,126,126) (129,129,129) (126,126,126) (122,122,122) (122,122,122) (131,131,131) (131,131,131) (135,135,135) (137,137,137) (159,159,159) (171,171,171) (181,181,181) (181,181,181) (169,169,169) (203,203,203) (201,201,201) (193,193,193) (181,181,181) (147,147,147) (133,133,133) (141,141,141) (141,141,141) (149,149,149) (141,141,141) (135,135,135) (106,106,106) (44,44,44) (44,44,44) (46,46,46) (42,42,42) (50,50,50) (50,50,50) (46,46,46) (46,46,46) (44,44,44) (60,60,60) (56,56,56) (52,52,52) (56,56,56) (74,74,74) (74,74,74) (78,78,78) (74,74,74) (76,76,76) (66,66,66) (54,54,54) (82,82,82) (68,68,68) (36,36,36) (48,48,48) (46,46,46) (102,102,102) (167,167,167) (129,129,129) (161,161,161) (143,143,143) (153,153,153) (147,147,147) (153,153,153) (147,147,147) (157,157,157) (155,155,155) (151,151,151) (151,151,151) (149,149,149) (157,157,157) (151,151,151) (155,155,155) (151,151,151) (151,151,151) (149,149,149) (147,147,147) (145,145,145) (147,147,147) (145,145,145) (149,149,149) (149,149,149) (145,145,145) (145,145,145) (141,141,141) (149,149,149) (145,145,145) (141,141,141) (147,147,147) (137,137,137) (137,137,137) (133,133,133) (131,131,131) (124,124,124) (137,137,137) (169,169,169) (191,191,191) (201,201,201) (209,209,209) (211,211,211) (211,211,211) (213,213,213) (211,211,211) (209,209,209) (209,209,209) (211,211,211) (211,211,211) (211,211,211) (211,211,211) (211,211,211) (211,211,211) (213,213,213) (213,213,213) (213,213,213) (215,215,215) (213,213,213) (215,215,215) (213,213,213) (213,213,213) (213,213,213) (211,211,211) (211,211,211) (213,213,213) (211,211,211) (211,211,211) 
(52,52,52) (54,54,54) (54,54,54) (64,64,64) (60,60,60) (66,66,66) (58,58,58) (62,62,62) (52,52,52) (62,62,62) (76,76,76) (84,84,84) (92,92,92) (112,112,112) (131,131,131) (147,147,147) (155,155,155) (161,161,161) (163,163,163) (175,175,175) (175,175,175) (179,179,179) (175,175,175) (183,183,183) (181,181,181) (181,181,181) (179,179,179) (173,173,173) (167,167,167) (155,155,155) (137,137,137) (122,122,122) (147,147,147) (139,139,139) (68,68,68) (72,72,72) (82,82,82) (84,84,84) (133,133,133) (157,157,157) (100,100,100) (116,116,116) (102,102,102) (58,58,58) (64,64,64) (52,52,52) (143,143,143) (62,62,62) (46,46,46) (38,38,38) (40,40,40) (46,46,46) (102,102,102) (60,60,60) (54,54,54) (112,112,112) (44,44,44) (151,151,151) (143,143,143) (112,112,112) (62,62,62) (74,74,74) (90,90,90) (108,108,108) (116,116,116) (90,90,90) (92,92,92) (74,74,74) (62,62,62) (78,78,78) (112,112,112) (106,106,106) (124,124,124) (126,126,126) (155,155,155) (143,143,143) (129,129,129) (120,120,120) (169,169,169) (215,215,215) (98,98,98) (106,106,106) (98,98,98) (147,147,147) (189,189,189) (195,195,195) (32,32,32) (54,54,54) (54,54,54) (54,54,54) (50,50,50) (50,50,50) (40,40,40) (48,48,48) (46,46,46) (54,54,54) (48,48,48) (54,54,54) (44,44,44) (50,50,50) (58,58,58) (60,60,60) (54,54,54) (66,66,66) (78,78,78) (58,58,58) (46,46,46) (54,54,54) (86,86,86) (56,56,56) (80,80,80) (80,80,80) (66,66,66) (82,82,82) (96,96,96) (110,110,110) (112,112,112) (110,110,110) (124,124,124) (120,120,120) (122,122,122) (120,120,120) (122,122,122) (129,129,129) (129,129,129) (129,129,129) (133,133,133) (137,137,137) (149,149,149) (143,143,143) (143,143,143) (145,145,145) (147,147,147) (137,137,137) (133,133,133) (129,129,129) (126,126,126) (126,126,126) (129,129,129) (131,131,131) (118,118,118) (122,122,122) (124,124,124) (129,129,129) (147,147,147) (155,155,155) (157,157,157) (181,181,181) (179,179,179) (161,161,161) (173,173,173) (175,175,175) (189,189,189) (177,177,177) (137,137,137) (141,141,141) (143,143,143) (151,151,151) (149,149,149) (139,139,139) (145,145,145) (46,46,46) (48,48,48) (46,46,46) (46,46,46) (46,46,46) (50,50,50) (54,54,54) (42,42,42) (40,40,40) (56,56,56) (60,60,60) (62,62,62) (52,52,52) (54,54,54) (74,74,74) (76,76,76) (78,78,78) (78,78,78) (74,74,74) (54,54,54) (66,66,66) (58,58,58) (88,88,88) (44,44,44) (46,46,46) (44,44,44) (100,100,100) (163,163,163) (143,143,143) (157,157,157) (143,143,143) (153,153,153) (147,147,147) (151,151,151) (151,151,151) (159,159,159) (157,157,157) (153,153,153) (157,157,157) (151,151,151) (155,155,155) (149,149,149) (153,153,153) (155,155,155) (149,149,149) (155,155,155) (151,151,151) (153,153,153) (145,145,145) (151,151,151) (141,141,141) (145,145,145) (147,147,147) (145,145,145) (143,143,143) (151,151,151) (141,141,141) (139,139,139) (145,145,145) (143,143,143) (143,143,143) (135,135,135) (129,129,129) (122,122,122) (143,143,143) (171,171,171) (193,193,193) (203,203,203) (211,211,211) (213,213,213) (213,213,213) (211,211,211) (211,211,211) (213,213,213) (211,211,211) (211,211,211) (211,211,211) (211,211,211) (211,211,211) (211,211,211) (213,213,213) (211,211,211) (213,213,213) (213,213,213) (215,215,215) (215,215,215) (213,213,213) (213,213,213) (211,211,211) (211,211,211) (209,209,209) (209,209,209) (211,211,211) (209,209,209) (207,207,207) 
(58,58,58) (54,54,54) (52,52,52) (54,54,54) (60,60,60) (64,64,64) (64,64,64) (58,58,58) (52,52,52) (62,62,62) (84,84,84) (88,88,88) (92,92,92) (110,110,110) (129,129,129) (145,145,145) (153,153,153) (163,163,163) (167,167,167) (173,173,173) (173,173,173) (179,179,179) (177,177,177) (181,181,181) (179,179,179) (181,181,181) (177,177,177) (175,175,175) (167,167,167) (177,177,177) (161,161,161) (135,135,135) (126,126,126) (68,68,68) (64,64,64) (70,70,70) (80,80,80) (108,108,108) (133,133,133) (129,129,129) (104,104,104) (106,106,106) (88,88,88) (64,64,64) (86,86,86) (100,100,100) (122,122,122) (54,54,54) (40,40,40) (44,44,44) (40,40,40) (88,88,88) (106,106,106) (78,78,78) (52,52,52) (110,110,110) (58,58,58) (167,167,167) (155,155,155) (126,126,126) (60,60,60) (58,58,58) (80,80,80) (74,74,74) (80,80,80) (126,126,126) (104,104,104) (86,86,86) (84,84,84) (72,72,72) (90,90,90) (98,98,98) (137,137,137) (135,135,135) (161,161,161) (131,131,131) (114,114,114) (165,165,165) (207,207,207) (133,133,133) (100,100,100) (114,114,114) (153,153,153) (189,189,189) (173,173,173) (40,40,40) (46,46,46) (54,54,54) (44,44,44) (52,52,52) (60,60,60) (52,52,52) (50,50,50) (44,44,44) (46,46,46) (48,48,48) (48,48,48) (52,52,52) (50,50,50) (46,46,46) (58,58,58) (56,56,56) (56,56,56) (62,62,62) (68,68,68) (68,68,68) (44,44,44) (54,54,54) (70,70,70) (54,54,54) (78,78,78) (78,78,78) (74,74,74) (82,82,82) (98,98,98) (106,106,106) (104,104,104) (112,112,112) (114,114,114) (116,116,116) (118,118,118) (118,118,118) (122,122,122) (124,124,124) (129,129,129) (124,124,124) (129,129,129) (131,131,131) (143,143,143) (145,145,145) (143,143,143) (149,149,149) (145,145,145) (141,141,141) (141,141,141) (133,133,133) (129,129,129) (124,124,124) (124,124,124) (122,122,122) (129,129,129) (133,133,133) (129,129,129) (129,129,129) (141,141,141) (143,143,143) (149,149,149) (149,149,149) (155,155,155) (153,153,153) (143,143,143) (141,141,141) (151,151,151) (141,141,141) (129,129,129) (143,143,143) (145,145,145) (149,149,149) (143,143,143) (135,135,135) (80,80,80) (50,50,50) (40,40,40) (48,48,48) (46,46,46) (48,48,48) (46,46,46) (50,50,50) (48,48,48) (38,38,38) (52,52,52) (54,54,54) (58,58,58) (46,46,46) (58,58,58) (80,80,80) (76,76,76) (80,80,80) (92,92,92) (68,68,68) (60,60,60) (72,72,72) (62,62,62) (86,86,86) (48,48,48) (46,46,46) (48,48,48) (82,82,82) (167,167,167) (151,151,151) (151,151,151) (143,143,143) (153,153,153) (145,145,145) (151,151,151) (153,153,153) (155,155,155) (153,153,153) (155,155,155) (157,157,157) (155,155,155) (157,157,157) (151,151,151) (151,151,151) (151,151,151) (151,151,151) (151,151,151) (153,153,153) (147,147,147) (149,149,149) (151,151,151) (147,147,147) (147,147,147) (145,145,145) (143,143,143) (141,141,141) (147,147,147) (145,145,145) (145,145,145) (145,145,145) (141,141,141) (135,135,135) (135,135,135) (124,124,124) (120,120,120) (141,141,141) (171,171,171) (195,195,195) (207,207,207) (209,209,209) (215,215,215) (213,213,213) (213,213,213) (211,211,211) (209,209,209) (211,211,211) (213,213,213) (211,211,211) (211,211,211) (213,213,213) (213,213,213) (213,213,213) (211,211,211) (213,213,213) (215,215,215) (213,213,213) (213,213,213) (211,211,211) (209,209,209) (207,207,207) (205,205,205) (211,211,211) (205,205,205) (205,205,205) (205,205,205) (205,205,205) 
(60,60,60) (50,50,50) (54,54,54) (58,58,58) (56,56,56) (58,58,58) (58,58,58) (56,56,56) (54,54,54) (64,64,64) (78,78,78) (88,88,88) (90,90,90) (104,104,104) (129,129,129) (143,143,143) (153,153,153) (161,161,161) (167,167,167) (171,171,171) (173,173,173) (179,179,179) (179,179,179) (177,177,177) (179,179,179) (179,179,179) (181,181,181) (173,173,173) (165,165,165) (161,161,161) (157,157,157) (129,129,129) (94,94,94) (66,66,66) (68,68,68) (76,76,76) (86,86,86) (139,139,139) (155,155,155) (102,102,102) (102,102,102) (116,116,116) (66,66,66) (54,54,54) (52,52,52) (157,157,157) (82,82,82) (42,42,42) (48,48,48) (42,42,42) (42,42,42) (88,88,88) (80,80,80) (62,62,62) (90,90,90) (100,100,100) (60,60,60) (189,189,189) (106,106,106) (102,102,102) (118,118,118) (58,58,58) (80,80,80) (106,106,106) (50,50,50) (90,90,90) (129,129,129) (120,120,120) (74,74,74) (102,102,102) (116,116,116) (94,94,94) (169,169,169) (159,159,159) (143,143,143) (139,139,139) (108,108,108) (183,183,183) (211,211,211) (76,76,76) (126,126,126) (183,183,183) (171,171,171) (181,181,181) (68,68,68) (56,56,56) (58,58,58) (56,56,56) (52,52,52) (56,56,56) (64,64,64) (56,56,56) (56,56,56) (50,50,50) (50,50,50) (54,54,54) (50,50,50) (44,44,44) (54,54,54) (52,52,52) (48,48,48) (66,66,66) (56,56,56) (66,66,66) (70,70,70) (58,58,58) (46,46,46) (58,58,58) (82,82,82) (64,64,64) (86,86,86) (68,68,68) (68,68,68) (72,72,72) (90,90,90) (104,104,104) (104,104,104) (112,112,112) (112,112,112) (114,114,114) (114,114,114) (116,116,116) (120,120,120) (122,122,122) (126,126,126) (129,129,129) (129,129,129) (131,131,131) (139,139,139) (139,139,139) (143,143,143) (143,143,143) (145,145,145) (143,143,143) (139,139,139) (131,131,131) (133,133,133) (129,129,129) (124,124,124) (122,122,122) (122,122,122) (126,126,126) (126,126,126) (126,126,126) (124,124,124) (137,137,137) (139,139,139) (137,137,137) (145,145,145) (139,139,139) (143,143,143) (137,137,137) (135,135,135) (129,129,129) (143,143,143) (149,149,149) (147,147,147) (149,149,149) (133,133,133) (129,129,129) (58,58,58) (50,50,50) (48,48,48) (48,48,48) (44,44,44) (56,56,56) (46,46,46) (46,46,46) (50,50,50) (46,46,46) (50,50,50) (58,58,58) (54,54,54) (54,54,54) (56,56,56) (84,84,84) (62,62,62) (74,74,74) (96,96,96) (74,74,74) (68,68,68) (64,64,64) (52,52,52) (98,98,98) (44,44,44) (46,46,46) (46,46,46) (108,108,108) (165,165,165) (159,159,159) (153,153,153) (143,143,143) (155,155,155) (149,149,149) (149,149,149) (153,153,153) (157,157,157) (153,153,153) (155,155,155) (151,151,151) (153,153,153) (149,149,149) (155,155,155) (153,153,153) (149,149,149) (149,149,149) (151,151,151) (147,147,147) (153,153,153) (147,147,147) (147,147,147) (153,153,153) (147,147,147) (145,145,145) (143,143,143) (149,149,149) (145,145,145) (145,145,145) (145,145,145) (139,139,139) (141,141,141) (135,135,135) (131,131,131) (129,129,129) (120,120,120) (143,143,143) (169,169,169) (201,201,201) (211,211,211) (215,215,215) (215,215,215) (213,213,213) (211,211,211) (211,211,211) (211,211,211) (211,211,211) (211,211,211) (215,215,215) (215,215,215) (215,215,215) (213,213,213) (213,213,213) (213,213,213) (215,215,215) (215,215,215) (213,213,213) (211,211,211) (209,209,209) (209,209,209) (207,207,207) (205,205,205) (205,205,205) (203,203,203) (203,203,203) (203,203,203) (205,205,205) 
(48,48,48) (46,46,46) (50,50,50) (50,50,50) (52,52,52) (52,52,52) (54,54,54) (54,54,54) (52,52,52) (58,58,58) (82,82,82) (90,90,90) (90,90,90) (102,102,102) (129,129,129) (143,143,143) (149,149,149) (159,159,159) (161,161,161) (173,173,173) (179,179,179) (179,179,179) (177,177,177) (181,181,181) (177,177,177) (179,179,179) (181,181,181) (173,173,173) (165,165,165) (157,157,157) (139,139,139) (114,114,114) (86,86,86) (74,74,74) (68,68,68) (74,74,74) (110,110,110) (159,159,159) (108,108,108) (102,102,102) (112,112,112) (114,114,114) (74,74,74) (52,52,52) (54,54,54) (165,165,165) (74,74,74) (42,42,42) (52,52,52) (46,46,46) (42,42,42) (110,110,110) (68,68,68) (54,54,54) (90,90,90) (88,88,88) (64,64,64) (181,181,181) (112,112,112) (60,60,60) (147,147,147) (88,88,88) (100,100,100) (126,126,126) (68,68,68) (62,62,62) (82,82,82) (135,135,135) (90,90,90) (131,131,131) (124,124,124) (98,98,98) (129,129,129) (179,179,179) (122,122,122) (143,143,143) (114,114,114) (169,169,169) (211,211,211) (133,133,133) (169,169,169) (137,137,137) (213,213,213) (74,74,74) (54,54,54) (54,54,54) (56,56,56) (54,54,54) (50,50,50) (60,60,60) (62,62,62) (54,54,54) (58,58,58) (52,52,52) (54,54,54) (52,52,52) (56,56,56) (48,48,48) (60,60,60) (60,60,60) (60,60,60) (64,64,64) (64,64,64) (62,62,62) (74,74,74) (74,74,74) (60,60,60) (48,48,48) (68,68,68) (64,64,64) (88,88,88) (80,80,80) (60,60,60) (80,80,80) (78,78,78) (98,98,98) (102,102,102) (102,102,102) (104,104,104) (114,114,114) (120,120,120) (122,122,122) (116,116,116) (120,120,120) (124,124,124) (133,133,133) (131,131,131) (133,133,133) (135,135,135) (139,139,139) (139,139,139) (139,139,139) (143,143,143) (141,141,141) (143,143,143) (135,135,135) (133,133,133) (131,131,131) (129,129,129) (129,129,129) (129,129,129) (126,126,126) (122,122,122) (118,118,118) (122,122,122) (129,129,129) (126,126,126) (135,135,135) (139,139,139) (126,126,126) (124,124,124) (126,126,126) (129,129,129) (151,151,151) (149,149,149) (147,147,147) (149,149,149) (139,139,139) (139,139,139) (70,70,70) (50,50,50) (38,38,38) (46,46,46) (42,42,42) (46,46,46) (56,56,56) (38,38,38) (56,56,56) (48,48,48) (58,58,58) (50,50,50) (62,62,62) (60,60,60) (48,48,48) (60,60,60) (86,86,86) (70,70,70) (78,78,78) (94,94,94) (60,60,60) (80,80,80) (58,58,58) (60,60,60) (108,108,108) (46,46,46) (44,44,44) (42,42,42) (98,98,98) (167,167,167) (159,159,159) (149,149,149) (143,143,143) (153,153,153) (151,151,151) (149,149,149) (151,151,151) (155,155,155) (153,153,153) (153,153,153) (153,153,153) (155,155,155) (151,151,151) (153,153,153) (155,155,155) (155,155,155) (151,151,151) (151,151,151) (153,153,153) (151,151,151) (151,151,151) (147,147,147) (149,149,149) (151,151,151) (143,143,143) (143,143,143) (143,143,143) (143,143,143) (143,143,143) (143,143,143) (137,137,137) (139,139,139) (129,129,129) (131,131,131) (122,122,122) (114,114,114) (139,139,139) (177,177,177) (199,199,199) (213,213,213) (215,215,215) (217,217,217) (215,215,215) (213,213,213) (211,211,211) (211,211,211) (213,213,213) (213,213,213) (213,213,213) (215,215,215) (217,217,217) (217,217,217) (213,213,213) (215,215,215) (213,213,213) (211,211,211) (211,211,211) (207,207,207) (205,205,205) (205,205,205) (205,205,205) (205,205,205) (203,203,203) (205,205,205) (203,203,203) (205,205,205) (205,205,205) 
(56,56,56) (50,50,50) (52,52,52) (50,50,50) (50,50,50) (52,52,52) (52,52,52) (50,50,50) (54,54,54) (62,62,62) (88,88,88) (92,92,92) (88,88,88) (98,98,98) (124,124,124) (137,137,137) (145,145,145) (157,157,157) (159,159,159) (173,173,173) (175,175,175) (179,179,179) (181,181,181) (177,177,177) (175,175,175) (181,181,181) (179,179,179) (173,173,173) (167,167,167) (153,153,153) (135,135,135) (118,118,118) (86,86,86) (66,66,66) (64,64,64) (74,74,74) (139,139,139) (126,126,126) (94,94,94) (106,106,106) (110,110,110) (90,90,90) (48,48,48) (60,60,60) (66,66,66) (159,159,159) (62,62,62) (38,38,38) (50,50,50) (42,42,42) (54,54,54) (90,90,90) (54,54,54) (44,44,44) (50,50,50) (94,94,94) (110,110,110) (193,193,193) (145,145,145) (54,54,54) (106,106,106) (126,126,126) (110,110,110) (135,135,135) (62,62,62) (68,68,68) (50,50,50) (78,78,78) (153,153,153) (126,126,126) (88,88,88) (143,143,143) (50,50,50) (147,147,147) (102,102,102) (147,147,147) (122,122,122) (185,185,185) (197,197,197) (143,143,143) (157,157,157) (219,219,219) (114,114,114) (50,50,50) (52,52,52) (44,44,44) (50,50,50) (56,56,56) (56,56,56) (52,52,52) (54,54,54) (56,56,56) (44,44,44) (46,46,46) (50,50,50) (58,58,58) (48,48,48) (48,48,48) (56,56,56) (60,60,60) (66,66,66) (54,54,54) (66,66,66) (58,58,58) (62,62,62) (68,68,68) (52,52,52) (52,52,52) (62,62,62) (80,80,80) (76,76,76) (74,74,74) (58,58,58) (64,64,64) (70,70,70) (82,82,82) (98,98,98) (108,108,108) (104,104,104) (102,102,102) (108,108,108) (112,112,112) (118,118,118) (122,122,122) (122,122,122) (129,129,129) (129,129,129) (129,129,129) (133,133,133) (135,135,135) (137,137,137) (139,139,139) (141,141,141) (139,139,139) (139,139,139) (139,139,139) (135,135,135) (135,135,135) (133,133,133) (129,129,129) (131,131,131) (126,126,126) (124,124,124) (124,124,124) (116,116,116) (116,116,116) (114,114,114) (118,118,118) (116,116,116) (114,114,114) (118,118,118) (133,133,133) (147,147,147) (151,151,151) (149,149,149) (141,141,141) (147,147,147) (137,137,137) (54,54,54) (88,88,88) (40,40,40) (48,48,48) (40,40,40) (42,42,42) (46,46,46) (48,48,48) (48,48,48) (60,60,60) (58,58,58) (56,56,56) (52,52,52) (48,48,48) (54,54,54) (46,46,46) (60,60,60) (108,108,108) (68,68,68) (82,82,82) (102,102,102) (70,70,70) (68,68,68) (64,64,64) (60,60,60) (88,88,88) (48,48,48) (52,52,52) (52,52,52) (102,102,102) (159,159,159) (159,159,159) (151,151,151) (149,149,149) (151,151,151) (147,147,147) (155,155,155) (151,151,151) (155,155,155) (153,153,153) (153,153,153) (157,157,157) (153,153,153) (157,157,157) (149,149,149) (153,153,153) (155,155,155) (155,155,155) (153,153,153) (155,155,155) (153,153,153) (149,149,149) (149,149,149) (149,149,149) (149,149,149) (143,143,143) (145,145,145) (145,145,145) (147,147,147) (145,145,145) (143,143,143) (143,143,143) (139,139,139) (135,135,135) (131,131,131) (122,122,122) (116,116,116) (131,131,131) (175,175,175) (199,199,199) (215,215,215) (217,217,217) (217,217,217) (215,215,215) (213,213,213) (213,213,213) (213,213,213) (211,211,211) (215,215,215) (215,215,215) (217,217,217) (219,219,219) (217,217,217) (213,213,213) (213,213,213) (209,209,209) (209,209,209) (203,203,203) (203,203,203) (205,205,205) (205,205,205) (207,207,207) (207,207,207) (209,209,209) (207,207,207) (209,209,209) (209,209,209) (209,209,209) 
(54,54,54) (50,50,50) (52,52,52) (58,58,58) (44,44,44) (52,52,52) (48,48,48) (46,46,46) (52,52,52) (74,74,74) (96,96,96) (96,96,96) (92,92,92) (100,100,100) (124,124,124) (137,137,137) (145,145,145) (155,155,155) (159,159,159) (171,171,171) (179,179,179) (177,177,177) (179,179,179) (183,183,183) (179,179,179) (185,185,185) (179,179,179) (173,173,173) (163,163,163) (159,159,159) (141,141,141) (122,122,122) (88,88,88) (68,68,68) (64,64,64) (76,76,76) (143,143,143) (104,104,104) (94,94,94) (104,104,104) (106,106,106) (60,60,60) (52,52,52) (56,56,56) (90,90,90) (145,145,145) (72,72,72) (44,44,44) (40,40,40) (38,38,38) (82,82,82) (92,92,92) (66,66,66) (50,50,50) (42,42,42) (54,54,54) (157,157,157) (143,143,143) (155,155,155) (90,90,90) (88,88,88) (153,153,153) (114,114,114) (129,129,129) (82,82,82) (86,86,86) (76,76,76) (129,129,129) (118,118,118) (135,135,135) (129,129,129) (98,98,98) (76,76,76) (133,133,133) (80,80,80) (135,135,135) (108,108,108) (209,209,209) (141,141,141) (193,193,193) (213,213,213) (139,139,139) (50,50,50) (50,50,50) (48,48,48) (60,60,60) (56,56,56) (52,52,52) (54,54,54) (56,56,56) (56,56,56) (62,62,62) (48,48,48) (50,50,50) (54,54,54) (54,54,54) (40,40,40) (48,48,48) (48,48,48) (54,54,54) (54,54,54) (52,52,52) (56,56,56) (58,58,58) (54,54,54) (64,64,64) (54,54,54) (46,46,46) (54,54,54) (68,68,68) (66,66,66) (84,84,84) (64,64,64) (72,72,72) (78,78,78) (78,78,78) (90,90,90) (90,90,90) (100,100,100) (102,102,102) (102,102,102) (104,104,104) (114,114,114) (116,116,116) (120,120,120) (126,126,126) (126,126,126) (131,131,131) (129,129,129) (135,135,135) (137,137,137) (135,135,135) (137,137,137) (141,141,141) (139,139,139) (137,137,137) (135,135,135) (133,133,133) (133,133,133) (133,133,133) (131,131,131) (133,133,133) (133,133,133) (141,141,141) (137,137,137) (129,129,129) (126,126,126) (133,133,133) (137,137,137) (139,139,139) (145,145,145) (147,147,147) (149,149,149) (153,153,153) (135,135,135) (139,139,139) (143,143,143) (145,145,145) (46,46,46) (86,86,86) (48,48,48) (42,42,42) (42,42,42) (46,46,46) (48,48,48) (62,62,62) (58,58,58) (48,48,48) (78,78,78) (58,58,58) (58,58,58) (54,54,54) (56,56,56) (42,42,42) (56,56,56) (116,116,116) (74,74,74) (80,80,80) (102,102,102) (74,74,74) (74,74,74) (58,58,58) (64,64,64) (98,98,98) (52,52,52) (46,46,46) (52,52,52) (100,100,100) (175,175,175) (163,163,163) (149,149,149) (149,149,149) (145,145,145) (143,143,143) (155,155,155) (153,153,153) (155,155,155) (155,155,155) (155,155,155) (155,155,155) (153,153,153) (157,157,157) (153,153,153) (157,157,157) (155,155,155) (157,157,157) (151,151,151) (157,157,157) (157,157,157) (151,151,151) (151,151,151) (151,151,151) (147,147,147) (145,145,145) (143,143,143) (147,147,147) (143,143,143) (143,143,143) (143,143,143) (139,139,139) (137,137,137) (131,131,131) (135,135,135) (122,122,122) (116,116,116) (133,133,133) (179,179,179) (205,205,205) (215,215,215) (219,219,219) (217,217,217) (215,215,215) (213,213,213) (215,215,215) (213,213,213) (213,213,213) (215,215,215) (217,217,217) (215,215,215) (215,215,215) (215,215,215) (211,211,211) (209,209,209) (209,209,209) (207,207,207) (207,207,207) (207,207,207) (207,207,207) (209,209,209) (209,209,209) (209,209,209) (207,207,207) (209,209,209) (209,209,209) (211,211,211) (213,213,213) 
(62,62,62) (46,46,46) (52,52,52) (52,52,52) (52,52,52) (46,46,46) (52,52,52) (50,50,50) (52,52,52) (84,84,84) (98,98,98) (98,98,98) (94,94,94) (108,108,108) (124,124,124) (135,135,135) (143,143,143) (151,151,151) (163,163,163) (171,171,171) (177,177,177) (175,175,175) (177,177,177) (177,177,177) (177,177,177) (181,181,181) (181,181,181) (175,175,175) (167,167,167) (155,155,155) (143,143,143) (126,126,126) (88,88,88) (70,70,70) (66,66,66) (72,72,72) (139,139,139) (118,118,118) (88,88,88) (98,98,98) (88,88,88) (76,76,76) (58,58,58) (66,66,66) (68,68,68) (108,108,108) (58,58,58) (52,52,52) (42,42,42) (42,42,42) (82,82,82) (86,86,86) (52,52,52) (68,68,68) (46,46,46) (56,56,56) (167,167,167) (122,122,122) (139,139,139) (145,145,145) (66,66,66) (151,151,151) (133,133,133) (122,122,122) (104,104,104) (118,118,118) (135,135,135) (78,78,78) (72,72,72) (126,126,126) (137,137,137) (64,64,64) (46,46,46) (139,139,139) (112,112,112) (139,139,139) (118,118,118) (207,207,207) (195,195,195) (183,183,183) (205,205,205) (32,32,32) (50,50,50) (52,52,52) (48,48,48) (44,44,44) (50,50,50) (50,50,50) (48,48,48) (58,58,58) (52,52,52) (58,58,58) (52,52,52) (44,44,44) (48,48,48) (58,58,58) (50,50,50) (54,54,54) (52,52,52) (50,50,50) (58,58,58) (52,52,52) (56,56,56) (50,50,50) (58,58,58) (64,64,64) (62,62,62) (44,44,44) (50,50,50) (64,64,64) (56,56,56) (68,68,68) (56,56,56) (54,54,54) (72,72,72) (68,68,68) (84,84,84) (84,84,84) (90,90,90) (100,100,100) (102,102,102) (110,110,110) (110,110,110) (120,120,120) (124,124,124) (131,131,131) (124,124,124) (131,131,131) (131,131,131) (129,129,129) (135,135,135) (137,137,137) (139,139,139) (137,137,137) (137,137,137) (135,135,135) (137,137,137) (135,135,135) (135,135,135) (139,139,139) (135,135,135) (139,139,139) (145,145,145) (147,147,147) (147,147,147) (155,155,155) (159,159,159) (155,155,155) (155,155,155) (151,151,151) (157,157,157) (151,151,151) (155,155,155) (149,149,149) (137,137,137) (147,147,147) (135,135,135) (50,50,50) (42,42,42) (68,68,68) (62,62,62) (42,42,42) (42,42,42) (48,48,48) (44,44,44) (58,58,58) (50,50,50) (54,54,54) (56,56,56) (54,54,54) (52,52,52) (56,56,56) (50,50,50) (44,44,44) (58,58,58) (114,114,114) (70,70,70) (80,80,80) (94,94,94) (70,70,70) (72,72,72) (66,66,66) (68,68,68) (86,86,86) (50,50,50) (50,50,50) (54,54,54) (90,90,90) (165,165,165) (159,159,159) (145,145,145) (157,157,157) (143,143,143) (147,147,147) (155,155,155) (151,151,151) (155,155,155) (155,155,155) (155,155,155) (153,153,153) (155,155,155) (153,153,153) (153,153,153) (151,151,151) (153,153,153) (155,155,155) (149,149,149) (151,151,151) (149,149,149) (151,151,151) (145,145,145) (147,147,147) (147,147,147) (149,149,149) (147,147,147) (143,143,143) (145,145,145) (141,141,141) (143,143,143) (139,139,139) (137,137,137) (133,133,133) (126,126,126) (120,120,120) (114,114,114) (129,129,129) (181,181,181) (205,205,205) (217,217,217) (217,217,217) (217,217,217) (219,219,219) (213,213,213) (213,213,213) (213,213,213) (217,217,217) (217,217,217) (215,215,215) (215,215,215) (213,213,213) (211,211,211) (209,209,209) (207,207,207) (209,209,209) (207,207,207) (211,211,211) (211,211,211) (211,211,211) (207,207,207) (211,211,211) (211,211,211) (211,211,211) (211,211,211) (211,211,211) (209,209,209) (209,209,209) 
(52,52,52) (54,54,54) (54,54,54) (50,50,50) (50,50,50) (46,46,46) (40,40,40) (46,46,46) (52,52,52) (90,90,90) (104,104,104) (104,104,104) (102,102,102) (108,108,108) (124,124,124) (137,137,137) (145,145,145) (151,151,151) (161,161,161) (171,171,171) (173,173,173) (177,177,177) (177,177,177) (177,177,177) (179,179,179) (179,179,179) (179,179,179) (173,173,173) (165,165,165) (157,157,157) (139,139,139) (126,126,126) (96,96,96) (74,74,74) (66,66,66) (70,70,70) (114,114,114) (124,124,124) (104,104,104) (98,98,98) (94,94,94) (70,70,70) (68,68,68) (90,90,90) (68,68,68) (62,62,62) (62,62,62) (46,46,46) (40,40,40) (40,40,40) (92,92,92) (80,80,80) (50,50,50) (68,68,68) (56,56,56) (46,46,46) (157,157,157) (124,124,124) (129,129,129) (94,94,94) (135,135,135) (80,80,80) (161,161,161) (122,122,122) (112,112,112) (114,114,114) (86,86,86) (76,76,76) (92,92,92) (112,112,112) (145,145,145) (80,80,80) (64,64,64) (131,131,131) (64,64,64) (129,129,129) (139,139,139) (221,221,221) (199,199,199) (233,233,233) (48,48,48) (54,54,54) (46,46,46) (46,46,46) (52,52,52) (54,54,54) (50,50,50) (48,48,48) (54,54,54) (54,54,54) (58,58,58) (64,64,64) (58,58,58) (38,38,38) (48,48,48) (56,56,56) (46,46,46) (56,56,56) (50,50,50) (48,48,48) (50,50,50) (60,60,60) (58,58,58) (54,54,54) (62,62,62) (68,68,68) (64,64,64) (44,44,44) (50,50,50) (62,62,62) (54,54,54) (60,60,60) (62,62,62) (52,52,52) (70,70,70) (68,68,68) (76,76,76) (90,90,90) (88,88,88) (100,100,100) (104,104,104) (106,106,106) (110,110,110) (112,112,112) (122,122,122) (129,129,129) (124,124,124) (131,131,131) (131,131,131) (133,133,133) (135,135,135) (135,135,135) (137,137,137) (137,137,137) (143,143,143) (141,141,141) (139,139,139) (145,145,145) (143,143,143) (149,149,149) (143,143,143) (145,145,145) (151,151,151) (157,157,157) (165,165,165) (165,165,165) (169,169,169) (163,163,163) (157,157,157) (157,157,157) (157,157,157) (155,155,155) (151,151,151) (145,145,145) (147,147,147) (145,145,145) (149,149,149) (44,44,44) (48,48,48) (70,70,70) (44,44,44) (42,42,42) (44,44,44) (50,50,50) (50,50,50) (48,48,48) (54,54,54) (54,54,54) (58,58,58) (64,64,64) (48,48,48) (56,56,56) (50,50,50) (42,42,42) (56,56,56) (118,118,118) (66,66,66) (80,80,80) (98,98,98) (76,76,76) (78,78,78) (68,68,68) (84,84,84) (78,78,78) (64,64,64) (48,48,48) (60,60,60) (76,76,76) (163,163,163) (169,169,169) (149,149,149) (161,161,161) (137,137,137) (153,153,153) (153,153,153) (159,159,159) (155,155,155) (157,157,157) (155,155,155) (153,153,153) (149,149,149) (157,157,157) (155,155,155) (153,153,153) (151,151,151) (147,147,147) (151,151,151) (153,153,153) (157,157,157) (153,153,153) (147,147,147) (151,151,151) (147,147,147) (153,153,153) (143,143,143) (145,145,145) (147,147,147) (143,143,143) (139,139,139) (141,141,141) (137,137,137) (129,129,129) (124,124,124) (122,122,122) (118,118,118) (124,124,124) (185,185,185) (207,207,207) (217,217,217) (219,219,219) (219,219,219) (217,217,217) (215,215,215) (213,213,213) (215,215,215) (215,215,215) (213,213,213) (213,213,213) (211,211,211) (213,213,213) (211,211,211) (211,211,211) (213,213,213) (211,211,211) (213,213,213) (213,213,213) (211,211,211) (211,211,211) (211,211,211) (213,213,213) (209,209,209) (209,209,209) (209,209,209) (209,209,209) (207,207,207) (207,207,207) 
(48,48,48) (52,52,52) (48,48,48) (48,48,48) (48,48,48) (52,52,52) (52,52,52) (48,48,48) (68,68,68) (98,98,98) (102,102,102) (102,102,102) (98,98,98) (110,110,110) (129,129,129) (137,137,137) (143,143,143) (151,151,151) (159,159,159) (169,169,169) (175,175,175) (177,177,177) (177,177,177) (175,175,175) (177,177,177) (181,181,181) (179,179,179) (173,173,173) (165,165,165) (153,153,153) (139,139,139) (122,122,122) (96,96,96) (76,76,76) (64,64,64) (74,74,74) (90,90,90) (120,120,120) (104,104,104) (104,104,104) (70,70,70) (78,78,78) (76,76,76) (96,96,96) (88,88,88) (58,58,58) (52,52,52) (44,44,44) (40,40,40) (44,44,44) (100,100,100) (70,70,70) (40,40,40) (60,60,60) (62,62,62) (54,54,54) (151,151,151) (90,90,90) (104,104,104) (116,116,116) (114,114,114) (96,96,96) (135,135,135) (131,131,131) (112,112,112) (106,106,106) (100,100,100) (86,86,86) (72,72,72) (72,72,72) (126,126,126) (114,114,114) (129,129,129) (133,133,133) (60,60,60) (126,126,126) (96,96,96) (165,165,165) (217,217,217) (36,36,36) (50,50,50) (50,50,50) (46,46,46) (50,50,50) (54,54,54) (54,54,54) (50,50,50) (54,54,54) (58,58,58) (54,54,54) (54,54,54) (64,64,64) (52,52,52) (40,40,40) (54,54,54) (62,62,62) (54,54,54) (54,54,54) (56,56,56) (44,44,44) (46,46,46) (48,48,48) (60,60,60) (56,56,56) (56,56,56) (68,68,68) (58,58,58) (48,48,48) (48,48,48) (58,58,58) (66,66,66) (58,58,58) (70,70,70) (50,50,50) (60,60,60) (78,78,78) (60,60,60) (64,64,64) (80,80,80) (88,88,88) (94,94,94) (102,102,102) (106,106,106) (114,114,114) (118,118,118) (122,122,122) (133,133,133) (133,133,133) (131,131,131) (131,131,131) (137,137,137) (135,135,135) (135,135,135) (141,141,141) (141,141,141) (141,141,141) (143,143,143) (147,147,147) (151,151,151) (157,157,157) (155,155,155) (149,149,149) (151,151,151) (169,169,169) (165,165,165) (169,169,169) (173,173,173) (171,171,171) (161,161,161) (161,161,161) (155,155,155) (155,155,155) (151,151,151) (147,147,147) (151,151,151) (145,145,145) (54,54,54) (38,38,38) (54,54,54) (52,52,52) (42,42,42) (42,42,42) (50,50,50) (48,48,48) (52,52,52) (58,58,58) (70,70,70) (58,58,58) (74,74,74) (50,50,50) (50,50,50) (48,48,48) (48,48,48) (54,54,54) (58,58,58) (114,114,114) (72,72,72) (80,80,80) (104,104,104) (84,84,84) (72,72,72) (68,68,68) (76,76,76) (76,76,76) (74,74,74) (58,58,58) (54,54,54) (60,60,60) (173,173,173) (163,163,163) (151,151,151) (161,161,161) (137,137,137) (155,155,155) (151,151,151) (157,157,157) (155,155,155) (155,155,155) (153,153,153) (157,157,157) (153,153,153) (155,155,155) (153,153,153) (149,149,149) (153,153,153) (149,149,149) (151,151,151) (149,149,149) (153,153,153) (153,153,153) (145,145,145) (147,147,147) (151,151,151) (147,147,147) (145,145,145) (143,143,143) (143,143,143) (135,135,135) (141,141,141) (139,139,139) (137,137,137) (129,129,129) (126,126,126) (120,120,120) (112,112,112) (133,133,133) (191,191,191) (209,209,209) (217,217,217) (217,217,217) (217,217,217) (219,219,219) (215,215,215) (213,213,213) (213,213,213) (213,213,213) (213,213,213) (209,209,209) (213,213,213) (213,213,213) (211,211,211) (211,211,211) (211,211,211) (211,211,211) (213,213,213) (211,211,211) (211,211,211) (211,211,211) (205,205,205) (207,207,207) (207,207,207) (207,207,207) (207,207,207) (207,207,207) (203,203,203) (205,205,205) 
(44,44,44) (50,50,50) (48,48,48) (50,50,50) (46,46,46) (48,48,48) (48,48,48) (52,52,52) (64,64,64) (90,90,90) (108,108,108) (106,106,106) (96,96,96) (112,112,112) (133,133,133) (133,133,133) (141,141,141) (153,153,153) (161,161,161) (169,169,169) (175,175,175) (175,175,175) (173,173,173) (175,175,175) (177,177,177) (175,175,175) (179,179,179) (173,173,173) (163,163,163) (153,153,153) (139,139,139) (118,118,118) (98,98,98) (76,76,76) (66,66,66) (78,78,78) (88,88,88) (110,110,110) (90,90,90) (108,108,108) (74,74,74) (70,70,70) (76,76,76) (74,74,74) (96,96,96) (64,64,64) (64,64,64) (48,48,48) (38,38,38) (44,44,44) (100,100,100) (70,70,70) (48,48,48) (52,52,52) (62,62,62) (74,74,74) (120,120,120) (72,72,72) (110,110,110) (72,72,72) (110,110,110) (131,131,131) (110,110,110) (120,120,120) (118,118,118) (129,129,129) (118,118,118) (108,108,108) (74,74,74) (68,68,68) (151,151,151) (94,94,94) (141,141,141) (151,151,151) (34,34,34) (116,116,116) (116,116,116) (161,161,161) (223,223,223) (38,38,38) (62,62,62) (48,48,48) (42,42,42) (46,46,46) (46,46,46) (52,52,52) (48,48,48) (46,46,46) (46,46,46) (72,72,72) (64,64,64) (54,54,54) (46,46,46) (44,44,44) (54,54,54) (58,58,58) (44,44,44) (52,52,52) (58,58,58) (50,50,50) (50,50,50) (50,50,50) (48,48,48) (56,56,56) (50,50,50) (52,52,52) (58,58,58) (56,56,56) (56,56,56) (54,54,54) (60,60,60) (60,60,60) (60,60,60) (54,54,54) (66,66,66) (78,78,78) (56,56,56) (50,50,50) (62,62,62) (86,86,86) (82,82,82) (96,96,96) (98,98,98) (104,104,104) (110,110,110) (118,118,118) (122,122,122) (133,133,133) (135,135,135) (137,137,137) (133,133,133) (141,141,141) (135,135,135) (139,139,139) (145,145,145) (143,143,143) (147,147,147) (149,149,149) (157,157,157) (159,159,159) (163,163,163) (155,155,155) (159,159,159) (161,161,161) (169,169,169) (177,177,177) (167,167,167) (167,167,167) (175,175,175) (165,165,165) (163,163,163) (161,161,161) (149,149,149) (145,145,145) (151,151,151) (147,147,147) (48,48,48) (44,44,44) (78,78,78) (46,46,46) (40,40,40) (46,46,46) (48,48,48) (42,42,42) (60,60,60) (60,60,60) (56,56,56) (52,52,52) (64,64,64) (46,46,46) (70,70,70) (38,38,38) (44,44,44) (56,56,56) (74,74,74) (120,120,120) (68,68,68) (78,78,78) (108,108,108) (86,86,86) (62,62,62) (66,66,66) (76,76,76) (68,68,68) (82,82,82) (62,62,62) (52,52,52) (68,68,68) (161,161,161) (161,161,161) (151,151,151) (161,161,161) (143,143,143) (149,149,149) (153,153,153) (161,161,161) (157,157,157) (157,157,157) (151,151,151) (157,157,157) (151,151,151) (153,153,153) (151,151,151) (147,147,147) (151,151,151) (149,149,149) (151,151,151) (153,153,153) (151,151,151) (155,155,155) (155,155,155) (149,149,149) (147,147,147) (147,147,147) (147,147,147) (141,141,141) (141,141,141) (143,143,143) (139,139,139) (137,137,137) (135,135,135) (129,129,129) (124,124,124) (120,120,120) (116,116,116) (145,145,145) (197,197,197) (215,215,215) (221,221,221) (219,219,219) (219,219,219) (215,215,215) (215,215,215) (211,211,211) (211,211,211) (209,209,209) (211,211,211) (211,211,211) (213,213,213) (215,215,215) (217,217,217) (215,215,215) (213,213,213) (211,211,211) (211,211,211) (211,211,211) (207,207,207) (209,209,209) (209,209,209) (207,207,207) (205,205,205) (207,207,207) (205,205,205) (207,207,207) (203,203,203) (203,203,203) 
(46,46,46) (50,50,50) (52,52,52) (46,46,46) (46,46,46) (50,50,50) (48,48,48) (46,46,46) (78,78,78) (88,88,88) (100,100,100) (102,102,102) (96,96,96) (108,108,108) (129,129,129) (137,137,137) (141,141,141) (151,151,151) (163,163,163) (171,171,171) (177,177,177) (175,175,175) (177,177,177) (177,177,177) (177,177,177) (175,175,175) (177,177,177) (171,171,171) (165,165,165) (159,159,159) (141,141,141) (124,124,124) (90,90,90) (74,74,74) (64,64,64) (78,78,78) (88,88,88) (104,104,104) (92,92,92) (110,110,110) (56,56,56) (80,80,80) (56,56,56) (60,60,60) (131,131,131) (48,48,48) (54,54,54) (60,60,60) (44,44,44) (40,40,40) (100,100,100) (66,66,66) (42,42,42) (66,66,66) (52,52,52) (84,84,84) (124,124,124) (68,68,68) (104,104,104) (46,46,46) (60,60,60) (62,62,62) (126,126,126) (126,126,126) (149,149,149) (133,133,133) (129,129,129) (120,120,120) (102,102,102) (76,76,76) (175,175,175) (104,104,104) (114,114,114) (161,161,161) (78,78,78) (76,76,76) (143,143,143) (44,44,44) (207,207,207) (56,56,56) (94,94,94) (50,50,50) (54,54,54) (54,54,54) (52,52,52) (52,52,52) (50,50,50) (52,52,52) (44,44,44) (62,62,62) (58,58,58) (56,56,56) (52,52,52) (44,44,44) (56,56,56) (66,66,66) (46,46,46) (46,46,46) (56,56,56) (52,52,52) (46,46,46) (44,44,44) (48,48,48) (48,48,48) (56,56,56) (60,60,60) (54,54,54) (56,56,56) (56,56,56) (56,56,56) (56,56,56) (58,58,58) (62,62,62) (64,64,64) (56,56,56) (70,70,70) (70,70,70) (50,50,50) (48,48,48) (58,58,58) (74,74,74) (80,80,80) (92,92,92) (100,100,100) (106,106,106) (118,118,118) (124,124,124) (129,129,129) (124,124,124) (133,133,133) (131,131,131) (135,135,135) (135,135,135) (139,139,139) (147,147,147) (147,147,147) (149,149,149) (153,153,153) (157,157,157) (161,161,161) (167,167,167) (169,169,169) (165,165,165) (161,161,161) (169,169,169) (169,169,169) (163,163,163) (167,167,167) (171,171,171) (171,171,171) (169,169,169) (155,155,155) (141,141,141) (151,151,151) (147,147,147) (112,112,112) (38,38,38) (46,46,46) (78,78,78) (46,46,46) (44,44,44) (48,48,48) (52,52,52) (48,48,48) (56,56,56) (56,56,56) (64,64,64) (60,60,60) (52,52,52) (48,48,48) (74,74,74) (46,46,46) (48,48,48) (54,54,54) (78,78,78) (124,124,124) (78,78,78) (74,74,74) (112,112,112) (86,86,86) (64,64,64) (76,76,76) (76,76,76) (64,64,64) (72,72,72) (60,60,60) (54,54,54) (44,44,44) (173,173,173) (167,167,167) (153,153,153) (161,161,161) (143,143,143) (151,151,151) (157,157,157) (153,153,153) (155,155,155) (153,153,153) (153,153,153) (145,145,145) (157,157,157) (153,153,153) (151,151,151) (147,147,147) (147,147,147) (151,151,151) (149,149,149) (149,149,149) (153,153,153) (153,153,153) (145,145,145) (145,145,145) (145,145,145) (147,147,147) (139,139,139) (145,145,145) (137,137,137) (141,141,141) (139,139,139) (137,137,137) (131,131,131) (126,126,126) (126,126,126) (116,116,116) (116,116,116) (155,155,155) (203,203,203) (215,215,215) (219,219,219) (219,219,219) (221,221,221) (215,215,215) (209,209,209) (211,211,211) (211,211,211) (213,213,213) (213,213,213) (213,213,213) (215,215,215) (215,215,215) (215,215,215) (215,215,215) (211,211,211) (209,209,209) (207,207,207) (205,205,205) (205,205,205) (205,205,205) (205,205,205) (205,205,205) (207,207,207) (207,207,207) (203,203,203) (205,205,205) (201,201,201) (199,199,199) 
(48,48,48) (50,50,50) (54,54,54) (54,54,54) (40,40,40) (46,46,46) (56,56,56) (54,54,54) (64,64,64) (80,80,80) (92,92,92) (94,94,94) (98,98,98) (110,110,110) (129,129,129) (135,135,135) (145,145,145) (153,153,153) (163,163,163) (169,169,169) (177,177,177) (175,175,175) (173,173,173) (177,177,177) (175,175,175) (179,179,179) (179,179,179) (171,171,171) (163,163,163) (159,159,159) (141,141,141) (120,120,120) (90,90,90) (68,68,68) (64,64,64) (78,78,78) (90,90,90) (98,98,98) (122,122,122) (50,50,50) (54,54,54) (58,58,58) (56,56,56) (74,74,74) (116,116,116) (42,42,42) (58,58,58) (62,62,62) (48,48,48) (48,48,48) (78,78,78) (68,68,68) (44,44,44) (64,64,64) (42,42,42) (80,80,80) (151,151,151) (90,90,90) (126,126,126) (44,44,44) (66,66,66) (54,54,54) (82,82,82) (110,110,110) (143,143,143) (116,116,116) (106,106,106) (137,137,137) (133,133,133) (110,110,110) (129,129,129) (118,118,118) (151,151,151) (145,145,145) (88,88,88) (106,106,106) (106,106,106) (72,72,72) (58,58,58) (74,74,74) (58,58,58) (52,52,52) (48,48,48) (52,52,52) (58,58,58) (48,48,48) (54,54,54) (54,54,54) (52,52,52) (66,66,66) (64,64,64) (62,62,62) (46,46,46) (46,46,46) (54,54,54) (60,60,60) (50,50,50) (52,52,52) (48,48,48) (58,58,58) (42,42,42) (46,46,46) (48,48,48) (50,50,50) (56,56,56) (58,58,58) (52,52,52) (56,56,56) (52,52,52) (54,54,54) (72,72,72) (50,50,50) (68,68,68) (68,68,68) (50,50,50) (74,74,74) (74,74,74) (50,50,50) (44,44,44) (44,44,44) (56,56,56) (64,64,64) (74,74,74) (82,82,82) (98,98,98) (108,108,108) (114,114,114) (124,124,124) (124,124,124) (129,129,129) (131,131,131) (133,133,133) (139,139,139) (143,143,143) (141,141,141) (145,145,145) (143,143,143) (151,151,151) (155,155,155) (153,153,153) (171,171,171) (167,167,167) (165,165,165) (167,167,167) (173,173,173) (163,163,163) (165,165,165) (169,169,169) (175,175,175) (179,179,179) (167,167,167) (157,157,157) (143,143,143) (155,155,155) (147,147,147) (82,82,82) (44,44,44) (52,52,52) (64,64,64) (50,50,50) (54,54,54) (56,56,56) (50,50,50) (52,52,52) (52,52,52) (56,56,56) (54,54,54) (52,52,52) (50,50,50) (48,48,48) (56,56,56) (42,42,42) (52,52,52) (60,60,60) (74,74,74) (116,116,116) (62,62,62) (84,84,84) (110,110,110) (82,82,82) (68,68,68) (82,82,82) (74,74,74) (68,68,68) (94,94,94) (70,70,70) (68,68,68) (66,66,66) (181,181,181) (165,165,165) (159,159,159) (167,167,167) (139,139,139) (149,149,149) (151,151,151) (153,153,153) (157,157,157) (155,155,155) (149,149,149) (153,153,153) (145,145,145) (151,151,151) (149,149,149) (151,151,151) (147,147,147) (149,149,149) (147,147,147) (145,145,145) (151,151,151) (145,145,145) (147,147,147) (149,149,149) (147,147,147) (145,145,145) (141,141,141) (143,143,143) (139,139,139) (141,141,141) (135,135,135) (137,137,137) (135,135,135) (129,129,129) (122,122,122) (114,114,114) (124,124,124) (165,165,165) (203,203,203) (217,217,217) (221,221,221) (221,221,221) (217,217,217) (215,215,215) (209,209,209) (207,207,207) (213,213,213) (211,211,211) (215,215,215) (213,213,213) (215,215,215) (215,215,215) (213,213,213) (213,213,213) (209,209,209) (209,209,209) (207,207,207) (205,205,205) (205,205,205) (205,205,205) (205,205,205) (203,203,203) (201,201,201) (203,203,203) (199,199,199) (191,191,191) (191,191,191) (173,173,173) 
(50,50,50) (46,46,46) (52,52,52) (52,52,52) (48,48,48) (46,46,46) (48,48,48) (44,44,44) (54,54,54) (76,76,76) (90,90,90) (96,96,96) (104,104,104) (120,120,120) (131,131,131) (135,135,135) (145,145,145) (157,157,157) (163,163,163) (169,169,169) (173,173,173) (175,175,175) (173,173,173) (175,175,175) (177,177,177) (177,177,177) (179,179,179) (177,177,177) (167,167,167) (159,159,159) (139,139,139) (122,122,122) (88,88,88) (72,72,72) (64,64,64) (76,76,76) (86,86,86) (112,112,112) (72,72,72) (50,50,50) (52,52,52) (50,50,50) (44,44,44) (90,90,90) (92,92,92) (74,74,74) (50,50,50) (60,60,60) (66,66,66) (48,48,48) (82,82,82) (68,68,68) (36,36,36) (54,54,54) (44,44,44) (62,62,62) (129,129,129) (120,120,120) (135,135,135) (44,44,44) (54,54,54) (72,72,72) (96,96,96) (86,86,86) (108,108,108) (112,112,112) (131,131,131) (143,143,143) (141,141,141) (102,102,102) (122,122,122) (124,124,124) (139,139,139) (155,155,155) (80,80,80) (88,88,88) (96,96,96) (92,92,92) (58,58,58) (60,60,60) (62,62,62) (52,52,52) (50,50,50) (46,46,46) (52,52,52) (48,48,48) (44,44,44) (48,48,48) (56,56,56) (64,64,64) (64,64,64) (60,60,60) (46,46,46) (44,44,44) (52,52,52) (64,64,64) (44,44,44) (50,50,50) (44,44,44) (58,58,58) (46,46,46) (48,48,48) (56,56,56) (46,46,46) (48,48,48) (62,62,62) (56,56,56) (54,54,54) (56,56,56) (50,50,50) (54,54,54) (68,68,68) (60,60,60) (62,62,62) (52,52,52) (64,64,64) (68,68,68) (76,76,76) (50,50,50) (44,44,44) (40,40,40) (48,48,48) (62,62,62) (68,68,68) (80,80,80) (98,98,98) (110,110,110) (112,112,112) (118,118,118) (118,118,118) (126,126,126) (133,133,133) (131,131,131) (137,137,137) (143,143,143) (147,147,147) (147,147,147) (151,151,151) (151,151,151) (153,153,153) (159,159,159) (165,165,165) (169,169,169) (169,169,169) (171,171,171) (169,169,169) (167,167,167) (165,165,165) (165,165,165) (165,165,165) (163,163,163) (157,157,157) (145,145,145) (149,149,149) (131,131,131) (82,82,82) (40,40,40) (46,46,46) (56,56,56) (50,50,50) (60,60,60) (54,54,54) (54,54,54) (54,54,54) (58,58,58) (56,56,56) (62,62,62) (66,66,66) (46,46,46) (56,56,56) (48,48,48) (56,56,56) (52,52,52) (60,60,60) (76,76,76) (116,116,116) (80,80,80) (80,80,80) (106,106,106) (80,80,80) (72,72,72) (88,88,88) (78,78,78) (72,72,72) (76,76,76) (66,66,66) (54,54,54) (52,52,52) (173,173,173) (161,161,161) (155,155,155) (163,163,163) (147,147,147) (147,147,147) (147,147,147) (151,151,151) (153,153,153) (149,149,149) (151,151,151) (147,147,147) (147,147,147) (155,155,155) (151,151,151) (149,149,149) (147,147,147) (151,151,151) (147,147,147) (149,149,149) (153,153,153) (151,151,151) (145,145,145) (143,143,143) (143,143,143) (147,147,147) (141,141,141) (139,139,139) (139,139,139) (135,135,135) (139,139,139) (137,137,137) (131,131,131) (126,126,126) (124,124,124) (116,116,116) (122,122,122) (177,177,177) (205,205,205) (215,215,215) (221,221,221) (221,221,221) (217,217,217) (213,213,213) (209,209,209) (211,211,211) (211,211,211) (213,213,213) (213,213,213) (213,213,213) (215,215,215) (213,213,213) (213,213,213) (213,213,213) (207,207,207) (207,207,207) (205,205,205) (207,207,207) (207,207,207) (203,203,203) (201,201,201) (195,195,195) (191,191,191) (183,183,183) (175,175,175) (163,163,163) (131,131,131) (90,90,90) 
(48,48,48) (44,44,44) (44,44,44) (46,46,46) (46,46,46) (38,38,38) (42,42,42) (52,52,52) (54,54,54) (66,66,66) (88,88,88) (96,96,96) (104,104,104) (118,118,118) (129,129,129) (137,137,137) (147,147,147) (153,153,153) (163,163,163) (167,167,167) (173,173,173) (171,171,171) (177,177,177) (177,177,177) (177,177,177) (179,179,179) (175,175,175) (173,173,173) (165,165,165) (155,155,155) (145,145,145) (124,124,124) (88,88,88) (68,68,68) (66,66,66) (68,68,68) (98,98,98) (114,114,114) (64,64,64) (54,54,54) (44,44,44) (52,52,52) (74,74,74) (104,104,104) (64,64,64) (70,70,70) (48,48,48) (66,66,66) (64,64,64) (64,64,64) (66,66,66) (66,66,66) (40,40,40) (56,56,56) (50,50,50) (44,44,44) (141,141,141) (131,131,131) (137,137,137) (94,94,94) (56,56,56) (92,92,92) (74,74,74) (88,88,88) (120,120,120) (90,90,90) (108,108,108) (104,104,104) (155,155,155) (153,153,153) (120,120,120) (114,114,114) (139,139,139) (159,159,159) (181,181,181) (58,58,58) (110,110,110) (106,106,106) (88,88,88) (50,50,50) (48,48,48) (48,48,48) (50,50,50) (54,54,54) (48,48,48) (50,50,50) (54,54,54) (56,56,56) (56,56,56) (66,66,66) (72,72,72) (64,64,64) (56,56,56) (48,48,48) (58,58,58) (62,62,62) (46,46,46) (52,52,52) (50,50,50) (56,56,56) (58,58,58) (50,50,50) (50,50,50) (56,56,56) (52,52,52) (52,52,52) (58,58,58) (62,62,62) (66,66,66) (56,56,56) (52,52,52) (56,56,56) (58,58,58) (56,56,56) (56,56,56) (58,58,58) (70,70,70) (70,70,70) (54,54,54) (50,50,50) (46,46,46) (46,46,46) (52,52,52) (62,62,62) (80,80,80) (74,74,74) (94,94,94) (96,96,96) (90,90,90) (108,108,108) (120,120,120) (116,116,116) (116,116,116) (129,129,129) (129,129,129) (133,133,133) (139,139,139) (139,139,139) (147,147,147) (151,151,151) (151,151,151) (153,153,153) (167,167,167) (167,167,167) (167,167,167) (167,167,167) (161,161,161) (159,159,159) (157,157,157) (153,153,153) (161,161,161) (147,147,147) (141,141,141) (139,139,139) (124,124,124) (92,92,92) (44,44,44) (52,52,52) (58,58,58) (64,64,64) (54,54,54) (60,60,60) (56,56,56) (52,52,52) (62,62,62) (54,54,54) (84,84,84) (56,56,56) (52,52,52) (72,72,72) (54,54,54) (50,50,50) (46,46,46) (60,60,60) (84,84,84) (110,110,110) (74,74,74) (84,84,84) (98,98,98) (90,90,90) (74,74,74) (96,96,96) (86,86,86) (74,74,74) (84,84,84) (70,70,70) (58,58,58) (74,74,74) (175,175,175) (157,157,157) (153,153,153) (155,155,155) (137,137,137) (131,131,131) (137,137,137) (139,139,139) (139,139,139) (145,145,145) (145,145,145) (147,147,147) (147,147,147) (147,147,147) (145,145,145) (151,151,151) (149,149,149) (147,147,147) (147,147,147) (147,147,147) (147,147,147) (149,149,149) (145,145,145) (145,145,145) (141,141,141) (143,143,143) (141,141,141) (137,137,137) (137,137,137) (139,139,139) (131,131,131) (135,135,135) (135,135,135) (126,126,126) (122,122,122) (114,114,114) (124,124,124) (185,185,185) (207,207,207) (217,217,217) (223,223,223) (217,217,217) (215,215,215) (213,213,213) (211,211,211) (213,213,213) (213,213,213) (211,211,211) (213,213,213) (213,213,213) (215,215,215) (213,213,213) (211,211,211) (211,211,211) (205,205,205) (207,207,207) (205,205,205) (205,205,205) (201,201,201) (199,199,199) (191,191,191) (181,181,181) (165,165,165) (131,131,131) (96,96,96) (56,56,56) (48,48,48) (48,48,48) 
(40,40,40) (40,40,40) (52,52,52) (48,48,48) (46,46,46) (42,42,42) (40,40,40) (50,50,50) (50,50,50) (60,60,60) (88,88,88) (98,98,98) (98,98,98) (106,106,106) (129,129,129) (137,137,137) (151,151,151) (159,159,159) (163,163,163) (169,169,169) (175,175,175) (171,171,171) (171,171,171) (177,177,177) (177,177,177) (179,179,179) (179,179,179) (171,171,171) (165,165,165) (153,153,153) (137,137,137) (120,120,120) (94,94,94) (56,56,56) (50,50,50) (88,88,88) (163,163,163) (82,82,82) (78,78,78) (129,129,129) (50,50,50) (46,46,46) (76,76,76) (94,94,94) (60,60,60) (72,72,72) (60,60,60) (64,64,64) (54,54,54) (74,74,74) (60,60,60) (56,56,56) (40,40,40) (52,52,52) (56,56,56) (46,46,46) (145,145,145) (141,141,141) (145,145,145) (86,86,86) (62,62,62) (90,90,90) (76,76,76) (64,64,64) (86,86,86) (114,114,114) (126,126,126) (84,84,84) (122,122,122) (118,118,118) (110,110,110) (135,135,135) (137,137,137) (159,159,159) (147,147,147) (133,133,133) (155,155,155) (124,124,124) (149,149,149) (58,58,58) (40,40,40) (40,40,40) (44,44,44) (46,46,46) (52,52,52) (56,56,56) (52,52,52) (50,50,50) (66,66,66) (72,72,72) (78,78,78) (48,48,48) (40,40,40) (40,40,40) (62,62,62) (56,56,56) (46,46,46) (46,46,46) (48,48,48) (58,58,58) (54,54,54) (46,46,46) (46,46,46) (48,48,48) (42,42,42) (52,52,52) (54,54,54) (56,56,56) (62,62,62) (58,58,58) (56,56,56) (72,72,72) (64,64,64) (66,66,66) (52,52,52) (62,62,62) (76,76,76) (70,70,70) (76,76,76) (60,60,60) (58,58,58) (68,68,68) (56,56,56) (64,64,64) (56,56,56) (58,58,58) (62,62,62) (66,66,66) (72,72,72) (78,78,78) (88,88,88) (94,94,94) (102,102,102) (120,120,120) (118,118,118) (129,129,129) (135,135,135) (137,137,137) (139,139,139) (153,153,153) (145,145,145) (147,147,147) (155,155,155) (163,163,163) (163,163,163) (165,165,165) (155,155,155) (151,151,151) (151,151,151) (153,153,153) (147,147,147) (139,139,139) (139,139,139) (139,139,139) (110,110,110) (72,72,72) (50,50,50) (56,56,56) (46,46,46) (54,54,54) (52,52,52) (54,54,54) (58,58,58) (58,58,58) (58,58,58) (56,56,56) (80,80,80) (52,52,52) (56,56,56) (56,56,56) (58,58,58) (44,44,44) (60,60,60) (66,66,66) (84,84,84) (114,114,114) (80,80,80) (94,94,94) (96,96,96) (84,84,84) (80,80,80) (90,90,90) (92,92,92) (72,72,72) (74,74,74) (78,78,78) (60,60,60) (86,86,86) (181,181,181) (149,149,149) (165,165,165) (145,145,145) (129,129,129) (120,120,120) (120,120,120) (129,129,129) (133,133,133) (135,135,135) (137,137,137) (141,141,141) (147,147,147) (143,143,143) (149,149,149) (149,149,149) (149,149,149) (151,151,151) (151,151,151) (153,153,153) (149,149,149) (147,147,147) (147,147,147) (143,143,143) (145,145,145) (143,143,143) (143,143,143) (147,147,147) (143,143,143) (137,137,137) (131,131,131) (137,137,137) (126,126,126) (124,124,124) (118,118,118) (118,118,118) (141,141,141) (193,193,193) (211,211,211) (219,219,219) (219,219,219) (215,215,215) (215,215,215) (213,213,213) (211,211,211) (213,213,213) (209,209,209) (211,211,211) (211,211,211) (211,211,211) (211,211,211) (209,209,209) (209,209,209) (207,207,207) (207,207,207) (203,203,203) (199,199,199) (193,193,193) (187,187,187) (179,179,179) (161,161,161) (135,135,135) (62,62,62) (48,48,48) (42,42,42) (42,42,42) (46,46,46) (42,42,42) 
(48,48,48) (44,44,44) (62,62,62) (48,48,48) (40,40,40) (44,44,44) (40,40,40) (38,38,38) (46,46,46) (62,62,62) (76,76,76) (98,98,98) (88,88,88) (100,100,100) (122,122,122) (133,133,133) (145,145,145) (157,157,157) (163,163,163) (171,171,171) (175,175,175) (173,173,173) (171,171,171) (175,175,175) (175,175,175) (177,177,177) (181,181,181) (173,173,173) (161,161,161) (153,153,153) (135,135,135) (114,114,114) (84,84,84) (56,56,56) (118,118,118) (193,193,193) (175,175,175) (108,108,108) (147,147,147) (96,96,96) (38,38,38) (46,46,46) (62,62,62) (78,78,78) (64,64,64) (54,54,54) (72,72,72) (62,62,62) (64,64,64) (72,72,72) (50,50,50) (54,54,54) (42,42,42) (52,52,52) (52,52,52) (46,46,46) (84,84,84) (143,143,143) (141,141,141) (143,143,143) (98,98,98) (112,112,112) (74,74,74) (56,56,56) (106,106,106) (137,137,137) (147,147,147) (80,80,80) (84,84,84) (112,112,112) (108,108,108) (135,135,135) (149,149,149) (153,153,153) (131,131,131) (122,122,122) (159,159,159) (161,161,161) (165,165,165) (112,112,112) (56,56,56) (54,54,54) (54,54,54) (52,52,52) (52,52,52) (50,50,50) (50,50,50) (54,54,54) (66,66,66) (84,84,84) (84,84,84) (52,52,52) (52,52,52) (46,46,46) (62,62,62) (60,60,60) (48,48,48) (54,54,54) (46,46,46) (50,50,50) (54,54,54) (44,44,44) (46,46,46) (56,56,56) (42,42,42) (52,52,52) (56,56,56) (58,58,58) (62,62,62) (62,62,62) (56,56,56) (56,56,56) (58,58,58) (64,64,64) (52,52,52) (54,54,54) (60,60,60) (66,66,66) (88,88,88) (74,74,74) (64,64,64) (60,60,60) (70,70,70) (96,96,96) (92,92,92) (106,106,106) (96,96,96) (110,110,110) (114,114,114) (124,124,124) (120,120,120) (116,116,116) (118,118,118) (120,120,120) (133,133,133) (122,122,122) (139,139,139) (139,139,139) (137,137,137) (155,155,155) (151,151,151) (157,157,157) (157,157,157) (159,159,159) (169,169,169) (165,165,165) (161,161,161) (163,163,163) (167,167,167) (155,155,155) (139,139,139) (129,129,129) (131,131,131) (135,135,135) (102,102,102) (60,60,60) (48,48,48) (56,56,56) (56,56,56) (56,56,56) (56,56,56) (66,66,66) (58,58,58) (64,64,64) (56,56,56) (54,54,54) (80,80,80) (56,56,56) (58,58,58) (48,48,48) (62,62,62) (50,50,50) (56,56,56) (54,54,54) (78,78,78) (114,114,114) (74,74,74) (94,94,94) (96,96,96) (84,84,84) (82,82,82) (80,80,80) (88,88,88) (76,76,76) (76,76,76) (82,82,82) (70,70,70) (84,84,84) (185,185,185) (145,145,145) (159,159,159) (133,133,133) (112,112,112) (114,114,114) (114,114,114) (112,112,112) (124,124,124) (126,126,126) (129,129,129) (131,131,131) (139,139,139) (133,133,133) (129,129,129) (137,137,137) (141,141,141) (147,147,147) (139,139,139) (141,141,141) (145,145,145) (149,149,149) (145,145,145) (139,139,139) (141,141,141) (143,143,143) (141,141,141) (139,139,139) (135,135,135) (137,137,137) (135,135,135) (131,131,131) (129,129,129) (124,124,124) (114,114,114) (116,116,116) (163,163,163) (197,197,197) (211,211,211) (221,221,221) (217,217,217) (215,215,215) (211,211,211) (209,209,209) (211,211,211) (209,209,209) (209,209,209) (211,211,211) (209,209,209) (209,209,209) (211,211,211) (209,209,209) (209,209,209) (205,205,205) (199,199,199) (195,195,195) (187,187,187) (173,173,173) (159,159,159) (118,118,118) (64,64,64) (54,54,54) (46,46,46) (46,46,46) (40,40,40) (46,46,46) (48,48,48) (50,50,50) 
(46,46,46) (48,48,48) (52,52,52) (50,50,50) (48,48,48) (42,42,42) (44,44,44) (42,42,42) (44,44,44) (60,60,60) (78,78,78) (86,86,86) (84,84,84) (86,86,86) (114,114,114) (131,131,131) (145,145,145) (155,155,155) (163,163,163) (167,167,167) (169,169,169) (173,173,173) (171,171,171) (175,175,175) (171,171,171) (173,173,173) (173,173,173) (173,173,173) (165,165,165) (151,151,151) (131,131,131) (108,108,108) (86,86,86) (124,124,124) (225,225,225) (159,159,159) (66,66,66) (60,60,60) (155,155,155) (44,44,44) (42,42,42) (38,38,38) (48,48,48) (96,96,96) (66,66,66) (56,56,56) (64,64,64) (64,64,64) (68,68,68) (56,56,56) (50,50,50) (56,56,56) (42,42,42) (46,46,46) (50,50,50) (40,40,40) (90,90,90) (122,122,122) (116,116,116) (161,161,161) (96,96,96) (72,72,72) (80,80,80) (58,58,58) (56,56,56) (92,92,92) (124,124,124) (64,64,64) (90,90,90) (161,161,161) (143,143,143) (66,66,66) (155,155,155) (159,159,159) (131,131,131) (96,96,96) (68,68,68) (74,74,74) (169,169,169) (165,165,165) (137,137,137) (50,50,50) (40,40,40) (36,36,36) (46,46,46) (46,46,46) (52,52,52) (46,46,46) (58,58,58) (70,70,70) (86,86,86) (54,54,54) (36,36,36) (42,42,42) (60,60,60) (58,58,58) (48,48,48) (54,54,54) (50,50,50) (50,50,50) (52,52,52) (44,44,44) (50,50,50) (54,54,54) (48,48,48) (50,50,50) (54,54,54) (48,48,48) (56,56,56) (60,60,60) (52,52,52) (50,50,50) (54,54,54) (60,60,60) (58,58,58) (46,46,46) (48,48,48) (68,68,68) (68,68,68) (78,78,78) (88,88,88) (92,92,92) (102,102,102) (108,108,108) (116,116,116) (120,120,120) (131,131,131) (131,131,131) (137,137,137) (133,133,133) (147,147,147) (143,143,143) (141,141,141) (133,133,133) (139,139,139) (145,145,145) (143,143,143) (147,147,147) (151,151,151) (153,153,153) (157,157,157) (159,159,159) (159,159,159) (155,155,155) (161,161,161) (165,165,165) (165,165,165) (165,165,165) (171,171,171) (163,163,163) (173,173,173) (179,179,179) (183,183,183) (187,187,187) (185,185,185) (135,135,135) (96,96,96) (60,60,60) (50,50,50) (62,62,62) (52,52,52) (56,56,56) (54,54,54) (52,52,52) (56,56,56) (54,54,54) (60,60,60) (54,54,54) (52,52,52) (48,48,48) (56,56,56) (52,52,52) (56,56,56) (58,58,58) (84,84,84) (108,108,108) (80,80,80) (80,80,80) (106,106,106) (84,84,84) (74,74,74) (90,90,90) (92,92,92) (72,72,72) (70,70,70) (70,70,70) (70,70,70) (98,98,98) (181,181,181) (141,141,141) (157,157,157) (129,129,129) (102,102,102) (118,118,118) (104,104,104) (112,112,112) (112,112,112) (118,118,118) (124,124,124) (116,116,116) (120,120,120) (129,129,129) (126,126,126) (131,131,131) (131,131,131) (131,131,131) (135,135,135) (135,135,135) (149,149,149) (149,149,149) (145,145,145) (149,149,149) (143,143,143) (143,143,143) (141,141,141) (137,137,137) (135,135,135) (139,139,139) (133,133,133) (129,129,129) (129,129,129) (122,122,122) (114,114,114) (116,116,116) (177,177,177) (203,203,203) (215,215,215) (217,217,217) (217,217,217) (211,211,211) (209,209,209) (207,207,207) (207,207,207) (207,207,207) (209,209,209) (209,209,209) (207,207,207) (209,209,209) (205,205,205) (205,205,205) (203,203,203) (199,199,199) (189,189,189) (177,177,177) (161,161,161) (135,135,135) (92,92,92) (54,54,54) (44,44,44) (40,40,40) (42,42,42) (42,42,42) (48,48,48) (48,48,48) (58,58,58) (62,62,62) 
(56,56,56) (54,54,54) (58,58,58) (52,52,52) (44,44,44) (40,40,40) (42,42,42) (42,42,42) (40,40,40) (60,60,60) (70,70,70) (82,82,82) (76,76,76) (80,80,80) (118,118,118) (135,135,135) (143,143,143) (153,153,153) (161,161,161) (171,171,171) (175,175,175) (173,173,173) (173,173,173) (175,175,175) (169,169,169) (171,171,171) (177,177,177) (171,171,171) (165,165,165) (145,145,145) (133,133,133) (116,116,116) (143,143,143) (225,225,225) (155,155,155) (66,66,66) (106,106,106) (60,60,60) (145,145,145) (78,78,78) (42,42,42) (40,40,40) (36,36,36) (106,106,106) (68,68,68) (62,62,62) (62,62,62) (74,74,74) (70,70,70) (50,50,50) (50,50,50) (80,80,80) (46,46,46) (48,48,48) (48,48,48) (46,46,46) (118,118,118) (129,129,129) (126,126,126) (126,126,126) (145,145,145) (106,106,106) (78,78,78) (58,58,58) (46,46,46) (56,56,56) (108,108,108) (82,82,82) (151,151,151) (157,157,157) (88,88,88) (88,88,88) (122,122,122) (153,153,153) (153,153,153) (141,141,141) (98,98,98) (40,40,40) (80,80,80) (183,183,183) (187,187,187) (155,155,155) (44,44,44) (40,40,40) (46,46,46) (48,48,48) (48,48,48) (50,50,50) (58,58,58) (72,72,72) (86,86,86) (50,50,50) (40,40,40) (38,38,38) (86,86,86) (50,50,50) (48,48,48) (48,48,48) (52,52,52) (48,48,48) (58,58,58) (54,54,54) (48,48,48) (52,52,52) (54,54,54) (50,50,50) (54,54,54) (50,50,50) (56,56,56) (54,54,54) (66,66,66) (50,50,50) (72,72,72) (54,54,54) (52,52,52) (48,48,48) (48,48,48) (74,74,74) (80,80,80) (78,78,78) (88,88,88) (102,102,102) (114,114,114) (118,118,118) (129,129,129) (129,129,129) (131,131,131) (129,129,129) (129,129,129) (133,133,133) (133,133,133) (133,133,133) (133,133,133) (137,137,137) (139,139,139) (143,143,143) (137,137,137) (143,143,143) (155,155,155) (149,149,149) (153,153,153) (153,153,153) (153,153,153) (151,151,151) (157,157,157) (151,151,151) (151,151,151) (155,155,155) (153,153,153) (165,165,165) (169,169,169) (175,175,175) (187,187,187) (195,195,195) (193,193,193) (201,201,201) (199,199,199) (189,189,189) (126,126,126) (66,66,66) (46,46,46) (52,52,52) (52,52,52) (52,52,52) (48,48,48) (50,50,50) (56,56,56) (52,52,52) (58,58,58) (40,40,40) (52,52,52) (56,56,56) (48,48,48) (70,70,70) (74,74,74) (106,106,106) (82,82,82) (84,84,84) (96,96,96) (92,92,92) (76,76,76) (76,76,76) (92,92,92) (70,70,70) (82,82,82) (62,62,62) (60,60,60) (106,106,106) (177,177,177) (149,149,149) (151,151,151) (126,126,126) (106,106,106) (118,118,118) (112,112,112) (114,114,114) (110,110,110) (112,112,112) (114,114,114) (114,114,114) (118,118,118) (114,114,114) (118,118,118) (118,118,118) (116,116,116) (126,126,126) (126,126,126) (122,122,122) (126,126,126) (131,131,131) (139,139,139) (139,139,139) (139,139,139) (139,139,139) (139,139,139) (137,137,137) (137,137,137) (135,135,135) (129,129,129) (126,126,126) (122,122,122) (122,122,122) (110,110,110) (122,122,122) (181,181,181) (209,209,209) (215,215,215) (217,217,217) (213,213,213) (207,207,207) (209,209,209) (209,209,209) (207,207,207) (209,209,209) (209,209,209) (209,209,209) (211,211,211) (205,205,205) (205,205,205) (205,205,205) (199,199,199) (197,197,197) (181,181,181) (165,165,165) (147,147,147) (116,116,116) (64,64,64) (44,44,44) (38,38,38) (40,40,40) (40,40,40) (48,48,48) (52,52,52) (72,72,72) (80,80,80) (72,72,72) 
(56,56,56) (64,64,64) (66,66,66) (56,56,56) (50,50,50) (48,48,48) (50,50,50) (38,38,38) (38,38,38) (56,56,56) (66,66,66) (80,80,80) (70,70,70) (82,82,82) (114,114,114) (133,133,133) (139,139,139) (151,151,151) (161,161,161) (167,167,167) (171,171,171) (169,169,169) (173,173,173) (175,175,175) (173,173,173) (175,175,175) (179,179,179) (175,175,175) (157,157,157) (151,151,151) (133,133,133) (153,153,153) (215,215,215) (112,112,112) (54,54,54) (82,82,82) (52,52,52) (34,34,34) (147,147,147) (50,50,50) (42,42,42) (38,38,38) (38,38,38) (100,100,100) (84,84,84) (72,72,72) (52,52,52) (64,64,64) (48,48,48) (58,58,58) (56,56,56) (110,110,110) (46,46,46) (66,66,66) (54,54,54) (48,48,48) (76,76,76) (133,133,133) (126,126,126) (106,106,106) (147,147,147) (143,143,143) (80,80,80) (52,52,52) (44,44,44) (76,76,76) (135,135,135) (116,116,116) (155,155,155) (151,151,151) (92,92,92) (88,88,88) (114,114,114) (108,108,108) (133,133,133) (92,92,92) (133,133,133) (92,92,92) (52,52,52) (133,133,133) (161,161,161) (163,163,163) (151,151,151) (44,44,44) (48,48,48) (50,50,50) (48,48,48) (60,60,60) (66,66,66) (78,78,78) (82,82,82) (50,50,50) (46,46,46) (44,44,44) (70,70,70) (54,54,54) (50,50,50) (50,50,50) (58,58,58) (48,48,48) (48,48,48) (54,54,54) (44,44,44) (48,48,48) (50,50,50) (42,42,42) (50,50,50) (52,52,52) (52,52,52) (60,60,60) (64,64,64) (58,58,58) (58,58,58) (56,56,56) (56,56,56) (54,54,54) (50,50,50) (60,60,60) (80,80,80) (80,80,80) (92,92,92) (112,112,112) (118,118,118) (122,122,122) (129,129,129) (131,131,131) (129,129,129) (124,124,124) (129,129,129) (129,129,129) (131,131,131) (133,133,133) (133,133,133) (135,135,135) (133,133,133) (139,139,139) (141,141,141) (143,143,143) (149,149,149) (145,145,145) (145,145,145) (151,151,151) (147,147,147) (145,145,145) (147,147,147) (145,145,145) (149,149,149) (149,149,149) (163,163,163) (159,159,159) (169,169,169) (177,177,177) (187,187,187) (195,195,195) (197,197,197) (199,199,199) (201,201,201) (203,203,203) (207,207,207) (205,205,205) (143,143,143) (72,72,72) (58,58,58) (58,58,58) (54,54,54) (52,52,52) (54,54,54) (58,58,58) (46,46,46) (44,44,44) (48,48,48) (52,52,52) (54,54,54) (86,86,86) (82,82,82) (104,104,104) (84,84,84) (80,80,80) (88,88,88) (98,98,98) (84,84,84) (76,76,76) (94,94,94) (74,74,74) (82,82,82) (72,72,72) (62,62,62) (106,106,106) (173,173,173) (153,153,153) (145,145,145) (122,122,122) (116,116,116) (116,116,116) (129,129,129) (120,120,120) (112,112,112) (114,114,114) (110,110,110) (116,116,116) (114,114,114) (112,112,112) (112,112,112) (114,114,114) (108,108,108) (112,112,112) (116,116,116) (118,118,118) (120,120,120) (122,122,122) (129,129,129) (126,126,126) (129,129,129) (131,131,131) (129,129,129) (131,131,131) (133,133,133) (131,131,131) (133,133,133) (129,129,129) (124,124,124) (120,120,120) (118,118,118) (126,126,126) (189,189,189) (209,209,209) (213,213,213) (215,215,215) (209,209,209) (205,205,205) (205,205,205) (207,207,207) (205,205,205) (209,209,209) (209,209,209) (209,209,209) (209,209,209) (205,205,205) (205,205,205) (197,197,197) (195,195,195) (189,189,189) (177,177,177) (161,161,161) (122,122,122) (72,72,72) (48,48,48) (46,46,46) (42,42,42) (44,44,44) (52,52,52) (62,62,62) (78,78,78) (82,82,82) (80,80,80) (72,72,72) 
(74,74,74) (72,72,72) (62,62,62) (60,60,60) (54,54,54) (52,52,52) (54,54,54) (44,44,44) (46,46,46) (54,54,54) (68,68,68) (66,66,66) (66,66,66) (76,76,76) (100,100,100) (126,126,126) (137,137,137) (149,149,149) (161,161,161) (167,167,167) (173,173,173) (167,167,167) (171,171,171) (163,163,163) (171,171,171) (169,169,169) (175,175,175) (169,169,169) (161,161,161) (151,151,151) (165,165,165) (211,211,211) (86,86,86) (66,66,66) (84,84,84) (72,72,72) (52,52,52) (143,143,143) (116,116,116) (40,40,40) (46,46,46) (40,40,40) (44,44,44) (74,74,74) (88,88,88) (54,54,54) (50,50,50) (72,72,72) (50,50,50) (56,56,56) (58,58,58) (114,114,114) (76,76,76) (58,58,58) (56,56,56) (48,48,48) (72,72,72) (68,68,68) (131,131,131) (137,137,137) (88,88,88) (135,135,135) (147,147,147) (78,78,78) (82,82,82) (78,78,78) (108,108,108) (145,145,145) (159,159,159) (72,72,72) (66,66,66) (106,106,106) (84,84,84) (92,92,92) (124,124,124) (141,141,141) (66,66,66) (68,68,68) (96,96,96) (116,116,116) (155,155,155) (118,118,118) (175,175,175) (153,153,153) (34,34,34) (46,46,46) (48,48,48) (62,62,62) (68,68,68) (74,74,74) (78,78,78) (56,56,56) (42,42,42) (46,46,46) (70,70,70) (62,62,62) (52,52,52) (56,56,56) (54,54,54) (44,44,44) (44,44,44) (54,54,54) (62,62,62) (48,48,48) (50,50,50) (52,52,52) (52,52,52) (52,52,52) (48,48,48) (56,56,56) (64,64,64) (58,58,58) (56,56,56) (62,62,62) (54,54,54) (58,58,58) (48,48,48) (60,60,60) (80,80,80) (90,90,90) (96,96,96) (116,116,116) (118,118,118) (122,122,122) (129,129,129) (129,129,129) (122,122,122) (129,129,129) (126,126,126) (129,129,129) (133,133,133) (131,131,131) (131,131,131) (135,135,135) (141,141,141) (139,139,139) (135,135,135) (145,145,145) (147,147,147) (147,147,147) (147,147,147) (141,141,141) (147,147,147) (145,145,145) (143,143,143) (143,143,143) (147,147,147) (147,147,147) (155,155,155) (167,167,167) (175,175,175) (177,177,177) (185,185,185) (191,191,191) (197,197,197) (199,199,199) (199,199,199) (201,201,201) (201,201,201) (203,203,203) (201,201,201) (207,207,207) (151,151,151) (88,88,88) (56,56,56) (50,50,50) (50,50,50) (52,52,52) (48,48,48) (48,48,48) (38,38,38) (44,44,44) (60,60,60) (64,64,64) (86,86,86) (100,100,100) (86,86,86) (88,88,88) (94,94,94) (84,84,84) (76,76,76) (72,72,72) (94,94,94) (76,76,76) (68,68,68) (84,84,84) (58,58,58) (129,129,129) (167,167,167) (153,153,153) (135,135,135) (114,114,114) (122,122,122) (129,129,129) (131,131,131) (129,129,129) (118,118,118) (118,118,118) (116,116,116) (116,116,116) (110,110,110) (114,114,114) (104,104,104) (106,106,106) (104,104,104) (106,106,106) (106,106,106) (110,110,110) (108,108,108) (104,104,104) (114,114,114) (114,114,114) (114,114,114) (114,114,114) (116,116,116) (122,122,122) (116,116,116) (124,124,124) (122,122,122) (124,124,124) (116,116,116) (116,116,116) (110,110,110) (129,129,129) (185,185,185) (205,205,205) (211,211,211) (211,211,211) (205,205,205) (205,205,205) (203,203,203) (209,209,209) (209,209,209) (211,211,211) (207,207,207) (209,209,209) (209,209,209) (207,207,207) (197,197,197) (191,191,191) (183,183,183) (177,177,177) (161,161,161) (133,133,133) (90,90,90) (46,46,46) (40,40,40) (46,46,46) (52,52,52) (58,58,58) (66,66,66) (80,80,80) (84,84,84) (88,88,88) (76,76,76) (84,84,84) 
(112,112,112) (106,106,106) (88,88,88) (64,64,64) (66,66,66) (54,54,54) (52,52,52) (46,46,46) (52,52,52) (66,66,66) (64,64,64) (58,58,58) (58,58,58) (66,66,66) (86,86,86) (114,114,114) (131,131,131) (147,147,147) (163,163,163) (167,167,167) (171,171,171) (167,167,167) (171,171,171) (171,171,171) (169,169,169) (169,169,169) (175,175,175) (171,171,171) (169,169,169) (177,177,177) (203,203,203) (112,112,112) (90,90,90) (62,62,62) (64,64,64) (90,90,90) (92,92,92) (171,171,171) (32,32,32) (32,32,32) (36,36,36) (44,44,44) (34,34,34) (46,46,46) (86,86,86) (76,76,76) (42,42,42) (62,62,62) (44,44,44) (52,52,52) (56,56,56) (112,112,112) (108,108,108) (58,58,58) (68,68,68) (60,60,60) (62,62,62) (42,42,42) (66,66,66) (141,141,141) (116,116,116) (90,90,90) (126,126,126) (122,122,122) (137,137,137) (141,141,141) (151,151,151) (157,157,157) (102,102,102) (66,66,66) (100,100,100) (76,76,76) (116,116,116) (94,94,94) (100,100,100) (122,122,122) (102,102,102) (72,72,72) (155,155,155) (139,139,139) (163,163,163) (129,129,129) (30,30,30) (207,207,207) (108,108,108) (38,38,38) (42,42,42) (58,58,58) (52,52,52) (72,72,72) (72,72,72) (46,46,46) (44,44,44) (46,46,46) (86,86,86) (58,58,58) (50,50,50) (58,58,58) (48,48,48) (50,50,50) (48,48,48) (54,54,54) (54,54,54) (52,52,52) (44,44,44) (50,50,50) (52,52,52) (54,54,54) (48,48,48) (48,48,48) (62,62,62) (62,62,62) (60,60,60) (64,64,64) (54,54,54) (60,60,60) (44,44,44) (54,54,54) (74,74,74) (86,86,86) (94,94,94) (118,118,118) (114,114,114) (122,122,122) (118,118,118) (129,129,129) (129,129,129) (122,122,122) (124,124,124) (124,124,124) (131,131,131) (131,131,131) (131,131,131) (137,137,137) (135,135,135) (137,137,137) (137,137,137) (143,143,143) (143,143,143) (143,143,143) (143,143,143) (139,139,139) (141,141,141) (137,137,137) (141,141,141) (145,145,145) (145,145,145) (151,151,151) (161,161,161) (171,171,171) (171,171,171) (179,179,179) (187,187,187) (193,193,193) (197,197,197) (197,197,197) (201,201,201) (201,201,201) (199,199,199) (201,201,201) (199,199,199) (203,203,203) (203,203,203) (217,217,217) (159,159,159) (96,96,96) (38,38,38) (48,48,48) (44,44,44) (38,38,38) (38,38,38) (36,36,36) (52,52,52) (66,66,66) (90,90,90) (86,86,86) (86,86,86) (80,80,80) (92,92,92) (86,86,86) (78,78,78) (66,66,66) (92,92,92) (82,82,82) (66,66,66) (70,70,70) (54,54,54) (143,143,143) (161,161,161) (149,149,149) (129,129,129) (129,129,129) (133,133,133) (131,131,131) (131,131,131) (139,139,139) (135,135,135) (124,124,124) (124,124,124) (118,118,118) (120,120,120) (122,122,122) (114,114,114) (114,114,114) (106,106,106) (106,106,106) (104,104,104) (102,102,102) (96,96,96) (94,94,94) (106,106,106) (104,104,104) (110,110,110) (104,104,104) (104,104,104) (106,106,106) (108,108,108) (106,106,106) (112,112,112) (108,108,108) (110,110,110) (104,104,104) (102,102,102) (126,126,126) (185,185,185) (205,205,205) (211,211,211) (209,209,209) (205,205,205) (205,205,205) (203,203,203) (207,207,207) (207,207,207) (209,209,209) (209,209,209) (209,209,209) (207,207,207) (207,207,207) (199,199,199) (187,187,187) (175,175,175) (151,151,151) (98,98,98) (62,62,62) (54,54,54) (42,42,42) (42,42,42) (58,58,58) (56,56,56) (64,64,64) (76,76,76) (82,82,82) (88,88,88) (84,84,84) (82,82,82) (88,88,88) 
(129,129,129) (120,120,120) (110,110,110) (88,88,88) (78,78,78) (76,76,76) (62,62,62) (56,56,56) (60,60,60) (66,66,66) (56,56,56) (62,62,62) (48,48,48) (56,56,56) (78,78,78) (102,102,102) (126,126,126) (149,149,149) (159,159,159) (169,169,169) (169,169,169) (171,171,171) (173,173,173) (171,171,171) (169,169,169) (173,173,173) (177,177,177) (189,189,189) (195,195,195) (155,155,155) (139,139,139) (118,118,118) (92,92,92) (68,68,68) (78,78,78) (78,78,78) (173,173,173) (88,88,88) (46,46,46) (40,40,40) (34,34,34) (38,38,38) (42,42,42) (44,44,44) (60,60,60) (92,92,92) (72,72,72) (92,92,92) (30,30,30) (42,42,42) (48,48,48) (80,80,80) (102,102,102) (80,80,80) (74,74,74) (56,56,56) (92,92,92) (32,32,32) (50,50,50) (143,143,143) (122,122,122) (124,124,124) (68,68,68) (60,60,60) (74,74,74) (66,66,66) (153,153,153) (155,155,155) (70,70,70) (86,86,86) (94,94,94) (98,98,98) (94,94,94) (135,135,135) (110,110,110) (104,104,104) (108,108,108) (108,108,108) (124,124,124) (195,195,195) (104,104,104) (72,72,72) (78,78,78) (40,40,40) (181,181,181) (22,22,22) (46,46,46) (60,60,60) (60,60,60) (68,68,68) (72,72,72) (48,48,48) (44,44,44) (46,46,46) (84,84,84) (62,62,62) (48,48,48) (52,52,52) (46,46,46) (42,42,42) (50,50,50) (48,48,48) (62,62,62) (52,52,52) (50,50,50) (54,54,54) (46,46,46) (48,48,48) (52,52,52) (58,58,58) (62,62,62) (60,60,60) (62,62,62) (60,60,60) (64,64,64) (56,56,56) (46,46,46) (48,48,48) (78,78,78) (84,84,84) (94,94,94) (110,110,110) (124,124,124) (116,116,116) (122,122,122) (126,126,126) (126,126,126) (124,124,124) (124,124,124) (129,129,129) (133,133,133) (131,131,131) (135,135,135) (133,133,133) (137,137,137) (135,135,135) (137,137,137) (139,139,139) (145,145,145) (137,137,137) (143,143,143) (141,141,141) (139,139,139) (139,139,139) (141,141,141) (143,143,143) (147,147,147) (153,153,153) (161,161,161) (169,169,169) (173,173,173) (183,183,183) (189,189,189) (193,193,193) (195,195,195) (197,197,197) (197,197,197) (201,201,201) (201,201,201) (201,201,201) (203,203,203) (201,201,201) (205,205,205) (203,203,203) (209,209,209) (213,213,213) (151,151,151) (58,58,58) (40,40,40) (38,38,38) (36,36,36) (36,36,36) (50,50,50) (68,68,68) (72,72,72) (84,84,84) (96,96,96) (70,70,70) (88,88,88) (88,88,88) (76,76,76) (66,66,66) (84,84,84) (72,72,72) (78,78,78) (56,56,56) (48,48,48) (139,139,139) (153,153,153) (139,139,139) (137,137,137) (141,141,141) (139,139,139) (135,135,135) (139,139,139) (137,137,137) (139,139,139) (129,129,129) (129,129,129) (131,131,131) (126,126,126) (126,126,126) (120,120,120) (116,116,116) (114,114,114) (108,108,108) (98,98,98) (106,106,106) (100,100,100) (100,100,100) (102,102,102) (96,96,96) (96,96,96) (98,98,98) (94,94,94) (92,92,92) (100,100,100) (100,100,100) (110,110,110) (110,110,110) (100,100,100) (90,90,90) (84,84,84) (118,118,118) (171,171,171) (201,201,201) (209,209,209) (207,207,207) (205,205,205) (203,203,203) (207,207,207) (209,209,209) (207,207,207) (211,211,211) (207,207,207) (209,209,209) (205,205,205) (203,203,203) (197,197,197) (177,177,177) (153,153,153) (92,92,92) (50,50,50) (44,44,44) (50,50,50) (54,54,54) (58,58,58) (66,66,66) (66,66,66) (72,72,72) (72,72,72) (86,86,86) (82,82,82) (84,84,84) (88,88,88) (88,88,88) 
(133,133,133) (131,131,131) (129,129,129) (120,120,120) (96,96,96) (86,86,86) (78,78,78) (66,66,66) (62,62,62) (74,74,74) (62,62,62) (56,56,56) (54,54,54) (54,54,54) (68,68,68) (104,104,104) (126,126,126) (145,145,145) (157,157,157) (167,167,167) (171,171,171) (167,167,167) (171,171,171) (171,171,171) (173,173,173) (171,171,171) (179,179,179) (179,179,179) (165,165,165) (159,159,159) (139,139,139) (122,122,122) (90,90,90) (78,78,78) (137,137,137) (137,137,137) (183,183,183) (48,48,48) (36,36,36) (46,46,46) (40,40,40) (40,40,40) (42,42,42) (40,40,40) (42,42,42) (76,76,76) (122,122,122) (68,68,68) (28,28,28) (38,38,38) (50,50,50) (56,56,56) (120,120,120) (82,82,82) (78,78,78) (98,98,98) (58,58,58) (34,34,34) (36,36,36) (52,52,52) (122,122,122) (141,141,141) (137,137,137) (100,100,100) (106,106,106) (64,64,64) (124,124,124) (110,110,110) (48,48,48) (126,126,126) (100,100,100) (100,100,100) (116,116,116) (82,82,82) (143,143,143) (124,124,124) (114,114,114) (112,112,112) (131,131,131) (131,131,131) (171,171,171) (76,76,76) (66,66,66) (86,86,86) (62,62,62) (185,185,185) (44,44,44) (54,54,54) (56,56,56) (70,70,70) (66,66,66) (48,48,48) (44,44,44) (42,42,42) (82,82,82) (50,50,50) (44,44,44) (52,52,52) (46,46,46) (46,46,46) (44,44,44) (44,44,44) (56,56,56) (60,60,60) (50,50,50) (52,52,52) (46,46,46) (50,50,50) (52,52,52) (58,58,58) (54,54,54) (60,60,60) (62,62,62) (74,74,74) (56,56,56) (56,56,56) (50,50,50) (50,50,50) (62,62,62) (80,80,80) (98,98,98) (102,102,102) (116,116,116) (118,118,118) (120,120,120) (124,124,124) (122,122,122) (120,120,120) (129,129,129) (129,129,129) (129,129,129) (126,126,126) (135,135,135) (135,135,135) (139,139,139) (135,135,135) (137,137,137) (141,141,141) (143,143,143) (137,137,137) (137,137,137) (137,137,137) (141,141,141) (143,143,143) (145,145,145) (149,149,149) (151,151,151) (159,159,159) (163,163,163) (167,167,167) (177,177,177) (183,183,183) (191,191,191) (189,189,189) (191,191,191) (195,195,195) (193,193,193) (197,197,197) (197,197,197) (201,201,201) (203,203,203) (205,205,205) (201,201,201) (207,207,207) (207,207,207) (211,211,211) (211,211,211) (205,205,205) (108,108,108) (28,28,28) (40,40,40) (36,36,36) (56,56,56) (78,78,78) (72,72,72) (82,82,82) (96,96,96) (72,72,72) (86,86,86) (78,78,78) (72,72,72) (60,60,60) (78,78,78) (76,76,76) (78,78,78) (60,60,60) (48,48,48) (143,143,143) (151,151,151) (145,145,145) (137,137,137) (151,151,151) (143,143,143) (139,139,139) (141,141,141) (131,131,131) (149,149,149) (135,135,135) (133,133,133) (131,131,131) (133,133,133) (129,129,129) (129,129,129) (129,129,129) (122,122,122) (118,118,118) (114,114,114) (114,114,114) (104,104,104) (108,108,108) (98,98,98) (94,94,94) (92,92,92) (98,98,98) (88,88,88) (90,90,90) (90,90,90) (104,104,104) (116,116,116) (110,110,110) (106,106,106) (80,80,80) (72,72,72) (102,102,102) (175,175,175) (201,201,201) (207,207,207) (205,205,205) (205,205,205) (205,205,205) (209,209,209) (209,209,209) (209,209,209) (207,207,207) (205,205,205) (205,205,205) (199,199,199) (195,195,195) (183,183,183) (159,159,159) (118,118,118) (50,50,50) (40,40,40) (50,50,50) (74,74,74) (74,74,74) (74,74,74) (76,76,76) (76,76,76) (80,80,80) (80,80,80) (82,82,82) (90,90,90) (92,92,92) (86,86,86) (86,86,86) 
(137,137,137) (131,131,131) (133,133,133) (129,129,129) (120,120,120) (106,106,106) (92,92,92) (80,80,80) (82,82,82) (76,76,76) (68,68,68) (58,58,58) (54,54,54) (54,54,54) (76,76,76) (104,104,104) (124,124,124) (145,145,145) (159,159,159) (167,167,167) (169,169,169) (169,169,169) (169,169,169) (175,175,175) (171,171,171) (169,169,169) (175,175,175) (167,167,167) (167,167,167) (155,155,155) (143,143,143) (122,122,122) (92,92,92) (92,92,92) (86,86,86) (219,219,219) (80,80,80) (42,42,42) (40,40,40) (40,40,40) (40,40,40) (42,42,42) (42,42,42) (40,40,40) (62,62,62) (72,72,72) (135,135,135) (60,60,60) (32,32,32) (34,34,34) (50,50,50) (58,58,58) (139,139,139) (64,64,64) (76,76,76) (118,118,118) (48,48,48) (54,54,54) (38,38,38) (48,48,48) (80,80,80) (78,78,78) (106,106,106) (135,135,135) (98,98,98) (133,133,133) (149,149,149) (58,58,58) (80,80,80) (58,58,58) (137,137,137) (106,106,106) (110,110,110) (110,110,110) (66,66,66) (159,159,159) (118,118,118) (131,131,131) (137,137,137) (106,106,106) (92,92,92) (169,169,169) (30,30,30) (40,40,40) (141,141,141) (171,171,171) (74,74,74) (46,46,46) (58,58,58) (72,72,72) (50,50,50) (42,42,42) (40,40,40) (40,40,40) (100,100,100) (62,62,62) (50,50,50) (54,54,54) (60,60,60) (48,48,48) (44,44,44) (44,44,44) (62,62,62) (50,50,50) (78,78,78) (50,50,50) (50,50,50) (48,48,48) (52,52,52) (48,48,48) (52,52,52) (58,58,58) (58,58,58) (70,70,70) (66,66,66) (64,64,64) (56,56,56) (48,48,48) (60,60,60) (80,80,80) (94,94,94) (108,108,108) (110,110,110) (118,118,118) (116,116,116) (122,122,122) (129,129,129) (126,126,126) (126,126,126) (129,129,129) (126,126,126) (126,126,126) (131,131,131) (139,139,139) (141,141,141) (139,139,139) (141,141,141) (141,141,141) (139,139,139) (139,139,139) (141,141,141) (137,137,137) (145,145,145) (147,147,147) (145,145,145) (149,149,149) (157,157,157) (157,157,157) (165,165,165) (173,173,173) (177,177,177) (181,181,181) (187,187,187) (189,189,189) (189,189,189) (189,189,189) (193,193,193) (195,195,195) (195,195,195) (193,193,193) (199,199,199) (201,201,201) (203,203,203) (201,201,201) (205,205,205) (209,209,209) (211,211,211) (211,211,211) (211,211,211) (149,149,149) (40,40,40) (34,34,34) (42,42,42) (62,62,62) (48,48,48) (94,94,94) (102,102,102) (62,62,62) (74,74,74) (80,80,80) (72,72,72) (68,68,68) (84,84,84) (70,70,70) (74,74,74) (58,58,58) (48,48,48) (169,169,169) (153,153,153) (141,141,141) (131,131,131) (149,149,149) (147,147,147) (143,143,143) (141,141,141) (143,143,143) (139,139,139) (137,137,137) (133,133,133) (137,137,137) (137,137,137) (135,135,135) (133,133,133) (137,137,137) (129,129,129) (129,129,129) (120,120,120) (120,120,120) (116,116,116) (116,116,116) (106,106,106) (104,104,104) (92,92,92) (98,98,98) (86,86,86) (86,86,86) (94,94,94) (118,118,118) (129,129,129) (118,118,118) (112,112,112) (88,88,88) (76,76,76) (92,92,92) (179,179,179) (203,203,203) (209,209,209) (205,205,205) (205,205,205) (209,209,209) (211,211,211) (211,211,211) (207,207,207) (207,207,207) (207,207,207) (203,203,203) (187,187,187) (171,171,171) (143,143,143) (90,90,90) (54,54,54) (44,44,44) (48,48,48) (70,70,70) (76,76,76) (86,86,86) (74,74,74) (76,76,76) (82,82,82) (84,84,84) (88,88,88) (90,90,90) (88,88,88) (82,82,82) (88,88,88) (84,84,84) 
(135,135,135) (133,133,133) (143,143,143) (137,137,137) (131,131,131) (122,122,122) (110,110,110) (98,98,98) (94,94,94) (90,90,90) (78,78,78) (62,62,62) (44,44,44) (50,50,50) (74,74,74) (100,100,100) (120,120,120) (143,143,143) (157,157,157) (163,163,163) (167,167,167) (171,171,171) (169,169,169) (169,169,169) (173,173,173) (171,171,171) (171,171,171) (173,173,173) (163,163,163) (155,155,155) (139,139,139) (120,120,120) (151,151,151) (185,185,185) (94,94,94) (167,167,167) (24,24,24) (44,44,44) (40,40,40) (40,40,40) (38,38,38) (38,38,38) (32,32,32) (44,44,44) (129,129,129) (126,126,126) (124,124,124) (84,84,84) (30,30,30) (32,32,32) (66,66,66) (139,139,139) (124,124,124) (58,58,58) (90,90,90) (72,72,72) (64,64,64) (44,44,44) (40,40,40) (114,114,114) (100,100,100) (66,66,66) (56,56,56) (102,102,102) (135,135,135) (137,137,137) (54,54,54) (56,56,56) (72,72,72) (80,80,80) (64,64,64) (135,135,135) (122,122,122) (112,112,112) (100,100,100) (131,131,131) (153,153,153) (122,122,122) (133,133,133) (94,94,94) (124,124,124) (104,104,104) (163,163,163) (26,26,26) (42,42,42) (120,120,120) (183,183,183) (46,46,46) (52,52,52) (60,60,60) (52,52,52) (44,44,44) (44,44,44) (48,48,48) (90,90,90) (72,72,72) (50,50,50) (58,58,58) (50,50,50) (50,50,50) (48,48,48) (48,48,48) (48,48,48) (54,54,54) (64,64,64) (68,68,68) (50,50,50) (52,52,52) (52,52,52) (58,58,58) (60,60,60) (66,66,66) (56,56,56) (76,76,76) (80,80,80) (60,60,60) (50,50,50) (52,52,52) (56,56,56) (78,78,78) (90,90,90) (106,106,106) (116,116,116) (114,114,114) (118,118,118) (122,122,122) (126,126,126) (129,129,129) (126,126,126) (126,126,126) (122,122,122) (131,131,131) (135,135,135) (139,139,139) (137,137,137) (143,143,143) (141,141,141) (139,139,139) (139,139,139) (135,135,135) (137,137,137) (135,135,135) (147,147,147) (145,145,145) (147,147,147) (151,151,151) (157,157,157) (163,163,163) (169,169,169) (177,177,177) (177,177,177) (185,185,185) (187,187,187) (191,191,191) (187,187,187) (187,187,187) (189,189,189) (197,197,197) (195,195,195) (193,193,193) (197,197,197) (201,201,201) (203,203,203) (203,203,203) (205,205,205) (207,207,207) (207,207,207) (209,209,209) (211,211,211) (213,213,213) (181,181,181) (60,60,60) (44,44,44) (56,56,56) (48,48,48) (90,90,90) (98,98,98) (62,62,62) (70,70,70) (80,80,80) (64,64,64) (68,68,68) (82,82,82) (68,68,68) (70,70,70) (54,54,54) (44,44,44) (175,175,175) (157,157,157) (137,137,137) (141,141,141) (155,155,155) (155,155,155) (145,145,145) (145,145,145) (145,145,145) (145,145,145) (143,143,143) (139,139,139) (135,135,135) (137,137,137) (139,139,139) (135,135,135) (133,133,133) (133,133,133) (124,124,124) (124,124,124) (120,120,120) (122,122,122) (122,122,122) (116,116,116) (110,110,110) (110,110,110) (102,102,102) (102,102,102) (98,98,98) (108,108,108) (120,120,120) (135,135,135) (124,124,124) (112,112,112) (84,84,84) (68,68,68) (114,114,114) (187,187,187) (201,201,201) (209,209,209) (211,211,211) (207,207,207) (209,209,209) (213,213,213) (211,211,211) (209,209,209) (209,209,209) (207,207,207) (201,201,201) (171,171,171) (137,137,137) (84,84,84) (46,46,46) (44,44,44) (50,50,50) (78,78,78) (80,80,80) (86,86,86) (74,74,74) (74,74,74) (78,78,78) (90,90,90) (90,90,90) (94,94,94) (94,94,94) (92,92,92) (86,86,86) (82,82,82) (90,90,90) 
(133,133,133) (133,133,133) (137,137,137) (145,145,145) (145,145,145) (139,139,139) (131,131,131) (116,116,116) (106,106,106) (90,90,90) (74,74,74) (64,64,64) (46,46,46) (52,52,52) (64,64,64) (102,102,102) (129,129,129) (147,147,147) (163,163,163) (169,169,169) (171,171,171) (171,171,171) (173,173,173) (171,171,171) (171,171,171) (171,171,171) (175,175,175) (169,169,169) (165,165,165) (151,151,151) (137,137,137) (122,122,122) (167,167,167) (213,213,213) (94,94,94) (118,118,118) (54,54,54) (42,42,42) (42,42,42) (46,46,46) (44,44,44) (38,38,38) (40,40,40) (32,32,32) (42,42,42) (88,88,88) (118,118,118) (151,151,151) (131,131,131) (133,133,133) (145,145,145) (98,98,98) (70,70,70) (82,82,82) (68,68,68) (72,72,72) (66,66,66) (38,38,38) (112,112,112) (131,131,131) (60,60,60) (58,58,58) (70,70,70) (143,143,143) (96,96,96) (58,58,58) (70,70,70) (60,60,60) (68,68,68) (86,86,86) (80,80,80) (82,82,82) (118,118,118) (129,129,129) (124,124,124) (157,157,157) (141,141,141) (145,145,145) (129,129,129) (151,151,151) (40,40,40) (42,42,42) (129,129,129) (106,106,106) (38,38,38) (80,80,80) (122,122,122) (108,108,108) (48,48,48) (62,62,62) (54,54,54) (50,50,50) (46,46,46) (50,50,50) (96,96,96) (62,62,62) (54,54,54) (60,60,60) (52,52,52) (46,46,46) (50,50,50) (46,46,46) (48,48,48) (56,56,56) (66,66,66) (56,56,56) (56,56,56) (52,52,52) (50,50,50) (50,50,50) (66,66,66) (68,68,68) (66,66,66) (72,72,72) (78,78,78) (50,50,50) (56,56,56) (54,54,54) (66,66,66) (78,78,78) (94,94,94) (108,108,108) (118,118,118) (118,118,118) (120,120,120) (122,122,122) (131,131,131) (129,129,129) (126,126,126) (120,120,120) (129,129,129) (131,131,131) (135,135,135) (141,141,141) (147,147,147) (143,143,143) (139,139,139) (137,137,137) (141,141,141) (135,135,135) (137,137,137) (135,135,135) (143,143,143) (145,145,145) (149,149,149) (153,153,153) (155,155,155) (161,161,161) (165,165,165) (169,169,169) (175,175,175) (181,181,181) (183,183,183) (185,185,185) (187,187,187) (189,189,189) (191,191,191) (189,189,189) (189,189,189) (191,191,191) (197,197,197) (199,199,199) (201,201,201) (203,203,203) (205,205,205) (205,205,205) (209,209,209) (211,211,211) (211,211,211) (213,213,213) (213,213,213) (199,199,199) (64,64,64) (48,48,48) (42,42,42) (72,72,72) (86,86,86) (54,54,54) (64,64,64) (68,68,68) (60,60,60) (70,70,70) (76,76,76) (74,74,74) (70,70,70) (50,50,50) (44,44,44) (171,171,171) (153,153,153) (133,133,133) (141,141,141) (151,151,151) (153,153,153) (147,147,147) (143,143,143) (147,147,147) (145,145,145) (145,145,145) (143,143,143) (141,141,141) (139,139,139) (139,139,139) (135,135,135) (137,137,137) (135,135,135) (133,133,133) (129,129,129) (129,129,129) (129,129,129) (120,120,120) (118,118,118) (122,122,122) (112,112,112) (112,112,112) (106,106,106) (100,100,100) (108,108,108) (120,120,120) (133,133,133) (124,124,124) (112,112,112) (88,88,88) (84,84,84) (143,143,143) (191,191,191) (209,209,209) (209,209,209) (211,211,211) (211,211,211) (209,209,209) (213,213,213) (211,211,211) (211,211,211) (205,205,205) (205,205,205) (195,195,195) (151,151,151) (82,82,82) (46,46,46) (54,54,54) (50,50,50) (76,76,76) (94,94,94) (88,88,88) (78,78,78) (78,78,78) (76,76,76) (82,82,82) (92,92,92) (92,92,92) (102,102,102) (96,96,96) (94,94,94) (84,84,84) (84,84,84) (90,90,90) 
(126,126,126) (139,139,139) (139,139,139) (151,151,151) (149,149,149) (143,143,143) (143,143,143) (129,129,129) (118,118,118) (100,100,100) (80,80,80) (68,68,68) (48,48,48) (38,38,38) (72,72,72) (104,104,104) (126,126,126) (145,145,145) (161,161,161) (171,171,171) (173,173,173) (175,175,175) (171,171,171) (177,177,177) (169,169,169) (173,173,173) (179,179,179) (173,173,173) (163,163,163) (151,151,151) (137,137,137) (189,189,189) (219,219,219) (90,90,90) (102,102,102) (88,88,88) (76,76,76) (58,58,58) (44,44,44) (36,36,36) (42,42,42) (38,38,38) (40,40,40) (46,46,46) (50,50,50) (72,72,72) (36,36,36) (38,38,38) (68,68,68) (90,90,90) (76,76,76) (60,60,60) (66,66,66) (76,76,76) (56,56,56) (66,66,66) (84,84,84) (116,116,116) (131,131,131) (74,74,74) (44,44,44) (40,40,40) (98,98,98) (141,141,141) (54,54,54) (58,58,58) (76,76,76) (56,56,56) (58,58,58) (92,92,92) (102,102,102) (86,86,86) (94,94,94) (114,114,114) (133,133,133) (133,133,133) (133,133,133) (141,141,141) (141,141,141) (163,163,163) (68,68,68) (32,32,32) (112,112,112) (181,181,181) (62,62,62) (46,46,46) (58,58,58) (209,209,209) (52,52,52) (52,52,52) (56,56,56) (44,44,44) (40,40,40) (42,42,42) (90,90,90) (64,64,64) (50,50,50) (54,54,54) (50,50,50) (60,60,60) (56,56,56) (52,52,52) (52,52,52) (62,62,62) (70,70,70) (64,64,64) (46,46,46) (56,56,56) (54,54,54) (54,54,54) (78,78,78) (62,62,62) (62,62,62) (86,86,86) (94,94,94) (70,70,70) (50,50,50) (46,46,46) (52,52,52) (82,82,82) (88,88,88) (114,114,114) (114,114,114) (118,118,118) (129,129,129) (126,126,126) (124,124,124) (114,114,114) (118,118,118) (126,126,126) (135,135,135) (139,139,139) (137,137,137) (135,135,135) (137,137,137) (141,141,141) (137,137,137) (145,145,145) (137,137,137) (135,135,135) (137,137,137) (139,139,139) (143,143,143) (147,147,147) (157,157,157) (155,155,155) (159,159,159) (161,161,161) (167,167,167) (167,167,167) (173,173,173) (179,179,179) (179,179,179) (183,183,183) (185,185,185) (185,185,185) (189,189,189) (183,183,183) (189,189,189) (195,195,195) (197,197,197) (199,199,199) (195,195,195) (201,201,201) (205,205,205) (207,207,207) (205,205,205) (211,211,211) (211,211,211) (213,213,213) (211,211,211) (215,215,215) (199,199,199) (76,76,76) (40,40,40) (64,64,64) (84,84,84) (50,50,50) (56,56,56) (54,54,54) (64,64,64) (70,70,70) (66,66,66) (74,74,74) (68,68,68) (46,46,46) (64,64,64) (167,167,167) (157,157,157) (133,133,133) (143,143,143) (149,149,149) (145,145,145) (149,149,149) (143,143,143) (143,143,143) (145,145,145) (143,143,143) (141,141,141) (143,143,143) (143,143,143) (145,145,145) (139,139,139) (133,133,133) (133,133,133) (135,135,135) (133,133,133) (129,129,129) (122,122,122) (129,129,129) (129,129,129) (118,118,118) (118,118,118) (120,120,120) (116,116,116) (106,106,106) (114,114,114) (126,126,126) (131,131,131) (129,129,129) (112,112,112) (96,96,96) (94,94,94) (165,165,165) (199,199,199) (209,209,209) (209,209,209) (215,215,215) (213,213,213) (211,211,211) (213,213,213) (213,213,213) (209,209,209) (201,201,201) (201,201,201) (177,177,177) (126,126,126) (68,68,68) (36,36,36) (48,48,48) (70,70,70) (90,90,90) (94,94,94) (86,86,86) (86,86,86) (86,86,86) (80,80,80) (92,92,92) (96,96,96) (100,100,100) (100,100,100) (92,92,92) (88,88,88) (90,90,90) (86,86,86) (96,96,96) 
(126,126,126) (131,131,131) (143,143,143) (145,145,145) (153,153,153) (149,149,149) (149,149,149) (135,135,135) (131,131,131) (120,120,120) (94,94,94) (72,72,72) (54,54,54) (44,44,44) (76,76,76) (98,98,98) (124,124,124) (147,147,147) (159,159,159) (167,167,167) (173,173,173) (175,175,175) (175,175,175) (173,173,173) (175,175,175) (175,175,175) (177,177,177) (173,173,173) (163,163,163) (151,151,151) (143,143,143) (205,205,205) (235,235,235) (108,108,108) (137,137,137) (88,88,88) (50,50,50) (54,54,54) (50,50,50) (52,52,52) (64,64,64) (50,50,50) (58,58,58) (58,58,58) (64,64,64) (78,78,78) (44,44,44) (44,44,44) (76,76,76) (76,76,76) (66,66,66) (58,58,58) (52,52,52) (48,48,48) (60,60,60) (64,64,64) (72,72,72) (58,58,58) (62,62,62) (52,52,52) (36,36,36) (62,62,62) (141,141,141) (116,116,116) (46,46,46) (70,70,70) (62,62,62) (72,72,72) (68,68,68) (64,64,64) (106,106,106) (106,106,106) (88,88,88) (92,92,92) (110,110,110) (141,141,141) (131,131,131) (135,135,135) (157,157,157) (141,141,141) (131,131,131) (28,28,28) (28,28,28) (177,177,177) (201,201,201) (44,44,44) (82,82,82) (193,193,193) (50,50,50) (50,50,50) (40,40,40) (42,42,42) (44,44,44) (50,50,50) (86,86,86) (68,68,68) (52,52,52) (56,56,56) (46,46,46) (52,52,52) (54,54,54) (44,44,44) (54,54,54) (60,60,60) (68,68,68) (68,68,68) (54,54,54) (48,48,48) (56,56,56) (56,56,56) (82,82,82) (68,68,68) (56,56,56) (78,78,78) (98,98,98) (104,104,104) (52,52,52) (44,44,44) (42,42,42) (76,76,76) (78,78,78) (118,118,118) (120,120,120) (118,118,118) (126,126,126) (126,126,126) (112,112,112) (114,114,114) (129,129,129) (131,131,131) (137,137,137) (145,145,145) (137,137,137) (135,135,135) (139,139,139) (141,141,141) (137,137,137) (143,143,143) (139,139,139) (141,141,141) (141,141,141) (145,145,145) (147,147,147) (151,151,151) (155,155,155) (161,161,161) (159,159,159) (163,163,163) (165,165,165) (165,165,165) (169,169,169) (177,177,177) (175,175,175) (177,177,177) (183,183,183) (181,181,181) (187,187,187) (189,189,189) (189,189,189) (189,189,189) (193,193,193) (193,193,193) (197,197,197) (201,201,201) (201,201,201) (205,205,205) (205,205,205) (209,209,209) (209,209,209) (213,213,213) (211,211,211) (215,215,215) (215,215,215) (195,195,195) (54,54,54) (56,56,56) (80,80,80) (48,48,48) (52,52,52) (52,52,52) (72,72,72) (82,82,82) (68,68,68) (68,68,68) (72,72,72) (50,50,50) (86,86,86) (169,169,169) (147,147,147) (133,133,133) (141,141,141) (147,147,147) (149,149,149) (149,149,149) (143,143,143) (143,143,143) (145,145,145) (141,141,141) (147,147,147) (141,141,141) (143,143,143) (139,139,139) (139,139,139) (139,139,139) (143,143,143) (137,137,137) (141,141,141) (135,135,135) (131,131,131) (129,129,129) (129,129,129) (126,126,126) (131,131,131) (118,118,118) (116,116,116) (114,114,114) (120,120,120) (126,126,126) (129,129,129) (129,129,129) (116,116,116) (102,102,102) (120,120,120) (179,179,179) (203,203,203) (209,209,209) (211,211,211) (209,209,209) (213,213,213) (213,213,213) (211,211,211) (211,211,211) (203,203,203) (199,199,199) (185,185,185) (163,163,163) (110,110,110) (56,56,56) (44,44,44) (62,62,62) (84,84,84) (92,92,92) (94,94,94) (90,90,90) (88,88,88) (80,80,80) (86,86,86) (96,96,96) (106,106,106) (106,106,106) (98,98,98) (94,94,94) (88,88,88) (88,88,88) (94,94,94) (94,94,94) 
(122,122,122) (126,126,126) (131,131,131) (145,145,145) (149,149,149) (151,151,151) (149,149,149) (143,143,143) (141,141,141) (135,135,135) (110,110,110) (90,90,90) (48,48,48) (44,44,44) (74,74,74) (92,92,92) (126,126,126) (149,149,149) (161,161,161) (167,167,167) (175,175,175) (175,175,175) (173,173,173) (173,173,173) (171,171,171) (175,175,175) (177,177,177) (169,169,169) (165,165,165) (151,151,151) (141,141,141) (211,211,211) (213,213,213) (82,82,82) (137,137,137) (108,108,108) (36,36,36) (38,38,38) (36,36,36) (48,48,48) (56,56,56) (60,60,60) (58,58,58) (64,64,64) (62,62,62) (76,76,76) (54,54,54) (38,38,38) (86,86,86) (62,62,62) (56,56,56) (50,50,50) (66,66,66) (64,64,64) (64,64,64) (60,60,60) (42,42,42) (46,46,46) (48,48,48) (66,66,66) (46,46,46) (56,56,56) (126,126,126) (112,112,112) (50,50,50) (44,44,44) (72,72,72) (74,74,74) (82,82,82) (78,78,78) (76,76,76) (120,120,120) (100,100,100) (82,82,82) (104,104,104) (133,133,133) (141,141,141) (139,139,139) (139,139,139) (94,94,94) (135,135,135) (110,110,110) (84,84,84) (153,153,153) (191,191,191) (106,106,106) (62,62,62) (72,72,72) (147,147,147) (50,50,50) (44,44,44) (44,44,44) (54,54,54) (50,50,50) (98,98,98) (68,68,68) (60,60,60) (70,70,70) (62,62,62) (60,60,60) (56,56,56) (56,56,56) (54,54,54) (60,60,60) (64,64,64) (72,72,72) (58,58,58) (60,60,60) (64,64,64) (58,58,58) (94,94,94) (72,72,72) (64,64,64) (90,90,90) (104,104,104) (102,102,102) (60,60,60) (54,54,54) (44,44,44) (82,82,82) (96,96,96) (122,122,122) (131,131,131) (118,118,118) (118,118,118) (116,116,116) (116,116,116) (129,129,129) (137,137,137) (133,133,133) (133,133,133) (143,143,143) (135,135,135) (139,139,139) (141,141,141) (143,143,143) (143,143,143) (137,137,137) (139,139,139) (137,137,137) (139,139,139) (145,145,145) (153,153,153) (151,151,151) (155,155,155) (159,159,159) (161,161,161) (161,161,161) (167,167,167) (165,165,165) (169,169,169) (169,169,169) (171,171,171) (177,177,177) (181,181,181) (179,179,179) (181,181,181) (187,187,187) (187,187,187) (185,185,185) (193,193,193) (193,193,193) (195,195,195) (199,199,199) (201,201,201) (201,201,201) (207,207,207) (209,209,209) (207,207,207) (209,209,209) (211,211,211) (217,217,217) (217,217,217) (215,215,215) (193,193,193) (40,40,40) (64,64,64) (46,46,46) (46,46,46) (46,46,46) (70,70,70) (72,72,72) (62,62,62) (78,78,78) (60,60,60) (48,48,48) (100,100,100) (163,163,163) (141,141,141) (135,135,135) (139,139,139) (143,143,143) (155,155,155) (145,145,145) (145,145,145) (149,149,149) (143,143,143) (141,141,141) (143,143,143) (145,145,145) (141,141,141) (145,145,145) (141,141,141) (141,141,141) (137,137,137) (135,135,135) (135,135,135) (135,135,135) (135,135,135) (129,129,129) (126,126,126) (126,126,126) (122,122,122) (126,126,126) (118,118,118) (120,120,120) (118,118,118) (122,122,122) (129,129,129) (126,126,126) (122,122,122) (112,112,112) (133,133,133) (189,189,189) (205,205,205) (211,211,211) (211,211,211) (211,211,211) (213,213,213) (213,213,213) (211,211,211) (211,211,211) (205,205,205) (191,191,191) (175,175,175) (141,141,141) (92,92,92) (52,52,52) (54,54,54) (78,78,78) (96,96,96) (92,92,92) (90,90,90) (94,94,94) (90,90,90) (88,88,88) (102,102,102) (110,110,110) (114,114,114) (110,110,110) (100,100,100) (98,98,98) (86,86,86) (84,84,84) (96,96,96) (96,96,96) 
(88,88,88) (102,102,102) (126,126,126) (137,137,137) (145,145,145) (155,155,155) (159,159,159) (153,153,153) (159,159,159) (141,141,141) (116,116,116) (76,76,76) (54,54,54) (44,44,44) (76,76,76) (100,100,100) (129,129,129) (147,147,147) (159,159,159) (171,171,171) (177,177,177) (179,179,179) (177,177,177) (175,175,175) (179,179,179) (177,177,177) (181,181,181) (177,177,177) (165,165,165) (155,155,155) (139,139,139) (161,161,161) (209,209,209) (94,94,94) (98,98,98) (40,40,40) (36,36,36) (36,36,36) (50,50,50) (44,44,44) (46,46,46) (46,46,46) (46,46,46) (44,44,44) (72,72,72) (56,56,56) (72,72,72) (50,50,50) (44,44,44) (52,52,52) (42,42,42) (56,56,56) (104,104,104) (80,80,80) (54,54,54) (54,54,54) (38,38,38) (42,42,42) (42,42,42) (102,102,102) (44,44,44) (38,38,38) (56,56,56) (92,92,92) (104,104,104) (46,46,46) (46,46,46) (62,62,62) (64,64,64) (84,84,84) (66,66,66) (88,88,88) (114,114,114) (92,92,92) (78,78,78) (135,135,135) (139,139,139) (129,129,129) (129,129,129) (110,110,110) (143,143,143) (143,143,143) (76,76,76) (126,126,126) (62,62,62) (181,181,181) (22,22,22) (30,30,30) (207,207,207) (42,42,42) (42,42,42) (40,40,40) (40,40,40) (44,44,44) (98,98,98) (62,62,62) (64,64,64) (62,62,62) (52,52,52) (48,48,48) (50,50,50) (42,42,42) (58,58,58) (62,62,62) (60,60,60) (60,60,60) (56,56,56) (46,46,46) (50,50,50) (52,52,52) (66,66,66) (66,66,66) (62,62,62) (92,92,92) (118,118,118) (102,102,102) (78,78,78) (40,40,40) (42,42,42) (82,82,82) (84,84,84) (122,122,122) (126,126,126) (114,114,114) (108,108,108) (124,124,124) (131,131,131) (131,131,131) (137,137,137) (135,135,135) (143,143,143) (137,137,137) (135,135,135) (145,145,145) (139,139,139) (135,135,135) (135,135,135) (141,141,141) (139,139,139) (143,143,143) (139,139,139) (141,141,141) (147,147,147) (151,151,151) (151,151,151) (159,159,159) (161,161,161) (157,157,157) (163,163,163) (161,161,161) (165,165,165) (173,173,173) (175,175,175) (173,173,173) (177,177,177) (175,175,175) (181,181,181) (183,183,183) (183,183,183) (183,183,183) (189,189,189) (193,193,193) (195,195,195) (199,199,199) (199,199,199) (201,201,201) (205,205,205) (207,207,207) (207,207,207) (213,213,213) (211,211,211) (213,213,213) (217,217,217) (217,217,217) (217,217,217) (151,151,151) (46,46,46) (48,48,48) (38,38,38) (50,50,50) (62,62,62) (66,66,66) (60,60,60) (56,56,56) (46,46,46) (48,48,48) (129,129,129) (157,157,157) (139,139,139) (137,137,137) (149,149,149) (149,149,149) (151,151,151) (147,147,147) (139,139,139) (141,141,141) (143,143,143) (137,137,137) (141,141,141) (143,143,143) (141,141,141) (143,143,143) (141,141,141) (143,143,143) (141,141,141) (141,141,141) (137,137,137) (131,131,131) (133,133,133) (137,137,137) (133,133,133) (126,126,126) (129,129,129) (129,129,129) (124,124,124) (122,122,122) (124,124,124) (131,131,131) (139,139,139) (131,131,131) (129,129,129) (122,122,122) (163,163,163) (197,197,197) (207,207,207) (215,215,215) (211,211,211) (215,215,215) (211,211,211) (215,215,215) (213,213,213) (209,209,209) (199,199,199) (183,183,183) (165,165,165) (124,124,124) (82,82,82) (60,60,60) (76,76,76) (94,94,94) (96,96,96) (94,94,94) (88,88,88) (94,94,94) (92,92,92) (96,96,96) (108,108,108) (114,114,114) (110,110,110) (104,104,104) (96,96,96) (98,98,98) (92,92,92) (92,92,92) (106,106,106) (102,102,102) 
(60,60,60) (86,86,86) (114,114,114) (129,129,129) (139,139,139) (151,151,151) (165,165,165) (163,163,163) (157,157,157) (143,143,143) (129,129,129) (98,98,98) (50,50,50) (44,44,44) (62,62,62) (98,98,98) (129,129,129) (151,151,151) (161,161,161) (169,169,169) (177,177,177) (175,175,175) (175,175,175) (171,171,171) (177,177,177) (179,179,179) (181,181,181) (175,175,175) (165,165,165) (155,155,155) (143,143,143) (191,191,191) (96,96,96) (131,131,131) (86,86,86) (40,40,40) (38,38,38) (38,38,38) (52,52,52) (38,38,38) (42,42,42) (46,46,46) (38,38,38) (66,66,66) (66,66,66) (46,46,46) (58,58,58) (56,56,56) (46,46,46) (44,44,44) (42,42,42) (60,60,60) (110,110,110) (108,108,108) (56,56,56) (72,72,72) (42,42,42) (48,48,48) (40,40,40) (106,106,106) (60,60,60) (38,38,38) (46,46,46) (78,78,78) (102,102,102) (98,98,98) (42,42,42) (66,66,66) (78,78,78) (74,74,74) (70,70,70) (84,84,84) (118,118,118) (98,98,98) (86,86,86) (129,129,129) (135,135,135) (129,129,129) (131,131,131) (135,135,135) (141,141,141) (149,149,149) (70,70,70) (129,129,129) (44,44,44) (203,203,203) (139,139,139) (44,44,44) (255,255,255) (60,60,60) (34,34,34) (42,42,42) (36,36,36) (42,42,42) (92,92,92) (58,58,58) (52,52,52) (64,64,64) (50,50,50) (50,50,50) (46,46,46) (46,46,46) (50,50,50) (54,54,54) (64,64,64) (62,62,62) (48,48,48) (52,52,52) (46,46,46) (44,44,44) (74,74,74) (60,60,60) (66,66,66) (102,102,102) (118,118,118) (110,110,110) (96,96,96) (44,44,44) (40,40,40) (74,74,74) (86,86,86) (120,120,120) (124,124,124) (102,102,102) (116,116,116) (139,139,139) (135,135,135) (126,126,126) (129,129,129) (135,135,135) (133,133,133) (135,135,135) (139,139,139) (139,139,139) (139,139,139) (139,139,139) (137,137,137) (139,139,139) (143,143,143) (143,143,143) (145,145,145) (141,141,141) (149,149,149) (149,149,149) (155,155,155) (155,155,155) (157,157,157) (165,165,165) (161,161,161) (165,165,165) (165,165,165) (165,165,165) (173,173,173) (173,173,173) (173,173,173) (173,173,173) (179,179,179) (185,185,185) (181,181,181) (179,179,179) (189,189,189) (193,193,193) (193,193,193) (195,195,195) (197,197,197) (203,203,203) (205,205,205) (205,205,205) (209,209,209) (211,211,211) (209,209,209) (213,213,213) (215,215,215) (217,217,217) (219,219,219) (219,219,219) (102,102,102) (54,54,54) (42,42,42) (50,50,50) (58,58,58) (66,66,66) (54,54,54) (68,68,68) (36,36,36) (46,46,46) (149,149,149) (155,155,155) (137,137,137) (135,135,135) (147,147,147) (149,149,149) (145,145,145) (149,149,149) (141,141,141) (145,145,145) (143,143,143) (141,141,141) (145,145,145) (141,141,141) (143,143,143) (143,143,143) (141,141,141) (145,145,145) (139,139,139) (141,141,141) (137,137,137) (139,139,139) (133,133,133) (131,131,131) (137,137,137) (129,129,129) (131,131,131) (131,131,131) (126,126,126) (126,126,126) (129,129,129) (133,133,133) (141,141,141) (135,135,135) (126,126,126) (124,124,124) (179,179,179) (201,201,201) (213,213,213) (215,215,215) (213,213,213) (213,213,213) (211,211,211) (211,211,211) (211,211,211) (207,207,207) (201,201,201) (179,179,179) (139,139,139) (96,96,96) (70,70,70) (68,68,68) (90,90,90) (98,98,98) (92,92,92) (90,90,90) (94,94,94) (94,94,94) (100,100,100) (100,100,100) (108,108,108) (112,112,112) (108,108,108) (100,100,100) (98,98,98) (94,94,94) (94,94,94) (98,98,98) (102,102,102) (104,104,104) 
(40,40,40) (72,72,72) (100,100,100) (122,122,122) (139,139,139) (159,159,159) (163,163,163) (165,165,165) (163,163,163) (151,151,151) (133,133,133) (106,106,106) (58,58,58) (42,42,42) (64,64,64) (96,96,96) (129,129,129) (149,149,149) (161,161,161) (167,167,167) (179,179,179) (177,177,177) (175,175,175) (177,177,177) (177,177,177) (181,181,181) (177,177,177) (171,171,171) (163,163,163) (153,153,153) (145,145,145) (201,201,201) (133,133,133) (120,120,120) (76,76,76) (56,56,56) (40,40,40) (42,42,42) (44,44,44) (38,38,38) (42,42,42) (44,44,44) (40,40,40) (102,102,102) (48,48,48) (52,52,52) (46,46,46) (52,52,52) (48,48,48) (42,42,42) (38,38,38) (84,84,84) (116,116,116) (66,66,66) (38,38,38) (90,90,90) (54,54,54) (42,42,42) (36,36,36) (78,78,78) (106,106,106) (50,50,50) (40,40,40) (80,80,80) (76,76,76) (74,74,74) (106,106,106) (56,56,56) (68,68,68) (84,84,84) (72,72,72) (76,76,76) (58,58,58) (104,104,104) (88,88,88) (124,124,124) (98,98,98) (106,106,106) (124,124,124) (141,141,141) (167,167,167) (175,175,175) (139,139,139) (98,98,98) (36,36,36) (26,26,26) (201,201,201) (52,52,52) (225,225,225) (104,104,104) (32,32,32) (36,36,36) (36,36,36) (38,38,38) (88,88,88) (60,60,60) (50,50,50) (64,64,64) (48,48,48) (52,52,52) (44,44,44) (42,42,42) (54,54,54) (56,56,56) (62,62,62) (54,54,54) (62,62,62) (52,52,52) (50,50,50) (46,46,46) (66,66,66) (58,58,58) (78,78,78) (112,112,112) (124,124,124) (112,112,112) (100,100,100) (52,52,52) (40,40,40) (74,74,74) (86,86,86) (108,108,108) (116,116,116) (122,122,122) (129,129,129) (135,135,135) (131,131,131) (129,129,129) (131,131,131) (135,135,135) (135,135,135) (139,139,139) (141,141,141) (141,141,141) (139,139,139) (135,135,135) (139,139,139) (139,139,139) (141,141,141) (145,145,145) (143,143,143) (149,149,149) (145,145,145) (151,151,151) (149,149,149) (151,151,151) (155,155,155) (159,159,159) (161,161,161) (163,163,163) (165,165,165) (167,167,167) (171,171,171) (171,171,171) (179,179,179) (177,177,177) (181,181,181) (177,177,177) (181,181,181) (185,185,185) (187,187,187) (191,191,191) (195,195,195) (195,195,195) (195,195,195) (201,201,201) (203,203,203) (201,201,201) (205,205,205) (209,209,209) (209,209,209) (213,213,213) (217,217,217) (217,217,217) (221,221,221) (219,219,219) (209,209,209) (66,66,66) (40,40,40) (48,48,48) (48,48,48) (52,52,52) (46,46,46) (64,64,64) (36,36,36) (46,46,46) (167,167,167) (147,147,147) (129,129,129) (143,143,143) (137,137,137) (147,147,147) (145,145,145) (147,147,147) (151,151,151) (141,141,141) (145,145,145) (143,143,143) (149,149,149) (145,145,145) (145,145,145) (141,141,141) (143,143,143) (143,143,143) (139,139,139) (137,137,137) (139,139,139) (137,137,137) (135,135,135) (139,139,139) (133,133,133) (129,129,129) (122,122,122) (126,126,126) (131,131,131) (124,124,124) (131,131,131) (135,135,135) (137,137,137) (135,135,135) (139,139,139) (133,133,133) (181,181,181) (205,205,205) (215,215,215) (217,217,217) (213,213,213) (213,213,213) (215,215,215) (211,211,211) (213,213,213) (205,205,205) (193,193,193) (165,165,165) (116,116,116) (80,80,80) (78,78,78) (80,80,80) (90,90,90) (96,96,96) (88,88,88) (98,98,98) (100,100,100) (100,100,100) (104,104,104) (112,112,112) (118,118,118) (110,110,110) (98,98,98) (88,88,88) (92,92,92) (92,92,92) (98,98,98) (106,106,106) (104,104,104) (104,104,104) 
(38,38,38) (52,52,52) (84,84,84) (110,110,110) (133,133,133) (163,163,163) (159,159,159) (171,171,171) (167,167,167) (153,153,153) (133,133,133) (114,114,114) (58,58,58) (40,40,40) (58,58,58) (96,96,96) (129,129,129) (151,151,151) (161,161,161) (173,173,173) (177,177,177) (177,177,177) (179,179,179) (179,179,179) (173,173,173) (177,177,177) (181,181,181) (173,173,173) (167,167,167) (155,155,155) (145,145,145) (129,129,129) (137,137,137) (120,120,120) (135,135,135) (16,16,16) (38,38,38) (42,42,42) (48,48,48) (40,40,40) (54,54,54) (36,36,36) (68,68,68) (82,82,82) (42,42,42) (50,50,50) (42,42,42) (64,64,64) (56,56,56) (50,50,50) (48,48,48) (90,90,90) (126,126,126) (86,86,86) (42,42,42) (78,78,78) (58,58,58) (36,36,36) (34,34,34) (38,38,38) (102,102,102) (60,60,60) (38,38,38) (54,54,54) (88,88,88) (58,58,58) (88,88,88) (102,102,102) (58,58,58) (114,114,114) (96,96,96) (78,78,78) (62,62,62) (72,72,72) (92,92,92) (129,129,129) (82,82,82) (131,131,131) (129,129,129) (108,108,108) (157,157,157) (173,173,173) (151,151,151) (72,72,72) (36,36,36) (36,36,36) (92,92,92) (106,106,106) (203,203,203) (173,173,173) (36,36,36) (38,38,38) (36,36,36) (42,42,42) (80,80,80) (58,58,58) (46,46,46) (68,68,68) (50,50,50) (52,52,52) (46,46,46) (44,44,44) (48,48,48) (58,58,58) (80,80,80) (66,66,66) (52,52,52) (56,56,56) (60,60,60) (42,42,42) (60,60,60) (60,60,60) (82,82,82) (112,112,112) (118,118,118) (116,116,116) (96,96,96) (54,54,54) (40,40,40) (58,58,58) (76,76,76) (102,102,102) (126,126,126) (120,120,120) (129,129,129) (135,135,135) (133,133,133) (129,129,129) (131,131,131) (129,129,129) (135,135,135) (135,135,135) (139,139,139) (143,143,143) (139,139,139) (145,145,145) (139,139,139) (143,143,143) (139,139,139) (141,141,141) (145,145,145) (139,139,139) (149,149,149) (149,149,149) (151,151,151) (153,153,153) (157,157,157) (159,159,159) (161,161,161) (161,161,161) (163,163,163) (167,167,167) (171,171,171) (169,169,169) (171,171,171) (173,173,173) (175,175,175) (181,181,181) (185,185,185) (183,183,183) (187,187,187) (189,189,189) (191,191,191) (193,193,193) (197,197,197) (203,203,203) (201,201,201) (205,205,205) (205,205,205) (209,209,209) (205,205,205) (213,213,213) (213,213,213) (217,217,217) (223,223,223) (221,221,221) (221,221,221) (159,159,159) (32,32,32) (40,40,40) (52,52,52) (54,54,54) (46,46,46) (66,66,66) (36,36,36) (44,44,44) (175,175,175) (141,141,141) (131,131,131) (137,137,137) (151,151,151) (151,151,151) (147,147,147) (145,145,145) (145,145,145) (147,147,147) (141,141,141) (145,145,145) (145,145,145) (145,145,145) (137,137,137) (141,141,141) (137,137,137) (143,143,143) (141,141,141) (133,133,133) (137,137,137) (137,137,137) (139,139,139) (135,135,135) (133,133,133) (129,129,129) (129,129,129) (131,131,131) (126,126,126) (126,126,126) (129,129,129) (129,129,129) (139,139,139) (145,145,145) (145,145,145) (149,149,149) (185,185,185) (205,205,205) (215,215,215) (217,217,217) (211,211,211) (215,215,215) (213,213,213) (211,211,211) (209,209,209) (205,205,205) (189,189,189) (153,153,153) (90,90,90) (74,74,74) (78,78,78) (86,86,86) (96,96,96) (88,88,88) (86,86,86) (102,102,102) (100,100,100) (100,100,100) (108,108,108) (116,116,116) (112,112,112) (96,96,96) (90,90,90) (94,94,94) (92,92,92) (100,100,100) (104,104,104) (104,104,104) (104,104,104) (100,100,100) 
(34,34,34) (42,42,42) (54,54,54) (104,104,104) (131,131,131) (157,157,157) (167,167,167) (169,169,169) (171,171,171) (157,157,157) (149,149,149) (120,120,120) (54,54,54) (40,40,40) (52,52,52) (78,78,78) (129,129,129) (147,147,147) (159,159,159) (171,171,171) (175,175,175) (175,175,175) (175,175,175) (175,175,175) (175,175,175) (179,179,179) (179,179,179) (171,171,171) (169,169,169) (157,157,157) (149,149,149) (129,129,129) (108,108,108) (177,177,177) (88,88,88) (38,38,38) (34,34,34) (48,48,48) (44,44,44) (42,42,42) (44,44,44) (52,52,52) (82,82,82) (50,50,50) (42,42,42) (46,46,46) (50,50,50) (48,48,48) (48,48,48) (52,52,52) (48,48,48) (98,98,98) (131,131,131) (94,94,94) (44,44,44) (84,84,84) (70,70,70) (36,36,36) (38,38,38) (40,40,40) (44,44,44) (102,102,102) (66,66,66) (40,40,40) (92,92,92) (54,54,54) (74,74,74) (104,104,104) (84,84,84) (88,88,88) (104,104,104) (112,112,112) (108,108,108) (68,68,68) (90,90,90) (104,104,104) (80,80,80) (149,149,149) (131,131,131) (118,118,118) (133,133,133) (179,179,179) (129,129,129) (106,106,106) (50,50,50) (34,34,34) (64,64,64) (179,179,179) (203,203,203) (207,207,207) (34,34,34) (42,42,42) (34,34,34) (40,40,40) (80,80,80) (56,56,56) (62,62,62) (80,80,80) (54,54,54) (46,46,46) (44,44,44) (50,50,50) (52,52,52) (50,50,50) (74,74,74) (56,56,56) (46,46,46) (54,54,54) (46,46,46) (48,48,48) (58,58,58) (58,58,58) (92,92,92) (114,114,114) (110,110,110) (116,116,116) (92,92,92) (40,40,40) (38,38,38) (68,68,68) (88,88,88) (106,106,106) (112,112,112) (129,129,129) (129,129,129) (133,133,133) (129,129,129) (137,137,137) (133,133,133) (137,137,137) (131,131,131) (139,139,139) (137,137,137) (135,135,135) (143,143,143) (139,139,139) (143,143,143) (139,139,139) (145,145,145) (139,139,139) (147,147,147) (145,145,145) (149,149,149) (147,147,147) (151,151,151) (151,151,151) (155,155,155) (153,153,153) (159,159,159) (157,157,157) (163,163,163) (163,163,163) (165,165,165) (167,167,167) (171,171,171) (173,173,173) (177,177,177) (181,181,181) (181,181,181) (179,179,179) (187,187,187) (189,189,189) (189,189,189) (195,195,195) (193,193,193) (201,201,201) (201,201,201) (207,207,207) (207,207,207) (207,207,207) (207,207,207) (213,213,213) (217,217,217) (215,215,215) (217,217,217) (221,221,221) (221,221,221) (223,223,223) (46,46,46) (36,36,36) (42,42,42) (50,50,50) (42,42,42) (48,48,48) (32,32,32) (48,48,48) (165,165,165) (151,151,151) (129,129,129) (141,141,141) (153,153,153) (149,149,149) (149,149,149) (147,147,147) (143,143,143) (145,145,145) (141,141,141) (141,141,141) (143,143,143) (143,143,143) (141,141,141) (141,141,141) (141,141,141) (139,139,139) (137,137,137) (139,139,139) (137,137,137) (141,141,141) (131,131,131) (131,131,131) (135,135,135) (126,126,126) (129,129,129) (124,124,124) (124,124,124) (122,122,122) (120,120,120) (135,135,135) (155,155,155) (163,163,163) (175,175,175) (185,185,185) (197,197,197) (207,207,207) (215,215,215) (215,215,215) (215,215,215) (213,213,213) (213,213,213) (209,209,209) (209,209,209) (201,201,201) (173,173,173) (124,124,124) (88,88,88) (80,80,80) (88,88,88) (96,96,96) (90,90,90) (90,90,90) (96,96,96) (102,102,102) (106,106,106) (110,110,110) (114,114,114) (110,110,110) (96,96,96) (96,96,96) (88,88,88) (88,88,88) (94,94,94) (104,104,104) (104,104,104) (104,104,104) (98,98,98) (98,98,98) 
(34,34,34) (34,34,34) (50,50,50) (106,106,106) (155,155,155) (157,157,157) (167,167,167) (167,167,167) (169,169,169) (161,161,161) (147,147,147) (124,124,124) (72,72,72) (34,34,34) (40,40,40) (94,94,94) (131,131,131) (143,143,143) (161,161,161) (171,171,171) (177,177,177) (177,177,177) (177,177,177) (175,175,175) (175,175,175) (179,179,179) (179,179,179) (177,177,177) (169,169,169) (159,159,159) (149,149,149) (124,124,124) (90,90,90) (135,135,135) (88,88,88) (40,40,40) (48,48,48) (48,48,48) (46,46,46) (40,40,40) (52,52,52) (64,64,64) (48,48,48) (48,48,48) (44,44,44) (40,40,40) (56,56,56) (46,46,46) (40,40,40) (40,40,40) (46,46,46) (86,86,86) (137,137,137) (46,46,46) (38,38,38) (72,72,72) (70,70,70) (42,42,42) (38,38,38) (42,42,42) (34,34,34) (56,56,56) (102,102,102) (82,82,82) (102,102,102) (68,68,68) (50,50,50) (64,64,64) (94,94,94) (76,76,76) (131,131,131) (108,108,108) (114,114,114) (86,86,86) (76,76,76) (90,90,90) (74,74,74) (139,139,139) (135,135,135) (161,161,161) (118,118,118) (149,149,149) (112,112,112) (38,38,38) (68,68,68) (40,40,40) (60,60,60) (209,209,209) (171,171,171) (205,205,205) (46,46,46) (42,42,42) (32,32,32) (38,38,38) (84,84,84) (52,52,52) (68,68,68) (82,82,82) (48,48,48) (54,54,54) (42,42,42) (50,50,50) (56,56,56) (58,58,58) (70,70,70) (54,54,54) (50,50,50) (46,46,46) (52,52,52) (44,44,44) (52,52,52) (58,58,58) (94,94,94) (110,110,110) (116,116,116) (112,112,112) (100,100,100) (54,54,54) (42,42,42) (64,64,64) (102,102,102) (102,102,102) (122,122,122) (118,118,118) (126,126,126) (133,133,133) (120,120,120) (131,131,131) (137,137,137) (129,129,129) (131,131,131) (133,133,133) (137,137,137) (135,135,135) (137,137,137) (139,139,139) (141,141,141) (139,139,139) (141,141,141) (141,141,141) (145,145,145) (151,151,151) (147,147,147) (151,151,151) (147,147,147) (151,151,151) (153,153,153) (151,151,151) (159,159,159) (157,157,157) (163,163,163) (167,167,167) (167,167,167) (171,171,171) (171,171,171) (173,173,173) (171,171,171) (181,181,181) (179,179,179) (181,181,181) (185,185,185) (187,187,187) (185,185,185) (191,191,191) (197,197,197) (199,199,199) (199,199,199) (205,205,205) (205,205,205) (211,211,211) (207,207,207) (211,211,211) (213,213,213) (217,217,217) (219,219,219) (217,217,217) (221,221,221) (219,219,219) (169,169,169) (32,32,32) (38,38,38) (50,50,50) (38,38,38) (42,42,42) (38,38,38) (64,64,64) (149,149,149) (165,165,165) (137,137,137) (143,143,143) (149,149,149) (149,149,149) (147,147,147) (145,145,145) (143,143,143) (145,145,145) (143,143,143) (143,143,143) (141,141,141) (139,139,139) (141,141,141) (145,145,145) (139,139,139) (137,137,137) (139,139,139) (135,135,135) (131,131,131) (135,135,135) (129,129,129) (133,133,133) (133,133,133) (126,126,126) (129,129,129) (118,118,118) (120,120,120) (114,114,114) (135,135,135) (153,153,153) (167,167,167) (183,183,183) (189,189,189) (193,193,193) (203,203,203) (211,211,211) (215,215,215) (215,215,215) (213,213,213) (215,215,215) (211,211,211) (211,211,211) (203,203,203) (199,199,199) (157,157,157) (106,106,106) (82,82,82) (88,88,88) (90,90,90) (96,96,96) (92,92,92) (90,90,90) (100,100,100) (102,102,102) (108,108,108) (110,110,110) (112,112,112) (102,102,102) (92,92,92) (90,90,90) (82,82,82) (90,90,90) (96,96,96) (104,104,104) (102,102,102) (102,102,102) (98,98,98) (100,100,100) 
(34,34,34) (40,40,40) (54,54,54) (86,86,86) (122,122,122) (151,151,151) (173,173,173) (173,173,173) (169,169,169) (165,165,165) (157,157,157) (131,131,131) (36,36,36) (40,40,40) (50,50,50) (86,86,86) (131,131,131) (149,149,149) (161,161,161) (171,171,171) (179,179,179) (183,183,183) (175,175,175) (175,175,175) (175,175,175) (179,179,179) (181,181,181) (173,173,173) (169,169,169) (159,159,159) (149,149,149) (131,131,131) (106,106,106) (98,98,98) (165,165,165) (40,40,40) (42,42,42) (52,52,52) (46,46,46) (42,42,42) (46,46,46) (62,62,62) (54,54,54) (46,46,46) (46,46,46) (44,44,44) (50,50,50) (44,44,44) (48,48,48) (42,42,42) (50,50,50) (106,106,106) (145,145,145) (46,46,46) (38,38,38) (58,58,58) (78,78,78) (48,48,48) (40,40,40) (50,50,50) (50,50,50) (56,56,56) (52,52,52) (80,80,80) (86,86,86) (76,76,76) (46,46,46) (80,80,80) (72,72,72) (98,98,98) (94,94,94) (106,106,106) (90,90,90) (82,82,82) (80,80,80) (92,92,92) (80,80,80) (118,118,118) (151,151,151) (151,151,151) (151,151,151) (143,143,143) (161,161,161) (32,32,32) (36,36,36) (84,84,84) (36,36,36) (209,209,209) (181,181,181) (177,177,177) (36,36,36) (36,36,36) (34,34,34) (38,38,38) (70,70,70) (48,48,48) (80,80,80) (94,94,94) (42,42,42) (56,56,56) (42,42,42) (52,52,52) (44,44,44) (54,54,54) (78,78,78) (50,50,50) (46,46,46) (48,48,48) (48,48,48) (52,52,52) (56,56,56) (86,86,86) (106,106,106) (114,114,114) (106,106,106) (94,94,94) (108,108,108) (66,66,66) (38,38,38) (52,52,52) (94,94,94) (118,118,118) (118,118,118) (126,126,126) (131,131,131) (131,131,131) (129,129,129) (131,131,131) (133,133,133) (141,141,141) (135,135,135) (139,139,139) (139,139,139) (135,135,135) (141,141,141) (135,135,135) (137,137,137) (143,143,143) (141,141,141) (143,143,143) (147,147,147) (149,149,149) (151,151,151) (147,147,147) (153,153,153) (149,149,149) (153,153,153) (157,157,157) (155,155,155) (157,157,157) (161,161,161) (161,161,161) (163,163,163) (167,167,167) (171,171,171) (175,175,175) (177,177,177) (177,177,177) (179,179,179) (189,189,189) (183,183,183) (187,187,187) (191,191,191) (193,193,193) (197,197,197) (199,199,199) (203,203,203) (205,205,205) (209,209,209) (207,207,207) (209,209,209) (213,213,213) (213,213,213) (215,215,215) (217,217,217) (219,219,219) (221,221,221) (223,223,223) (223,223,223) (38,38,38) (40,40,40) (38,38,38) (36,36,36) (42,42,42) (32,32,32) (88,88,88) (147,147,147) (155,155,155) (129,129,129) (147,147,147) (151,151,151) (145,145,145) (151,151,151) (153,153,153) (145,145,145) (151,151,151) (143,143,143) (147,147,147) (141,141,141) (147,147,147) (141,141,141) (141,141,141) (135,135,135) (137,137,137) (135,135,135) (133,133,133) (135,135,135) (133,133,133) (133,133,133) (135,135,135) (131,131,131) (126,126,126) (124,124,124) (126,126,126) (120,120,120) (129,129,129) (151,151,151) (171,171,171) (189,189,189) (197,197,197) (197,197,197) (199,199,199) (209,209,209) (213,213,213) (215,215,215) (215,215,215) (213,213,213) (213,213,213) (211,211,211) (209,209,209) (201,201,201) (179,179,179) (139,139,139) (92,92,92) (88,88,88) (90,90,90) (94,94,94) (94,94,94) (94,94,94) (102,102,102) (100,100,100) (108,108,108) (110,110,110) (114,114,114) (106,106,106) (98,98,98) (90,90,90) (88,88,88) (88,88,88) (98,98,98) (100,100,100) (100,100,100) (100,100,100) (92,92,92) (106,106,106) (102,102,102) 
(36,36,36) (48,48,48) (48,48,48) (72,72,72) (118,118,118) (153,153,153) (169,169,169) (175,175,175) (173,173,173) (161,161,161) (145,145,145) (114,114,114) (52,52,52) (36,36,36) (42,42,42) (90,90,90) (124,124,124) (147,147,147) (157,157,157) (173,173,173) (177,177,177) (183,183,183) (177,177,177) (175,175,175) (179,179,179) (181,181,181) (181,181,181) (181,181,181) (169,169,169) (159,159,159) (151,151,151) (129,129,129) (147,147,147) (129,129,129) (54,54,54) (42,42,42) (58,58,58) (40,40,40) (42,42,42) (48,48,48) (60,60,60) (48,48,48) (52,52,52) (52,52,52) (42,42,42) (48,48,48) (52,52,52) (54,54,54) (48,48,48) (46,46,46) (54,54,54) (149,149,149) (129,129,129) (56,56,56) (36,36,36) (40,40,40) (88,88,88) (64,64,64) (40,40,40) (70,70,70) (48,48,48) (52,52,52) (68,68,68) (40,40,40) (52,52,52) (50,50,50) (48,48,48) (100,100,100) (52,52,52) (102,102,102) (96,96,96) (108,108,108) (90,90,90) (90,90,90) (76,76,76) (80,80,80) (80,80,80) (110,110,110) (131,131,131) (155,155,155) (104,104,104) (187,187,187) (126,126,126) (76,76,76) (44,44,44) (44,44,44) (56,56,56) (205,205,205) (183,183,183) (114,114,114) (40,40,40) (40,40,40) (42,42,42) (54,54,54) (82,82,82) (50,50,50) (70,70,70) (78,78,78) (56,56,56) (58,58,58) (52,52,52) (54,54,54) (52,52,52) (60,60,60) (66,66,66) (54,54,54) (44,44,44) (44,44,44) (48,48,48) (56,56,56) (54,54,54) (86,86,86) (106,106,106) (98,98,98) (94,94,94) (114,114,114) (116,116,116) (64,64,64) (48,48,48) (62,62,62) (92,92,92) (102,102,102) (120,120,120) (129,129,129) (131,131,131) (126,126,126) (126,126,126) (129,129,129) (137,137,137) (139,139,139) (137,137,137) (139,139,139) (137,137,137) (135,135,135) (133,133,133) (141,141,141) (139,139,139) (141,141,141) (139,139,139) (143,143,143) (141,141,141) (143,143,143) (147,147,147) (141,141,141) (147,147,147) (149,149,149) (157,157,157) (157,157,157) (155,155,155) (159,159,159) (155,155,155) (159,159,159) (167,167,167) (169,169,169) (167,167,167) (169,169,169) (175,175,175) (175,175,175) (177,177,177) (185,185,185) (187,187,187) (183,183,183) (189,189,189) (189,189,189) (195,195,195) (199,199,199) (201,201,201) (205,205,205) (207,207,207) (209,209,209) (209,209,209) (213,213,213) (211,211,211) (215,215,215) (215,215,215) (219,219,219) (219,219,219) (221,221,221) (219,219,219) (145,145,145) (30,30,30) (38,38,38) (36,36,36) (40,40,40) (34,34,34) (112,112,112) (145,145,145) (149,149,149) (131,131,131) (147,147,147) (147,147,147) (149,149,149) (149,149,149) (147,147,147) (143,143,143) (145,145,145) (147,147,147) (149,149,149) (141,141,141) (139,139,139) (143,143,143) (141,141,141) (135,135,135) (139,139,139) (137,137,137) (135,135,135) (133,133,133) (137,137,137) (137,137,137) (129,129,129) (126,126,126) (129,129,129) (122,122,122) (124,124,124) (126,126,126) (145,145,145) (173,173,173) (191,191,191) (197,197,197) (199,199,199) (201,201,201) (205,205,205) (211,211,211) (215,215,215) (217,217,217) (217,217,217) (213,213,213) (215,215,215) (211,211,211) (205,205,205) (189,189,189) (161,161,161) (114,114,114) (90,90,90) (86,86,86) (90,90,90) (94,94,94) (90,90,90) (100,100,100) (106,106,106) (108,108,108) (110,110,110) (112,112,112) (114,114,114) (104,104,104) (94,94,94) (94,94,94) (92,92,92) (92,92,92) (104,104,104) (106,106,106) (98,98,98) (96,96,96) (94,94,94) (100,100,100) (104,104,104) 
(30,30,30) (36,36,36) (44,44,44) (62,62,62) (120,120,120) (147,147,147) (161,161,161) (171,171,171) (171,171,171) (161,161,161) (143,143,143) (122,122,122) (54,54,54) (32,32,32) (42,42,42) (90,90,90) (126,126,126) (143,143,143) (163,163,163) (171,171,171) (177,177,177) (177,177,177) (173,173,173) (179,179,179) (177,177,177) (177,177,177) (179,179,179) (179,179,179) (169,169,169) (161,161,161) (145,145,145) (133,133,133) (197,197,197) (126,126,126) (42,42,42) (42,42,42) (60,60,60) (38,38,38) (46,46,46) (72,72,72) (52,52,52) (48,48,48) (44,44,44) (48,48,48) (38,38,38) (46,46,46) (56,56,56) (42,42,42) (44,44,44) (38,38,38) (68,68,68) (149,149,149) (120,120,120) (50,50,50) (44,44,44) (42,42,42) (64,64,64) (56,56,56) (32,32,32) (76,76,76) (50,50,50) (42,42,42) (74,74,74) (42,42,42) (38,38,38) (58,58,58) (48,48,48) (80,80,80) (58,58,58) (80,80,80) (88,88,88) (104,104,104) (116,116,116) (98,98,98) (88,88,88) (72,72,72) (94,94,94) (124,124,124) (147,147,147) (126,126,126) (135,135,135) (161,161,161) (94,94,94) (141,141,141) (36,36,36) (42,42,42) (44,44,44) (207,207,207) (187,187,187) (48,48,48) (56,56,56) (34,34,34) (38,38,38) (44,44,44) (82,82,82) (42,42,42) (76,76,76) (76,76,76) (48,48,48) (60,60,60) (48,48,48) (44,44,44) (50,50,50) (54,54,54) (64,64,64) (66,66,66) (44,44,44) (44,44,44) (48,48,48) (56,56,56) (60,60,60) (86,86,86) (102,102,102) (104,104,104) (116,116,116) (120,120,120) (112,112,112) (74,74,74) (40,40,40) (58,58,58) (90,90,90) (112,112,112) (118,118,118) (131,131,131) (129,129,129) (129,129,129) (133,133,133) (135,135,135) (135,135,135) (135,135,135) (137,137,137) (135,135,135) (139,139,139) (137,137,137) (135,135,135) (135,135,135) (139,139,139) (135,135,135) (143,143,143) (139,139,139) (141,141,141) (147,147,147) (145,145,145) (147,147,147) (149,149,149) (151,151,151) (151,151,151) (153,153,153) (153,153,153) (157,157,157) (159,159,159) (165,165,165) (163,163,163) (167,167,167) (169,169,169) (171,171,171) (173,173,173) (177,177,177) (179,179,179) (179,179,179) (185,185,185) (193,193,193) (187,187,187) (193,193,193) (195,195,195) (197,197,197) (201,201,201) (203,203,203) (205,205,205) (209,209,209) (209,209,209) (211,211,211) (213,213,213) (213,213,213) (213,213,213) (217,217,217) (219,219,219) (223,223,223) (221,221,221) (219,219,219) (14,14,14) (48,48,48) (34,34,34) (38,38,38) (32,32,32) (151,151,151) (145,145,145) (141,141,141) (149,149,149) (151,151,151) (151,151,151) (147,147,147) (145,145,145) (143,143,143) (145,145,145) (145,145,145) (145,145,145) (147,147,147) (145,145,145) (139,139,139) (139,139,139) (139,139,139) (141,141,141) (135,135,135) (129,129,129) (137,137,137) (131,131,131) (129,129,129) (131,131,131) (129,129,129) (131,131,131) (122,122,122) (118,118,118) (118,118,118) (126,126,126) (169,169,169) (195,195,195) (203,203,203) (209,209,209) (205,205,205) (199,199,199) (201,201,201) (209,209,209) (217,217,217) (217,217,217) (215,215,215) (215,215,215) (215,215,215) (207,207,207) (201,201,201) (177,177,177) (145,145,145) (100,100,100) (88,88,88) (92,92,92) (92,92,92) (92,92,92) (88,88,88) (102,102,102) (106,106,106) (114,114,114) (112,112,112) (118,118,118) (112,112,112) (92,92,92) (88,88,88) (92,92,92) (86,86,86) (100,100,100) (104,104,104) (102,102,102) (100,100,100) (98,98,98) (98,98,98) (108,108,108) (102,102,102) 
(30,30,30) (30,30,30) (36,36,36) (58,58,58) (118,118,118) (151,151,151) (157,157,157) (167,167,167) (171,171,171) (165,165,165) (149,149,149) (110,110,110) (54,54,54) (34,34,34) (48,48,48) (80,80,80) (126,126,126) (151,151,151) (161,161,161) (169,169,169) (175,175,175) (177,177,177) (177,177,177) (179,179,179) (175,175,175) (177,177,177) (181,181,181) (175,175,175) (169,169,169) (159,159,159) (151,151,151) (133,133,133) (175,175,175) (110,110,110) (80,80,80) (46,46,46) (48,48,48) (48,48,48) (60,60,60) (58,58,58) (50,50,50) (42,42,42) (50,50,50) (44,44,44) (42,42,42) (44,44,44) (52,52,52) (30,30,30) (36,36,36) (36,36,36) (153,153,153) (129,129,129) (108,108,108) (60,60,60) (50,50,50) (48,48,48) (52,52,52) (50,50,50) (40,40,40) (84,84,84) (54,54,54) (52,52,52) (50,50,50) (64,64,64) (38,38,38) (56,56,56) (46,46,46) (54,54,54) (74,74,74) (90,90,90) (66,66,66) (116,116,116) (118,118,118) (72,72,72) (76,76,76) (70,70,70) (60,60,60) (110,110,110) (153,153,153) (135,135,135) (141,141,141) (155,155,155) (74,74,74) (177,177,177) (124,124,124) (80,80,80) (48,48,48) (183,183,183) (141,141,141) (114,114,114) (165,165,165) (28,28,28) (30,30,30) (82,82,82) (78,78,78) (50,50,50) (76,76,76) (62,62,62) (50,50,50) (54,54,54) (62,62,62) (46,46,46) (50,50,50) (56,56,56) (52,52,52) (48,48,48) (66,66,66) (50,50,50) (56,56,56) (60,60,60) (74,74,74) (94,94,94) (116,116,116) (118,118,118) (129,129,129) (120,120,120) (114,114,114) (82,82,82) (42,42,42) (84,84,84) (100,100,100) (106,106,106) (120,120,120) (133,133,133) (131,131,131) (133,133,133) (131,131,131) (129,129,129) (143,143,143) (137,137,137) (131,131,131) (141,141,141) (135,135,135) (139,139,139) (135,135,135) (137,137,137) (137,137,137) (135,135,135) (137,137,137) (139,139,139) (153,153,153) (143,143,143) (147,147,147) (145,145,145) (147,147,147) (147,147,147) (153,153,153) (155,155,155) (153,153,153) (157,157,157) (155,155,155) (161,161,161) (161,161,161) (169,169,169) (165,165,165) (171,171,171) (173,173,173) (177,177,177) (177,177,177) (179,179,179) (181,181,181) (189,189,189) (187,187,187) (189,189,189) (197,197,197) (199,199,199) (201,201,201) (203,203,203) (207,207,207) (209,209,209) (213,213,213) (209,209,209) (209,209,209) (215,215,215) (213,213,213) (215,215,215) (217,217,217) (221,221,221) (221,221,221) (223,223,223) (76,76,76) (30,30,30) (32,32,32) (34,34,34) (34,34,34) (155,155,155) (141,141,141) (143,143,143) (151,151,151) (143,143,143) (149,149,149) (145,145,145) (147,147,147) (149,149,149) (147,147,147) (143,143,143) (143,143,143) (139,139,139) (145,145,145) (143,143,143) (137,137,137) (141,141,141) (135,135,135) (133,133,133) (133,133,133) (129,129,129) (133,133,133) (124,124,124) (126,126,126) (129,129,129) (124,124,124) (131,131,131) (122,122,122) (118,118,118) (139,139,139) (191,191,191) (205,205,205) (215,215,215) (215,215,215) (211,211,211) (205,205,205) (205,205,205) (211,211,211) (215,215,215) (215,215,215) (217,217,217) (213,213,213) (211,211,211) (205,205,205) (191,191,191) (155,155,155) (129,129,129) (96,96,96) (92,92,92) (96,96,96) (90,90,90) (94,94,94) (94,94,94) (102,102,102) (108,108,108) (118,118,118) (116,116,116) (114,114,114) (112,112,112) (96,96,96) (88,88,88) (88,88,88) (90,90,90) (98,98,98) (104,104,104) (106,106,106) (102,102,102) (100,100,100) (102,102,102) (98,98,98) (94,94,94) 
(30,30,30) (32,32,32) (34,34,34) (58,58,58) (118,118,118) (141,141,141) (161,161,161) (171,171,171) (173,173,173) (167,167,167) (151,151,151) (122,122,122) (52,52,52) (34,34,34) (40,40,40) (84,84,84) (129,129,129) (147,147,147) (161,161,161) (171,171,171) (179,179,179) (181,181,181) (175,175,175) (179,179,179) (179,179,179) (179,179,179) (183,183,183) (175,175,175) (169,169,169) (157,157,157) (145,145,145) (131,131,131) (155,155,155) (60,60,60) (36,36,36) (48,48,48) (56,56,56) (56,56,56) (56,56,56) (44,44,44) (50,50,50) (38,38,38) (50,50,50) (36,36,36) (48,48,48) (48,48,48) (42,42,42) (38,38,38) (36,36,36) (102,102,102) (151,151,151) (126,126,126) (100,100,100) (44,44,44) (40,40,40) (44,44,44) (42,42,42) (62,62,62) (48,48,48) (64,64,64) (52,52,52) (50,50,50) (42,42,42) (48,48,48) (48,48,48) (58,58,58) (50,50,50) (40,40,40) (66,66,66) (60,60,60) (66,66,66) (110,110,110) (133,133,133) (102,102,102) (52,52,52) (56,56,56) (72,72,72) (147,147,147) (139,139,139) (137,137,137) (151,151,151) (163,163,163) (74,74,74) (139,139,139) (145,145,145) (82,82,82) (167,167,167) (171,171,171) (126,126,126) (189,189,189) (195,195,195) (32,32,32) (36,36,36) (72,72,72) (60,60,60) (48,48,48) (70,70,70) (68,68,68) (58,58,58) (48,48,48) (66,66,66) (52,52,52) (46,46,46) (50,50,50) (48,48,48) (52,52,52) (52,52,52) (54,54,54) (56,56,56) (58,58,58) (84,84,84) (112,112,112) (118,118,118) (126,126,126) (122,122,122) (120,120,120) (118,118,118) (88,88,88) (42,42,42) (84,84,84) (98,98,98) (112,112,112) (120,120,120) (133,133,133) (135,135,135) (129,129,129) (139,139,139) (135,135,135) (141,141,141) (139,139,139) (133,133,133) (137,137,137) (139,139,139) (133,133,133) (141,141,141) (139,139,139) (139,139,139) (139,139,139) (139,139,139) (141,141,141) (141,141,141) (145,145,145) (143,143,143) (143,143,143) (147,147,147) (145,145,145) (149,149,149) (153,153,153) (153,153,153) (157,157,157) (159,159,159) (163,163,163) (161,161,161) (159,159,159) (165,165,165) (165,165,165) (173,173,173) (175,175,175) (177,177,177) (177,177,177) (183,183,183) (189,189,189) (189,189,189) (189,189,189) (193,193,193) (193,193,193) (201,201,201) (205,205,205) (205,205,205) (209,209,209) (209,209,209) (211,211,211) (215,215,215) (213,213,213) (215,215,215) (215,215,215) (215,215,215) (221,221,221) (221,221,221) (219,219,219) (161,161,161) (24,24,24) (28,28,28) (30,30,30) (42,42,42) (151,151,151) (141,141,141) (153,153,153) (149,149,149) (151,151,151) (147,147,147) (149,149,149) (141,141,141) (147,147,147) (147,147,147) (147,147,147) (149,149,149) (143,143,143) (141,141,141) (143,143,143) (141,141,141) (135,135,135) (143,143,143) (141,141,141) (135,135,135) (135,135,135) (133,133,133) (131,131,131) (131,131,131) (124,124,124) (126,126,126) (124,124,124) (120,120,120) (124,124,124) (149,149,149) (201,201,201) (211,211,211) (219,219,219) (217,217,217) (213,213,213) (205,205,205) (207,207,207) (213,213,213) (217,217,217) (219,219,219) (217,217,217) (215,215,215) (211,211,211) (199,199,199) (183,183,183) (145,145,145) (108,108,108) (96,96,96) (100,100,100) (92,92,92) (90,90,90) (88,88,88) (92,92,92) (108,108,108) (108,108,108) (108,108,108) (114,114,114) (112,112,112) (98,98,98) (98,98,98) (88,88,88) (88,88,88) (98,98,98) (108,108,108) (102,102,102) (104,104,104) (100,100,100) (96,96,96) (108,108,108) (104,104,104) (90,90,90) 
(32,32,32) (32,32,32) (38,38,38) (52,52,52) (104,104,104) (139,139,139) (163,163,163) (171,171,171) (173,173,173) (167,167,167) (149,149,149) (126,126,126) (64,64,64) (36,36,36) (40,40,40) (84,84,84) (122,122,122) (147,147,147) (161,161,161) (169,169,169) (179,179,179) (179,179,179) (175,175,175) (173,173,173) (183,183,183) (181,181,181) (181,181,181) (177,177,177) (171,171,171) (161,161,161) (149,149,149) (133,133,133) (147,147,147) (58,58,58) (50,50,50) (58,58,58) (60,60,60) (54,54,54) (42,42,42) (38,38,38) (44,44,44) (44,44,44) (46,46,46) (44,44,44) (48,48,48) (42,42,42) (36,36,36) (38,38,38) (84,84,84) (129,129,129) (58,58,58) (114,114,114) (52,52,52) (50,50,50) (46,46,46) (42,42,42) (46,46,46) (56,56,56) (72,72,72) (66,66,66) (46,46,46) (56,56,56) (38,38,38) (38,38,38) (54,54,54) (72,72,72) (60,60,60) (34,34,34) (84,84,84) (56,56,56) (68,68,68) (52,52,52) (120,120,120) (116,116,116) (54,54,54) (76,76,76) (96,96,96) (145,145,145) (135,135,135) (139,139,139) (155,155,155) (155,155,155) (141,141,141) (84,84,84) (147,147,147) (80,80,80) (171,171,171) (173,173,173) (58,58,58) (94,94,94) (50,50,50) (44,44,44) (40,40,40) (70,70,70) (60,60,60) (46,46,46) (60,60,60) (78,78,78) (64,64,64) (50,50,50) (62,62,62) (52,52,52) (54,54,54) (62,62,62) (44,44,44) (52,52,52) (50,50,50) (52,52,52) (64,64,64) (82,82,82) (100,100,100) (124,124,124) (118,118,118) (124,124,124) (122,122,122) (122,122,122) (112,112,112) (70,70,70) (42,42,42) (90,90,90) (96,96,96) (110,110,110) (118,118,118) (124,124,124) (129,129,129) (131,131,131) (131,131,131) (133,133,133) (137,137,137) (139,139,139) (139,139,139) (137,137,137) (137,137,137) (133,133,133) (137,137,137) (135,135,135) (139,139,139) (141,141,141) (139,139,139) (141,141,141) (143,143,143) (139,139,139) (141,141,141) (143,143,143) (143,143,143) (147,147,147) (147,147,147) (153,153,153) (155,155,155) (157,157,157) (159,159,159) (157,157,157) (163,163,163) (157,157,157) (167,167,167) (165,165,165) (173,173,173) (175,175,175) (173,173,173) (177,177,177) (181,181,181) (183,183,183) (187,187,187) (191,191,191) (193,193,193) (195,195,195) (201,201,201) (201,201,201) (201,201,201) (209,209,209) (205,205,205) (209,209,209) (211,211,211) (211,211,211) (215,215,215) (213,213,213) (217,217,217) (217,217,217) (223,223,223) (221,221,221) (211,211,211) (14,14,14) (30,30,30) (34,34,34) (44,44,44) (143,143,143) (139,139,139) (147,147,147) (143,143,143) (155,155,155) (141,141,141) (147,147,147) (145,145,145) (147,147,147) (145,145,145) (141,141,141) (139,139,139) (143,143,143) (139,139,139) (139,139,139) (139,139,139) (143,143,143) (139,139,139) (137,137,137) (133,133,133) (129,129,129) (131,131,131) (133,133,133) (126,126,126) (129,129,129) (122,122,122) (120,120,120) (122,122,122) (124,124,124) (165,165,165) (203,203,203) (213,213,213) (219,219,219) (217,217,217) (211,211,211) (209,209,209) (211,211,211) (211,211,211) (215,215,215) (215,215,215) (217,217,217) (213,213,213) (207,207,207) (195,195,195) (163,163,163) (133,133,133) (102,102,102) (102,102,102) (98,98,98) (92,92,92) (94,94,94) (92,92,92) (90,90,90) (106,106,106) (112,112,112) (114,114,114) (114,114,114) (108,108,108) (94,94,94) (94,94,94) (88,88,88) (92,92,92) (100,100,100) (106,106,106) (104,104,104) (102,102,102) (96,96,96) (100,100,100) (98,98,98) (88,88,88) (82,82,82) 
(28,28,28) (30,30,30) (34,34,34) (50,50,50) (112,112,112) (141,141,141) (159,159,159) (175,175,175) (175,175,175) (167,167,167) (149,149,149) (129,129,129) (72,72,72) (36,36,36) (40,40,40) (80,80,80) (126,126,126) (149,149,149) (163,163,163) (171,171,171) (177,177,177) (177,177,177) (177,177,177) (177,177,177) (177,177,177) (181,181,181) (181,181,181) (175,175,175) (169,169,169) (159,159,159) (153,153,153) (135,135,135) (124,124,124) (56,56,56) (56,56,56) (68,68,68) (50,50,50) (48,48,48) (42,42,42) (42,42,42) (44,44,44) (42,42,42) (52,52,52) (44,44,44) (48,48,48) (48,48,48) (46,46,46) (62,62,62) (133,133,133) (58,58,58) (42,42,42) (137,137,137) (70,70,70) (78,78,78) (44,44,44) (46,46,46) (50,50,50) (60,60,60) (80,80,80) (52,52,52) (38,38,38) (56,56,56) (38,38,38) (36,36,36) (48,48,48) (68,68,68) (52,52,52) (28,28,28) (82,82,82) (54,54,54) (56,56,56) (102,102,102) (112,112,112) (110,110,110) (124,124,124) (102,102,102) (102,102,102) (133,133,133) (133,133,133) (145,145,145) (116,116,116) (34,34,34) (143,143,143) (147,147,147) (155,155,155) (191,191,191) (179,179,179) (72,72,72) (38,38,38) (36,36,36) (30,30,30) (100,100,100) (44,44,44) (76,76,76) (48,48,48) (54,54,54) (62,62,62) (60,60,60) (64,64,64) (44,44,44) (58,58,58) (48,48,48) (46,46,46) (58,58,58) (56,56,56) (48,48,48) (54,54,54) (66,66,66) (64,64,64) (76,76,76) (114,114,114) (122,122,122) (126,126,126) (126,126,126) (122,122,122) (122,122,122) (100,100,100) (60,60,60) (40,40,40) (92,92,92) (92,92,92) (112,112,112) (126,126,126) (129,129,129) (129,129,129) (131,131,131) (131,131,131) (135,135,135) (139,139,139) (141,141,141) (139,139,139) (137,137,137) (137,137,137) (135,135,135) (135,135,135) (135,135,135) (137,137,137) (137,137,137) (141,141,141) (139,139,139) (143,143,143) (143,143,143) (143,143,143) (147,147,147) (143,143,143) (149,149,149) (151,151,151) (147,147,147) (153,153,153) (153,153,153) (155,155,155) (161,161,161) (157,157,157) (161,161,161) (165,165,165) (165,165,165) (171,171,171) (175,175,175) (179,179,179) (179,179,179) (177,177,177) (183,183,183) (187,187,187) (193,193,193) (191,191,191) (195,195,195) (199,199,199) (201,201,201) (205,205,205) (205,205,205) (205,205,205) (209,209,209) (209,209,209) (213,213,213) (213,213,213) (211,211,211) (213,213,213) (217,217,217) (219,219,219) (219,219,219) (215,215,215) (50,50,50) (28,28,28) (30,30,30) (54,54,54) (139,139,139) (139,139,139) (147,147,147) (143,143,143) (153,153,153) (145,145,145) (141,141,141) (145,145,145) (145,145,145) (143,143,143) (147,147,147) (141,141,141) (139,139,139) (143,143,143) (141,141,141) (139,139,139) (141,141,141) (139,139,139) (135,135,135) (137,137,137) (131,131,131) (131,131,131) (133,133,133) (129,129,129) (124,124,124) (122,122,122) (124,124,124) (120,120,120) (126,126,126) (179,179,179) (207,207,207) (213,213,213) (219,219,219) (213,213,213) (207,207,207) (207,207,207) (209,209,209) (215,215,215) (217,217,217) (217,217,217) (215,215,215) (211,211,211) (203,203,203) (179,179,179) (149,149,149) (124,124,124) (108,108,108) (106,106,106) (102,102,102) (100,100,100) (92,92,92) (96,96,96) (98,98,98) (110,110,110) (118,118,118) (118,118,118) (104,104,104) (102,102,102) (92,92,92) (88,88,88) (90,90,90) (98,98,98) (106,106,106) (108,108,108) (102,102,102) (98,98,98) (94,94,94) (92,92,92) (92,92,92) (82,82,82) (80,80,80) 
(30,30,30) (32,32,32) (36,36,36) (48,48,48) (116,116,116) (137,137,137) (157,157,157) (171,171,171) (169,169,169) (165,165,165) (149,149,149) (124,124,124) (94,94,94) (38,38,38) (42,42,42) (76,76,76) (129,129,129) (147,147,147) (163,163,163) (173,173,173) (179,179,179) (175,175,175) (175,175,175) (175,175,175) (173,173,173) (171,171,171) (177,177,177) (173,173,173) (163,163,163) (157,157,157) (155,155,155) (139,139,139) (116,116,116) (104,104,104) (60,60,60) (54,54,54) (52,52,52) (38,38,38) (44,44,44) (48,48,48) (50,50,50) (42,42,42) (50,50,50) (42,42,42) (44,44,44) (68,68,68) (76,76,76) (74,74,74) (44,44,44) (40,40,40) (50,50,50) (129,129,129) (88,88,88) (58,58,58) (46,46,46) (44,44,44) (36,36,36) (70,70,70) (58,58,58) (58,58,58) (38,38,38) (48,48,48) (44,44,44) (40,40,40) (52,52,52) (70,70,70) (54,54,54) (34,34,34) (80,80,80) (90,90,90) (54,54,54) (42,42,42) (60,60,60) (58,58,58) (108,108,108) (126,126,126) (137,137,137) (126,126,126) (129,129,129) (155,155,155) (110,110,110) (90,90,90) (92,92,92) (131,131,131) (133,133,133) (153,153,153) (145,145,145) (179,179,179) (137,137,137) (68,68,68) (88,88,88) (36,36,36) (50,50,50) (74,74,74) (50,50,50) (60,60,60) (56,56,56) (64,64,64) (62,62,62) (58,58,58) (66,66,66) (58,58,58) (58,58,58) (62,62,62) (48,48,48) (50,50,50) (48,48,48) (74,74,74) (74,74,74) (88,88,88) (110,110,110) (124,124,124) (129,129,129) (126,126,126) (122,122,122) (129,129,129) (108,108,108) (56,56,56) (44,44,44) (88,88,88) (102,102,102) (114,114,114) (126,126,126) (129,129,129) (133,133,133) (133,133,133) (133,133,133) (139,139,139) (133,133,133) (137,137,137) (143,143,143) (141,141,141) (137,137,137) (129,129,129) (135,135,135) (137,137,137) (133,133,133) (137,137,137) (137,137,137) (139,139,139) (141,141,141) (139,139,139) (139,139,139) (141,141,141) (143,143,143) (147,147,147) (151,151,151) (147,147,147) (151,151,151) (151,151,151) (157,157,157) (157,157,157) (161,161,161) (161,161,161) (165,165,165) (171,171,171) (169,169,169) (171,171,171) (175,175,175) (177,177,177) (179,179,179) (187,187,187) (187,187,187) (193,193,193) (189,189,189) (195,195,195) (197,197,197) (201,201,201) (205,205,205) (205,205,205) (205,205,205) (207,207,207) (209,209,209) (211,211,211) (211,211,211) (213,213,213) (217,217,217) (215,215,215) (219,219,219) (219,219,219) (219,219,219) (137,137,137) (30,30,30) (28,28,28) (66,66,66) (135,135,135) (139,139,139) (149,149,149) (143,143,143) (155,155,155) (143,143,143) (139,139,139) (139,139,139) (143,143,143) (141,141,141) (137,137,137) (137,137,137) (139,139,139) (137,137,137) (143,143,143) (137,137,137) (141,141,141) (137,137,137) (135,135,135) (135,135,135) (133,133,133) (137,137,137) (129,129,129) (131,131,131) (126,126,126) (126,126,126) (122,122,122) (126,126,126) (129,129,129) (187,187,187) (207,207,207) (213,213,213) (213,213,213) (209,209,209) (205,205,205) (207,207,207) (211,211,211) (215,215,215) (219,219,219) (217,217,217) (215,215,215) (209,209,209) (195,195,195) (163,163,163) (133,133,133) (120,120,120) (116,116,116) (110,110,110) (102,102,102) (100,100,100) (96,96,96) (96,96,96) (102,102,102) (106,106,106) (112,112,112) (112,112,112) (110,110,110) (100,100,100) (94,94,94) (90,90,90) (94,94,94) (100,100,100) (102,102,102) (102,102,102) (104,104,104) (92,92,92) (96,96,96) (90,90,90) (92,92,92) (82,82,82) (76,76,76) 
(32,32,32) (28,28,28) (34,34,34) (42,42,42) (102,102,102) (151,151,151) (155,155,155) (167,167,167) (173,173,173) (167,167,167) (155,155,155) (131,131,131) (86,86,86) (44,44,44) (44,44,44) (62,62,62) (118,118,118) (149,149,149) (159,159,159) (173,173,173) (177,177,177) (177,177,177) (173,173,173) (173,173,173) (171,171,171) (167,167,167) (173,173,173) (173,173,173) (167,167,167) (157,157,157) (151,151,151) (131,131,131) (126,126,126) (133,133,133) (62,62,62) (46,46,46) (50,50,50) (46,46,46) (50,50,50) (48,48,48) (44,44,44) (48,48,48) (62,62,62) (46,46,46) (50,50,50) (88,88,88) (74,74,74) (42,42,42) (50,50,50) (50,50,50) (60,60,60) (76,76,76) (90,90,90) (74,74,74) (38,38,38) (48,48,48) (44,44,44) (66,66,66) (48,48,48) (70,70,70) (44,44,44) (40,40,40) (50,50,50) (50,50,50) (50,50,50) (82,82,82) (36,36,36) (62,62,62) (82,82,82) (86,86,86) (66,66,66) (42,42,42) (38,38,38) (58,58,58) (88,88,88) (129,129,129) (143,143,143) (120,120,120) (112,112,112) (141,141,141) (135,135,135) (108,108,108) (64,64,64) (36,36,36) (76,76,76) (120,120,120) (108,108,108) (153,153,153) (167,167,167) (149,149,149) (159,159,159) (118,118,118) (131,131,131) (106,106,106) (56,56,56) (66,66,66) (38,38,38) (62,62,62) (92,92,92) (74,74,74) (58,58,58) (50,50,50) (56,56,56) (54,54,54) (48,48,48) (46,46,46) (52,52,52) (72,72,72) (74,74,74) (92,92,92) (114,114,114) (126,126,126) (122,122,122) (126,126,126) (124,124,124) (120,120,120) (92,92,92) (54,54,54) (56,56,56) (96,96,96) (100,100,100) (122,122,122) (124,124,124) (126,126,126) (133,133,133) (133,133,133) (131,131,131) (137,137,137) (141,141,141) (143,143,143) (143,143,143) (139,139,139) (137,137,137) (135,135,135) (143,143,143) (131,131,131) (135,135,135) (133,133,133) (139,139,139) (137,137,137) (139,139,139) (139,139,139) (143,143,143) (143,143,143) (141,141,141) (147,147,147) (147,147,147) (149,149,149) (153,153,153) (151,151,151) (159,159,159) (155,155,155) (159,159,159) (163,163,163) (159,159,159) (163,163,163) (165,165,165) (171,171,171) (167,167,167) (175,175,175) (179,179,179) (185,185,185) (183,183,183) (189,189,189) (191,191,191) (191,191,191) (199,199,199) (199,199,199) (203,203,203) (203,203,203) (205,205,205) (207,207,207) (209,209,209) (211,211,211) (211,211,211) (213,213,213) (215,215,215) (215,215,215) (217,217,217) (219,219,219) (219,219,219) (197,197,197) (10,10,10) (30,30,30) (102,102,102) (131,131,131) (139,139,139) (149,149,149) (145,145,145) (147,147,147) (153,153,153) (143,143,143) (141,141,141) (141,141,141) (143,143,143) (141,141,141) (137,137,137) (139,139,139) (139,139,139) (135,135,135) (141,141,141) (137,137,137) (137,137,137) (139,139,139) (135,135,135) (139,139,139) (137,137,137) (131,131,131) (129,129,129) (126,126,126) (124,124,124) (124,124,124) (129,129,129) (139,139,139) (183,183,183) (205,205,205) (215,215,215) (215,215,215) (209,209,209) (203,203,203) (205,205,205) (211,211,211) (217,217,217) (217,217,217) (213,213,213) (213,213,213) (201,201,201) (181,181,181) (147,147,147) (126,126,126) (118,118,118) (122,122,122) (104,104,104) (104,104,104) (94,94,94) (100,100,100) (98,98,98) (108,108,108) (102,102,102) (110,110,110) (106,106,106) (102,102,102) (98,98,98) (94,94,94) (90,90,90) (90,90,90) (102,102,102) (104,104,104) (98,98,98) (108,108,108) (98,98,98) (104,104,104) (84,84,84) (84,84,84) (88,88,88) (80,80,80) 
(30,30,30) (28,28,28) (34,34,34) (44,44,44) (88,88,88) (129,129,129) (159,159,159) (169,169,169) (173,173,173) (169,169,169) (155,155,155) (135,135,135) (86,86,86) (36,36,36) (42,42,42) (74,74,74) (120,120,120) (147,147,147) (161,161,161) (171,171,171) (177,177,177) (177,177,177) (179,179,179) (175,175,175) (175,175,175) (173,173,173) (179,179,179) (175,175,175) (169,169,169) (159,159,159) (147,147,147) (145,145,145) (135,135,135) (116,116,116) (70,70,70) (40,40,40) (40,40,40) (48,48,48) (40,40,40) (44,44,44) (46,46,46) (44,44,44) (56,56,56) (44,44,44) (48,48,48) (74,74,74) (58,58,58) (48,48,48) (58,58,58) (52,52,52) (46,46,46) (86,86,86) (78,78,78) (62,62,62) (52,52,52) (46,46,46) (66,66,66) (56,56,56) (48,48,48) (66,66,66) (42,42,42) (54,54,54) (42,42,42) (50,50,50) (44,44,44) (78,78,78) (36,36,36) (54,54,54) (104,104,104) (60,60,60) (60,60,60) (34,34,34) (34,34,34) (46,46,46) (96,96,96) (124,124,124) (153,153,153) (102,102,102) (141,141,141) (100,100,100) (141,141,141) (78,78,78) (102,102,102) (30,30,30) (34,34,34) (86,86,86) (26,26,26) (36,36,36) (38,38,38) (114,114,114) (34,34,34) (58,58,58) (133,133,133) (145,145,145) (131,131,131) (173,173,173) (141,141,141) (116,116,116) (60,60,60) (60,60,60) (50,50,50) (56,56,56) (48,48,48) (54,54,54) (48,48,48) (50,50,50) (64,64,64) (68,68,68) (94,94,94) (108,108,108) (120,120,120) (129,129,129) (122,122,122) (129,129,129) (131,131,131) (122,122,122) (90,90,90) (52,52,52) (74,74,74) (94,94,94) (102,102,102) (126,126,126) (131,131,131) (131,131,131) (135,135,135) (133,133,133) (129,129,129) (135,135,135) (139,139,139) (137,137,137) (143,143,143) (139,139,139) (139,139,139) (139,139,139) (141,141,141) (133,133,133) (139,139,139) (135,135,135) (135,135,135) (135,135,135) (139,139,139) (139,139,139) (143,143,143) (143,143,143) (141,141,141) (143,143,143) (151,151,151) (151,151,151) (151,151,151) (153,153,153) (151,151,151) (153,153,153) (157,157,157) (157,157,157) (159,159,159) (167,167,167) (167,167,167) (169,169,169) (169,169,169) (167,167,167) (175,175,175) (183,183,183) (183,183,183) (185,185,185) (191,191,191) (195,195,195) (197,197,197) (197,197,197) (197,197,197) (203,203,203) (203,203,203) (205,205,205) (207,207,207) (207,207,207) (211,211,211) (213,213,213) (215,215,215) (213,213,213) (215,215,215) (217,217,217) (217,217,217) (219,219,219) (10,10,10) (32,32,32) (122,122,122) (135,135,135) (141,141,141) (149,149,149) (145,145,145) (143,143,143) (159,159,159) (145,145,145) (143,143,143) (143,143,143) (141,141,141) (143,143,143) (141,141,141) (137,137,137) (139,139,139) (135,135,135) (139,139,139) (135,135,135) (137,137,137) (139,139,139) (133,133,133) (133,133,133) (135,135,135) (124,124,124) (124,124,124) (122,122,122) (122,122,122) (124,124,124) (124,124,124) (141,141,141) (193,193,193) (207,207,207) (215,215,215) (215,215,215) (205,205,205) (203,203,203) (207,207,207) (209,209,209) (217,217,217) (217,217,217) (215,215,215) (209,209,209) (197,197,197) (169,169,169) (137,137,137) (118,118,118) (116,116,116) (116,116,116) (102,102,102) (102,102,102) (100,100,100) (100,100,100) (98,98,98) (104,104,104) (106,106,106) (110,110,110) (106,106,106) (98,98,98) (92,92,92) (88,88,88) (86,86,86) (94,94,94) (106,106,106) (104,104,104) (100,100,100) (96,96,96) (92,92,92) (92,92,92) (86,86,86) (92,92,92) (94,94,94) (84,84,84) 
(34,34,34) (34,34,34) (34,34,34) (44,44,44) (76,76,76) (124,124,124) (157,157,157) (165,165,165) (173,173,173) (173,173,173) (163,163,163) (139,139,139) (90,90,90) (36,36,36) (42,42,42) (70,70,70) (122,122,122) (145,145,145) (161,161,161) (171,171,171) (175,175,175) (181,181,181) (175,175,175) (179,179,179) (177,177,177) (177,177,177) (177,177,177) (175,175,175) (169,169,169) (159,159,159) (151,151,151) (149,149,149) (118,118,118) (92,92,92) (54,54,54) (44,44,44) (54,54,54) (50,50,50) (42,42,42) (56,56,56) (48,48,48) (48,48,48) (52,52,52) (40,40,40) (54,54,54) (46,46,46) (44,44,44) (60,60,60) (52,52,52) (46,46,46) (56,56,56) (72,72,72) (70,70,70) (60,60,60) (50,50,50) (54,54,54) (66,66,66) (50,50,50) (44,44,44) (66,66,66) (54,54,54) (42,42,42) (46,46,46) (46,46,46) (54,54,54) (68,68,68) (56,56,56) (42,42,42) (114,114,114) (38,38,38) (32,32,32) (86,86,86) (42,42,42) (64,64,64) (92,92,92) (118,118,118) (116,116,116) (94,94,94) (143,143,143) (90,90,90) (124,124,124) (137,137,137) (129,129,129) (40,40,40) (42,42,42) (44,44,44) (60,60,60) (44,44,44) (46,46,46) (38,38,38) (32,32,32) (44,44,44) (66,66,66) (52,52,52) (54,54,54) (102,102,102) (40,40,40) (104,104,104) (108,108,108) (78,78,78) (52,52,52) (52,52,52) (56,56,56) (50,50,50) (52,52,52) (50,50,50) (68,68,68) (84,84,84) (86,86,86) (106,106,106) (124,124,124) (122,122,122) (124,124,124) (131,131,131) (129,129,129) (126,126,126) (76,76,76) (42,42,42) (78,78,78) (102,102,102) (108,108,108) (131,131,131) (133,133,133) (131,131,131) (133,133,133) (135,135,135) (135,135,135) (139,139,139) (139,139,139) (139,139,139) (141,141,141) (137,137,137) (137,137,137) (137,137,137) (141,141,141) (135,135,135) (131,131,131) (135,135,135) (135,135,135) (135,135,135) (135,135,135) (141,141,141) (139,139,139) (141,141,141) (143,143,143) (145,145,145) (145,145,145) (149,149,149) (149,149,149) (149,149,149) (151,151,151) (159,159,159) (157,157,157) (157,157,157) (157,157,157) (161,161,161) (163,163,163) (167,167,167) (167,167,167) (173,173,173) (173,173,173) (177,177,177) (179,179,179) (185,185,185) (193,193,193) (195,195,195) (195,195,195) (197,197,197) (199,199,199) (203,203,203) (205,205,205) (207,207,207) (207,207,207) (209,209,209) (211,211,211) (211,211,211) (213,213,213) (213,213,213) (215,215,215) (217,217,217) (215,215,215) (215,215,215) (84,84,84) (28,28,28) (126,126,126) (133,133,133) (141,141,141) (145,145,145) (145,145,145) (147,147,147) (147,147,147) (141,141,141) (141,141,141) (145,145,145) (145,145,145) (141,141,141) (141,141,141) (135,135,135) (137,137,137) (139,139,139) (137,137,137) (139,139,139) (137,137,137) (137,137,137) (137,137,137) (133,133,133) (135,135,135) (135,135,135) (129,129,129) (129,129,129) (129,129,129) (124,124,124) (133,133,133) (141,141,141) (191,191,191) (203,203,203) (213,213,213) (215,215,215) (205,205,205) (199,199,199) (205,205,205) (211,211,211) (217,217,217) (219,219,219) (211,211,211) (205,205,205) (187,187,187) (153,153,153) (129,129,129) (118,118,118) (112,112,112) (120,120,120) (106,106,106) (102,102,102) (98,98,98) (90,90,90) (104,104,104) (102,102,102) (102,102,102) (102,102,102) (100,100,100) (92,92,92) (84,84,84) (86,86,86) (94,94,94) (100,100,100) (104,104,104) (104,104,104) (106,106,106) (90,90,90) (92,92,92) (92,92,92) (92,92,92) (94,94,94) (86,86,86) (90,90,90) 
(32,32,32) (30,30,30) (32,32,32) (44,44,44) (62,62,62) (129,129,129) (151,151,151) (169,169,169) (173,173,173) (169,169,169) (159,159,159) (133,133,133) (92,92,92) (36,36,36) (52,52,52) (68,68,68) (120,120,120) (143,143,143) (157,157,157) (173,173,173) (177,177,177) (177,177,177) (179,179,179) (175,175,175) (179,179,179) (177,177,177) (183,183,183) (179,179,179) (165,165,165) (159,159,159) (141,141,141) (147,147,147) (122,122,122) (90,90,90) (54,54,54) (44,44,44) (52,52,52) (64,64,64) (40,40,40) (40,40,40) (40,40,40) (40,40,40) (54,54,54) (46,46,46) (48,48,48) (52,52,52) (62,62,62) (62,62,62) (48,48,48) (48,48,48) (56,56,56) (80,80,80) (70,70,70) (58,58,58) (50,50,50) (60,60,60) (44,44,44) (54,54,54) (48,48,48) (70,70,70) (68,68,68) (48,48,48) (36,36,36) (38,38,38) (54,54,54) (52,52,52) (38,38,38) (60,60,60) (112,112,112) (82,82,82) (32,32,32) (56,56,56) (96,96,96) (74,74,74) (90,90,90) (102,102,102) (120,120,120) (120,120,120) (94,94,94) (131,131,131) (104,104,104) (131,131,131) (141,141,141) (137,137,137) (38,38,38) (54,54,54) (104,104,104) (40,40,40) (70,70,70) (36,36,36) (40,40,40) (66,66,66) (72,72,72) (48,48,48) (46,46,46) (68,68,68) (52,52,52) (58,58,58) (54,54,54) (114,114,114) (62,62,62) (46,46,46) (46,46,46) (44,44,44) (50,50,50) (66,66,66) (74,74,74) (88,88,88) (92,92,92) (112,112,112) (122,122,122) (129,129,129) (126,126,126) (129,129,129) (129,129,129) (122,122,122) (86,86,86) (46,46,46) (86,86,86) (102,102,102) (118,118,118) (133,133,133) (133,133,133) (131,131,131) (137,137,137) (141,141,141) (139,139,139) (137,137,137) (147,147,147) (137,137,137) (141,141,141) (139,139,139) (141,141,141) (139,139,139) (137,137,137) (133,133,133) (137,137,137) (137,137,137) (133,133,133) (139,139,139) (143,143,143) (137,137,137) (139,139,139) (139,139,139) (141,141,141) (141,141,141) (141,141,141) (149,149,149) (147,147,147) (147,147,147) (155,155,155) (157,157,157) (159,159,159) (159,159,159) (161,161,161) (161,161,161) (167,167,167) (165,165,165) (169,169,169) (171,171,171) (171,171,171) (177,177,177) (181,181,181) (189,189,189) (193,193,193) (189,189,189) (199,199,199) (197,197,197) (199,199,199) (199,199,199) (203,203,203) (209,209,209) (207,207,207) (207,207,207) (209,209,209) (213,213,213) (209,209,209) (213,213,213) (213,213,213) (211,211,211) (219,219,219) (213,213,213) (173,173,173) (32,32,32) (149,149,149) (131,131,131) (143,143,143) (151,151,151) (149,149,149) (149,149,149) (145,145,145) (143,143,143) (139,139,139) (143,143,143) (137,137,137) (145,145,145) (141,141,141) (137,137,137) (139,139,139) (139,139,139) (137,137,137) (143,143,143) (137,137,137) (137,137,137) (141,141,141) (133,133,133) (131,131,131) (129,129,129) (124,124,124) (129,129,129) (129,129,129) (129,129,129) (129,129,129) (141,141,141) (173,173,173) (199,199,199) (207,207,207) (209,209,209) (205,205,205) (199,199,199) (209,209,209) (211,211,211) (219,219,219) (217,217,217) (213,213,213) (199,199,199) (183,183,183) (143,143,143) (120,120,120) (118,118,118) (114,114,114) (112,112,112) (108,108,108) (104,104,104) (98,98,98) (90,90,90) (94,94,94) (100,100,100) (100,100,100) (104,104,104) (86,86,86) (84,84,84) (86,86,86) (92,92,92) (98,98,98) (100,100,100) (102,102,102) (104,104,104) (100,100,100) (90,90,90) (102,102,102) (92,92,92) (88,88,88) (96,96,96) (94,94,94) (98,98,98) 
(38,38,38) (40,40,40) (32,32,32) (38,38,38) (64,64,64) (116,116,116) (155,155,155) (157,157,157) (171,171,171) (169,169,169) (159,159,159) (137,137,137) (92,92,92) (46,46,46) (52,52,52) (76,76,76) (122,122,122) (145,145,145) (157,157,157) (169,169,169) (173,173,173) (177,177,177) (177,177,177) (177,177,177) (177,177,177) (179,179,179) (177,177,177) (175,175,175) (171,171,171) (161,161,161) (137,137,137) (161,161,161) (124,124,124) (114,114,114) (58,58,58) (58,58,58) (38,38,38) (52,52,52) (42,42,42) (46,46,46) (40,40,40) (52,52,52) (50,50,50) (42,42,42) (44,44,44) (68,68,68) (68,68,68) (66,66,66) (40,40,40) (54,54,54) (52,52,52) (70,70,70) (60,60,60) (62,62,62) (66,66,66) (44,44,44) (40,40,40) (54,54,54) (48,48,48) (50,50,50) (90,90,90) (40,40,40) (42,42,42) (44,44,44) (62,62,62) (44,44,44) (40,40,40) (96,96,96) (58,58,58) (88,88,88) (86,86,86) (60,60,60) (88,88,88) (104,104,104) (78,78,78) (76,76,76) (86,86,86) (141,141,141) (98,98,98) (106,106,106) (68,68,68) (126,126,126) (137,137,137) (139,139,139) (82,82,82) (52,52,52) (131,131,131) (44,44,44) (46,46,46) (38,38,38) (44,44,44) (68,68,68) (50,50,50) (64,64,64) (50,50,50) (62,62,62) (62,62,62) (56,56,56) (48,48,48) (62,62,62) (66,66,66) (52,52,52) (40,40,40) (44,44,44) (50,50,50) (78,78,78) (82,82,82) (84,84,84) (104,104,104) (112,112,112) (124,124,124) (122,122,122) (131,131,131) (133,133,133) (124,124,124) (110,110,110) (74,74,74) (54,54,54) (90,90,90) (110,110,110) (126,126,126) (131,131,131) (133,133,133) (133,133,133) (137,137,137) (133,133,133) (139,139,139) (139,139,139) (137,137,137) (143,143,143) (141,141,141) (141,141,141) (139,139,139) (143,143,143) (139,139,139) (137,137,137) (135,135,135) (135,135,135) (135,135,135) (135,135,135) (137,137,137) (139,139,139) (137,137,137) (139,139,139) (141,141,141) (143,143,143) (147,147,147) (149,149,149) (147,147,147) (149,149,149) (155,155,155) (155,155,155) (153,153,153) (161,161,161) (161,161,161) (163,163,163) (167,167,167) (165,165,165) (167,167,167) (165,165,165) (171,171,171) (177,177,177) (183,183,183) (183,183,183) (187,187,187) (193,193,193) (195,195,195) (199,199,199) (197,197,197) (201,201,201) (201,201,201) (207,207,207) (205,205,205) (209,209,209) (207,207,207) (209,209,209) (215,215,215) (213,213,213) (213,213,213) (215,215,215) (215,215,215) (215,215,215) (209,209,209) (16,16,16) (133,133,133) (137,137,137) (141,141,141) (147,147,147) (155,155,155) (151,151,151) (145,145,145) (149,149,149) (141,141,141) (141,141,141) (143,143,143) (141,141,141) (145,145,145) (141,141,141) (141,141,141) (143,143,143) (143,143,143) (141,141,141) (143,143,143) (137,137,137) (139,139,139) (131,131,131) (133,133,133) (129,129,129) (131,131,131) (129,129,129) (135,135,135) (131,131,131) (131,131,131) (135,135,135) (157,157,157) (189,189,189) (197,197,197) (197,197,197) (197,197,197) (197,197,197) (207,207,207) (215,215,215) (219,219,219) (217,217,217) (209,209,209) (201,201,201) (171,171,171) (137,137,137) (118,118,118) (116,116,116) (114,114,114) (114,114,114) (102,102,102) (106,106,106) (96,96,96) (92,92,92) (98,98,98) (100,100,100) (100,100,100) (86,86,86) (72,72,72) (78,78,78) (94,94,94) (102,102,102) (106,106,106) (108,108,108) (98,98,98) (98,98,98) (90,90,90) (98,98,98) (90,90,90) (96,96,96) (100,100,100) (88,88,88) (102,102,102) (98,98,98) 
(36,36,36) (32,32,32) (38,38,38) (38,38,38) (56,56,56) (120,120,120) (151,151,151) (165,165,165) (173,173,173) (167,167,167) (159,159,159) (141,141,141) (114,114,114) (44,44,44) (58,58,58) (72,72,72) (124,124,124) (143,143,143) (157,157,157) (167,167,167) (175,175,175) (177,177,177) (177,177,177) (175,175,175) (179,179,179) (175,175,175) (177,177,177) (171,171,171) (167,167,167) (157,157,157) (141,141,141) (159,159,159) (141,141,141) (139,139,139) (48,48,48) (72,72,72) (38,38,38) (50,50,50) (42,42,42) (36,36,36) (38,38,38) (56,56,56) (50,50,50) (48,48,48) (98,98,98) (90,90,90) (56,56,56) (46,46,46) (44,44,44) (44,44,44) (62,62,62) (60,60,60) (60,60,60) (62,62,62) (48,48,48) (48,48,48) (46,46,46) (60,60,60) (54,54,54) (50,50,50) (66,66,66) (32,32,32) (44,44,44) (44,44,44) (60,60,60) (52,52,52) (36,36,36) (102,102,102) (64,64,64) (68,68,68) (102,102,102) (62,62,62) (34,34,34) (155,155,155) (100,100,100) (135,135,135) (84,84,84) (135,135,135) (135,135,135) (110,110,110) (80,80,80) (54,54,54) (80,80,80) (118,118,118) (151,151,151) (78,78,78) (100,100,100) (50,50,50) (54,54,54) (38,38,38) (50,50,50) (60,60,60) (54,54,54) (46,46,46) (58,58,58) (54,54,54) (58,58,58) (54,54,54) (52,52,52) (48,48,48) (64,64,64) (46,46,46) (54,54,54) (46,46,46) (60,60,60) (74,74,74) (86,86,86) (92,92,92) (104,104,104) (114,114,114) (126,126,126) (126,126,126) (126,126,126) (129,129,129) (129,129,129) (94,94,94) (52,52,52) (74,74,74) (98,98,98) (108,108,108) (124,124,124) (129,129,129) (137,137,137) (135,135,135) (141,141,141) (141,141,141) (141,141,141) (139,139,139) (137,137,137) (143,143,143) (141,141,141) (139,139,139) (139,139,139) (137,137,137) (139,139,139) (133,133,133) (135,135,135) (133,133,133) (139,139,139) (139,139,139) (137,137,137) (135,135,135) (137,137,137) (139,139,139) (143,143,143) (141,141,141) (141,141,141) (149,149,149) (145,145,145) (147,147,147) (151,151,151) (159,159,159) (153,153,153) (155,155,155) (159,159,159) (161,161,161) (169,169,169) (165,165,165) (163,163,163) (169,169,169) (169,169,169) (171,171,171) (181,181,181) (185,185,185) (187,187,187) (187,187,187) (195,195,195) (193,193,193) (199,199,199) (199,199,199) (201,201,201) (205,205,205) (207,207,207) (209,209,209) (209,209,209) (209,209,209) (211,211,211) (213,213,213) (211,211,211) (213,213,213) (211,211,211) (215,215,215) (213,213,213) (42,42,42) (129,129,129) (143,143,143) (143,143,143) (139,139,139) (141,141,141) (145,145,145) (147,147,147) (139,139,139) (145,145,145) (143,143,143) (147,147,147) (145,145,145) (145,145,145) (149,149,149) (143,143,143) (139,139,139) (139,139,139) (143,143,143) (143,143,143) (137,137,137) (137,137,137) (135,135,135) (131,131,131) (135,135,135) (129,129,129) (137,137,137) (129,129,129) (135,135,135) (137,137,137) (135,135,135) (139,139,139) (153,153,153) (173,173,173) (181,181,181) (179,179,179) (193,193,193) (207,207,207) (217,217,217) (217,217,217) (213,213,213) (205,205,205) (197,197,197) (161,161,161) (131,131,131) (110,110,110) (108,108,108) (112,112,112) (104,104,104) (100,100,100) (98,98,98) (98,98,98) (92,92,92) (100,100,100) (104,104,104) (94,94,94) (82,82,82) (70,70,70) (82,82,82) (98,98,98) (110,110,110) (102,102,102) (98,98,98) (102,102,102) (88,88,88) (86,86,86) (94,94,94) (94,94,94) (100,100,100) (92,92,92) (96,96,96) (96,96,96) (84,84,84) 
(44,44,44) (46,46,46) (36,36,36) (40,40,40) (52,52,52) (102,102,102) (143,143,143) (161,161,161) (171,171,171) (169,169,169) (163,163,163) (141,141,141) (108,108,108) (64,64,64) (52,52,52) (78,78,78) (118,118,118) (141,141,141) (157,157,157) (169,169,169) (177,177,177) (175,175,175) (179,179,179) (175,175,175) (175,175,175) (177,177,177) (177,177,177) (177,177,177) (169,169,169) (159,159,159) (141,141,141) (153,153,153) (161,161,161) (90,90,90) (52,52,52) (88,88,88) (44,44,44) (36,36,36) (36,36,36) (44,44,44) (38,38,38) (50,50,50) (88,88,88) (92,92,92) (52,52,52) (50,50,50) (42,42,42) (42,42,42) (40,40,40) (54,54,54) (66,66,66) (60,60,60) (60,60,60) (50,50,50) (56,56,56) (52,52,52) (68,68,68) (58,58,58) (56,56,56) (50,50,50) (50,50,50) (70,70,70) (52,52,52) (60,60,60) (42,42,42) (78,78,78) (82,82,82) (52,52,52) (56,56,56) (58,58,58) (74,74,74) (114,114,114) (36,36,36) (20,20,20) (163,163,163) (179,179,179) (100,100,100) (133,133,133) (129,129,129) (86,86,86) (84,84,84) (58,58,58) (66,66,66) (129,129,129) (114,114,114) (114,114,114) (139,139,139) (141,141,141) (173,173,173) (34,34,34) (46,46,46) (58,58,58) (52,52,52) (48,48,48) (62,62,62) (62,62,62) (54,54,54) (46,46,46) (52,52,52) (48,48,48) (50,50,50) (44,44,44) (44,44,44) (50,50,50) (64,64,64) (84,84,84) (84,84,84) (100,100,100) (114,114,114) (116,116,116) (122,122,122) (124,124,124) (129,129,129) (126,126,126) (118,118,118) (88,88,88) (48,48,48) (84,84,84) (96,96,96) (108,108,108) (131,131,131) (129,129,129) (135,135,135) (139,139,139) (139,139,139) (141,141,141) (137,137,137) (139,139,139) (141,141,141) (147,147,147) (137,137,137) (139,139,139) (137,137,137) (137,137,137) (135,135,135) (137,137,137) (139,139,139) (135,135,135) (141,141,141) (137,137,137) (135,135,135) (135,135,135) (135,135,135) (139,139,139) (139,139,139) (143,143,143) (141,141,141) (151,151,151) (147,147,147) (149,149,149) (149,149,149) (153,153,153) (147,147,147) (157,157,157) (157,157,157) (155,155,155) (159,159,159) (163,163,163) (165,165,165) (165,165,165) (173,173,173) (175,175,175) (175,175,175) (181,181,181) (185,185,185) (187,187,187) (195,195,195) (191,191,191) (197,197,197) (199,199,199) (199,199,199) (205,205,205) (205,205,205) (207,207,207) (209,209,209) (209,209,209) (213,213,213) (211,211,211) (211,211,211) (213,213,213) (215,215,215) (215,215,215) (209,209,209) (129,129,129) (120,120,120) (145,145,145) (139,139,139) (129,129,129) (122,122,122) (131,131,131) (133,133,133) (135,135,135) (145,145,145) (141,141,141) (145,145,145) (147,147,147) (147,147,147) (143,143,143) (147,147,147) (143,143,143) (143,143,143) (143,143,143) (141,141,141) (143,143,143) (135,135,135) (137,137,137) (137,137,137) (131,131,131) (133,133,133) (139,139,139) (139,139,139) (139,139,139) (135,135,135) (141,141,141) (139,139,139) (141,141,141) (145,145,145) (157,157,157) (161,161,161) (195,195,195) (209,209,209) (215,215,215) (219,219,219) (211,211,211) (205,205,205) (195,195,195) (159,159,159) (129,129,129) (112,112,112) (112,112,112) (106,106,106) (102,102,102) (94,94,94) (90,90,90) (94,94,94) (98,98,98) (100,100,100) (94,94,94) (84,84,84) (74,74,74) (84,84,84) (92,92,92) (102,102,102) (110,110,110) (104,104,104) (96,96,96) (98,98,98) (92,92,92) (86,86,86) (88,88,88) (100,100,100) (100,100,100) (94,94,94) (96,96,96) (90,90,90) (74,74,74) 
(38,38,38) (38,38,38) (40,40,40) (38,38,38) (52,52,52) (102,102,102) (141,141,141) (155,155,155) (169,169,169) (167,167,167) (163,163,163) (143,143,143) (122,122,122) (72,72,72) (58,58,58) (74,74,74) (112,112,112) (139,139,139) (153,153,153) (167,167,167) (173,173,173) (177,177,177) (173,173,173) (175,175,175) (175,175,175) (181,181,181) (179,179,179) (177,177,177) (169,169,169) (159,159,159) (145,145,145) (143,143,143) (171,171,171) (106,106,106) (70,70,70) (98,98,98) (60,60,60) (48,48,48) (42,42,42) (42,42,42) (70,70,70) (80,80,80) (68,68,68) (48,48,48) (50,50,50) (48,48,48) (50,50,50) (48,48,48) (44,44,44) (56,56,56) (66,66,66) (66,66,66) (64,64,64) (54,54,54) (60,60,60) (58,58,58) (60,60,60) (68,68,68) (58,58,58) (48,48,48) (46,46,46) (72,72,72) (72,72,72) (40,40,40) (42,42,42) (70,70,70) (116,116,116) (40,40,40) (44,44,44) (56,56,56) (64,64,64) (104,104,104) (56,56,56) (36,36,36) (46,46,46) (48,48,48) (82,82,82) (116,116,116) (124,124,124) (102,102,102) (66,66,66) (44,44,44) (50,50,50) (80,80,80) (133,133,133) (175,175,175) (145,145,145) (175,175,175) (38,38,38) (44,44,44) (48,48,48) (56,56,56) (44,44,44) (44,44,44) (62,62,62) (48,48,48) (52,52,52) (50,50,50) (46,46,46) (42,42,42) (46,46,46) (46,46,46) (48,48,48) (56,56,56) (66,66,66) (80,80,80) (96,96,96) (110,110,110) (116,116,116) (118,118,118) (122,122,122) (126,126,126) (124,124,124) (122,122,122) (112,112,112) (68,68,68) (54,54,54) (94,94,94) (96,96,96) (124,124,124) (131,131,131) (133,133,133) (137,137,137) (137,137,137) (137,137,137) (141,141,141) (145,145,145) (141,141,141) (143,143,143) (145,145,145) (141,141,141) (141,141,141) (139,139,139) (139,139,139) (143,143,143) (139,139,139) (137,137,137) (135,135,135) (135,135,135) (133,133,133) (137,137,137) (135,135,135) (137,137,137) (143,143,143) (143,143,143) (143,143,143) (143,143,143) (147,147,147) (147,147,147) (145,145,145) (151,151,151) (151,151,151) (155,155,155) (151,151,151) (153,153,153) (157,157,157) (155,155,155) (161,161,161) (161,161,161) (167,167,167) (173,173,173) (175,175,175) (175,175,175) (181,181,181) (183,183,183) (189,189,189) (191,191,191) (195,195,195) (197,197,197) (197,197,197) (201,201,201) (201,201,201) (207,207,207) (207,207,207) (209,209,209) (211,211,211) (213,213,213) (211,211,211) (215,215,215) (209,209,209) (215,215,215) (211,211,211) (215,215,215) (203,203,203) (122,122,122) (145,145,145) (131,131,131) (102,102,102) (108,108,108) (122,122,122) (120,120,120) (122,122,122) (126,126,126) (131,131,131) (133,133,133) (143,143,143) (143,143,143) (145,145,145) (147,147,147) (143,143,143) (143,143,143) (141,141,141) (143,143,143) (143,143,143) (141,141,141) (139,139,139) (143,143,143) (131,131,131) (139,139,139) (139,139,139) (145,145,145) (149,149,149) (145,145,145) (143,143,143) (137,137,137) (137,137,137) (129,129,129) (141,141,141) (163,163,163) (199,199,199) (209,209,209) (221,221,221) (217,217,217) (213,213,213) (203,203,203) (183,183,183) (143,143,143) (118,118,118) (114,114,114) (110,110,110) (102,102,102) (98,98,98) (96,96,96) (88,88,88) (90,90,90) (102,102,102) (96,96,96) (86,86,86) (84,84,84) (74,74,74) (88,88,88) (102,102,102) (102,102,102) (108,108,108) (100,100,100) (94,94,94) (90,90,90) (86,86,86) (94,94,94) (92,92,92) (96,96,96) (94,94,94) (96,96,96) (102,102,102) (84,84,84) (68,68,68) 
(36,36,36) (34,34,34) (34,34,34) (42,42,42) (40,40,40) (102,102,102) (147,147,147) (157,157,157) (169,169,169) (163,163,163) (159,159,159) (139,139,139) (120,120,120) (68,68,68) (58,58,58) (76,76,76) (114,114,114) (137,137,137) (153,153,153) (165,165,165) (173,173,173) (175,175,175) (175,175,175) (173,173,173) (177,177,177) (175,175,175) (179,179,179) (175,175,175) (167,167,167) (165,165,165) (147,147,147) (131,131,131) (167,167,167) (96,96,96) (68,68,68) (64,64,64) (58,58,58) (40,40,40) (48,48,48) (50,50,50) (56,56,56) (50,50,50) (46,46,46) (52,52,52) (48,48,48) (48,48,48) (44,44,44) (46,46,46) (46,46,46) (58,58,58) (50,50,50) (74,74,74) (64,64,64) (58,58,58) (66,66,66) (78,78,78) (60,60,60) (56,56,56) (50,50,50) (56,56,56) (62,62,62) (64,64,64) (38,38,38) (34,34,34) (40,40,40) (92,92,92) (58,58,58) (46,46,46) (40,40,40) (52,52,52) (82,82,82) (120,120,120) (94,94,94) (82,82,82) (30,30,30) (64,64,64) (50,50,50) (36,36,36) (70,70,70) (153,153,153) (86,86,86) (44,44,44) (58,58,58) (80,80,80) (82,82,82) (106,106,106) (171,171,171) (124,124,124) (30,30,30) (44,44,44) (48,48,48) (46,46,46) (40,40,40) (48,48,48) (54,54,54) (54,54,54) (44,44,44) (50,50,50) (48,48,48) (40,40,40) (42,42,42) (52,52,52) (52,52,52) (58,58,58) (78,78,78) (78,78,78) (104,104,104) (112,112,112) (118,118,118) (116,116,116) (126,126,126) (129,129,129) (122,122,122) (122,122,122) (92,92,92) (48,48,48) (66,66,66) (94,94,94) (108,108,108) (129,129,129) (129,129,129) (133,133,133) (133,133,133) (139,139,139) (139,139,139) (135,135,135) (143,143,143) (139,139,139) (141,141,141) (143,143,143) (145,145,145) (141,141,141) (139,139,139) (141,141,141) (143,143,143) (143,143,143) (139,139,139) (137,137,137) (137,137,137) (137,137,137) (141,141,141) (143,143,143) (139,139,139) (141,141,141) (139,139,139) (143,143,143) (145,145,145) (145,145,145) (149,149,149) (147,147,147) (151,151,151) (149,149,149) (149,149,149) (151,151,151) (153,153,153) (157,157,157) (157,157,157) (159,159,159) (163,163,163) (167,167,167) (167,167,167) (171,171,171) (177,177,177) (179,179,179) (181,181,181) (181,181,181) (191,191,191) (191,191,191) (199,199,199) (197,197,197) (201,201,201) (201,201,201) (207,207,207) (207,207,207) (209,209,209) (209,209,209) (211,211,211) (209,209,209) (215,215,215) (213,213,213) (213,213,213) (211,211,211) (215,215,215) (213,213,213) (120,120,120) (143,143,143) (118,118,118) (92,92,92) (88,88,88) (112,112,112) (102,102,102) (110,110,110) (112,112,112) (120,120,120) (122,122,122) (129,129,129) (129,129,129) (139,139,139) (143,143,143) (141,141,141) (147,147,147) (149,149,149) (145,145,145) (139,139,139) (141,141,141) (139,139,139) (139,139,139) (135,135,135) (143,143,143) (145,145,145) (147,147,147) (153,153,153) (149,149,149) (143,143,143) (141,141,141) (137,137,137) (133,133,133) (151,151,151) (161,161,161) (201,201,201) (215,215,215) (219,219,219) (215,215,215) (211,211,211) (197,197,197) (167,167,167) (137,137,137) (116,116,116) (112,112,112) (106,106,106) (98,98,98) (94,94,94) (90,90,90) (92,92,92) (102,102,102) (98,98,98) (88,88,88) (74,74,74) (74,74,74) (84,84,84) (92,92,92) (98,98,98) (106,106,106) (100,100,100) (100,100,100) (94,94,94) (92,92,92) (94,94,94) (90,90,90) (96,96,96) (96,96,96) (92,92,92) (96,96,96) (88,88,88) (72,72,72) (58,58,58) 
(38,38,38) (32,32,32) (30,30,30) (40,40,40) (48,48,48) (106,106,106) (139,139,139) (151,151,151) (163,163,163) (167,167,167) (165,165,165) (143,143,143) (112,112,112) (70,70,70) (64,64,64) (76,76,76) (110,110,110) (139,139,139) (159,159,159) (171,171,171) (171,171,171) (177,177,177) (177,177,177) (175,175,175) (177,177,177) (177,177,177) (177,177,177) (175,175,175) (169,169,169) (161,161,161) (151,151,151) (129,129,129) (149,149,149) (98,98,98) (82,82,82) (60,60,60) (74,74,74) (52,52,52) (48,48,48) (48,48,48) (46,46,46) (52,52,52) (60,60,60) (46,46,46) (46,46,46) (44,44,44) (46,46,46) (46,46,46) (58,58,58) (62,62,62) (64,64,64) (60,60,60) (50,50,50) (58,58,58) (66,66,66) (84,84,84) (58,58,58) (42,42,42) (48,48,48) (46,46,46) (50,50,50) (48,48,48) (46,46,46) (38,38,38) (38,38,38) (90,90,90) (44,44,44) (54,54,54) (46,46,46) (52,52,52) (104,104,104) (120,120,120) (139,139,139) (48,48,48) (84,84,84) (48,48,48) (48,48,48) (46,46,46) (52,52,52) (129,129,129) (135,135,135) (50,50,50) (56,56,56) (108,108,108) (104,104,104) (76,76,76) (167,167,167) (72,72,72) (38,38,38) (48,48,48) (68,68,68) (46,46,46) (42,42,42) (50,50,50) (46,46,46) (50,50,50) (44,44,44) (48,48,48) (40,40,40) (42,42,42) (42,42,42) (52,52,52) (58,58,58) (68,68,68) (76,76,76) (90,90,90) (106,106,106) (112,112,112) (116,116,116) (116,116,116) (122,122,122) (126,126,126) (122,122,122) (118,118,118) (66,66,66) (52,52,52) (82,82,82) (94,94,94) (126,126,126) (133,133,133) (131,131,131) (135,135,135) (131,131,131) (139,139,139) (137,137,137) (137,137,137) (141,141,141) (141,141,141) (141,141,141) (145,145,145) (145,145,145) (139,139,139) (141,141,141) (139,139,139) (143,143,143) (143,143,143) (141,141,141) (139,139,139) (137,137,137) (135,135,135) (141,141,141) (135,135,135) (141,141,141) (137,137,137) (145,145,145) (143,143,143) (143,143,143) (147,147,147) (151,151,151) (149,149,149) (149,149,149) (153,153,153) (149,149,149) (155,155,155) (149,149,149) (157,157,157) (163,163,163) (165,165,165) (161,161,161) (165,165,165) (169,169,169) (169,169,169) (173,173,173) (171,171,171) (185,185,185) (185,185,185) (187,187,187) (193,193,193) (193,193,193) (199,199,199) (199,199,199) (203,203,203) (203,203,203) (207,207,207) (209,209,209) (211,211,211) (209,209,209) (211,211,211) (211,211,211) (213,213,213) (213,213,213) (215,215,215) (217,217,217) (215,215,215) (145,145,145) (129,129,129) (88,88,88) (76,76,76) (78,78,78) (102,102,102) (80,80,80) (94,94,94) (94,94,94) (98,98,98) (110,110,110) (118,118,118) (120,120,120) (126,126,126) (126,126,126) (135,135,135) (133,133,133) (135,135,135) (137,137,137) (141,141,141) (143,143,143) (141,141,141) (143,143,143) (139,139,139) (141,141,141) (147,147,147) (155,155,155) (155,155,155) (149,149,149) (139,139,139) (139,139,139) (133,133,133) (139,139,139) (145,145,145) (181,181,181) (207,207,207) (215,215,215) (219,219,219) (215,215,215) (207,207,207) (193,193,193) (151,151,151) (129,129,129) (112,112,112) (104,104,104) (98,98,98) (88,88,88) (88,88,88) (84,84,84) (94,94,94) (100,100,100) (90,90,90) (78,78,78) (66,66,66) (74,74,74) (90,90,90) (108,108,108) (104,104,104) (100,100,100) (92,92,92) (96,96,96) (90,90,90) (86,86,86) (94,94,94) (100,100,100) (104,104,104) (94,94,94) (90,90,90) (90,90,90) (76,76,76) (66,66,66) (52,52,52) 
(34,34,34) (30,30,30) (40,40,40) (34,34,34) (46,46,46) (92,92,92) (133,133,133) (157,157,157) (173,173,173) (175,175,175) (167,167,167) (159,159,159) (122,122,122) (62,62,62) (66,66,66) (74,74,74) (108,108,108) (139,139,139) (153,153,153) (165,165,165) (171,171,171) (171,171,171) (175,175,175) (175,175,175) (177,177,177) (179,179,179) (177,177,177) (179,179,179) (171,171,171) (163,163,163) (151,151,151) (129,129,129) (129,129,129) (94,94,94) (78,78,78) (80,80,80) (62,62,62) (36,36,36) (42,42,42) (46,46,46) (58,58,58) (64,64,64) (46,46,46) (54,54,54) (58,58,58) (46,46,46) (44,44,44) (54,54,54) (70,70,70) (50,50,50) (68,68,68) (58,58,58) (52,52,52) (56,56,56) (76,76,76) (72,72,72) (56,56,56) (50,50,50) (48,48,48) (42,42,42) (54,54,54) (48,48,48) (40,40,40) (38,38,38) (60,60,60) (70,70,70) (44,44,44) (62,62,62) (82,82,82) (44,44,44) (68,68,68) (126,126,126) (102,102,102) (124,124,124) (52,52,52) (62,62,62) (58,58,58) (42,42,42) (56,56,56) (78,78,78) (50,50,50) (50,50,50) (66,66,66) (129,129,129) (88,88,88) (104,104,104) (129,129,129) (30,30,30) (42,42,42) (48,48,48) (56,56,56) (40,40,40) (42,42,42) (52,52,52) (44,44,44) (54,54,54) (56,56,56) (42,42,42) (38,38,38) (42,42,42) (44,44,44) (58,58,58) (68,68,68) (70,70,70) (78,78,78) (102,102,102) (114,114,114) (116,116,116) (120,120,120) (122,122,122) (122,122,122) (126,126,126) (122,122,122) (98,98,98) (46,46,46) (50,50,50) (86,86,86) (96,96,96) (135,135,135) (135,135,135) (135,135,135) (133,133,133) (133,133,133) (143,143,143) (139,139,139) (141,141,141) (145,145,145) (143,143,143) (143,143,143) (145,145,145) (143,143,143) (145,145,145) (141,141,141) (141,141,141) (141,141,141) (143,143,143) (141,141,141) (137,137,137) (133,133,133) (135,135,135) (139,139,139) (137,137,137) (135,135,135) (141,141,141) (137,137,137) (143,143,143) (143,143,143) (145,145,145) (143,143,143) (147,147,147) (147,147,147) (151,151,151) (153,153,153) (151,151,151) (151,151,151) (153,153,153) (159,159,159) (159,159,159) (161,161,161) (163,163,163) (167,167,167) (169,169,169) (169,169,169) (171,171,171) (175,175,175) (181,181,181) (189,189,189) (187,187,187) (193,193,193) (191,191,191) (197,197,197) (203,203,203) (205,205,205) (209,209,209) (207,207,207) (209,209,209) (211,211,211) (213,213,213) (211,211,211) (213,213,213) (215,215,215) (215,215,215) (219,219,219) (219,219,219) (191,191,191) (98,98,98) (82,82,82) (76,76,76) (62,62,62) (78,78,78) (66,66,66) (80,80,80) (80,80,80) (88,88,88) (88,88,88) (96,96,96) (100,100,100) (104,104,104) (110,110,110) (118,118,118) (112,112,112) (129,129,129) (126,126,126) (129,129,129) (126,126,126) (135,135,135) (141,141,141) (147,147,147) (151,151,151) (155,155,155) (153,153,153) (151,151,151) (141,141,141) (133,133,133) (124,124,124) (129,129,129) (135,135,135) (155,155,155) (193,193,193) (211,211,211) (219,219,219) (221,221,221) (211,211,211) (201,201,201) (177,177,177) (141,141,141) (120,120,120) (108,108,108) (100,100,100) (90,90,90) (76,76,76) (88,88,88) (92,92,92) (96,96,96) (94,94,94) (88,88,88) (72,72,72) (74,74,74) (84,84,84) (100,100,100) (106,106,106) (100,100,100) (96,96,96) (100,100,100) (94,94,94) (94,94,94) (86,86,86) (94,94,94) (106,106,106) (104,104,104) (94,94,94) (92,92,92) (92,92,92) (78,78,78) (60,60,60) (58,58,58) 
(34,34,34) (32,32,32) (30,30,30) (32,32,32) (50,50,50) (74,74,74) (141,141,141) (169,169,169) (173,173,173) (173,173,173) (171,171,171) (159,159,159) (131,131,131) (78,78,78) (58,58,58) (68,68,68) (114,114,114) (133,133,133) (153,153,153) (161,161,161) (169,169,169) (173,173,173) (177,177,177) (175,175,175) (177,177,177) (175,175,175) (181,181,181) (177,177,177) (171,171,171) (165,165,165) (153,153,153) (135,135,135) (126,126,126) (102,102,102) (78,78,78) (92,92,92) (66,66,66) (38,38,38) (42,42,42) (46,46,46) (58,58,58) (44,44,44) (38,38,38) (50,50,50) (42,42,42) (46,46,46) (52,52,52) (70,70,70) (52,52,52) (44,44,44) (70,70,70) (50,50,50) (54,54,54) (52,52,52) (64,64,64) (68,68,68) (56,56,56) (54,54,54) (46,46,46) (44,44,44) (44,44,44) (40,40,40) (48,48,48) (42,42,42) (62,62,62) (44,44,44) (46,46,46) (74,74,74) (66,66,66) (122,122,122) (106,106,106) (94,94,94) (131,131,131) (155,155,155) (46,46,46) (48,48,48) (72,72,72) (82,82,82) (48,48,48) (52,52,52) (62,62,62) (44,44,44) (62,62,62) (153,153,153) (58,58,58) (108,108,108) (157,157,157) (36,36,36) (42,42,42) (56,56,56) (48,48,48) (38,38,38) (54,54,54) (46,46,46) (50,50,50) (40,40,40) (50,50,50) (42,42,42) (38,38,38) (44,44,44) (46,46,46) (60,60,60) (72,72,72) (78,78,78) (92,92,92) (116,116,116) (118,118,118) (118,118,118) (118,118,118) (118,118,118) (124,124,124) (116,116,116) (114,114,114) (74,74,74) (44,44,44) (74,74,74) (90,90,90) (114,114,114) (131,131,131) (133,133,133) (133,133,133) (137,137,137) (135,135,135) (139,139,139) (141,141,141) (145,145,145) (145,145,145) (141,141,141) (145,145,145) (149,149,149) (137,137,137) (137,137,137) (141,141,141) (145,145,145) (141,141,141) (141,141,141) (141,141,141) (137,137,137) (139,139,139) (137,137,137) (133,133,133) (135,135,135) (135,135,135) (139,139,139) (139,139,139) (137,137,137) (147,147,147) (145,145,145) (147,147,147) (145,145,145) (147,147,147) (149,149,149) (149,149,149) (153,153,153) (161,161,161) (157,157,157) (155,155,155) (159,159,159) (161,161,161) (163,163,163) (167,167,167) (169,169,169) (169,169,169) (171,171,171) (177,177,177) (179,179,179) (191,191,191) (183,183,183) (191,191,191) (193,193,193) (195,195,195) (203,203,203) (205,205,205) (203,203,203) (207,207,207) (207,207,207) (211,211,211) (215,215,215) (213,213,213) (215,215,215) (213,213,213) (215,215,215) (217,217,217) (217,217,217) (219,219,219) (74,74,74) (78,78,78) (82,82,82) (90,90,90) (76,76,76) (74,74,74) (68,68,68) (68,68,68) (76,76,76) (78,78,78) (78,78,78) (88,88,88) (86,86,86) (92,92,92) (94,94,94) (96,96,96) (100,100,100) (108,108,108) (110,110,110) (112,112,112) (122,122,122) (126,126,126) (139,139,139) (143,143,143) (155,155,155) (165,165,165) (159,159,159) (147,147,147) (129,129,129) (126,126,126) (133,133,133) (131,131,131) (159,159,159) (201,201,201) (213,213,213) (221,221,221) (221,221,221) (209,209,209) (189,189,189) (159,159,159) (135,135,135) (114,114,114) (94,94,94) (92,92,92) (82,82,82) (68,68,68) (80,80,80) (86,86,86) (96,96,96) (94,94,94) (80,80,80) (68,68,68) (84,84,84) (100,100,100) (104,104,104) (102,102,102) (94,94,94) (90,90,90) (92,92,92) (96,96,96) (88,88,88) (96,96,96) (96,96,96) (104,104,104) (98,98,98) (98,98,98) (94,94,94) (74,74,74) (60,60,60) (56,56,56) (56,56,56) 
(32,32,32) (36,36,36) (36,36,36) (34,34,34) (36,36,36) (64,64,64) (137,137,137) (161,161,161) (171,171,171) (177,177,177) (173,173,173) (157,157,157) (131,131,131) (96,96,96) (52,52,52) (78,78,78) (104,104,104) (131,131,131) (149,149,149) (165,165,165) (171,171,171) (175,175,175) (171,171,171) (177,177,177) (177,177,177) (173,173,173) (179,179,179) (179,179,179) (171,171,171) (165,165,165) (153,153,153) (141,141,141) (106,106,106) (124,124,124) (68,68,68) (88,88,88) (52,52,52) (44,44,44) (44,44,44) (62,62,62) (38,38,38) (42,42,42) (44,44,44) (46,46,46) (44,44,44) (46,46,46) (56,56,56) (72,72,72) (44,44,44) (46,46,46) (68,68,68) (48,48,48) (48,48,48) (50,50,50) (74,74,74) (64,64,64) (54,54,54) (56,56,56) (52,52,52) (44,44,44) (46,46,46) (48,48,48) (56,56,56) (56,56,56) (48,48,48) (48,48,48) (66,66,66) (30,30,30) (34,34,34) (102,102,102) (86,86,86) (92,92,92) (133,133,133) (106,106,106) (171,171,171) (80,80,80) (50,50,50) (42,42,42) (78,78,78) (92,92,92) (96,96,96) (80,80,80) (92,92,92) (131,131,131) (40,40,40) (50,50,50) (52,52,52) (54,54,54) (54,54,54) (46,46,46) (42,42,42) (40,40,40) (64,64,64) (40,40,40) (44,44,44) (44,44,44) (42,42,42) (42,42,42) (42,42,42) (40,40,40) (58,58,58) (62,62,62) (84,84,84) (82,82,82) (100,100,100) (112,112,112) (114,114,114) (122,122,122) (114,114,114) (118,118,118) (118,118,118) (116,116,116) (102,102,102) (44,44,44) (46,46,46) (90,90,90) (102,102,102) (126,126,126) (133,133,133) (135,135,135) (133,133,133) (137,137,137) (131,131,131) (137,137,137) (135,135,135) (137,137,137) (139,139,139) (141,141,141) (139,139,139) (145,145,145) (139,139,139) (141,141,141) (137,137,137) (145,145,145) (135,135,135) (139,139,139) (145,145,145) (137,137,137) (135,135,135) (139,139,139) (133,133,133) (135,135,135) (135,135,135) (137,137,137) (133,133,133) (143,143,143) (141,141,141) (141,141,141) (145,145,145) (145,145,145) (147,147,147) (149,149,149) (145,145,145) (149,149,149) (149,149,149) (153,153,153) (159,159,159) (157,157,157) (159,159,159) (165,165,165) (167,167,167) (167,167,167) (169,169,169) (171,171,171) (173,173,173) (181,181,181) (185,185,185) (189,189,189) (191,191,191) (197,197,197) (197,197,197) (203,203,203) (201,201,201) (205,205,205) (205,205,205) (209,209,209) (209,209,209) (211,211,211) (213,213,213) (213,213,213) (215,215,215) (217,217,217) (219,219,219) (217,217,217) (217,217,217) (78,78,78) (82,82,82) (90,90,90) (88,88,88) (82,82,82) (80,80,80) (82,82,82) (80,80,80) (74,74,74) (82,82,82) (74,74,74) (74,74,74) (76,76,76) (72,72,72) (76,76,76) (80,80,80) (80,80,80) (86,86,86) (94,94,94) (90,90,90) (100,100,100) (108,108,108) (124,124,124) (133,133,133) (149,149,149) (155,155,155) (153,153,153) (141,141,141) (163,163,163) (155,155,155) (149,149,149) (147,147,147) (173,173,173) (203,203,203) (217,217,217) (221,221,221) (213,213,213) (201,201,201) (181,181,181) (141,141,141) (120,120,120) (96,96,96) (84,84,84) (74,74,74) (68,68,68) (80,80,80) (86,86,86) (96,96,96) (86,86,86) (80,80,80) (74,74,74) (80,80,80) (94,94,94) (104,104,104) (102,102,102) (100,100,100) (94,94,94) (94,94,94) (92,92,92) (90,90,90) (92,92,92) (92,92,92) (104,104,104) (106,106,106) (102,102,102) (96,96,96) (86,86,86) (68,68,68) (66,66,66) (44,44,44) (52,52,52) 
(38,38,38) (34,34,34) (32,32,32) (34,34,34) (40,40,40) (68,68,68) (145,145,145) (159,159,159) (171,171,171) (177,177,177) (175,175,175) (163,163,163) (143,143,143) (112,112,112) (52,52,52) (76,76,76) (108,108,108) (135,135,135) (149,149,149) (163,163,163) (169,169,169) (171,171,171) (177,177,177) (175,175,175) (177,177,177) (175,175,175) (179,179,179) (179,179,179) (175,175,175) (163,163,163) (155,155,155) (131,131,131) (78,78,78) (129,129,129) (82,82,82) (92,92,92) (56,56,56) (36,36,36) (50,50,50) (52,52,52) (44,44,44) (46,46,46) (46,46,46) (44,44,44) (44,44,44) (74,74,74) (72,72,72) (54,54,54) (46,46,46) (50,50,50) (74,74,74) (46,46,46) (50,50,50) (50,50,50) (70,70,70) (60,60,60) (66,66,66) (56,56,56) (66,66,66) (52,52,52) (40,40,40) (54,54,54) (52,52,52) (50,50,50) (56,56,56) (54,54,54) (44,44,44) (36,36,36) (36,36,36) (40,40,40) (86,86,86) (78,78,78) (118,118,118) (112,112,112) (147,147,147) (141,141,141) (133,133,133) (60,60,60) (78,78,78) (98,98,98) (133,133,133) (110,110,110) (56,56,56) (36,36,36) (56,56,56) (42,42,42) (46,46,46) (56,56,56) (72,72,72) (50,50,50) (42,42,42) (52,52,52) (46,46,46) (42,42,42) (40,40,40) (40,40,40) (38,38,38) (44,44,44) (44,44,44) (52,52,52) (60,60,60) (68,68,68) (84,84,84) (92,92,92) (104,104,104) (118,118,118) (116,116,116) (118,118,118) (120,120,120) (120,120,120) (116,116,116) (112,112,112) (54,54,54) (38,38,38) (72,72,72) (106,106,106) (112,112,112) (131,131,131) (135,135,135) (135,135,135) (133,133,133) (131,131,131) (137,137,137) (139,139,139) (137,137,137) (141,141,141) (139,139,139) (143,143,143) (141,141,141) (143,143,143) (143,143,143) (141,141,141) (141,141,141) (143,143,143) (141,141,141) (139,139,139) (137,137,137) (141,141,141) (137,137,137) (135,135,135) (135,135,135) (133,133,133) (133,133,133) (135,135,135) (133,133,133) (137,137,137) (141,141,141) (141,141,141) (143,143,143) (145,145,145) (145,145,145) (153,153,153) (149,149,149) (151,151,151) (149,149,149) (151,151,151) (155,155,155) (159,159,159) (155,155,155) (159,159,159) (163,163,163) (167,167,167) (169,169,169) (169,169,169) (175,175,175) (177,177,177) (185,185,185) (185,185,185) (191,191,191) (191,191,191) (197,197,197) (197,197,197) (199,199,199) (203,203,203) (207,207,207) (207,207,207) (209,209,209) (209,209,209) (211,211,211) (211,211,211) (211,211,211) (213,213,213) (219,219,219) (217,217,217) (217,217,217) (143,143,143) (70,70,70) (90,90,90) (100,100,100) (94,94,94) (98,98,98) (90,90,90) (80,80,80) (80,80,80) (80,80,80) (78,78,78) (70,70,70) (66,66,66) (62,62,62) (68,68,68) (68,68,68) (62,62,62) (68,68,68) (64,64,64) (62,62,62) (64,64,64) (88,88,88) (88,88,88) (122,122,122) (122,122,122) (135,135,135) (147,147,147) (171,171,171) (175,175,175) (167,167,167) (149,149,149) (159,159,159) (189,189,189) (209,209,209) (219,219,219) (217,217,217) (211,211,211) (193,193,193) (157,157,157) (133,133,133) (104,104,104) (82,82,82) (74,74,74) (58,58,58) (60,60,60) (74,74,74) (84,84,84) (82,82,82) (78,78,78) (78,78,78) (84,84,84) (86,86,86) (102,102,102) (108,108,108) (94,94,94) (88,88,88) (92,92,92) (92,92,92) (94,94,94) (86,86,86) (90,90,90) (98,98,98) (104,104,104) (102,102,102) (94,94,94) (94,94,94) (86,86,86) (68,68,68) (58,58,58) (54,54,54) (60,60,60) 
(42,42,42) (40,40,40) (38,38,38) (44,44,44) (38,38,38) (68,68,68) (135,135,135) (161,161,161) (171,171,171) (179,179,179) (173,173,173) (163,163,163) (145,145,145) (114,114,114) (60,60,60) (74,74,74) (96,96,96) (133,133,133) (155,155,155) (163,163,163) (169,169,169) (175,175,175) (177,177,177) (173,173,173) (175,175,175) (175,175,175) (179,179,179) (181,181,181) (175,175,175) (167,167,167) (157,157,157) (94,94,94) (98,98,98) (118,118,118) (84,84,84) (80,80,80) (54,54,54) (44,44,44) (56,56,56) (40,40,40) (38,38,38) (44,44,44) (36,36,36) (42,42,42) (58,58,58) (84,84,84) (50,50,50) (54,54,54) (42,42,42) (48,48,48) (70,70,70) (48,48,48) (48,48,48) (60,60,60) (66,66,66) (56,56,56) (66,66,66) (62,62,62) (62,62,62) (54,54,54) (54,54,54) (42,42,42) (62,62,62) (44,44,44) (62,62,62) (58,58,58) (44,44,44) (46,46,46) (58,58,58) (44,44,44) (40,40,40) (116,116,116) (94,94,94) (126,126,126) (141,141,141) (114,114,114) (147,147,147) (98,98,98) (139,139,139) (102,102,102) (78,78,78) (102,102,102) (94,94,94) (42,42,42) (46,46,46) (42,42,42) (48,48,48) (54,54,54) (50,50,50) (46,46,46) (40,40,40) (54,54,54) (46,46,46) (38,38,38) (40,40,40) (40,40,40) (38,38,38) (42,42,42) (44,44,44) (50,50,50) (68,68,68) (74,74,74) (88,88,88) (102,102,102) (108,108,108) (110,110,110) (116,116,116) (120,120,120) (120,120,120) (118,118,118) (118,118,118) (68,68,68) (36,36,36) (44,44,44) (90,90,90) (104,104,104) (133,133,133) (135,135,135) (131,131,131) (137,137,137) (137,137,137) (133,133,133) (139,139,139) (137,137,137) (139,139,139) (139,139,139) (141,141,141) (139,139,139) (139,139,139) (143,143,143) (141,141,141) (137,137,137) (143,143,143) (145,145,145) (139,139,139) (141,141,141) (139,139,139) (135,135,135) (139,139,139) (137,137,137) (135,135,135) (135,135,135) (135,135,135) (137,137,137) (137,137,137) (141,141,141) (139,139,139) (135,135,135) (145,145,145) (145,145,145) (143,143,143) (145,145,145) (153,153,153) (149,149,149) (149,149,149) (153,153,153) (155,155,155) (155,155,155) (155,155,155) (155,155,155) (163,163,163) (165,165,165) (167,167,167) (169,169,169) (179,179,179) (177,177,177) (181,181,181) (187,187,187) (189,189,189) (189,189,189) (197,197,197) (201,201,201) (201,201,201) (205,205,205) (207,207,207) (205,205,205) (209,209,209) (209,209,209) (211,211,211) (213,213,213) (213,213,213) (215,215,215) (217,217,217) (217,217,217) (219,219,219) (199,199,199) (72,72,72) (88,88,88) (96,96,96) (106,106,106) (98,98,98) (96,96,96) (96,96,96) (94,94,94) (90,90,90) (84,84,84) (86,86,86) (72,72,72) (72,72,72) (64,64,64) (52,52,52) (52,52,52) (56,56,56) (42,42,42) (50,50,50) (50,50,50) (56,56,56) (62,62,62) (78,78,78) (98,98,98) (114,114,114) (177,177,177) (189,189,189) (193,193,193) (175,175,175) (151,151,151) (165,165,165) (195,195,195) (209,209,209) (217,217,217) (217,217,217) (205,205,205) (181,181,181) (147,147,147) (110,110,110) (88,88,88) (76,76,76) (60,60,60) (52,52,52) (68,68,68) (78,78,78) (84,84,84) (78,78,78) (80,80,80) (84,84,84) (94,94,94) (104,104,104) (108,108,108) (106,106,106) (92,92,92) (90,90,90) (86,86,86) (86,86,86) (88,88,88) (94,94,94) (90,90,90) (100,100,100) (102,102,102) (98,98,98) (98,98,98) (92,92,92) (76,76,76) (58,58,58) (56,56,56) (52,52,52) (50,50,50) 
(48,48,48) (48,48,48) (52,52,52) (60,60,60) (56,56,56) (72,72,72) (129,129,129) (163,163,163) (173,173,173) (181,181,181) (181,181,181) (171,171,171) (159,159,159) (108,108,108) (60,60,60) (70,70,70) (98,98,98) (133,133,133) (153,153,153) (163,163,163) (171,171,171) (173,173,173) (175,175,175) (177,177,177) (173,173,173) (177,177,177) (185,185,185) (179,179,179) (175,175,175) (167,167,167) (153,153,153) (90,90,90) (88,88,88) (137,137,137) (66,66,66) (60,60,60) (50,50,50) (38,38,38) (52,52,52) (46,46,46) (46,46,46) (56,56,56) (42,42,42) (64,64,64) (56,56,56) (60,60,60) (46,46,46) (66,66,66) (44,44,44) (52,52,52) (64,64,64) (48,48,48) (44,44,44) (64,64,64) (66,66,66) (54,54,54) (62,62,62) (62,62,62) (56,56,56) (42,42,42) (60,60,60) (62,62,62) (48,48,48) (40,40,40) (38,38,38) (60,60,60) (56,56,56) (46,46,46) (54,54,54) (42,42,42) (38,38,38) (38,38,38) (98,98,98) (104,104,104) (159,159,159) (149,149,149) (102,102,102) (137,137,137) (96,96,96) (96,96,96) (98,98,98) (62,62,62) (92,92,92) (80,80,80) (40,40,40) (42,42,42) (52,52,52) (50,50,50) (40,40,40) (44,44,44) (50,50,50) (58,58,58) (58,58,58) (46,46,46) (50,50,50) (38,38,38) (42,42,42) (42,42,42) (40,40,40) (60,60,60) (74,74,74) (84,84,84) (96,96,96) (104,104,104) (110,110,110) (114,114,114) (118,118,118) (120,120,120) (118,118,118) (118,118,118) (76,76,76) (42,42,42) (40,40,40) (66,66,66) (100,100,100) (126,126,126) (131,131,131) (129,129,129) (139,139,139) (135,135,135) (135,135,135) (137,137,137) (137,137,137) (139,139,139) (135,135,135) (139,139,139) (137,137,137) (139,139,139) (137,137,137) (141,141,141) (139,139,139) (145,145,145) (141,141,141) (147,147,147) (139,139,139) (145,145,145) (145,145,145) (139,139,139) (141,141,141) (139,139,139) (139,139,139) (141,141,141) (135,135,135) (135,135,135) (137,137,137) (141,141,141) (135,135,135) (137,137,137) (141,141,141) (141,141,141) (143,143,143) (147,147,147) (151,151,151) (147,147,147) (151,151,151) (157,157,157) (157,157,157) (155,155,155) (155,155,155) (161,161,161) (157,157,157) (163,163,163) (163,163,163) (167,167,167) (177,177,177) (175,175,175) (179,179,179) (179,179,179) (183,183,183) (187,187,187) (193,193,193) (197,197,197) (199,199,199) (203,203,203) (205,205,205) (207,207,207) (207,207,207) (207,207,207) (209,209,209) (213,213,213) (211,211,211) (215,215,215) (217,217,217) (217,217,217) (217,217,217) (221,221,221) (74,74,74) (86,86,86) (96,96,96) (100,100,100) (104,104,104) (102,102,102) (100,100,100) (100,100,100) (92,92,92) (88,88,88) (88,88,88) (78,78,78) (72,72,72) (74,74,74) (64,64,64) (58,58,58) (46,46,46) (48,48,48) (40,40,40) (42,42,42) (38,38,38) (52,52,52) (52,52,52) (96,96,96) (155,155,155) (193,193,193) (201,201,201) (193,193,193) (181,181,181) (161,161,161) (167,167,167) (199,199,199) (209,209,209) (219,219,219) (211,211,211) (199,199,199) (173,173,173) (135,135,135) (86,86,86) (70,70,70) (64,64,64) (56,56,56) (74,74,74) (74,74,74) (82,82,82) (78,78,78) (76,76,76) (68,68,68) (86,86,86) (90,90,90) (100,100,100) (108,108,108) (102,102,102) (94,94,94) (86,86,86) (92,92,92) (82,82,82) (84,84,84) (88,88,88) (96,96,96) (98,98,98) (102,102,102) (100,100,100) (94,94,94) (84,84,84) (72,72,72) (62,62,62) (56,56,56) (50,50,50) (52,52,52) 
(56,56,56) (80,80,80) (76,76,76) (74,74,74) (72,72,72) (84,84,84) (124,124,124) (153,153,153) (177,177,177) (183,183,183) (183,183,183) (177,177,177) (155,155,155) (116,116,116) (68,68,68) (78,78,78) (108,108,108) (129,129,129) (149,149,149) (159,159,159) (169,169,169) (177,177,177) (177,177,177) (175,175,175) (171,171,171) (175,175,175) (185,185,185) (177,177,177) (173,173,173) (165,165,165) (151,151,151) (94,94,94) (78,78,78) (145,145,145) (70,70,70) (52,52,52) (56,56,56) (38,38,38) (64,64,64) (42,42,42) (50,50,50) (56,56,56) (66,66,66) (50,50,50) (42,42,42) (50,50,50) (52,52,52) (58,58,58) (44,44,44) (46,46,46) (54,54,54) (64,64,64) (46,46,46) (70,70,70) (62,62,62) (68,68,68) (52,52,52) (60,60,60) (60,60,60) (48,48,48) (50,50,50) (44,44,44) (38,38,38) (52,52,52) (38,38,38) (46,46,46) (74,74,74) (48,48,48) (54,54,54) (56,56,56) (46,46,46) (48,48,48) (36,36,36) (88,88,88) (135,135,135) (147,147,147) (143,143,143) (131,131,131) (114,114,114) (80,80,80) (114,114,114) (110,110,110) (141,141,141) (82,82,82) (40,40,40) (38,38,38) (54,54,54) (42,42,42) (40,40,40) (42,42,42) (42,42,42) (40,40,40) (46,46,46) (44,44,44) (36,36,36) (42,42,42) (48,48,48) (44,44,44) (52,52,52) (74,74,74) (70,70,70) (86,86,86) (100,100,100) (108,108,108) (116,116,116) (112,112,112) (118,118,118) (114,114,114) (120,120,120) (102,102,102) (46,46,46) (40,40,40) (50,50,50) (98,98,98) (120,120,120) (129,129,129) (129,129,129) (133,133,133) (139,139,139) (135,135,135) (137,137,137) (137,137,137) (139,139,139) (135,135,135) (135,135,135) (141,141,141) (141,141,141) (137,137,137) (137,137,137) (139,139,139) (145,145,145) (149,149,149) (143,143,143) (145,145,145) (139,139,139) (143,143,143) (137,137,137) (139,139,139) (141,141,141) (137,137,137) (141,141,141) (135,135,135) (139,139,139) (135,135,135) (139,139,139) (139,139,139) (139,139,139) (141,141,141) (139,139,139) (139,139,139) (139,139,139) (143,143,143) (147,147,147) (145,145,145) (147,147,147) (149,149,149) (151,151,151) (157,157,157) (159,159,159) (157,157,157) (157,157,157) (161,161,161) (167,167,167) (169,169,169) (177,177,177) (177,177,177) (177,177,177) (185,185,185) (187,187,187) (191,191,191) (193,193,193) (197,197,197) (199,199,199) (199,199,199) (205,205,205) (205,205,205) (207,207,207) (209,209,209) (209,209,209) (211,211,211) (209,209,209) (211,211,211) (215,215,215) (213,213,213) (215,215,215) (213,213,213) (122,122,122) (86,86,86) (92,92,92) (100,100,100) (106,106,106) (108,108,108) (104,104,104) (104,104,104) (96,96,96) (98,98,98) (96,96,96) (88,88,88) (84,84,84) (74,74,74) (72,72,72) (56,56,56) (56,56,56) (48,48,48) (42,42,42) (36,36,36) (36,36,36) (38,38,38) (40,40,40) (122,122,122) (185,185,185) (201,201,201) (205,205,205) (197,197,197) (161,161,161) (149,149,149) (183,183,183) (203,203,203) (213,213,213) (215,215,215) (209,209,209) (191,191,191) (147,147,147) (86,86,86) (74,74,74) (52,52,52) (60,60,60) (58,58,58) (70,70,70) (80,80,80) (78,78,78) (74,74,74) (66,66,66) (74,74,74) (92,92,92) (110,110,110) (110,110,110) (98,98,98) (90,90,90) (84,84,84) (84,84,84) (86,86,86) (88,88,88) (82,82,82) (90,90,90) (102,102,102) (110,110,110) (114,114,114) (98,98,98) (92,92,92) (74,74,74) (66,66,66) (72,72,72) (52,52,52) (52,52,52) (60,60,60) 
(90,90,90) (88,88,88) (88,88,88) (82,82,82) (86,86,86) (96,96,96) (122,122,122) (155,155,155) (169,169,169) (185,185,185) (185,185,185) (173,173,173) (153,153,153) (118,118,118) (72,72,72) (72,72,72) (104,104,104) (135,135,135) (151,151,151) (161,161,161) (171,171,171) (179,179,179) (175,175,175) (177,177,177) (175,175,175) (173,173,173) (179,179,179) (181,181,181) (173,173,173) (167,167,167) (141,141,141) (112,112,112) (108,108,108) (135,135,135) (94,94,94) (46,46,46) (44,44,44) (50,50,50) (50,50,50) (54,54,54) (58,58,58) (80,80,80) (54,54,54) (50,50,50) (52,52,52) (44,44,44) (54,54,54) (52,52,52) (52,52,52) (46,46,46) (52,52,52) (52,52,52) (60,60,60) (70,70,70) (48,48,48) (66,66,66) (56,56,56) (54,54,54) (68,68,68) (50,50,50) (48,48,48) (46,46,46) (46,46,46) (46,46,46) (42,42,42) (46,46,46) (40,40,40) (70,70,70) (52,52,52) (76,76,76) (52,52,52) (46,46,46) (44,44,44) (40,40,40) (62,62,62) (143,143,143) (131,131,131) (149,149,149) (147,147,147) (104,104,104) (104,104,104) (92,92,92) (108,108,108) (135,135,135) (42,42,42) (50,50,50) (52,52,52) (38,38,38) (42,42,42) (42,42,42) (38,38,38) (36,36,36) (42,42,42) (38,38,38) (48,48,48) (48,48,48) (44,44,44) (46,46,46) (70,70,70) (78,78,78) (78,78,78) (96,96,96) (110,110,110) (116,116,116) (122,122,122) (116,116,116) (124,124,124) (116,116,116) (100,100,100) (40,40,40) (40,40,40) (42,42,42) (76,76,76) (110,110,110) (124,124,124) (133,133,133) (124,124,124) (135,135,135) (135,135,135) (131,131,131) (135,135,135) (135,135,135) (141,141,141) (135,135,135) (141,141,141) (139,139,139) (139,139,139) (141,141,141) (141,141,141) (137,137,137) (139,139,139) (147,147,147) (141,141,141) (145,145,145) (141,141,141) (145,145,145) (143,143,143) (147,147,147) (143,143,143) (137,137,137) (137,137,137) (137,137,137) (137,137,137) (135,135,135) (137,137,137) (137,137,137) (141,141,141) (139,139,139) (137,137,137) (137,137,137) (137,137,137) (145,145,145) (143,143,143) (147,147,147) (145,145,145) (149,149,149) (153,153,153) (155,155,155) (155,155,155) (153,153,153) (159,159,159) (161,161,161) (161,161,161) (169,169,169) (169,169,169) (173,173,173) (175,175,175) (181,181,181) (181,181,181) (187,187,187) (191,191,191) (195,195,195) (199,199,199) (199,199,199) (201,201,201) (205,205,205) (205,205,205) (207,207,207) (209,209,209) (207,207,207) (211,211,211) (213,213,213) (215,215,215) (215,215,215) (215,215,215) (219,219,219) (187,187,187) (80,80,80) (94,94,94) (102,102,102) (100,100,100) (104,104,104) (104,104,104) (104,104,104) (100,100,100) (100,100,100) (94,94,94) (98,98,98) (90,90,90) (88,88,88) (76,76,76) (72,72,72) (60,60,60) (58,58,58) (44,44,44) (44,44,44) (40,40,40) (38,38,38) (40,40,40) (104,104,104) (187,187,187) (205,205,205) (207,207,207) (193,193,193) (155,155,155) (159,159,159) (191,191,191) (205,205,205) (211,211,211) (211,211,211) (195,195,195) (171,171,171) (112,112,112) (60,60,60) (54,54,54) (60,60,60) (54,54,54) (68,68,68) (72,72,72) (78,78,78) (72,72,72) (70,70,70) (74,74,74) (92,92,92) (102,102,102) (106,106,106) (104,104,104) (92,92,92) (84,84,84) (74,74,74) (84,84,84) (80,80,80) (82,82,82) (78,78,78) (94,94,94) (106,106,106) (116,116,116) (102,102,102) (96,96,96) (90,90,90) (78,78,78) (80,80,80) (68,68,68) (62,62,62) (56,56,56) (60,60,60) 
(88,88,88) (96,96,96) (92,92,92) (90,90,90) (98,98,98) (104,104,104) (122,122,122) (153,153,153) (169,169,169) (181,181,181) (183,183,183) (173,173,173) (163,163,163) (129,129,129) (80,80,80) (88,88,88) (100,100,100) (131,131,131) (149,149,149) (161,161,161) (167,167,167) (175,175,175) (179,179,179) (175,175,175) (173,173,173) (175,175,175) (185,185,185) (183,183,183) (175,175,175) (165,165,165) (133,133,133) (112,112,112) (112,112,112) (126,126,126) (92,92,92) (54,54,54) (44,44,44) (38,38,38) (44,44,44) (62,62,62) (46,46,46) (52,52,52) (44,44,44) (50,50,50) (48,48,48) (50,50,50) (48,48,48) (50,50,50) (48,48,48) (48,48,48) (50,50,50) (50,50,50) (68,68,68) (56,56,56) (46,46,46) (72,72,72) (58,58,58) (72,72,72) (62,62,62) (66,66,66) (44,44,44) (48,48,48) (42,42,42) (40,40,40) (56,56,56) (54,54,54) (40,40,40) (58,58,58) (68,68,68) (70,70,70) (54,54,54) (52,52,52) (44,44,44) (52,52,52) (64,64,64) (60,60,60) (129,129,129) (147,147,147) (161,161,161) (137,137,137) (70,70,70) (102,102,102) (139,139,139) (66,66,66) (44,44,44) (54,54,54) (48,48,48) (46,46,46) (42,42,42) (42,42,42) (42,42,42) (46,46,46) (36,36,36) (40,40,40) (34,34,34) (48,48,48) (46,46,46) (54,54,54) (76,76,76) (76,76,76) (82,82,82) (104,104,104) (116,116,116) (116,116,116) (126,126,126) (116,116,116) (122,122,122) (104,104,104) (36,36,36) (36,36,36) (40,40,40) (78,78,78) (98,98,98) (122,122,122) (126,126,126) (129,129,129) (126,126,126) (133,133,133) (131,131,131) (135,135,135) (137,137,137) (139,139,139) (139,139,139) (139,139,139) (141,141,141) (139,139,139) (139,139,139) (141,141,141) (141,141,141) (141,141,141) (139,139,139) (141,141,141) (143,143,143) (143,143,143) (143,143,143) (143,143,143) (143,143,143) (139,139,139) (141,141,141) (139,139,139) (135,135,135) (139,139,139) (139,139,139) (135,135,135) (135,135,135) (137,137,137) (137,137,137) (141,141,141) (137,137,137) (135,135,135) (139,139,139) (143,143,143) (145,145,145) (143,143,143) (143,143,143) (149,149,149) (151,151,151) (151,151,151) (155,155,155) (153,153,153) (159,159,159) (159,159,159) (165,165,165) (169,169,169) (169,169,169) (167,167,167) (175,175,175) (173,173,173) (181,181,181) (189,189,189) (189,189,189) (193,193,193) (199,199,199) (195,195,195) (203,203,203) (203,203,203) (207,207,207) (207,207,207) (207,207,207) (207,207,207) (211,211,211) (213,213,213) (213,213,213) (215,215,215) (215,215,215) (215,215,215) (211,211,211) (56,56,56) (84,84,84) (98,98,98) (104,104,104) (108,108,108) (108,108,108) (108,108,108) (104,104,104) (98,98,98) (94,94,94) (92,92,92) (90,90,90) (90,90,90) (88,88,88) (74,74,74) (74,74,74) (66,66,66) (58,58,58) (46,46,46) (44,44,44) (40,40,40) (42,42,42) (114,114,114) (175,175,175) (197,197,197) (203,203,203) (193,193,193) (171,171,171) (173,173,173) (195,195,195) (203,203,203) (203,203,203) (191,191,191) (177,177,177) (120,120,120) (70,70,70) (52,52,52) (52,52,52) (58,58,58) (66,66,66) (68,68,68) (82,82,82) (64,64,64) (66,66,66) (76,76,76) (82,82,82) (98,98,98) (108,108,108) (110,110,110) (98,98,98) (80,80,80) (84,84,84) (80,80,80) (78,78,78) (78,78,78) (88,88,88) (96,96,96) (102,102,102) (112,112,112) (118,118,118) (98,98,98) (96,96,96) (84,84,84) (82,82,82) (84,84,84) (66,66,66) (56,56,56) (58,58,58) (66,66,66) 
(86,86,86) (94,94,94) (88,88,88) (98,98,98) (102,102,102) (114,114,114) (131,131,131) (157,157,157) (171,171,171) (179,179,179) (183,183,183) (181,181,181) (165,165,165) (137,137,137) (92,92,92) (80,80,80) (102,102,102) (129,129,129) (149,149,149) (163,163,163) (171,171,171) (177,177,177) (175,175,175) (181,181,181) (179,179,179) (177,177,177) (185,185,185) (183,183,183) (177,177,177) (169,169,169) (139,139,139) (110,110,110) (116,116,116) (120,120,120) (88,88,88) (48,48,48) (44,44,44) (56,56,56) (40,40,40) (50,50,50) (46,46,46) (48,48,48) (44,44,44) (48,48,48) (50,50,50) (46,46,46) (52,52,52) (64,64,64) (52,52,52) (48,48,48) (46,46,46) (48,48,48) (46,46,46) (46,46,46) (58,58,58) (70,70,70) (58,58,58) (58,58,58) (50,50,50) (64,64,64) (64,64,64) (42,42,42) (48,48,48) (36,36,36) (54,54,54) (62,62,62) (58,58,58) (44,44,44) (58,58,58) (72,72,72) (42,42,42) (50,50,50) (62,62,62) (90,90,90) (58,58,58) (74,74,74) (58,58,58) (58,58,58) (60,60,60) (141,141,141) (122,122,122) (131,131,131) (50,50,50) (42,42,42) (48,48,48) (46,46,46) (50,50,50) (46,46,46) (52,52,52) (42,42,42) (50,50,50) (40,40,40) (34,34,34) (38,38,38) (48,48,48) (52,52,52) (54,54,54) (72,72,72) (74,74,74) (90,90,90) (90,90,90) (104,104,104) (112,112,112) (120,120,120) (120,120,120) (116,116,116) (94,94,94) (46,46,46) (34,34,34) (44,44,44) (82,82,82) (102,102,102) (116,116,116) (126,126,126) (129,129,129) (131,131,131) (129,129,129) (133,133,133) (135,135,135) (139,139,139) (135,135,135) (137,137,137) (139,139,139) (141,141,141) (137,137,137) (139,139,139) (137,137,137) (141,141,141) (139,139,139) (139,139,139) (137,137,137) (145,145,145) (147,147,147) (141,141,141) (137,137,137) (141,141,141) (141,141,141) (143,143,143) (137,137,137) (139,139,139) (143,143,143) (141,141,141) (135,135,135) (135,135,135) (133,133,133) (141,141,141) (137,137,137) (139,139,139) (145,145,145) (139,139,139) (139,139,139) (143,143,143) (145,145,145) (145,145,145) (147,147,147) (151,151,151) (149,149,149) (149,149,149) (153,153,153) (153,153,153) (159,159,159) (161,161,161) (165,165,165) (165,165,165) (163,163,163) (167,167,167) (175,175,175) (173,173,173) (187,187,187) (185,185,185) (185,185,185) (193,193,193) (191,191,191) (197,197,197) (203,203,203) (203,203,203) (207,207,207) (207,207,207) (207,207,207) (209,209,209) (207,207,207) (211,211,211) (213,213,213) (207,207,207) (213,213,213) (217,217,217) (215,215,215) (90,90,90) (82,82,82) (94,94,94) (104,104,104) (110,110,110) (110,110,110) (106,106,106) (104,104,104) (104,104,104) (106,106,106) (94,94,94) (94,94,94) (94,94,94) (82,82,82) (88,88,88) (76,76,76) (70,70,70) (62,62,62) (54,54,54) (52,52,52) (48,48,48) (56,56,56) (96,96,96) (161,161,161) (195,195,195) (203,203,203) (199,199,199) (193,193,193) (191,191,191) (193,193,193) (191,191,191) (189,189,189) (169,169,169) (122,122,122) (64,64,64) (54,54,54) (50,50,50) (52,52,52) (54,54,54) (70,70,70) (66,66,66) (64,64,64) (68,68,68) (78,78,78) (84,84,84) (92,92,92) (106,106,106) (108,108,108) (98,98,98) (82,82,82) (76,76,76) (76,76,76) (82,82,82) (76,76,76) (82,82,82) (86,86,86) (98,98,98) (108,108,108) (114,114,114) (104,104,104) (104,104,104) (90,90,90) (84,84,84) (82,82,82) (72,72,72) (58,58,58) (62,62,62) (62,62,62) (64,64,64) 
(82,82,82) (88,88,88) (96,96,96) (104,104,104) (108,108,108) (120,120,120) (133,133,133) (157,157,157) (173,173,173) (179,179,179) (181,181,181) (179,179,179) (167,167,167) (133,133,133) (102,102,102) (76,76,76) (102,102,102) (126,126,126) (147,147,147) (167,167,167) (167,167,167) (177,177,177) (177,177,177) (177,177,177) (177,177,177) (179,179,179) (183,183,183) (179,179,179) (175,175,175) (173,173,173) (153,153,153) (76,76,76) (126,126,126) (110,110,110) (84,84,84) (44,44,44) (44,44,44) (46,46,46) (44,44,44) (58,58,58) (48,48,48) (52,52,52) (46,46,46) (48,48,48) (48,48,48) (42,42,42) (46,46,46) (64,64,64) (56,56,56) (50,50,50) (52,52,52) (48,48,48) (50,50,50) (44,44,44) (78,78,78) (60,60,60) (54,54,54) (44,44,44) (50,50,50) (80,80,80) (90,90,90) (40,40,40) (54,54,54) (40,40,40) (40,40,40) (62,62,62) (100,100,100) (44,44,44) (46,46,46) (60,60,60) (78,78,78) (58,58,58) (46,46,46) (94,94,94) (72,72,72) (54,54,54) (108,108,108) (102,102,102) (70,70,70) (86,86,86) (124,124,124) (165,165,165) (54,54,54) (50,50,50) (46,46,46) (44,44,44) (50,50,50) (46,46,46) (48,48,48) (42,42,42) (42,42,42) (42,42,42) (42,42,42) (42,42,42) (44,44,44) (46,46,46) (56,56,56) (74,74,74) (76,76,76) (94,94,94) (100,100,100) (110,110,110) (122,122,122) (118,118,118) (116,116,116) (82,82,82) (40,40,40) (38,38,38) (48,48,48) (76,76,76) (100,100,100) (114,114,114) (126,126,126) (122,122,122) (126,126,126) (129,129,129) (131,131,131) (131,131,131) (131,131,131) (133,133,133) (137,137,137) (137,137,137) (139,139,139) (139,139,139) (137,137,137) (139,139,139) (133,133,133) (143,143,143) (137,137,137) (139,139,139) (139,139,139) (145,145,145) (143,143,143) (139,139,139) (139,139,139) (139,139,139) (143,143,143) (145,145,145) (147,147,147) (143,143,143) (143,143,143) (143,143,143) (137,137,137) (137,137,137) (137,137,137) (143,143,143) (137,137,137) (143,143,143) (139,139,139) (141,141,141) (137,137,137) (143,143,143) (143,143,143) (147,147,147) (143,143,143) (143,143,143) (147,147,147) (149,149,149) (153,153,153) (153,153,153) (157,157,157) (161,161,161) (159,159,159) (167,167,167) (161,161,161) (165,165,165) (171,171,171) (173,173,173) (177,177,177) (179,179,179) (185,185,185) (191,191,191) (191,191,191) (195,195,195) (197,197,197) (199,199,199) (203,203,203) (205,205,205) (207,207,207) (209,209,209) (213,213,213) (211,211,211) (213,213,213) (209,209,209) (217,217,217) (215,215,215) (215,215,215) (163,163,163) (80,80,80) (84,84,84) (96,96,96) (102,102,102) (104,104,104) (108,108,108) (104,104,104) (104,104,104) (106,106,106) (92,92,92) (100,100,100) (98,98,98) (88,88,88) (84,84,84) (82,82,82) (72,72,72) (74,74,74) (70,70,70) (66,66,66) (76,76,76) (74,74,74) (92,92,92) (159,159,159) (197,197,197) (205,205,205) (205,205,205) (201,201,201) (195,195,195) (181,181,181) (167,167,167) (153,153,153) (114,114,114) (84,84,84) (58,58,58) (50,50,50) (52,52,52) (54,54,54) (64,64,64) (74,74,74) (62,62,62) (64,64,64) (64,64,64) (84,84,84) (94,94,94) (110,110,110) (104,104,104) (102,102,102) (88,88,88) (78,78,78) (78,78,78) (82,82,82) (76,76,76) (82,82,82) (80,80,80) (100,100,100) (108,108,108) (114,114,114) (110,110,110) (100,100,100) (94,94,94) (98,98,98) (88,88,88) (72,72,72) (68,68,68) (52,52,52) (62,62,62) (74,74,74) (68,68,68) 
(68,68,68) (86,86,86) (102,102,102) (112,112,112) (114,114,114) (120,120,120) (131,131,131) (153,153,153) (171,171,171) (175,175,175) (175,175,175) (175,175,175) (163,163,163) (135,135,135) (96,96,96) (82,82,82) (104,104,104) (133,133,133) (149,149,149) (165,165,165) (169,169,169) (171,171,171) (177,177,177) (179,179,179) (177,177,177) (181,181,181) (183,183,183) (183,183,183) (171,171,171) (167,167,167) (153,153,153) (76,76,76) (129,129,129) (108,108,108) (82,82,82) (40,40,40) (40,40,40) (52,52,52) (46,46,46) (52,52,52) (44,44,44) (56,56,56) (48,48,48) (64,64,64) (52,52,52) (52,52,52) (52,52,52) (66,66,66) (48,48,48) (44,44,44) (44,44,44) (46,46,46) (52,52,52) (60,60,60) (80,80,80) (78,78,78) (60,60,60) (44,44,44) (60,60,60) (86,86,86) (86,86,86) (40,40,40) (44,44,44) (54,54,54) (36,36,36) (90,90,90) (88,88,88) (82,82,82) (54,54,54) (56,56,56) (108,108,108) (40,40,40) (74,74,74) (62,62,62) (86,86,86) (68,68,68) (82,82,82) (141,141,141) (124,124,124) (56,56,56) (40,40,40) (62,62,62) (102,102,102) (42,42,42) (46,46,46) (44,44,44) (40,40,40) (48,48,48) (52,52,52) (42,42,42) (36,36,36) (34,34,34) (36,36,36) (44,44,44) (46,46,46) (58,58,58) (70,70,70) (76,76,76) (88,88,88) (98,98,98) (108,108,108) (106,106,106) (120,120,120) (80,80,80) (28,28,28) (46,46,46) (42,42,42) (56,56,56) (96,96,96) (102,102,102) (112,112,112) (116,116,116) (124,124,124) (131,131,131) (129,129,129) (131,131,131) (129,129,129) (133,133,133) (137,137,137) (139,139,139) (135,135,135) (141,141,141) (143,143,143) (135,135,135) (135,135,135) (141,141,141) (139,139,139) (139,139,139) (141,141,141) (141,141,141) (141,141,141) (141,141,141) (139,139,139) (141,141,141) (137,137,137) (141,141,141) (141,141,141) (143,143,143) (141,141,141) (141,141,141) (145,145,145) (141,141,141) (141,141,141) (135,135,135) (145,145,145) (137,137,137) (141,141,141) (141,141,141) (135,135,135) (139,139,139) (137,137,137) (139,139,139) (143,143,143) (141,141,141) (147,147,147) (149,149,149) (147,147,147) (147,147,147) (157,157,157) (155,155,155) (151,151,151) (161,161,161) (159,159,159) (159,159,159) (167,167,167) (169,169,169) (165,165,165) (169,169,169) (175,175,175) (179,179,179) (183,183,183) (191,191,191) (191,191,191) (189,189,189) (199,199,199) (197,197,197) (201,201,201) (205,205,205) (209,209,209) (209,209,209) (209,209,209) (211,211,211) (213,213,213) (209,209,209) (215,215,215) (215,215,215) (217,217,217) (211,211,211) (70,70,70) (86,86,86) (96,96,96) (96,96,96) (100,100,100) (104,104,104) (102,102,102) (102,102,102) (100,100,100) (94,94,94) (92,92,92) (104,104,104) (96,96,96) (98,98,98) (82,82,82) (82,82,82) (78,78,78) (76,76,76) (78,78,78) (80,80,80) (86,86,86) (116,116,116) (157,157,157) (197,197,197) (211,211,211) (211,211,211) (205,205,205) (187,187,187) (167,167,167) (135,135,135) (90,90,90) (84,84,84) (60,60,60) (54,54,54) (52,52,52) (64,64,64) (66,66,66) (80,80,80) (72,72,72) (68,68,68) (68,68,68) (82,82,82) (90,90,90) (102,102,102) (106,106,106) (100,100,100) (96,96,96) (84,84,84) (72,72,72) (72,72,72) (72,72,72) (82,82,82) (86,86,86) (90,90,90) (104,104,104) (110,110,110) (112,112,112) (100,100,100) (98,98,98) (88,88,88) (90,90,90) (80,80,80) (74,74,74) (58,58,58) (68,68,68) (70,70,70) (62,62,62) (60,60,60) 
(54,54,54) (88,88,88) (102,102,102) (110,110,110) (114,114,114) (112,112,112) (118,118,118) (147,147,147) (169,169,169) (171,171,171) (177,177,177) (175,175,175) (163,163,163) (131,131,131) (104,104,104) (90,90,90) (104,104,104) (129,129,129) (147,147,147) (159,159,159) (169,169,169) (171,171,171) (175,175,175) (177,177,177) (179,179,179) (179,179,179) (181,181,181) (179,179,179) (175,175,175) (169,169,169) (159,159,159) (70,70,70) (120,120,120) (108,108,108) (78,78,78) (38,38,38) (44,44,44) (38,38,38) (46,46,46) (58,58,58) (56,56,56) (64,64,64) (40,40,40) (66,66,66) (58,58,58) (50,50,50) (56,56,56) (56,56,56) (62,62,62) (42,42,42) (38,38,38) (42,42,42) (42,42,42) (70,70,70) (68,68,68) (131,131,131) (56,56,56) (44,44,44) (62,62,62) (98,98,98) (88,88,88) (74,74,74) (38,38,38) (40,40,40) (44,44,44) (68,68,68) (88,88,88) (44,44,44) (68,68,68) (52,52,52) (58,58,58) (82,82,82) (58,58,58) (76,76,76) (40,40,40) (82,82,82) (64,64,64) (98,98,98) (147,147,147) (62,62,62) (78,78,78) (52,52,52) (88,88,88) (48,48,48) (40,40,40) (38,38,38) (44,44,44) (48,48,48) (46,46,46) (38,38,38) (36,36,36) (38,38,38) (36,36,36) (40,40,40) (44,44,44) (64,64,64) (80,80,80) (82,82,82) (98,98,98) (96,96,96) (94,94,94) (56,56,56) (46,46,46) (38,38,38) (46,46,46) (66,66,66) (86,86,86) (100,100,100) (104,104,104) (114,114,114) (120,120,120) (120,120,120) (129,129,129) (124,124,124) (129,129,129) (135,135,135) (135,135,135) (131,131,131) (135,135,135) (139,139,139) (133,133,133) (135,135,135) (141,141,141) (135,135,135) (135,135,135) (139,139,139) (143,143,143) (141,141,141) (141,141,141) (137,137,137) (141,141,141) (143,143,143) (145,145,145) (143,143,143) (143,143,143) (143,143,143) (143,143,143) (143,143,143) (143,143,143) (145,145,145) (141,141,141) (145,145,145) (145,145,145) (139,139,139) (141,141,141) (141,141,141) (139,139,139) (141,141,141) (141,141,141) (139,139,139) (145,145,145) (137,137,137) (143,143,143) (143,143,143) (143,143,143) (147,147,147) (145,145,145) (147,147,147) (149,149,149) (155,155,155) (151,151,151) (159,159,159) (159,159,159) (163,163,163) (165,165,165) (167,167,167) (167,167,167) (169,169,169) (179,179,179) (171,171,171) (181,181,181) (185,185,185) (191,191,191) (187,187,187) (193,193,193) (197,197,197) (203,203,203) (205,205,205) (205,205,205) (207,207,207) (209,209,209) (211,211,211) (213,213,213) (211,211,211) (213,213,213) (213,213,213) (217,217,217) (213,213,213) (74,74,74) (82,82,82) (98,98,98) (98,98,98) (100,100,100) (100,100,100) (98,98,98) (104,104,104) (110,110,110) (104,104,104) (94,94,94) (98,98,98) (98,98,98) (96,96,96) (90,90,90) (86,86,86) (88,88,88) (94,94,94) (94,94,94) (88,88,88) (88,88,88) (122,122,122) (161,161,161) (197,197,197) (209,209,209) (207,207,207) (195,195,195) (165,165,165) (126,126,126) (80,80,80) (68,68,68) (62,62,62) (66,66,66) (52,52,52) (62,62,62) (74,74,74) (78,78,78) (74,74,74) (66,66,66) (76,76,76) (80,80,80) (92,92,92) (104,104,104) (108,108,108) (102,102,102) (96,96,96) (98,98,98) (74,74,74) (70,70,70) (68,68,68) (68,68,68) (80,80,80) (90,90,90) (92,92,92) (110,110,110) (114,114,114) (110,110,110) (100,100,100) (102,102,102) (94,94,94) (94,94,94) (72,72,72) (66,66,66) (64,64,64) (64,64,64) (72,72,72) (74,74,74) (58,58,58) 
(46,46,46) (82,82,82) (92,92,92) (104,104,104) (102,102,102) (100,100,100) (116,116,116) (141,141,141) (161,161,161) (173,173,173) (179,179,179) (177,177,177) (165,165,165) (133,133,133) (102,102,102) (86,86,86) (106,106,106) (124,124,124) (143,143,143) (157,157,157) (169,169,169) (175,175,175) (177,177,177) (179,179,179) (181,181,181) (181,181,181) (183,183,183) (179,179,179) (175,175,175) (165,165,165) (159,159,159) (74,74,74) (112,112,112) (108,108,108) (42,42,42) (42,42,42) (42,42,42) (56,56,56) (50,50,50) (52,52,52) (50,50,50) (54,54,54) (52,52,52) (70,70,70) (58,58,58) (42,42,42) (48,48,48) (48,48,48) (72,72,72) (54,54,54) (44,44,44) (50,50,50) (42,42,42) (86,86,86) (64,64,64) (135,135,135) (52,52,52) (46,46,46) (64,64,64) (88,88,88) (96,96,96) (94,94,94) (40,40,40) (46,46,46) (52,52,52) (38,38,38) (110,110,110) (58,58,58) (36,36,36) (54,54,54) (50,50,50) (145,145,145) (22,22,22) (66,66,66) (40,40,40) (76,76,76) (92,92,92) (112,112,112) (159,159,159) (106,106,106) (64,64,64) (62,62,62) (50,50,50) (66,66,66) (44,44,44) (36,36,36) (54,54,54) (50,50,50) (36,36,36) (44,44,44) (40,40,40) (52,52,52) (44,44,44) (50,50,50) (58,58,58) (68,68,68) (82,82,82) (72,72,72) (52,52,52) (48,48,48) (52,52,52) (36,36,36) (42,42,42) (58,58,58) (84,84,84) (90,90,90) (102,102,102) (104,104,104) (114,114,114) (122,122,122) (126,126,126) (122,122,122) (124,124,124) (129,129,129) (131,131,131) (131,131,131) (131,131,131) (137,137,137) (137,137,137) (135,135,135) (133,133,133) (137,137,137) (137,137,137) (137,137,137) (139,139,139) (139,139,139) (141,141,141) (133,133,133) (139,139,139) (137,137,137) (143,143,143) (143,143,143) (143,143,143) (143,143,143) (143,143,143) (145,145,145) (147,147,147) (149,149,149) (145,145,145) (145,145,145) (143,143,143) (145,145,145) (141,141,141) (139,139,139) (143,143,143) (145,145,145) (139,139,139) (139,139,139) (139,139,139) (135,135,135) (141,141,141) (139,139,139) (137,137,137) (145,145,145) (139,139,139) (151,151,151) (145,145,145) (149,149,149) (151,151,151) (155,155,155) (153,153,153) (155,155,155) (159,159,159) (161,161,161) (165,165,165) (167,167,167) (171,171,171) (173,173,173) (173,173,173) (173,173,173) (181,181,181) (183,183,183) (187,187,187) (193,193,193) (193,193,193) (199,199,199) (199,199,199) (203,203,203) (205,205,205) (205,205,205) (209,209,209) (211,211,211) (211,211,211) (209,209,209) (213,213,213) (215,215,215) (213,213,213) (215,215,215) (133,133,133) (78,78,78) (82,82,82) (98,98,98) (102,102,102) (100,100,100) (96,96,96) (102,102,102) (104,104,104) (98,98,98) (100,100,100) (102,102,102) (102,102,102) (96,96,96) (92,92,92) (98,98,98) (98,98,98) (98,98,98) (100,100,100) (94,94,94) (94,94,94) (108,108,108) (155,155,155) (187,187,187) (197,197,197) (195,195,195) (169,169,169) (135,135,135) (88,88,88) (72,72,72) (84,84,84) (72,72,72) (70,70,70) (70,70,70) (72,72,72) (74,74,74) (76,76,76) (74,74,74) (74,74,74) (80,80,80) (92,92,92) (108,108,108) (110,110,110) (114,114,114) (94,94,94) (82,82,82) (76,76,76) (76,76,76) (64,64,64) (64,64,64) (72,72,72) (80,80,80) (98,98,98) (100,100,100) (112,112,112) (112,112,112) (108,108,108) (104,104,104) (98,98,98) (96,96,96) (78,78,78) (66,66,66) (64,64,64) (72,72,72) (68,68,68) (74,74,74) (64,64,64) (56,56,56) 
(44,44,44) (68,68,68) (80,80,80) (94,94,94) (88,88,88) (96,96,96) (118,118,118) (135,135,135) (161,161,161) (175,175,175) (179,179,179) (173,173,173) (165,165,165) (143,143,143) (108,108,108) (86,86,86) (104,104,104) (126,126,126) (147,147,147) (161,161,161) (169,169,169) (177,177,177) (177,177,177) (179,179,179) (185,185,185) (183,183,183) (185,185,185) (181,181,181) (177,177,177) (167,167,167) (159,159,159) (92,92,92) (74,74,74) (94,94,94) (40,40,40) (48,48,48) (48,48,48) (50,50,50) (46,46,46) (56,56,56) (58,58,58) (50,50,50) (46,46,46) (64,64,64) (60,60,60) (44,44,44) (52,52,52) (42,42,42) (90,90,90) (38,38,38) (52,52,52) (48,48,48) (48,48,48) (72,72,72) (50,50,50) (118,118,118) (48,48,48) (32,32,32) (76,76,76) (80,80,80) (122,122,122) (102,102,102) (92,92,92) (54,54,54) (50,50,50) (46,46,46) (78,78,78) (92,92,92) (40,40,40) (52,52,52) (68,68,68) (78,78,78) (120,120,120) (66,66,66) (54,54,54) (66,66,66) (100,100,100) (110,110,110) (96,96,96) (169,169,169) (104,104,104) (46,46,46) (48,48,48) (72,72,72) (34,34,34) (40,40,40) (48,48,48) (46,46,46) (52,52,52) (48,48,48) (46,46,46) (50,50,50) (46,46,46) (48,48,48) (48,48,48) (46,46,46) (46,46,46) (52,52,52) (36,36,36) (44,44,44) (64,64,64) (86,86,86) (92,92,92) (104,104,104) (110,110,110) (110,110,110) (112,112,112) (118,118,118) (124,124,124) (122,122,122) (126,126,126) (124,124,124) (124,124,124) (126,126,126) (126,126,126) (133,133,133) (129,129,129) (131,131,131) (133,133,133) (137,137,137) (135,135,135) (139,139,139) (133,133,133) (135,135,135) (137,137,137) (143,143,143) (141,141,141) (139,139,139) (133,133,133) (145,145,145) (139,139,139) (141,141,141) (141,141,141) (143,143,143) (141,141,141) (143,143,143) (145,145,145) (145,145,145) (147,147,147) (143,143,143) (151,151,151) (145,145,145) (143,143,143) (139,139,139) (141,141,141) (141,141,141) (139,139,139) (135,135,135) (139,139,139) (143,143,143) (141,141,141) (145,145,145) (139,139,139) (143,143,143) (141,141,141) (145,145,145) (145,145,145) (145,145,145) (149,149,149) (149,149,149) (157,157,157) (157,157,157) (157,157,157) (157,157,157) (159,159,159) (163,163,163) (169,169,169) (171,171,171) (175,175,175) (175,175,175) (181,181,181) (179,179,179) (187,187,187) (185,185,185) (193,193,193) (191,191,191) (199,199,199) (203,203,203) (203,203,203) (207,207,207) (211,211,211) (205,205,205) (211,211,211) (211,211,211) (211,211,211) (217,217,217) (213,213,213) (211,211,211) (181,181,181) (76,76,76) (84,84,84) (90,90,90) (96,96,96) (98,98,98) (100,100,100) (106,106,106) (108,108,108) (106,106,106) (102,102,102) (106,106,106) (102,102,102) (100,100,100) (94,94,94) (98,98,98) (100,100,100) (106,106,106) (108,108,108) (106,106,106) (106,106,106) (106,106,106) (129,129,129) (163,163,163) (165,165,165) (159,159,159) (102,102,102) (90,90,90) (82,82,82) (82,82,82) (76,76,76) (80,80,80) (78,78,78) (76,76,76) (72,72,72) (82,82,82) (74,74,74) (68,68,68) (82,82,82) (88,88,88) (102,102,102) (112,112,112) (114,114,114) (98,98,98) (88,88,88) (80,80,80) (74,74,74) (70,70,70) (64,64,64) (66,66,66) (80,80,80) (94,94,94) (108,108,108) (110,110,110) (118,118,118) (116,116,116) (112,112,112) (102,102,102) (100,100,100) (86,86,86) (68,68,68) (64,64,64) (66,66,66) (68,68,68) (60,60,60) (68,68,68) (50,50,50) (46,46,46) 
(44,44,44) (52,52,52) (66,66,66) (82,82,82) (90,90,90) (92,92,92) (110,110,110) (131,131,131) (159,159,159) (169,169,169) (175,175,175) (175,175,175) (167,167,167) (141,141,141) (122,122,122) (90,90,90) (106,106,106) (122,122,122) (147,147,147) (159,159,159) (167,167,167) (173,173,173) (177,177,177) (179,179,179) (183,183,183) (181,181,181) (187,187,187) (183,183,183) (175,175,175) (171,171,171) (157,157,157) (108,108,108) (64,64,64) (76,76,76) (40,40,40) (50,50,50) (48,48,48) (44,44,44) (38,38,38) (46,46,46) (46,46,46) (46,46,46) (56,56,56) (58,58,58) (46,46,46) (56,56,56) (56,56,56) (48,48,48) (110,110,110) (44,44,44) (54,54,54) (46,46,46) (52,52,52) (62,62,62) (52,52,52) (112,112,112) (52,52,52) (40,40,40) (48,48,48) (98,98,98) (116,116,116) (98,98,98) (106,106,106) (50,50,50) (46,46,46) (52,52,52) (38,38,38) (112,112,112) (36,36,36) (44,44,44) (34,34,34) (52,52,52) (155,155,155) (52,52,52) (76,76,76) (60,60,60) (76,76,76) (108,108,108) (122,122,122) (129,129,129) (139,139,139) (102,102,102) (52,52,52) (74,74,74) (42,42,42) (40,40,40) (40,40,40) (40,40,40) (42,42,42) (44,44,44) (58,58,58) (40,40,40) (50,50,50) (38,38,38) (38,38,38) (42,42,42) (52,52,52) (64,64,64) (76,76,76) (82,82,82) (86,86,86) (92,92,92) (100,100,100) (98,98,98) (112,112,112) (118,118,118) (120,120,120) (120,120,120) (124,124,124) (124,124,124) (129,129,129) (131,131,131) (129,129,129) (129,129,129) (129,129,129) (129,129,129) (133,133,133) (129,129,129) (131,131,131) (133,133,133) (135,135,135) (137,137,137) (141,141,141) (139,139,139) (139,139,139) (139,139,139) (135,135,135) (137,137,137) (141,141,141) (139,139,139) (137,137,137) (143,143,143) (141,141,141) (143,143,143) (147,147,147) (141,141,141) (147,147,147) (143,143,143) (147,147,147) (145,145,145) (147,147,147) (145,145,145) (143,143,143) (141,141,141) (143,143,143) (143,143,143) (141,141,141) (137,137,137) (141,141,141) (141,141,141) (141,141,141) (143,143,143) (143,143,143) (141,141,141) (139,139,139) (145,145,145) (145,145,145) (147,147,147) (149,149,149) (153,153,153) (153,153,153) (159,159,159) (161,161,161) (161,161,161) (161,161,161) (165,165,165) (167,167,167) (169,169,169) (177,177,177) (177,177,177) (179,179,179) (183,183,183) (185,185,185) (187,187,187) (189,189,189) (195,195,195) (199,199,199) (197,197,197) (205,205,205) (205,205,205) (207,207,207) (213,213,213) (213,213,213) (209,209,209) (213,213,213) (215,215,215) (215,215,215) (215,215,215) (207,207,207) (58,58,58) (82,82,82) (84,84,84) (90,90,90) (96,96,96) (102,102,102) (100,100,100) (106,106,106) (106,106,106) (110,110,110) (108,108,108) (102,102,102) (98,98,98) (100,100,100) (108,108,108) (108,108,108) (116,116,116) (114,114,114) (110,110,110) (106,106,106) (108,108,108) (114,114,114) (122,122,122) (126,126,126) (110,110,110) (86,86,86) (86,86,86) (78,78,78) (82,82,82) (78,78,78) (84,84,84) (86,86,86) (90,90,90) (84,84,84) (80,80,80) (64,64,64) (72,72,72) (88,88,88) (100,100,100) (104,104,104) (106,106,106) (102,102,102) (90,90,90) (80,80,80) (66,66,66) (64,64,64) (58,58,58) (60,60,60) (70,70,70) (82,82,82) (104,104,104) (110,110,110) (114,114,114) (114,114,114) (114,114,114) (110,110,110) (100,100,100) (96,96,96) (84,84,84) (74,74,74) (58,58,58) (64,64,64) (56,56,56) (60,60,60) (54,54,54) (56,56,56) (44,44,44) 
(46,46,46) (52,52,52) (58,58,58) (72,72,72) (80,80,80) (84,84,84) (100,100,100) (124,124,124) (155,155,155) (165,165,165) (173,173,173) (173,173,173) (163,163,163) (141,141,141) (120,120,120) (96,96,96) (104,104,104) (124,124,124) (139,139,139) (159,159,159) (169,169,169) (175,175,175) (175,175,175) (179,179,179) (181,181,181) (179,179,179) (181,181,181) (183,183,183) (173,173,173) (169,169,169) (161,161,161) (112,112,112) (58,58,58) (86,86,86) (42,42,42) (52,52,52) (52,52,52) (56,56,56) (70,70,70) (44,44,44) (40,40,40) (50,50,50) (64,64,64) (68,68,68) (56,56,56) (56,56,56) (64,64,64) (50,50,50) (118,118,118) (38,38,38) (46,46,46) (42,42,42) (48,48,48) (60,60,60) (72,72,72) (98,98,98) (52,52,52) (42,42,42) (54,54,54) (88,88,88) (98,98,98) (124,124,124) (122,122,122) (42,42,42) (46,46,46) (44,44,44) (96,96,96) (106,106,106) (122,122,122) (36,36,36) (38,38,38) (84,84,84) (64,64,64) (124,124,124) (44,44,44) (78,78,78) (66,66,66) (124,124,124) (122,122,122) (46,46,46) (102,102,102) (106,106,106) (74,74,74) (56,56,56) (44,44,44) (52,52,52) (58,58,58) (66,66,66) (56,56,56) (38,38,38) (40,40,40) (38,38,38) (40,40,40) (50,50,50) (60,60,60) (74,74,74) (74,74,74) (78,78,78) (84,84,84) (90,90,90) (96,96,96) (102,102,102) (114,114,114) (114,114,114) (120,120,120) (124,124,124) (120,120,120) (120,120,120) (124,124,124) (126,126,126) (129,129,129) (129,129,129) (129,129,129) (126,126,126) (129,129,129) (129,129,129) (126,126,126) (129,129,129) (137,137,137) (137,137,137) (131,131,131) (133,133,133) (137,137,137) (141,141,141) (129,129,129) (137,137,137) (139,139,139) (139,139,139) (145,145,145) (143,143,143) (141,141,141) (137,137,137) (139,139,139) (141,141,141) (139,139,139) (151,151,151) (147,147,147) (143,143,143) (147,147,147) (147,147,147) (141,141,141) (143,143,143) (149,149,149) (143,143,143) (145,145,145) (145,145,145) (143,143,143) (137,137,137) (143,143,143) (141,141,141) (139,139,139) (143,143,143) (139,139,139) (143,143,143) (143,143,143) (143,143,143) (145,145,145) (151,151,151) (151,151,151) (147,147,147) (153,153,153) (153,153,153) (155,155,155) (155,155,155) (159,159,159) (163,163,163) (165,165,165) (163,163,163) (171,171,171) (179,179,179) (179,179,179) (181,181,181) (185,185,185) (185,185,185) (189,189,189) (193,193,193) (195,195,195) (197,197,197) (203,203,203) (203,203,203) (207,207,207) (205,205,205) (215,215,215) (211,211,211) (211,211,211) (211,211,211) (211,211,211) (213,213,213) (211,211,211) (90,90,90) (82,82,82) (80,80,80) (92,92,92) (92,92,92) (96,96,96) (96,96,96) (100,100,100) (108,108,108) (114,114,114) (108,108,108) (108,108,108) (106,106,106) (108,108,108) (106,106,106) (112,112,112) (116,116,116) (120,120,120) (120,120,120) (112,112,112) (110,110,110) (106,106,106) (112,112,112) (110,110,110) (102,102,102) (90,90,90) (88,88,88) (90,90,90) (90,90,90) (92,92,92) (98,98,98) (84,84,84) (90,90,90) (80,80,80) (74,74,74) (78,78,78) (80,80,80) (92,92,92) (104,104,104) (108,108,108) (96,96,96) (88,88,88) (82,82,82) (70,70,70) (72,72,72) (70,70,70) (66,66,66) (58,58,58) (80,80,80) (100,100,100) (102,102,102) (110,110,110) (114,114,114) (120,120,120) (110,110,110) (104,104,104) (100,100,100) (92,92,92) (78,78,78) (74,74,74) (62,62,62) (60,60,60) (60,60,60) (60,60,60) (54,54,54) (50,50,50) (56,56,56) 
(58,58,58) (56,56,56) (58,58,58) (62,62,62) (78,78,78) (80,80,80) (84,84,84) (116,116,116) (153,153,153) (171,171,171) (181,181,181) (179,179,179) (169,169,169) (147,147,147) (124,124,124) (102,102,102) (108,108,108) (124,124,124) (141,141,141) (157,157,157) (167,167,167) (175,175,175) (179,179,179) (179,179,179) (183,183,183) (183,183,183) (185,185,185) (179,179,179) (173,173,173) (167,167,167) (157,157,157) (90,90,90) (60,60,60) (72,72,72) (54,54,54) (56,56,56) (58,58,58) (46,46,46) (46,46,46) (58,58,58) (40,40,40) (50,50,50) (58,58,58) (56,56,56) (60,60,60) (50,50,50) (60,60,60) (54,54,54) (78,78,78) (52,52,52) (50,50,50) (44,44,44) (48,48,48) (56,56,56) (98,98,98) (60,60,60) (48,48,48) (40,40,40) (44,44,44) (104,104,104) (88,88,88) (120,120,120) (122,122,122) (78,78,78) (38,38,38) (32,32,32) (66,66,66) (104,104,104) (139,139,139) (56,56,56) (34,34,34) (36,36,36) (78,78,78) (76,76,76) (108,108,108) (50,50,50) (68,68,68) (118,118,118) (112,112,112) (137,137,137) (72,72,72) (110,110,110) (94,94,94) (50,50,50) (38,38,38) (42,42,42) (78,78,78) (34,34,34) (36,36,36) (44,44,44) (42,42,42) (52,52,52) (54,54,54) (52,52,52) (70,70,70) (84,84,84) (90,90,90) (88,88,88) (102,102,102) (110,110,110) (108,108,108) (118,118,118) (116,116,116) (122,122,122) (120,120,120) (124,124,124) (122,122,122) (124,124,124) (126,126,126) (122,122,122) (131,131,131) (129,129,129) (131,131,131) (129,129,129) (126,126,126) (129,129,129) (124,124,124) (129,129,129) (131,131,131) (133,133,133) (133,133,133) (139,139,139) (137,137,137) (135,135,135) (135,135,135) (133,133,133) (139,139,139) (145,145,145) (147,147,147) (139,139,139) (139,139,139) (141,141,141) (141,141,141) (137,137,137) (143,143,143) (141,141,141) (143,143,143) (147,147,147) (145,145,145) (143,143,143) (147,147,147) (145,145,145) (147,147,147) (145,145,145) (145,145,145) (145,145,145) (147,147,147) (143,143,143) (145,145,145) (143,143,143) (145,145,145) (139,139,139) (139,139,139) (147,147,147) (139,139,139) (145,145,145) (147,147,147) (147,147,147) (147,147,147) (145,145,145) (153,153,153) (153,153,153) (157,157,157) (153,153,153) (159,159,159) (161,161,161) (167,167,167) (163,163,163) (169,169,169) (169,169,169) (173,173,173) (181,181,181) (181,181,181) (183,183,183) (187,187,187) (189,189,189) (193,193,193) (195,195,195) (195,195,195) (201,201,201) (203,203,203) (207,207,207) (213,213,213) (211,211,211) (211,211,211) (211,211,211) (213,213,213) (213,213,213) (215,215,215) (141,141,141) (74,74,74) (78,78,78) (88,88,88) (90,90,90) (100,100,100) (94,94,94) (102,102,102) (108,108,108) (108,108,108) (112,112,112) (108,108,108) (112,112,112) (112,112,112) (112,112,112) (116,116,116) (118,118,118) (114,114,114) (114,114,114) (108,108,108) (116,116,116) (110,110,110) (102,102,102) (104,104,104) (94,94,94) (92,92,92) (90,90,90) (98,98,98) (104,104,104) (100,100,100) (104,104,104) (88,88,88) (92,92,92) (78,78,78) (84,84,84) (80,80,80) (86,86,86) (98,98,98) (106,106,106) (94,94,94) (88,88,88) (84,84,84) (76,76,76) (74,74,74) (74,74,74) (62,62,62) (72,72,72) (68,68,68) (92,92,92) (102,102,102) (116,116,116) (116,116,116) (118,118,118) (116,116,116) (108,108,108) (104,104,104) (96,96,96) (84,84,84) (72,72,72) (62,62,62) (62,62,62) (58,58,58) (62,62,62) (54,54,54) (50,50,50) (58,58,58) (50,50,50) 
(52,52,52) (58,58,58) (64,64,64) (60,60,60) (62,62,62) (72,72,72) (84,84,84) (114,114,114) (159,159,159) (183,183,183) (195,195,195) (191,191,191) (189,189,189) (173,173,173) (135,135,135) (104,104,104) (106,106,106) (124,124,124) (143,143,143) (159,159,159) (169,169,169) (177,177,177) (179,179,179) (179,179,179) (181,181,181) (183,183,183) (183,183,183) (185,185,185) (181,181,181) (167,167,167) (114,114,114) (68,68,68) (46,46,46) (72,72,72) (60,60,60) (54,54,54) (48,48,48) (54,54,54) (44,44,44) (48,48,48) (42,42,42) (56,56,56) (60,60,60) (56,56,56) (54,54,54) (54,54,54) (64,64,64) (58,58,58) (48,48,48) (100,100,100) (46,46,46) (46,46,46) (38,38,38) (68,68,68) (114,114,114) (40,40,40) (36,36,36) (42,42,42) (40,40,40) (100,100,100) (120,120,120) (44,44,44) (139,139,139) (133,133,133) (46,46,46) (42,42,42) (48,48,48) (106,106,106) (135,135,135) (78,78,78) (38,38,38) (30,30,30) (60,60,60) (90,90,90) (129,129,129) (36,36,36) (40,40,40) (68,68,68) (106,106,106) (112,112,112) (78,78,78) (68,68,68) (50,50,50) (42,42,42) (44,44,44) (36,36,36) (48,48,48) (42,42,42) (50,50,50) (42,42,42) (54,54,54) (46,46,46) (54,54,54) (68,68,68) (82,82,82) (92,92,92) (100,100,100) (108,108,108) (114,114,114) (116,116,116) (114,114,114) (120,120,120) (118,118,118) (118,118,118) (122,122,122) (124,124,124) (122,122,122) (126,126,126) (124,124,124) (129,129,129) (133,133,133) (126,126,126) (131,131,131) (129,129,129) (129,129,129) (129,129,129) (129,129,129) (129,129,129) (131,131,131) (133,133,133) (141,141,141) (133,133,133) (137,137,137) (129,129,129) (135,135,135) (135,135,135) (137,137,137) (143,143,143) (137,137,137) (133,133,133) (137,137,137) (139,139,139) (147,147,147) (139,139,139) (143,143,143) (139,139,139) (143,143,143) (147,147,147) (145,145,145) (147,147,147) (143,143,143) (143,143,143) (147,147,147) (145,145,145) (143,143,143) (147,147,147) (151,151,151) (141,141,141) (147,147,147) (143,143,143) (149,149,149) (143,143,143) (143,143,143) (143,143,143) (149,149,149) (147,147,147) (155,155,155) (147,147,147) (149,149,149) (153,153,153) (149,149,149) (153,153,153) (153,153,153) (157,157,157) (159,159,159) (163,163,163) (163,163,163) (165,165,165) (169,169,169) (169,169,169) (177,177,177) (177,177,177) (179,179,179) (181,181,181) (187,187,187) (187,187,187) (191,191,191) (197,197,197) (195,195,195) (201,201,201) (203,203,203) (205,205,205) (209,209,209) (209,209,209) (211,211,211) (209,209,209) (213,213,213) (211,211,211) (211,211,211) (187,187,187) (64,64,64) (72,72,72) (82,82,82) (88,88,88) (100,100,100) (100,100,100) (106,106,106) (106,106,106) (112,112,112) (112,112,112) (110,110,110) (118,118,118) (122,122,122) (118,118,118) (116,116,116) (120,120,120) (118,118,118) (114,114,114) (120,120,120) (110,110,110) (108,108,108) (106,106,106) (104,104,104) (104,104,104) (96,96,96) (100,100,100) (106,106,106) (110,110,110) (108,108,108) (108,108,108) (96,96,96) (86,86,86) (76,76,76) (80,80,80) (88,88,88) (94,94,94) (100,100,100) (94,94,94) (78,78,78) (80,80,80) (70,70,70) (70,70,70) (72,72,72) (72,72,72) (72,72,72) (74,74,74) (82,82,82) (98,98,98) (110,110,110) (116,116,116) (122,122,122) (120,120,120) (112,112,112) (104,104,104) (100,100,100) (90,90,90) (74,74,74) (68,68,68) (60,60,60) (60,60,60) (54,54,54) (54,54,54) (52,52,52) (48,48,48) (48,48,48) (54,54,54) 
(50,50,50) (56,56,56) (52,52,52) (54,54,54) (62,62,62) (66,66,66) (70,70,70) (122,122,122) (173,173,173) (197,197,197) (205,205,205) (201,201,201) (197,197,197) (189,189,189) (157,157,157) (102,102,102) (122,122,122) (122,122,122) (145,145,145) (159,159,159) (169,169,169) (175,175,175) (177,177,177) (179,179,179) (177,177,177) (181,181,181) (183,183,183) (185,185,185) (177,177,177) (153,153,153) (106,106,106) (74,74,74) (54,54,54) (62,62,62) (48,48,48) (50,50,50) (38,38,38) (58,58,58) (44,44,44) (54,54,54) (44,44,44) (50,50,50) (68,68,68) (58,58,58) (50,50,50) (60,60,60) (58,58,58) (62,62,62) (42,42,42) (86,86,86) (46,46,46) (40,40,40) (40,40,40) (54,54,54) (137,137,137) (64,64,64) (34,34,34) (46,46,46) (52,52,52) (126,126,126) (129,129,129) (52,52,52) (126,126,126) (133,133,133) (78,78,78) (54,54,54) (44,44,44) (84,84,84) (96,96,96) (68,68,68) (80,80,80) (32,32,32) (32,32,32) (86,86,86) (60,60,60) (133,133,133) (50,50,50) (44,44,44) (72,72,72) (92,92,92) (129,129,129) (54,54,54) (40,40,40) (70,70,70) (42,42,42) (38,38,38) (56,56,56) (56,56,56) (46,46,46) (50,50,50) (54,54,54) (50,50,50) (76,76,76) (84,84,84) (94,94,94) (98,98,98) (106,106,106) (112,112,112) (114,114,114) (116,116,116) (114,114,114) (114,114,114) (116,116,116) (118,118,118) (124,124,124) (124,124,124) (124,124,124) (126,126,126) (129,129,129) (129,129,129) (126,126,126) (122,122,122) (129,129,129) (129,129,129) (129,129,129) (135,135,135) (133,133,133) (129,129,129) (133,133,133) (129,129,129) (135,135,135) (133,133,133) (133,133,133) (135,135,135) (137,137,137) (135,135,135) (141,141,141) (135,135,135) (137,137,137) (139,139,139) (141,141,141) (139,139,139) (139,139,139) (141,141,141) (139,139,139) (143,143,143) (145,145,145) (147,147,147) (145,145,145) (147,147,147) (147,147,147) (149,149,149) (145,145,145) (141,141,141) (147,147,147) (143,143,143) (145,145,145) (145,145,145) (145,145,145) (143,143,143) (143,143,143) (145,145,145) (143,143,143) (149,149,149) (141,141,141) (145,145,145) (147,147,147) (149,149,149) (147,147,147) (147,147,147) (151,151,151) (151,151,151) (153,153,153) (157,157,157) (157,157,157) (161,161,161) (163,163,163) (167,167,167) (167,167,167) (169,169,169) (175,175,175) (175,175,175) (179,179,179) (181,181,181) (183,183,183) (187,187,187) (189,189,189) (193,193,193) (199,199,199) (201,201,201) (203,203,203) (203,203,203) (207,207,207) (207,207,207) (209,209,209) (209,209,209) (205,205,205) (215,215,215) (213,213,213) (209,209,209) (60,60,60) (80,80,80) (82,82,82) (84,84,84) (96,96,96) (104,104,104) (108,108,108) (106,106,106) (104,104,104) (108,108,108) (114,114,114) (116,116,116) (118,118,118) (122,122,122) (124,124,124) (114,114,114) (114,114,114) (112,112,112) (114,114,114) (116,116,116) (112,112,112) (114,114,114) (104,104,104) (106,106,106) (100,100,100) (106,106,106) (114,114,114) (116,116,116) (112,112,112) (102,102,102) (98,98,98) (86,86,86) (82,82,82) (98,98,98) (98,98,98) (100,100,100) (98,98,98) (88,88,88) (80,80,80) (64,64,64) (68,68,68) (70,70,70) (72,72,72) (68,68,68) (68,68,68) (86,86,86) (96,96,96) (110,110,110) (118,118,118) (122,122,122) (122,122,122) (116,116,116) (110,110,110) (100,100,100) (90,90,90) (82,82,82) (64,64,64) (62,62,62) (54,54,54) (58,58,58) (58,58,58) (48,48,48) (54,54,54) (56,56,56) (56,56,56) (64,64,64) 
(48,48,48) (54,54,54) (48,48,48) (52,52,52) (58,58,58) (62,62,62) (68,68,68) (122,122,122) (187,187,187) (199,199,199) (203,203,203) (203,203,203) (201,201,201) (195,195,195) (171,171,171) (108,108,108) (116,116,116) (124,124,124) (139,139,139) (159,159,159) (167,167,167) (175,175,175) (175,175,175) (175,175,175) (181,181,181) (179,179,179) (183,183,183) (179,179,179) (179,179,179) (167,167,167) (129,129,129) (114,114,114) (68,68,68) (52,52,52) (40,40,40) (60,60,60) (58,58,58) (58,58,58) (50,50,50) (48,48,48) (42,42,42) (68,68,68) (52,52,52) (58,58,58) (62,62,62) (64,64,64) (58,58,58) (78,78,78) (40,40,40) (44,44,44) (106,106,106) (38,38,38) (44,44,44) (80,80,80) (145,145,145) (72,72,72) (42,42,42) (52,52,52) (38,38,38) (120,120,120) (143,143,143) (66,66,66) (72,72,72) (145,145,145) (120,120,120) (40,40,40) (40,40,40) (42,42,42) (104,104,104) (112,112,112) (60,60,60) (56,56,56) (40,40,40) (82,82,82) (68,68,68) (112,112,112) (90,90,90) (42,42,42) (88,88,88) (90,90,90) (114,114,114) (82,82,82) (100,100,100) (92,92,92) (42,42,42) (32,32,32) (38,38,38) (42,42,42) (48,48,48) (48,48,48) (60,60,60) (70,70,70) (88,88,88) (90,90,90) (102,102,102) (108,108,108) (108,108,108) (110,110,110) (112,112,112) (116,116,116) (120,120,120) (116,116,116) (120,120,120) (118,118,118) (120,120,120) (122,122,122) (126,126,126) (122,122,122) (122,122,122) (129,129,129) (124,124,124) (124,124,124) (133,133,133) (131,131,131) (131,131,131) (137,137,137) (129,129,129) (133,133,133) (131,131,131) (131,131,131) (135,135,135) (135,135,135) (131,131,131) (139,139,139) (137,137,137) (135,135,135) (137,137,137) (137,137,137) (143,143,143) (135,135,135) (141,141,141) (139,139,139) (143,143,143) (143,143,143) (139,139,139) (139,139,139) (145,145,145) (145,145,145) (139,139,139) (147,147,147) (141,141,141) (147,147,147) (147,147,147) (147,147,147) (143,143,143) (147,147,147) (149,149,149) (147,147,147) (151,151,151) (141,141,141) (149,149,149) (151,151,151) (153,153,153) (149,149,149) (145,145,145) (145,145,145) (151,151,151) (149,149,149) (151,151,151) (153,153,153) (155,155,155) (151,151,151) (153,153,153) (157,157,157) (159,159,159) (163,163,163) (163,163,163) (169,169,169) (171,171,171) (169,169,169) (173,173,173) (175,175,175) (183,183,183) (177,177,177) (187,187,187) (187,187,187) (185,185,185) (195,195,195) (199,199,199) (197,197,197) (201,201,201) (203,203,203) (205,205,205) (205,205,205) (209,209,209) (209,209,209) (211,211,211) (213,213,213) (213,213,213) (215,215,215) (90,90,90) (72,72,72) (82,82,82) (90,90,90) (96,96,96) (100,100,100) (100,100,100) (104,104,104) (108,108,108) (110,110,110) (114,114,114) (118,118,118) (118,118,118) (118,118,118) (122,122,122) (118,118,118) (120,120,120) (112,112,112) (116,116,116) (114,114,114) (108,108,108) (104,104,104) (110,110,110) (110,110,110) (110,110,110) (120,120,120) (120,120,120) (116,116,116) (112,112,112) (104,104,104) (98,98,98) (96,96,96) (96,96,96) (96,96,96) (98,98,98) (90,90,90) (96,96,96) (80,80,80) (78,78,78) (72,72,72) (74,74,74) (76,76,76) (86,86,86) (70,70,70) (80,80,80) (88,88,88) (114,114,114) (116,116,116) (124,124,124) (124,124,124) (118,118,118) (108,108,108) (110,110,110) (88,88,88) (84,84,84) (78,78,78) (62,62,62) (56,56,56) (48,48,48) (60,60,60) (62,62,62) (54,54,54) (46,46,46) (62,62,62) (68,68,68) (92,92,92) 
(46,46,46) (52,52,52) (54,54,54) (50,50,50) (60,60,60) (54,54,54) (66,66,66) (126,126,126) (199,199,199) (197,197,197) (201,201,201) (205,205,205) (201,201,201) (193,193,193) (181,181,181) (122,122,122) (110,110,110) (126,126,126) (145,145,145) (159,159,159) (165,165,165) (179,179,179) (175,175,175) (173,173,173) (181,181,181) (179,179,179) (179,179,179) (181,181,181) (175,175,175) (169,169,169) (133,133,133) (114,114,114) (60,60,60) (52,52,52) (44,44,44) (54,54,54) (38,38,38) (50,50,50) (52,52,52) (42,42,42) (46,46,46) (62,62,62) (62,62,62) (60,60,60) (66,66,66) (62,62,62) (66,66,66) (70,70,70) (48,48,48) (42,42,42) (112,112,112) (56,56,56) (46,46,46) (98,98,98) (98,98,98) (76,76,76) (42,42,42) (48,48,48) (54,54,54) (118,118,118) (145,145,145) (56,56,56) (74,74,74) (78,78,78) (141,141,141) (52,52,52) (44,44,44) (40,40,40) (92,92,92) (122,122,122) (28,28,28) (62,62,62) (56,56,56) (48,48,48) (90,90,90) (70,70,70) (100,100,100) (38,38,38) (74,74,74) (60,60,60) (122,122,122) (84,84,84) (110,110,110) (129,129,129) (42,42,42) (36,36,36) (34,34,34) (40,40,40) (46,46,46) (62,62,62) (72,72,72) (80,80,80) (92,92,92) (98,98,98) (106,106,106) (102,102,102) (106,106,106) (118,118,118) (108,108,108) (120,120,120) (116,116,116) (114,114,114) (124,124,124) (118,118,118) (122,122,122) (124,124,124) (129,129,129) (126,126,126) (126,126,126) (129,129,129) (126,126,126) (126,126,126) (129,129,129) (135,135,135) (133,133,133) (129,129,129) (133,133,133) (133,133,133) (131,131,131) (129,129,129) (129,129,129) (137,137,137) (131,131,131) (137,137,137) (137,137,137) (135,135,135) (133,133,133) (139,139,139) (143,143,143) (137,137,137) (137,137,137) (141,141,141) (139,139,139) (137,137,137) (141,141,141) (141,141,141) (147,147,147) (145,145,145) (145,145,145) (147,147,147) (143,143,143) (143,143,143) (145,145,145) (147,147,147) (149,149,149) (145,145,145) (145,145,145) (151,151,151) (151,151,151) (143,143,143) (149,149,149) (151,151,151) (149,149,149) (149,149,149) (145,145,145) (145,145,145) (151,151,151) (151,151,151) (153,153,153) (155,155,155) (153,153,153) (153,153,153) (153,153,153) (159,159,159) (161,161,161) (163,163,163) (165,165,165) (167,167,167) (165,165,165) (167,167,167) (171,171,171) (175,175,175) (173,173,173) (179,179,179) (183,183,183) (185,185,185) (187,187,187) (191,191,191) (195,195,195) (197,197,197) (195,195,195) (201,201,201) (207,207,207) (205,205,205) (209,209,209) (209,209,209) (209,209,209) (209,209,209) (209,209,209) (211,211,211) (139,139,139) (78,78,78) (68,68,68) (86,86,86) (86,86,86) (106,106,106) (102,102,102) (96,96,96) (106,106,106) (104,104,104) (118,118,118) (118,118,118) (120,120,120) (116,116,116) (120,120,120) (118,118,118) (120,120,120) (120,120,120) (118,118,118) (116,116,116) (108,108,108) (114,114,114) (114,114,114) (116,116,116) (120,120,120) (126,126,126) (129,129,129) (118,118,118) (106,106,106) (98,98,98) (94,94,94) (94,94,94) (98,98,98) (104,104,104) (90,90,90) (84,84,84) (88,88,88) (90,90,90) (86,86,86) (88,88,88) (72,72,72) (78,78,78) (76,76,76) (78,78,78) (88,88,88) (104,104,104) (118,118,118) (126,126,126) (126,126,126) (126,126,126) (118,118,118) (106,106,106) (98,98,98) (88,88,88) (82,82,82) (60,60,60) (52,52,52) (46,46,46) (46,46,46) (50,50,50) (56,56,56) (68,68,68) (60,60,60) (78,78,78) (82,82,82) (94,94,94) 
(54,54,54) (46,46,46) (52,52,52) (54,54,54) (60,60,60) (54,54,54) (60,60,60) (114,114,114) (195,195,195) (193,193,193) (201,201,201) (199,199,199) (197,197,197) (195,195,195) (181,181,181) (129,129,129) (114,114,114) (120,120,120) (145,145,145) (159,159,159) (169,169,169) (177,177,177) (175,175,175) (177,177,177) (181,181,181) (179,179,179) (181,181,181) (187,187,187) (171,171,171) (153,153,153) (104,104,104) (84,84,84) (50,50,50) (56,56,56) (48,48,48) (52,52,52) (44,44,44) (50,50,50) (58,58,58) (42,42,42) (58,58,58) (56,56,56) (52,52,52) (72,72,72) (64,64,64) (76,76,76) (72,72,72) (72,72,72) (72,72,72) (48,48,48) (62,62,62) (80,80,80) (48,48,48) (151,151,151) (66,66,66) (68,68,68) (46,46,46) (52,52,52) (62,62,62) (114,114,114) (143,143,143) (36,36,36) (94,94,94) (68,68,68) (149,149,149) (120,120,120) (40,40,40) (48,48,48) (72,72,72) (100,100,100) (110,110,110) (50,50,50) (48,48,48) (70,70,70) (76,76,76) (94,94,94) (64,64,64) (64,64,64) (52,52,52) (80,80,80) (76,76,76) (80,80,80) (80,80,80) (137,137,137) (139,139,139) (32,32,32) (40,40,40) (40,40,40) (62,62,62) (70,70,70) (74,74,74) (78,78,78) (90,90,90) (92,92,92) (110,110,110) (104,104,104) (110,110,110) (114,114,114) (118,118,118) (122,122,122) (118,118,118) (124,124,124) (120,120,120) (122,122,122) (129,129,129) (122,122,122) (129,129,129) (124,124,124) (122,122,122) (126,126,126) (131,131,131) (129,129,129) (131,131,131) (131,131,131) (129,129,129) (129,129,129) (131,131,131) (129,129,129) (131,131,131) (131,131,131) (133,133,133) (135,135,135) (141,141,141) (139,139,139) (137,137,137) (133,133,133) (131,131,131) (139,139,139) (139,139,139) (141,141,141) (137,137,137) (143,143,143) (143,143,143) (135,135,135) (139,139,139) (141,141,141) (145,145,145) (143,143,143) (147,147,147) (145,145,145) (145,145,145) (145,145,145) (141,141,141) (143,143,143) (141,141,141) (147,147,147) (145,145,145) (147,147,147) (151,151,151) (149,149,149) (147,147,147) (147,147,147) (145,145,145) (147,147,147) (145,145,145) (147,147,147) (153,153,153) (147,147,147) (151,151,151) (151,151,151) (149,149,149) (151,151,151) (155,155,155) (159,159,159) (155,155,155) (167,167,167) (163,163,163) (161,161,161) (161,161,161) (169,169,169) (169,169,169) (175,175,175) (177,177,177) (183,183,183) (187,187,187) (187,187,187) (189,189,189) (193,193,193) (195,195,195) (197,197,197) (201,201,201) (201,201,201) (205,205,205) (203,203,203) (207,207,207) (209,209,209) (209,209,209) (213,213,213) (211,211,211) (213,213,213) (189,189,189) (68,68,68) (78,78,78) (84,84,84) (92,92,92) (92,92,92) (98,98,98) (96,96,96) (102,102,102) (106,106,106) (112,112,112) (118,118,118) (116,116,116) (118,118,118) (120,120,120) (126,126,126) (124,124,124) (126,126,126) (118,118,118) (116,116,116) (118,118,118) (120,120,120) (124,124,124) (126,126,126) (135,135,135) (129,129,129) (126,126,126) (114,114,114) (102,102,102) (100,100,100) (94,94,94) (90,90,90) (94,94,94) (90,90,90) (82,82,82) (76,76,76) (76,76,76) (84,84,84) (86,86,86) (82,82,82) (82,82,82) (78,78,78) (82,82,82) (86,86,86) (110,110,110) (116,116,116) (126,126,126) (129,129,129) (124,124,124) (124,124,124) (108,108,108) (104,104,104) (84,84,84) (82,82,82) (58,58,58) (48,48,48) (56,56,56) (52,52,52) (50,50,50) (52,52,52) (52,52,52) (64,64,64) (78,78,78) (88,88,88) (92,92,92) (90,90,90) 
(42,42,42) (46,46,46) (46,46,46) (48,48,48) (52,52,52) (54,54,54) (64,64,64) (108,108,108) (199,199,199) (197,197,197) (199,199,199) (199,199,199) (197,197,197) (189,189,189) (179,179,179) (124,124,124) (108,108,108) (131,131,131) (143,143,143) (161,161,161) (169,169,169) (177,177,177) (181,181,181) (181,181,181) (179,179,179) (181,181,181) (181,181,181) (181,181,181) (175,175,175) (169,169,169) (66,66,66) (90,90,90) (46,46,46) (70,70,70) (48,48,48) (46,46,46) (42,42,42) (62,62,62) (62,62,62) (40,40,40) (76,76,76) (52,52,52) (56,56,56) (70,70,70) (64,64,64) (76,76,76) (60,60,60) (70,70,70) (84,84,84) (54,54,54) (54,54,54) (84,84,84) (68,68,68) (163,163,163) (48,48,48) (60,60,60) (56,56,56) (74,74,74) (52,52,52) (126,126,126) (131,131,131) (34,34,34) (92,92,92) (84,84,84) (76,76,76) (141,141,141) (90,90,90) (54,54,54) (66,66,66) (139,139,139) (110,110,110) (40,40,40) (42,42,42) (50,50,50) (58,58,58) (68,68,68) (74,74,74) (66,66,66) (46,46,46) (52,52,52) (56,56,56) (110,110,110) (54,54,54) (74,74,74) (108,108,108) (114,114,114) (42,42,42) (50,50,50) (78,78,78) (80,80,80) (84,84,84) (82,82,82) (90,90,90) (98,98,98) (104,104,104) (110,110,110) (112,112,112) (114,114,114) (118,118,118) (114,114,114) (124,124,124) (122,122,122) (124,124,124) (124,124,124) (124,124,124) (126,126,126) (122,122,122) (124,124,124) (133,133,133) (126,126,126) (129,129,129) (124,124,124) (129,129,129) (124,124,124) (129,129,129) (129,129,129) (133,133,133) (135,135,135) (129,129,129) (129,129,129) (131,131,131) (133,133,133) (135,135,135) (137,137,137) (141,141,141) (131,131,131) (131,131,131) (137,137,137) (135,135,135) (135,135,135) (139,139,139) (135,135,135) (139,139,139) (145,145,145) (141,141,141) (141,141,141) (145,145,145) (147,147,147) (145,145,145) (145,145,145) (141,141,141) (141,141,141) (141,141,141) (151,151,151) (145,145,145) (147,147,147) (143,143,143) (149,149,149) (149,149,149) (153,153,153) (149,149,149) (149,149,149) (147,147,147) (149,149,149) (147,147,147) (147,147,147) (149,149,149) (153,153,153) (145,145,145) (149,149,149) (157,157,157) (155,155,155) (157,157,157) (155,155,155) (163,163,163) (163,163,163) (165,165,165) (167,167,167) (163,163,163) (167,167,167) (169,169,169) (171,171,171) (171,171,171) (173,173,173) (179,179,179) (181,181,181) (189,189,189) (193,193,193) (193,193,193) (195,195,195) (195,195,195) (199,199,199) (203,203,203) (203,203,203) (205,205,205) (211,211,211) (211,211,211) (209,209,209) (211,211,211) (213,213,213) (207,207,207) (94,94,94) (96,96,96) (82,82,82) (88,88,88) (94,94,94) (84,84,84) (92,92,92) (96,96,96) (110,110,110) (104,104,104) (108,108,108) (112,112,112) (124,124,124) (133,133,133) (129,129,129) (126,126,126) (120,120,120) (120,120,120) (122,122,122) (120,120,120) (126,126,126) (129,129,129) (133,133,133) (133,133,133) (129,129,129) (124,124,124) (114,114,114) (100,100,100) (92,92,92) (98,98,98) (88,88,88) (86,86,86) (76,76,76) (72,72,72) (74,74,74) (86,86,86) (94,94,94) (84,84,84) (90,90,90) (84,84,84) (84,84,84) (84,84,84) (94,94,94) (106,106,106) (118,118,118) (126,126,126) (131,131,131) (126,126,126) (118,118,118) (104,104,104) (88,88,88) (78,78,78) (62,62,62) (52,52,52) (52,52,52) (44,44,44) (44,44,44) (52,52,52) (52,52,52) (58,58,58) (68,68,68) (80,80,80) (96,96,96) (104,104,104) (98,98,98) 
(44,44,44) (50,50,50) (46,46,46) (50,50,50) (50,50,50) (50,50,50) (52,52,52) (108,108,108) (189,189,189) (195,195,195) (199,199,199) (197,197,197) (193,193,193) (191,191,191) (179,179,179) (114,114,114) (110,110,110) (131,131,131) (141,141,141) (159,159,159) (163,163,163) (175,175,175) (181,181,181) (179,179,179) (181,181,181) (181,181,181) (183,183,183) (183,183,183) (179,179,179) (167,167,167) (72,72,72) (94,94,94) (56,56,56) (70,70,70) (42,42,42) (42,42,42) (38,38,38) (62,62,62) (62,62,62) (38,38,38) (72,72,72) (44,44,44) (70,70,70) (84,84,84) (64,64,64) (74,74,74) (56,56,56) (72,72,72) (84,84,84) (56,56,56) (58,58,58) (106,106,106) (58,58,58) (173,173,173) (54,54,54) (52,52,52) (68,68,68) (50,50,50) (58,58,58) (120,120,120) (129,129,129) (38,38,38) (84,84,84) (74,74,74) (72,72,72) (129,129,129) (118,118,118) (54,54,54) (50,50,50) (153,153,153) (90,90,90) (36,36,36) (52,52,52) (40,40,40) (50,50,50) (66,66,66) (82,82,82) (64,64,64) (46,46,46) (54,54,54) (50,50,50) (118,118,118) (34,34,34) (60,60,60) (102,102,102) (76,76,76) (90,90,90) (56,56,56) (82,82,82) (82,82,82) (84,84,84) (90,90,90) (90,90,90) (102,102,102) (106,106,106) (108,108,108) (110,110,110) (112,112,112) (120,120,120) (122,122,122) (124,124,124) (120,120,120) (126,126,126) (124,124,124) (124,124,124) (124,124,124) (131,131,131) (129,129,129) (124,124,124) (126,126,126) (129,129,129) (124,124,124) (129,129,129) (126,126,126) (131,131,131) (131,131,131) (133,133,133) (135,135,135) (133,133,133) (129,129,129) (131,131,131) (135,135,135) (137,137,137) (141,141,141) (133,133,133) (137,137,137) (133,133,133) (137,137,137) (137,137,137) (135,135,135) (137,137,137) (141,141,141) (137,137,137) (141,141,141) (141,141,141) (139,139,139) (145,145,145) (143,143,143) (147,147,147) (141,141,141) (143,143,143) (143,143,143) (143,143,143) (149,149,149) (147,147,147) (147,147,147) (145,145,145) (147,147,147) (149,149,149) (151,151,151) (153,153,153) (149,149,149) (149,149,149) (151,151,151) (151,151,151) (151,151,151) (147,147,147) (151,151,151) (153,153,153) (155,155,155) (155,155,155) (151,151,151) (157,157,157) (157,157,157) (157,157,157) (159,159,159) (165,165,165) (165,165,165) (167,167,167) (167,167,167) (169,169,169) (173,173,173) (173,173,173) (173,173,173) (185,185,185) (185,185,185) (185,185,185) (191,191,191) (191,191,191) (193,193,193) (193,193,193) (199,199,199) (203,203,203) (203,203,203) (205,205,205) (207,207,207) (209,209,209) (207,207,207) (211,211,211) (211,211,211) (211,211,211) (112,112,112) (112,112,112) (94,94,94) (88,88,88) (90,90,90) (88,88,88) (96,96,96) (98,98,98) (106,106,106) (106,106,106) (102,102,102) (124,124,124) (126,126,126) (133,133,133) (133,133,133) (129,129,129) (129,129,129) (126,126,126) (126,126,126) (120,120,120) (129,129,129) (137,137,137) (139,139,139) (135,135,135) (129,129,129) (118,118,118) (108,108,108) (94,94,94) (92,92,92) (88,88,88) (82,82,82) (72,72,72) (74,74,74) (78,78,78) (80,80,80) (88,88,88) (90,90,90) (88,88,88) (90,90,90) (86,86,86) (80,80,80) (88,88,88) (94,94,94) (112,112,112) (126,126,126) (122,122,122) (129,129,129) (124,124,124) (120,120,120) (100,100,100) (84,84,84) (62,62,62) (58,58,58) (56,56,56) (50,50,50) (40,40,40) (50,50,50) (52,52,52) (58,58,58) (72,72,72) (82,82,82) (92,92,92) (104,104,104) (104,104,104) (108,108,108) 
